event_id,customer_id,event_type,event_ts,session_minutes,device
E0000001,C00758,refund_request,2026-07-25T00:25:34Z,8.0,tablet
E0000002,C00332,checkout,2026-07-07T03:44:12Z,22.2,tablet
E0000003,C00288,page_view,2026-07-19T16:41:14Z,10.7,android
E0000004,C00025,checkout,2026-07-22T22:46:13Z,31.3,desktop
E0000005,C00345,checkout,2026-07-11T20:29:44Z,26.8,desktop
E0000006,C00004,support_ticket,2026-07-31T17:31:01Z,16.4,ios
E0000007,C00935,add_to_cart,2026-07-27T02:44:23Z,23.3,tablet
E0000008,C00775,refund_request,2026-07-25T10:01:44Z,4.4,ios
E0000009,C00576,refund_request,2026-07-21T13:29:10Z,40.7,tablet
E0000010,C00399,support_ticket,2026-07-31T11:26:10Z,28.4,desktop
E0000011,C00984,support_ticket,2026-07-13T05:56:42Z,21.9,desktop
E0000012,C00529,add_to_cart,2026-07-11T05:52:31Z,27.1,desktop
E0000013,C00909,page_view,2026-07-06T19:47:16Z,19.2,android
E0000014,C00321,support_ticket,2026-07-24T06:48:59Z,12.6,ios
E0000015,C01070,support_ticket,2026-07-06T19:14:15Z,2.8,android
E0000016,C00062,page_view,2026-07-15T14:27:56Z,32.8,android
E0000017,C00003,add_to_cart,2026-07-30T15:59:29Z,36.4,ios
E0000018,C01049,support_ticket,2026-07-11T08:57:53Z,40.2,android
E0000019,C00802,support_ticket,2026-07-17T11:12:12Z,29.4,tablet
E0000020,C00357,checkout,2026-07-29T15:01:39Z,13.1,desktop
E0000021,C00246,support_ticket,2026-07-26T05:06:22Z,13.4,ios
E0000022,C00374,refund_request,2026-07-10T13:43:58Z,11.6,tablet
E0000023,C00737,page_view,2026-07-18T14:18:27Z,12.1,desktop
E0000024,C00904,refund_request,2026-07-05T19:57:16Z,2.0,tablet
E0000025,C00745,refund_request,2026-07-31T11:44:14Z,23.7,tablet
E0000026,C01112,page_view,2026-07-17T21:50:35Z,16.6,android
E0000027,C01022,support_ticket,2026-07-07T23:22:59Z,32.7,android
E0000028,C00375,page_view,2026-07-02T13:23:03Z,28.5,tablet
E0000029,C00960,refund_request,2026-07-22T11:52:55Z,8.4,tablet
E0000030,C00674,page_view,2026-07-11T17:18:39Z,31.7,tablet
E0000031,C00252,support_ticket,2026-07-22T05:13:13Z,23.5,tablet
E0000032,C00368,checkout,2026-07-19T11:11:05Z,11.0,ios
E0000033,C01200,support_ticket,2026-07-02T19:19:20Z,27.8,desktop
E0000034,C00519,checkout,2026-07-13T07:28:03Z,21.9,tablet
E0000035,C00616,support_ticket,2026-07-07T16:56:54Z,2.3,android
E0000036,C00982,support_ticket,2026-07-28T17:00:23Z,23.1,ios
E0000037,C00081,page_view,2026-07-04T12:02:56Z,32.9,desktop
E0000038,C00042,refund_request,2026-07-15T17:04:16Z,25.0,ios
E0000039,C00245,checkout,2026-07-15T23:28:22Z,13.9,ios
E0000040,C01175,checkout,2026-07-10T00:00:59Z,30.0,desktop
E0000041,C00476,add_to_cart,2026-07-13T11:19:04Z,32.0,ios
E0000042,C00440,page_view,2026-07-19T04:02:45Z,0.2,android
E0000043,C00672,checkout,2026-07-24T02:55:46Z,40.0,ios
E0000044,C00490,support_ticket,2026-07-09T06:00:36Z,8.3,tablet
E0000045,C00051,refund_request,2026-07-07T17:34:52Z,19.7,tablet
E0000046,C00451,checkout,2026-07-02T17:00:22Z,36.0,ios
E0000047,C01114,support_ticket,2026-07-05T02:16:46Z,23.8,desktop
E0000048,C00554,refund_request,2026-07-08T00:32:24Z,20.9,tablet
E0000049,C01172,support_ticket,2026-07-27T23:36:06Z,4.5,desktop
E0000050,C00222,checkout,2026-07-17T03:11:06Z,25.9,ios
E0000051,C01174,checkout,2026-07-28T02:39:00Z,17.7,desktop
E0000052,C00613,refund_request,2026-07-02T18:45:38Z,39.3,desktop
E0000053,C00129,checkout,2026-07-26T17:49:27Z,37.4,android
E0000054,C00534,support_ticket,2026-07-06T10:53:02Z,17.8,desktop
E0000055,C00215,support_ticket,2026-07-06T00:53:30Z,23.7,tablet
E0000056,C00189,page_view,2026-07-11T01:28:17Z,41.3,ios
E0000057,C00555,refund_request,2026-07-22T10:20:08Z,5.4,ios
E0000058,C00931,add_to_cart,2026-07-12T08:50:36Z,33.6,tablet
E0000059,C00051,support_ticket,2026-07-22T15:27:04Z,14.4,android
E0000060,C00770,support_ticket,2026-07-22T08:53:35Z,18.1,tablet
E0000061,C00255,support_ticket,2026-07-26T17:58:12Z,28.6,desktop
E0000062,C01037,refund_request,2026-07-05T11:35:39Z,19.1,android
E0000063,C01006,checkout,2026-07-04T08:37:51Z,11.0,tablet
E0000064,C01179,support_ticket,2026-07-15T03:25:03Z,35.4,android
E0000065,C00915,checkout,2026-07-11T02:20:27Z,41.1,ios
E0000066,C01179,checkout,2026-07-19T14:38:30Z,7.4,android
E0000067,C01091,add_to_cart,2026-07-29T12:27:33Z,32.1,desktop
E0000068,C00384,checkout,2026-07-30T12:22:14Z,12.2,android
E0000069,C00028,support_ticket,2026-07-31T06:44:28Z,17.9,android
E0000070,C00644,support_ticket,2026-07-13T16:10:22Z,39.1,tablet
E0000071,C00326,refund_request,2026-07-27T00:43:28Z,0.7,android
E0000072,C00635,add_to_cart,2026-07-25T13:29:54Z,10.0,tablet
E0000073,C00899,add_to_cart,2026-07-15T13:15:43Z,2.7,ios
E0000074,C00162,refund_request,2026-07-18T04:00:53Z,36.4,desktop
E0000075,C00391,refund_request,2026-07-31T21:42:19Z,21.3,tablet
E0000076,C00439,page_view,2026-07-11T23:06:14Z,31.6,ios
E0000077,C00866,add_to_cart,2026-07-05T10:58:16Z,23.4,android
E0000078,C00580,page_view,2026-07-11T15:58:39Z,7.7,desktop
E0000079,C00279,refund_request,2026-07-26T14:31:38Z,9.9,tablet
E0000080,C00772,add_to_cart,2026-07-17T19:45:07Z,32.5,tablet
E0000081,C00215,page_view,2026-07-26T11:27:23Z,15.7,ios
E0000082,C01190,checkout,2026-07-13T16:45:10Z,38.0,tablet
E0000083,C00491,page_view,2026-07-31T01:24:13Z,18.9,tablet
E0000084,C00062,page_view,2026-07-17T15:52:40Z,29.7,android
E0000085,C00804,page_view,2026-07-20T09:40:46Z,6.2,ios
E0000086,C01061,refund_request,2026-07-05T00:26:14Z,32.7,ios
E0000087,C00775,add_to_cart,2026-07-24T17:32:35Z,9.8,tablet
E0000088,C00029,refund_request,2026-07-01T20:56:06Z,1.4,tablet
E0000089,C00412,add_to_cart,2026-07-28T20:48:30Z,5.4,desktop
E0000090,C00090,support_ticket,2026-07-27T06:59:48Z,19.3,android
E0000091,C00182,refund_request,2026-07-12T23:43:58Z,41.2,desktop
E0000092,C00276,page_view,2026-07-23T11:28:26Z,39.1,tablet
E0000093,C00448,refund_request,2026-07-22T00:08:21Z,29.6,ios
E0000094,C01183,page_view,2026-07-23T23:59:28Z,25.7,tablet
E0000095,C00775,checkout,2026-07-09T21:01:10Z,19.6,desktop
E0000096,C01003,checkout,2026-07-30T16:02:58Z,9.1,ios
E0000097,C00739,page_view,2026-07-19T13:54:24Z,0.8,ios
E0000098,C00012,add_to_cart,2026-07-01T17:15:50Z,0.0,ios
E0000099,C01176,page_view,2026-07-23T07:45:48Z,30.8,ios
E0000100,C00301,add_to_cart,2026-07-30T05:12:50Z,6.8,tablet
E0000101,C00362,page_view,2026-07-16T16:41:19Z,16.1,ios
E0000102,C00099,page_view,2026-07-18T02:55:46Z,8.1,ios
E0000103,C00152,add_to_cart,2026-07-27T11:21:24Z,14.0,android
E0000104,C00592,checkout,2026-07-13T07:49:18Z,35.4,tablet
E0000105,C00283,page_view,2026-07-15T13:55:15Z,41.7,tablet
E0000106,C00300,page_view,2026-07-13T03:55:55Z,23.7,desktop
E0000107,C00620,checkout,2026-07-13T07:22:40Z,17.3,tablet
E0000108,C00733,checkout,2026-07-26T13:38:55Z,34.7,tablet
E0000109,C00516,page_view,2026-07-02T05:15:47Z,14.8,ios
E0000110,C01163,refund_request,2026-07-27T11:13:04Z,22.0,ios
E0000111,C01030,checkout,2026-07-09T02:00:58Z,9.2,android
E0000112,C01006,support_ticket,2026-07-08T07:27:41Z,7.9,desktop
E0000113,C00669,page_view,2026-07-01T07:53:47Z,21.4,tablet
E0000114,C01133,checkout,2026-07-25T02:01:07Z,29.4,android
E0000115,C00244,page_view,2026-07-12T05:10:26Z,11.7,tablet
E0000116,C00508,support_ticket,2026-07-16T08:56:31Z,24.5,desktop
E0000117,C00062,checkout,2026-07-05T01:35:00Z,40.9,android
E0000118,C00896,refund_request,2026-07-07T18:46:10Z,37.0,ios
E0000119,C00052,refund_request,2026-07-28T04:15:09Z,39.0,android
E0000120,C01082,refund_request,2026-07-05T10:02:07Z,11.7,desktop
E0000121,C00230,add_to_cart,2026-07-23T05:50:37Z,12.6,tablet
E0000122,C00505,add_to_cart,2026-07-25T07:44:40Z,25.7,android
E0000123,C00659,add_to_cart,2026-07-27T03:23:03Z,37.9,ios
E0000124,C00028,checkout,2026-07-24T19:00:49Z,20.2,android
E0000125,C00028,refund_request,2026-07-14T20:30:03Z,1.3,android
E0000126,C00144,support_ticket,2026-07-21T00:36:59Z,6.1,tablet
E0000127,C00489,refund_request,2026-07-23T09:53:41Z,33.4,ios
E0000128,C00012,add_to_cart,2026-07-18T10:16:07Z,25.3,ios
E0000129,C00479,refund_request,2026-07-23T13:08:42Z,5.4,android
E0000130,C00669,page_view,2026-07-15T06:21:10Z,1.2,android
E0000131,C01136,checkout,2026-07-21T09:59:41Z,38.3,desktop
E0000132,C00485,support_ticket,2026-07-21T22:08:08Z,37.8,tablet
E0000133,C00419,page_view,2026-07-10T05:36:23Z,21.4,android
E0000134,C00997,refund_request,2026-07-30T08:14:27Z,1.9,android
E0000135,C01125,refund_request,2026-07-01T00:06:33Z,28.8,tablet
E0000136,C00410,checkout,2026-07-31T14:42:08Z,14.0,android
E0000137,C01190,checkout,2026-07-12T23:47:57Z,11.7,desktop
E0000138,C00608,refund_request,2026-07-30T07:07:08Z,7.4,desktop
E0000139,C00309,add_to_cart,2026-07-24T23:12:42Z,17.7,ios
E0000140,C00890,add_to_cart,2026-07-24T21:05:28Z,30.5,tablet
E0000141,C00458,page_view,2026-07-27T01:21:25Z,41.0,android
E0000142,C00535,page_view,2026-07-21T05:10:26Z,7.7,android
E0000143,C00732,add_to_cart,2026-07-27T07:53:30Z,10.8,desktop
E0000144,C00387,refund_request,2026-07-24T20:10:55Z,39.7,ios
E0000145,C00910,add_to_cart,2026-07-14T21:31:09Z,15.2,desktop
E0000146,C00849,support_ticket,2026-07-08T12:39:53Z,36.8,ios
E0000147,C00662,support_ticket,2026-07-01T02:17:20Z,31.4,tablet
E0000148,C00378,add_to_cart,2026-07-27T08:08:26Z,17.3,android
E0000149,C00560,page_view,2026-07-10T09:00:38Z,7.4,android
E0000150,C01163,checkout,2026-07-15T04:26:25Z,30.4,android
E0000151,C00572,add_to_cart,2026-07-17T15:13:36Z,32.9,android
E0000152,C00836,support_ticket,2026-07-04T19:27:55Z,9.3,ios
E0000153,C00023,checkout,2026-07-29T12:48:44Z,16.2,ios
E0000154,C00695,support_ticket,2026-07-28T09:43:00Z,21.1,ios
E0000155,C00551,refund_request,2026-07-06T00:04:33Z,36.5,android
E0000156,C00634,add_to_cart,2026-07-24T15:01:44Z,40.7,desktop
E0000157,C01136,support_ticket,2026-07-10T21:02:24Z,8.4,tablet
E0000158,C01026,support_ticket,2026-07-08T00:14:43Z,41.4,ios
E0000159,C00283,checkout,2026-07-29T11:42:02Z,28.3,ios
E0000160,C00211,support_ticket,2026-07-29T15:28:14Z,5.1,ios
E0000161,C00653,checkout,2026-07-31T12:17:15Z,32.0,tablet
E0000162,C00038,checkout,2026-07-25T05:01:45Z,32.5,ios
E0000163,C00289,refund_request,2026-07-02T11:42:54Z,19.5,tablet
E0000164,C00221,refund_request,2026-07-28T06:16:33Z,36.6,android
E0000165,C00645,support_ticket,2026-07-06T07:04:35Z,25.1,desktop
E0000166,C00578,support_ticket,2026-07-08T06:50:03Z,8.6,desktop
E0000167,C01163,support_ticket,2026-07-10T10:53:17Z,14.2,tablet
E0000168,C01164,page_view,2026-07-28T08:53:11Z,8.4,tablet
E0000169,C00799,page_view,2026-07-06T19:57:09Z,13.7,ios
E0000170,C00586,add_to_cart,2026-07-18T05:02:18Z,28.8,desktop
E0000171,C00217,page_view,2026-07-19T19:06:14Z,28.3,android
E0000172,C00202,add_to_cart,2026-07-12T14:40:15Z,40.0,tablet
E0000173,C01133,checkout,2026-07-25T03:20:34Z,35.6,tablet
E0000174,C00895,checkout,2026-07-03T23:00:16Z,6.8,desktop
E0000175,C01113,page_view,2026-07-19T20:38:48Z,24.0,tablet
E0000176,C00437,support_ticket,2026-07-10T07:44:00Z,28.7,tablet
E0000177,C01049,refund_request,2026-07-03T08:10:32Z,19.6,android
E0000178,C00864,support_ticket,2026-07-17T14:56:12Z,32.7,android
E0000179,C00602,page_view,2026-07-22T19:59:29Z,21.6,desktop
E0000180,C00091,refund_request,2026-07-27T18:40:04Z,20.3,desktop
E0000181,C00834,support_ticket,2026-07-07T13:01:48Z,0.6,desktop
E0000182,C00076,refund_request,2026-07-30T09:04:40Z,4.9,android
E0000183,C00020,add_to_cart,2026-07-30T05:35:49Z,37.5,android
E0000184,C00995,checkout,2026-07-16T23:38:04Z,12.1,tablet
E0000185,C00056,page_view,2026-07-29T19:31:01Z,37.2,desktop
E0000186,C00397,support_ticket,2026-07-07T06:18:24Z,11.2,ios
E0000187,C01175,refund_request,2026-07-17T14:50:17Z,26.5,ios
E0000188,C01082,refund_request,2026-07-02T16:25:01Z,16.4,ios
E0000189,C00418,page_view,2026-07-15T09:14:47Z,31.3,desktop
E0000190,C00727,checkout,2026-07-12T03:12:56Z,27.8,tablet
E0000191,C00301,page_view,2026-07-23T11:19:34Z,38.8,android
E0000192,C00905,checkout,2026-07-27T18:32:44Z,21.6,android
E0000193,C00585,support_ticket,2026-07-05T16:47:27Z,26.3,tablet
E0000194,C00861,add_to_cart,2026-07-01T03:48:26Z,4.1,desktop
E0000195,C00676,support_ticket,2026-07-20T00:13:17Z,33.8,tablet
E0000196,C00524,page_view,2026-07-02T16:35:58Z,7.7,tablet
E0000197,C00562,add_to_cart,2026-07-19T20:48:30Z,30.6,android
E0000198,C00162,add_to_cart,2026-07-27T06:37:51Z,40.6,ios
E0000199,C00092,page_view,2026-07-25T02:51:00Z,7.7,ios
E0000200,C00528,support_ticket,2026-07-06T00:21:22Z,12.2,android
E0000201,C00943,add_to_cart,2026-07-27T16:07:28Z,23.5,desktop
E0000202,C00002,page_view,2026-07-06T17:46:49Z,34.3,ios
E0000203,C00842,refund_request,2026-07-23T16:52:25Z,21.0,android
E0000204,C00302,add_to_cart,2026-07-12T14:52:05Z,24.8,desktop
E0000205,C00138,refund_request,2026-07-01T00:09:29Z,34.6,tablet
E0000206,C00796,page_view,2026-07-26T04:57:01Z,32.9,tablet
E0000207,C01059,page_view,2026-07-23T05:10:30Z,19.6,tablet
E0000208,C00856,checkout,2026-07-01T00:10:01Z,29.2,ios
E0000209,C00580,refund_request,2026-07-09T14:03:29Z,32.1,ios
E0000210,C00565,checkout,2026-07-28T13:43:40Z,4.9,ios
E0000211,C00262,checkout,2026-07-05T03:25:43Z,38.4,desktop
E0000212,C00636,checkout,2026-07-11T10:24:12Z,41.3,desktop
E0000213,C00099,page_view,2026-07-03T21:11:21Z,0.0,desktop
E0000214,C00596,page_view,2026-07-08T07:01:26Z,41.4,tablet
E0000215,C00219,support_ticket,2026-07-16T23:38:21Z,11.6,desktop
E0000216,C00018,support_ticket,2026-07-31T23:28:12Z,36.6,tablet
E0000217,C00056,add_to_cart,2026-07-30T19:41:30Z,1.0,tablet
E0000218,C00183,support_ticket,2026-07-18T17:09:51Z,32.7,android
E0000219,C00318,page_view,2026-07-29T15:46:37Z,26.7,desktop
E0000220,C00682,checkout,2026-07-24T19:42:37Z,6.0,android
E0000221,C01033,refund_request,2026-07-16T14:17:37Z,7.5,android
E0000222,C01021,refund_request,2026-07-14T16:25:27Z,9.2,tablet
E0000223,C00850,checkout,2026-07-29T01:59:23Z,14.8,ios
E0000224,C01051,add_to_cart,2026-07-16T15:02:30Z,15.9,desktop
E0000225,C00394,refund_request,2026-07-23T08:19:22Z,16.2,ios
E0000226,C01120,page_view,2026-07-16T16:11:38Z,41.1,desktop
E0000227,C00771,checkout,2026-07-29T03:49:36Z,4.1,desktop
E0000228,C00018,support_ticket,2026-07-05T02:30:03Z,38.8,desktop
E0000229,C00978,refund_request,2026-07-20T07:35:51Z,15.8,android
E0000230,C00804,refund_request,2026-07-29T23:36:44Z,18.0,android
E0000231,C01101,add_to_cart,2026-07-03T22:23:29Z,31.3,ios
E0000232,C00939,add_to_cart,2026-07-18T04:14:20Z,12.8,desktop
E0000233,C00605,refund_request,2026-07-07T08:04:48Z,25.9,tablet
E0000234,C00696,add_to_cart,2026-07-03T07:53:25Z,36.4,tablet
E0000235,C00674,support_ticket,2026-07-21T20:28:00Z,16.4,ios
E0000236,C01042,add_to_cart,2026-07-04T01:24:59Z,22.9,android
E0000237,C01119,page_view,2026-07-29T00:54:58Z,8.0,ios
E0000238,C00210,checkout,2026-07-29T20:56:33Z,34.8,desktop
E0000239,C00683,add_to_cart,2026-07-21T00:21:06Z,3.0,android
E0000240,C00971,page_view,2026-07-17T10:09:01Z,28.5,ios
E0000241,C00784,refund_request,2026-07-29T14:31:30Z,24.8,desktop
E0000242,C01071,refund_request,2026-07-01T05:25:14Z,5.8,ios
E0000243,C00501,page_view,2026-07-11T23:54:33Z,20.4,tablet
E0000244,C00359,page_view,2026-07-28T04:44:28Z,27.8,android
E0000245,C00476,page_view,2026-07-08T00:20:57Z,0.1,tablet
E0000246,C00673,add_to_cart,2026-07-26T07:45:11Z,11.8,android
E0000247,C01041,checkout,2026-07-14T00:54:53Z,19.4,android
E0000248,C00455,add_to_cart,2026-07-04T19:51:27Z,32.3,tablet
E0000249,C00585,refund_request,2026-07-19T14:54:17Z,11.9,ios
E0000250,C00597,checkout,2026-07-19T07:29:58Z,25.0,tablet
E0000251,C01173,support_ticket,2026-07-28T20:13:20Z,24.3,android
E0000252,C00203,refund_request,2026-07-02T18:16:40Z,32.3,android
E0000253,C01133,add_to_cart,2026-07-02T22:26:12Z,13.9,android
E0000254,C00856,add_to_cart,2026-07-15T20:39:55Z,19.2,desktop
E0000255,C01200,support_ticket,2026-07-09T19:06:09Z,13.3,tablet
E0000256,C00800,refund_request,2026-07-01T13:17:49Z,14.5,ios
E0000257,C00751,refund_request,2026-07-05T02:45:37Z,22.2,desktop
E0000258,C00114,support_ticket,2026-07-12T03:53:19Z,8.6,ios
E0000259,C01136,checkout,2026-07-09T23:35:05Z,1.0,tablet
E0000260,C00375,page_view,2026-07-19T14:34:27Z,3.4,desktop
E0000261,C00378,checkout,2026-07-04T01:51:19Z,40.3,android
E0000262,C00288,add_to_cart,2026-07-21T00:51:13Z,18.7,desktop
E0000263,C00896,page_view,2026-07-03T13:47:02Z,4.4,tablet
E0000264,C00537,add_to_cart,2026-07-28T02:50:02Z,31.0,desktop
E0000265,C00126,support_ticket,2026-07-23T00:21:55Z,8.0,ios
E0000266,C00594,refund_request,2026-07-12T20:06:04Z,16.1,tablet
E0000267,C00140,page_view,2026-07-15T22:25:14Z,26.6,tablet
E0000268,C00907,refund_request,2026-07-15T14:18:04Z,24.5,android
E0000269,C00934,support_ticket,2026-07-25T11:32:49Z,25.5,ios
E0000270,C00958,support_ticket,2026-07-21T14:55:07Z,9.5,tablet
E0000271,C00408,add_to_cart,2026-07-27T00:39:13Z,34.6,tablet
E0000272,C00413,refund_request,2026-07-14T05:27:12Z,29.6,android
E0000273,C00177,support_ticket,2026-07-17T03:48:03Z,39.9,ios
E0000274,C00147,checkout,2026-07-23T11:47:24Z,23.8,desktop
E0000275,C00548,add_to_cart,2026-07-29T12:46:26Z,24.4,desktop
E0000276,C00891,support_ticket,2026-07-19T17:41:48Z,16.5,android
E0000277,C01199,page_view,2026-07-04T05:35:11Z,4.0,ios
E0000278,C00973,add_to_cart,2026-07-23T03:10:14Z,8.1,ios
E0000279,C01139,refund_request,2026-07-26T14:21:40Z,6.5,desktop
E0000280,C00951,refund_request,2026-07-16T06:58:30Z,33.9,android
E0000281,C01123,checkout,2026-07-26T13:41:59Z,13.4,desktop
E0000282,C00065,support_ticket,2026-07-02T14:07:59Z,36.4,ios
E0000283,C00261,add_to_cart,2026-07-22T13:22:56Z,30.5,android
E0000284,C00050,refund_request,2026-07-18T11:28:55Z,3.1,android
E0000285,C00010,checkout,2026-07-24T04:13:57Z,30.7,android
E0000286,C00553,add_to_cart,2026-07-16T20:43:27Z,22.8,tablet
E0000287,C00396,checkout,2026-07-19T11:31:08Z,27.6,ios
E0000288,C00511,refund_request,2026-07-31T17:35:46Z,36.5,android
E0000289,C01029,checkout,2026-07-05T18:13:15Z,38.6,tablet
E0000290,C00707,add_to_cart,2026-07-24T23:19:40Z,26.2,ios
E0000291,C00445,add_to_cart,2026-07-11T04:41:49Z,32.7,ios
E0000292,C00487,add_to_cart,2026-07-30T21:34:20Z,39.3,tablet
E0000293,C00327,checkout,2026-07-05T00:46:29Z,20.0,desktop
E0000294,C01067,refund_request,2026-07-22T01:18:57Z,35.2,android
E0000295,C00210,support_ticket,2026-07-15T13:43:25Z,23.8,desktop
E0000296,C00598,page_view,2026-07-19T14:48:22Z,7.9,desktop
E0000297,C00465,add_to_cart,2026-07-03T00:56:13Z,11.5,tablet
E0000298,C00180,support_ticket,2026-07-23T09:09:03Z,27.5,android
E0000299,C00318,page_view,2026-07-22T03:30:09Z,30.8,ios
E0000300,C00308,checkout,2026-07-21T08:23:05Z,13.3,android
E0000301,C01011,add_to_cart,2026-07-16T11:42:19Z,23.5,ios
E0000302,C00382,refund_request,2026-07-23T14:20:58Z,12.7,tablet
E0000303,C00115,support_ticket,2026-07-16T03:42:45Z,13.1,tablet
E0000304,C00365,page_view,2026-07-05T11:25:02Z,34.9,android
E0000305,C00459,checkout,2026-07-22T12:51:55Z,27.7,tablet
E0000306,C00767,checkout,2026-07-12T06:29:08Z,24.3,ios
E0000307,C00192,checkout,2026-07-09T03:20:11Z,24.0,ios
E0000308,C01175,add_to_cart,2026-07-06T21:39:27Z,41.7,tablet
E0000309,C00477,support_ticket,2026-07-03T05:12:14Z,29.5,desktop
E0000310,C00535,refund_request,2026-07-28T00:12:08Z,28.4,tablet
E0000311,C00174,add_to_cart,2026-07-01T21:00:29Z,9.4,desktop
E0000312,C00270,refund_request,2026-07-13T19:22:11Z,3.2,tablet
E0000313,C00486,checkout,2026-07-05T13:45:44Z,32.9,ios
E0000314,C00273,support_ticket,2026-07-14T12:29:06Z,31.3,android
E0000315,C00218,page_view,2026-07-03T09:42:05Z,11.1,desktop
E0000316,C01062,support_ticket,2026-07-15T02:24:50Z,24.8,tablet
E0000317,C00345,page_view,2026-07-15T04:14:17Z,34.0,desktop
E0000318,C00882,add_to_cart,2026-07-07T09:01:51Z,1.6,desktop
E0000319,C01190,add_to_cart,2026-07-19T10:48:24Z,13.9,desktop
E0000320,C00814,page_view,2026-07-01T12:09:53Z,11.0,desktop
E0000321,C01078,page_view,2026-07-03T13:44:43Z,35.8,android
E0000322,C01156,page_view,2026-07-07T04:23:23Z,2.4,desktop
E0000323,C00189,refund_request,2026-07-10T16:57:23Z,1.7,android
E0000324,C00558,add_to_cart,2026-07-19T01:08:38Z,21.4,ios
E0000325,C01151,page_view,2026-07-11T15:46:40Z,23.3,ios
E0000326,C00942,add_to_cart,2026-07-10T05:58:36Z,14.6,desktop
E0000327,C00906,support_ticket,2026-07-26T12:39:49Z,5.3,ios
E0000328,C00814,checkout,2026-07-31T11:29:04Z,27.6,ios
E0000329,C00401,add_to_cart,2026-07-13T01:04:58Z,12.5,desktop
E0000330,C00146,checkout,2026-07-13T15:14:53Z,33.1,desktop
E0000331,C00807,refund_request,2026-07-25T04:45:44Z,39.9,android
E0000332,C00807,add_to_cart,2026-07-20T12:27:57Z,11.6,desktop
E0000333,C00420,page_view,2026-07-28T05:02:13Z,37.1,android
E0000334,C00468,add_to_cart,2026-07-30T01:03:54Z,1.9,android
E0000335,C00010,checkout,2026-07-26T04:08:15Z,18.2,tablet
E0000336,C00053,refund_request,2026-07-29T19:11:20Z,0.2,ios
E0000337,C00569,checkout,2026-07-03T01:27:13Z,7.6,tablet
E0000338,C00162,refund_request,2026-07-29T14:54:38Z,26.6,android
E0000339,C00353,refund_request,2026-07-21T04:55:37Z,23.5,tablet
E0000340,C00053,page_view,2026-07-13T13:42:30Z,19.3,android
E0000341,C00569,add_to_cart,2026-07-03T02:08:18Z,17.3,ios
E0000342,C00696,support_ticket,2026-07-26T16:37:33Z,13.4,android
E0000343,C01041,support_ticket,2026-07-29T02:48:44Z,19.8,tablet
E0000344,C00984,checkout,2026-07-24T05:23:00Z,15.1,ios
E0000345,C00711,support_ticket,2026-07-24T08:28:21Z,18.7,tablet
E0000346,C00712,checkout,2026-07-09T11:16:44Z,13.5,ios
E0000347,C00467,support_ticket,2026-07-19T16:46:56Z,14.7,android
E0000348,C01162,refund_request,2026-07-16T08:12:42Z,35.6,tablet
E0000349,C01157,support_ticket,2026-07-08T07:24:32Z,20.9,ios
E0000350,C00663,support_ticket,2026-07-03T07:55:57Z,8.3,android
E0000351,C00492,support_ticket,2026-07-07T22:22:11Z,25.7,desktop
E0000352,C00699,add_to_cart,2026-07-30T04:54:00Z,14.7,android
E0000353,C00252,add_to_cart,2026-07-28T23:11:30Z,37.5,ios
E0000354,C00360,refund_request,2026-07-30T00:10:36Z,39.9,desktop
E0000355,C00364,refund_request,2026-07-05T13:40:38Z,0.0,tablet
E0000356,C00977,page_view,2026-07-01T07:39:27Z,36.1,desktop
E0000357,C00146,add_to_cart,2026-07-31T03:38:57Z,32.5,tablet
E0000358,C00400,page_view,2026-07-29T17:40:30Z,5.4,android
E0000359,C00997,support_ticket,2026-07-30T14:29:36Z,28.0,desktop
E0000360,C00587,page_view,2026-07-18T06:22:58Z,36.5,tablet
E0000361,C00178,checkout,2026-07-21T01:41:59Z,22.7,android
E0000362,C00724,page_view,2026-07-02T08:00:49Z,4.4,tablet
E0000363,C00049,add_to_cart,2026-07-24T05:02:25Z,19.5,android
E0000364,C00895,page_view,2026-07-01T08:56:24Z,7.4,tablet
E0000365,C01196,checkout,2026-07-17T07:33:23Z,16.6,android
E0000366,C00993,add_to_cart,2026-07-24T18:07:31Z,14.1,tablet
E0000367,C00401,page_view,2026-07-14T00:49:11Z,9.7,desktop
E0000368,C00680,page_view,2026-07-16T09:20:30Z,10.2,ios
E0000369,C00362,refund_request,2026-07-29T12:56:18Z,28.5,tablet
E0000370,C00951,add_to_cart,2026-07-01T23:30:49Z,36.6,tablet
E0000371,C00987,add_to_cart,2026-07-22T18:13:34Z,41.0,ios
E0000372,C00354,support_ticket,2026-07-23T07:18:51Z,24.1,android
E0000373,C00389,checkout,2026-07-04T10:35:17Z,27.8,ios
E0000374,C00912,support_ticket,2026-07-17T22:51:21Z,27.9,android
E0000375,C00618,page_view,2026-07-07T09:33:50Z,10.7,desktop
E0000376,C00758,checkout,2026-07-26T13:03:11Z,15.9,desktop
E0000377,C00926,refund_request,2026-07-24T07:02:56Z,6.2,tablet
E0000378,C00867,support_ticket,2026-07-08T21:58:46Z,25.8,android
E0000379,C00106,add_to_cart,2026-07-30T15:44:48Z,7.6,android
E0000380,C00220,support_ticket,2026-07-10T15:46:08Z,29.9,ios
E0000381,C00927,checkout,2026-07-29T05:25:17Z,38.6,tablet
E0000382,C00666,refund_request,2026-07-27T22:41:27Z,28.3,ios
E0000383,C00722,checkout,2026-07-17T05:27:05Z,10.7,ios
E0000384,C00287,refund_request,2026-07-03T14:32:04Z,28.8,ios
E0000385,C00562,refund_request,2026-07-23T15:23:51Z,18.1,ios
E0000386,C01126,refund_request,2026-07-03T05:30:14Z,33.3,desktop
E0000387,C00150,support_ticket,2026-07-29T05:26:21Z,7.0,android
E0000388,C00276,add_to_cart,2026-07-05T06:18:12Z,36.5,desktop
E0000389,C00493,refund_request,2026-07-17T07:38:46Z,1.0,desktop
E0000390,C00645,add_to_cart,2026-07-02T05:40:13Z,2.7,desktop
E0000391,C00135,page_view,2026-07-09T14:44:16Z,34.4,tablet
E0000392,C00835,page_view,2026-07-25T09:34:40Z,19.1,android
E0000393,C00049,add_to_cart,2026-07-18T06:25:39Z,34.7,ios
E0000394,C01143,add_to_cart,2026-07-08T23:29:13Z,7.9,ios
E0000395,C00742,add_to_cart,2026-07-05T04:16:28Z,5.2,ios
E0000396,C01128,page_view,2026-07-09T14:56:58Z,0.2,android
E0000397,C00097,add_to_cart,2026-07-08T03:49:06Z,35.0,ios
E0000398,C01042,refund_request,2026-07-07T15:40:35Z,21.7,desktop
E0000399,C00035,checkout,2026-07-16T08:55:30Z,34.3,tablet
E0000400,C00580,checkout,2026-07-25T19:49:17Z,26.3,android
E0000401,C01137,refund_request,2026-07-11T05:56:47Z,13.8,android
E0000402,C00490,checkout,2026-07-29T13:09:00Z,21.3,android
E0000403,C00169,checkout,2026-07-11T23:02:38Z,35.8,android
E0000404,C00115,support_ticket,2026-07-18T07:44:42Z,9.4,ios
E0000405,C01082,refund_request,2026-07-10T04:23:00Z,14.3,desktop
E0000406,C00877,checkout,2026-07-03T00:13:57Z,16.8,desktop
E0000407,C01053,support_ticket,2026-07-31T20:09:46Z,10.9,android
E0000408,C00128,checkout,2026-07-23T03:27:24Z,34.9,tablet
E0000409,C00995,page_view,2026-07-31T07:17:32Z,1.4,android
E0000410,C01046,refund_request,2026-07-22T02:22:45Z,10.0,desktop
E0000411,C00344,checkout,2026-07-04T05:10:51Z,23.3,android
E0000412,C00741,page_view,2026-07-26T05:15:58Z,18.5,desktop
E0000413,C00174,support_ticket,2026-07-29T08:25:20Z,39.2,ios
E0000414,C00683,refund_request,2026-07-30T11:05:28Z,36.0,tablet
E0000415,C00182,support_ticket,2026-07-03T05:00:40Z,35.2,ios
E0000416,C00697,add_to_cart,2026-07-21T20:29:23Z,40.9,tablet
E0000417,C00417,checkout,2026-07-08T23:57:57Z,20.0,android
E0000418,C00223,page_view,2026-07-17T05:20:19Z,0.5,android
E0000419,C00504,support_ticket,2026-07-05T01:56:13Z,25.2,ios
E0000420,C00097,support_ticket,2026-07-18T10:23:51Z,3.2,android
E0000421,C01020,add_to_cart,2026-07-02T06:58:51Z,11.2,android
E0000422,C01173,support_ticket,2026-07-11T05:35:30Z,38.4,desktop
E0000423,C00601,page_view,2026-07-24T20:26:37Z,7.2,tablet
E0000424,C00832,page_view,2026-07-16T14:13:16Z,27.0,desktop
E0000425,C00685,refund_request,2026-07-07T11:28:59Z,18.8,ios
E0000426,C01150,add_to_cart,2026-07-22T12:44:06Z,9.2,android
E0000427,C00222,support_ticket,2026-07-29T10:58:17Z,36.6,tablet
E0000428,C00813,support_ticket,2026-07-01T12:49:39Z,9.5,ios
E0000429,C00852,support_ticket,2026-07-18T04:54:58Z,8.7,ios
E0000430,C00597,add_to_cart,2026-07-13T07:55:40Z,18.7,android
E0000431,C00638,support_ticket,2026-07-14T02:17:31Z,2.2,tablet
E0000432,C00628,checkout,2026-07-16T01:02:42Z,33.3,tablet
E0000433,C00965,page_view,2026-07-01T01:41:40Z,34.0,desktop
E0000434,C00972,checkout,2026-07-06T07:44:25Z,35.6,android
E0000435,C00206,add_to_cart,2026-07-20T02:35:20Z,29.4,ios
E0000436,C00477,refund_request,2026-07-03T13:58:52Z,33.4,tablet
E0000437,C00150,support_ticket,2026-07-01T20:11:29Z,22.7,android
E0000438,C01160,support_ticket,2026-07-03T09:36:07Z,2.6,tablet
E0000439,C00325,refund_request,2026-07-29T22:05:49Z,6.0,desktop
E0000440,C00383,add_to_cart,2026-07-27T13:31:50Z,24.9,android
E0000441,C00968,checkout,2026-07-25T05:27:53Z,5.7,desktop
E0000442,C00391,page_view,2026-07-26T13:11:55Z,3.8,android
E0000443,C00916,add_to_cart,2026-07-08T02:54:17Z,6.9,android
E0000444,C00537,add_to_cart,2026-07-14T07:59:21Z,19.0,desktop
E0000445,C00678,page_view,2026-07-19T16:25:35Z,15.7,tablet
E0000446,C00799,add_to_cart,2026-07-05T09:28:03Z,22.6,desktop
E0000447,C01144,refund_request,2026-07-07T20:40:02Z,7.1,android
E0000448,C01170,checkout,2026-07-04T04:23:26Z,29.3,tablet
E0000449,C00974,support_ticket,2026-07-20T11:40:50Z,27.8,android
E0000450,C01066,add_to_cart,2026-07-02T10:20:21Z,10.9,android
E0000451,C00263,refund_request,2026-07-26T15:10:07Z,6.2,android
E0000452,C00022,checkout,2026-07-14T06:18:31Z,17.7,ios
E0000453,C00409,refund_request,2026-07-23T22:44:47Z,9.3,ios
E0000454,C00024,checkout,2026-07-25T20:55:40Z,14.5,android
E0000455,C00752,add_to_cart,2026-07-28T09:22:12Z,36.2,desktop
E0000456,C00854,support_ticket,2026-07-02T13:37:01Z,18.6,android
E0000457,C00063,add_to_cart,2026-07-17T17:07:51Z,27.9,ios
E0000458,C00651,checkout,2026-07-18T07:17:02Z,35.2,ios
E0000459,C00912,refund_request,2026-07-18T15:12:25Z,8.3,ios
E0000460,C00204,refund_request,2026-07-21T04:33:21Z,22.8,android
E0000461,C00507,checkout,2026-07-07T12:07:00Z,3.0,android
E0000462,C01087,support_ticket,2026-07-18T04:27:36Z,8.2,tablet
E0000463,C00722,add_to_cart,2026-07-13T14:40:54Z,39.4,desktop
E0000464,C00030,support_ticket,2026-07-03T01:21:12Z,14.2,desktop
E0000465,C00393,page_view,2026-07-19T00:37:41Z,21.4,desktop
E0000466,C00028,add_to_cart,2026-07-30T08:37:52Z,36.2,ios
E0000467,C00761,page_view,2026-07-19T21:50:31Z,33.0,ios
E0000468,C00958,refund_request,2026-07-24T01:44:35Z,35.7,tablet
E0000469,C00863,support_ticket,2026-07-10T02:28:28Z,25.7,android
E0000470,C00907,add_to_cart,2026-07-27T23:47:06Z,1.0,desktop
E0000471,C00306,checkout,2026-07-10T16:00:12Z,6.5,ios
E0000472,C00028,page_view,2026-07-23T18:43:31Z,33.1,desktop
E0000473,C00273,support_ticket,2026-07-23T11:10:10Z,39.4,tablet
E0000474,C00533,support_ticket,2026-07-06T20:54:20Z,24.6,android
E0000475,C00012,add_to_cart,2026-07-07T23:06:21Z,13.4,tablet
E0000476,C00436,add_to_cart,2026-07-19T13:19:13Z,40.9,tablet
E0000477,C00115,add_to_cart,2026-07-03T18:25:02Z,0.7,tablet
E0000478,C00490,support_ticket,2026-07-13T04:17:42Z,7.8,android
E0000479,C00864,support_ticket,2026-07-17T06:57:34Z,28.1,ios
E0000480,C00474,page_view,2026-07-23T05:46:23Z,1.2,android
E0000481,C00731,page_view,2026-07-12T04:37:51Z,31.6,ios
E0000482,C00120,checkout,2026-07-19T06:24:17Z,0.4,tablet
E0000483,C00855,checkout,2026-07-29T03:17:18Z,28.1,android
E0000484,C00932,page_view,2026-07-30T06:30:23Z,36.8,tablet
E0000485,C00718,add_to_cart,2026-07-23T07:30:53Z,37.1,ios
E0000486,C00860,page_view,2026-07-10T07:02:07Z,27.2,android
E0000487,C00101,page_view,2026-07-22T17:40:54Z,17.7,tablet
E0000488,C00206,support_ticket,2026-07-13T17:38:40Z,8.1,ios
E0000489,C00386,page_view,2026-07-27T17:52:32Z,14.9,desktop
E0000490,C00216,support_ticket,2026-07-23T11:44:09Z,33.8,tablet
E0000491,C00938,refund_request,2026-07-12T20:15:16Z,32.0,android
E0000492,C00518,page_view,2026-07-28T06:38:28Z,11.0,desktop
E0000493,C00503,add_to_cart,2026-07-22T20:01:35Z,22.2,desktop
E0000494,C00002,page_view,2026-07-10T11:00:32Z,24.5,ios
E0000495,C00612,refund_request,2026-07-26T23:28:30Z,33.5,android
E0000496,C00759,support_ticket,2026-07-27T23:03:45Z,2.4,ios
E0000497,C00824,page_view,2026-07-27T16:41:10Z,40.2,ios
E0000498,C00144,add_to_cart,2026-07-22T06:24:34Z,11.4,desktop
E0000499,C00592,page_view,2026-07-20T07:23:43Z,12.5,android
E0000500,C01083,refund_request,2026-07-23T01:22:40Z,2.2,desktop
E0000501,C00529,page_view,2026-07-26T04:11:19Z,25.9,ios
E0000502,C00728,refund_request,2026-07-06T06:40:12Z,14.3,android
E0000503,C00542,page_view,2026-07-27T23:08:00Z,29.7,ios
E0000504,C00038,support_ticket,2026-07-23T09:44:32Z,3.7,desktop
E0000505,C01072,refund_request,2026-07-26T06:08:08Z,20.3,android
E0000506,C00727,page_view,2026-07-26T19:53:38Z,40.0,desktop
E0000507,C01045,support_ticket,2026-07-01T18:19:33Z,2.9,tablet
E0000508,C00309,page_view,2026-07-16T10:32:07Z,0.9,tablet
E0000509,C00428,support_ticket,2026-07-28T02:44:43Z,33.0,tablet
E0000510,C01176,page_view,2026-07-16T08:08:41Z,37.8,desktop
E0000511,C01196,refund_request,2026-07-23T12:59:41Z,13.5,desktop
E0000512,C00181,add_to_cart,2026-07-28T11:54:02Z,8.0,desktop
E0000513,C01126,page_view,2026-07-19T03:50:36Z,6.6,desktop
E0000514,C00114,refund_request,2026-07-21T18:30:06Z,37.5,desktop
E0000515,C00374,refund_request,2026-07-02T11:07:23Z,4.5,desktop
E0000516,C00470,support_ticket,2026-07-26T16:27:06Z,7.9,tablet
E0000517,C01176,add_to_cart,2026-07-18T11:39:09Z,33.1,tablet
E0000518,C00567,page_view,2026-07-26T05:18:33Z,1.6,desktop
E0000519,C00632,add_to_cart,2026-07-06T04:45:38Z,12.7,android
E0000520,C00763,add_to_cart,2026-07-13T03:36:44Z,26.8,desktop
E0000521,C00704,refund_request,2026-07-02T08:38:50Z,1.2,android
E0000522,C00558,add_to_cart,2026-07-24T01:03:40Z,16.0,ios
E0000523,C01096,support_ticket,2026-07-30T00:11:52Z,5.0,tablet
E0000524,C00772,page_view,2026-07-16T00:14:24Z,8.5,desktop
E0000525,C00852,support_ticket,2026-07-07T17:37:36Z,15.6,desktop
E0000526,C00377,refund_request,2026-07-30T18:03:22Z,27.3,android
E0000527,C01003,page_view,2026-07-16T14:30:47Z,6.3,ios
E0000528,C00356,checkout,2026-07-05T14:26:48Z,33.9,desktop
E0000529,C00760,page_view,2026-07-25T16:50:32Z,8.2,ios
E0000530,C00385,support_ticket,2026-07-16T08:23:47Z,41.7,android
E0000531,C01087,support_ticket,2026-07-30T16:51:18Z,9.9,android
E0000532,C00164,checkout,2026-07-27T12:26:12Z,25.3,ios
E0000533,C00592,support_ticket,2026-07-18T13:32:58Z,30.5,ios
E0000534,C01152,support_ticket,2026-07-23T11:37:13Z,8.3,android
E0000535,C00129,page_view,2026-07-01T23:19:57Z,19.7,ios
E0000536,C00802,refund_request,2026-07-06T08:28:19Z,20.2,desktop
E0000537,C00720,checkout,2026-07-05T12:58:54Z,15.9,tablet
E0000538,C00411,add_to_cart,2026-07-29T17:30:45Z,20.8,tablet
E0000539,C01021,add_to_cart,2026-07-29T06:20:18Z,18.5,desktop
E0000540,C00601,support_ticket,2026-07-29T17:07:05Z,5.8,android
E0000541,C00142,support_ticket,2026-07-02T10:17:28Z,36.2,tablet
E0000542,C00920,add_to_cart,2026-07-27T15:30:27Z,23.4,desktop
E0000543,C00470,page_view,2026-07-27T21:03:32Z,6.2,desktop
E0000544,C00300,checkout,2026-07-28T10:12:12Z,21.6,desktop
E0000545,C00367,page_view,2026-07-09T11:25:05Z,41.2,android
E0000546,C00959,checkout,2026-07-07T12:58:27Z,11.0,ios
E0000547,C00328,page_view,2026-07-27T15:13:39Z,11.5,android
E0000548,C00446,page_view,2026-07-09T05:59:16Z,16.5,tablet
E0000549,C00002,refund_request,2026-07-03T20:32:39Z,2.5,desktop
E0000550,C00605,support_ticket,2026-07-19T05:12:27Z,7.1,ios
E0000551,C01145,checkout,2026-07-15T16:39:44Z,32.1,ios
E0000552,C00623,refund_request,2026-07-08T18:08:22Z,29.9,desktop
E0000553,C00186,refund_request,2026-07-28T05:37:46Z,18.1,desktop
E0000554,C00421,add_to_cart,2026-07-03T20:22:43Z,31.3,desktop
E0000555,C00697,page_view,2026-07-09T00:51:26Z,12.3,ios
E0000556,C00626,checkout,2026-07-16T04:51:17Z,16.1,tablet
E0000557,C01197,page_view,2026-07-01T12:11:48Z,11.7,tablet
E0000558,C00135,checkout,2026-07-14T13:53:04Z,26.5,tablet
E0000559,C00773,add_to_cart,2026-07-23T21:36:41Z,7.3,android
E0000560,C00497,refund_request,2026-07-09T04:49:26Z,11.1,tablet
E0000561,C00649,refund_request,2026-07-16T06:46:27Z,28.6,tablet
E0000562,C00329,refund_request,2026-07-30T20:54:25Z,20.7,android
E0000563,C01103,add_to_cart,2026-07-28T07:45:34Z,16.9,tablet
E0000564,C00392,checkout,2026-07-10T22:26:23Z,14.7,android
E0000565,C00719,add_to_cart,2026-07-16T12:21:35Z,22.3,android
E0000566,C00105,page_view,2026-07-29T18:20:28Z,12.0,tablet
E0000567,C00669,refund_request,2026-07-05T18:59:00Z,25.8,ios
E0000568,C00362,checkout,2026-07-19T15:47:54Z,16.3,desktop
E0000569,C01187,page_view,2026-07-23T16:38:43Z,5.0,android
E0000570,C00780,add_to_cart,2026-07-07T13:32:52Z,39.0,ios
E0000571,C01020,page_view,2026-07-09T21:15:27Z,2.6,ios
E0000572,C01123,page_view,2026-07-18T13:18:03Z,26.7,ios
E0000573,C00995,support_ticket,2026-07-31T04:02:07Z,21.7,android
E0000574,C00268,page_view,2026-07-06T03:42:08Z,16.9,desktop
E0000575,C01091,page_view,2026-07-01T13:12:22Z,30.0,ios
E0000576,C01047,support_ticket,2026-07-11T21:30:00Z,3.2,tablet
E0000577,C00953,checkout,2026-07-27T11:55:48Z,20.6,ios
E0000578,C00519,add_to_cart,2026-07-02T09:05:57Z,7.8,ios
E0000579,C00595,checkout,2026-07-10T03:00:36Z,27.3,desktop
E0000580,C00601,refund_request,2026-07-04T10:42:07Z,37.6,tablet
E0000581,C00111,checkout,2026-07-17T23:45:43Z,41.3,ios
E0000582,C00103,refund_request,2026-07-03T13:00:02Z,30.4,tablet
E0000583,C00194,page_view,2026-07-08T16:12:48Z,8.7,tablet
E0000584,C00991,add_to_cart,2026-07-29T23:48:26Z,19.7,android
E0000585,C00430,checkout,2026-07-18T07:31:03Z,20.2,ios
E0000586,C00256,checkout,2026-07-31T04:47:08Z,41.5,android
E0000587,C00294,page_view,2026-07-29T17:55:00Z,6.6,android
E0000588,C00448,support_ticket,2026-07-19T10:10:22Z,16.7,android
E0000589,C00616,checkout,2026-07-18T07:41:55Z,33.7,tablet
E0000590,C00951,refund_request,2026-07-27T23:13:07Z,39.3,desktop
E0000591,C01186,support_ticket,2026-07-02T23:21:07Z,3.0,desktop
E0000592,C01099,add_to_cart,2026-07-18T14:14:23Z,25.8,tablet
E0000593,C01153,support_ticket,2026-07-18T00:06:04Z,2.7,android
E0000594,C00949,refund_request,2026-07-29T06:38:04Z,17.3,ios
E0000595,C00061,refund_request,2026-07-10T10:42:05Z,16.8,desktop
E0000596,C01194,support_ticket,2026-07-20T16:30:38Z,0.3,android
E0000597,C00535,checkout,2026-07-15T16:16:51Z,25.4,desktop
E0000598,C00002,page_view,2026-07-05T04:08:19Z,40.9,ios
E0000599,C01146,refund_request,2026-07-15T22:26:22Z,41.8,tablet
E0000600,C00904,add_to_cart,2026-07-30T03:32:55Z,9.6,ios
E0000601,C00249,page_view,2026-07-09T03:58:07Z,2.5,ios
E0000602,C00626,refund_request,2026-07-30T22:42:45Z,19.7,desktop
E0000603,C00995,refund_request,2026-07-19T05:41:33Z,11.1,ios
E0000604,C00916,add_to_cart,2026-07-31T23:32:28Z,3.0,desktop
E0000605,C00108,support_ticket,2026-07-08T12:31:58Z,15.9,tablet
E0000606,C00918,support_ticket,2026-07-04T08:31:34Z,2.5,ios
E0000607,C00930,checkout,2026-07-26T23:11:29Z,25.2,android
E0000608,C00966,refund_request,2026-07-10T11:41:24Z,9.7,android
E0000609,C00977,refund_request,2026-07-07T12:35:46Z,36.4,desktop
E0000610,C00070,add_to_cart,2026-07-13T02:29:12Z,19.2,android
E0000611,C00458,refund_request,2026-07-21T01:00:46Z,26.9,tablet
E0000612,C00904,support_ticket,2026-07-08T01:09:19Z,11.7,tablet
E0000613,C00441,add_to_cart,2026-07-09T22:03:37Z,29.7,android
E0000614,C01190,support_ticket,2026-07-03T16:54:40Z,31.3,tablet
E0000615,C00548,checkout,2026-07-25T05:32:08Z,40.9,ios
E0000616,C00329,checkout,2026-07-15T11:08:33Z,38.0,android
E0000617,C00324,refund_request,2026-07-15T08:46:13Z,1.3,android
E0000618,C00570,add_to_cart,2026-07-06T02:41:20Z,41.6,desktop
E0000619,C00480,add_to_cart,2026-07-18T06:19:40Z,9.9,ios
E0000620,C00213,support_ticket,2026-07-08T16:04:23Z,22.8,android
E0000621,C00993,refund_request,2026-07-26T07:33:35Z,19.4,ios
E0000622,C00396,add_to_cart,2026-07-09T06:36:11Z,10.8,desktop
E0000623,C00141,add_to_cart,2026-07-25T21:30:59Z,38.6,desktop
E0000624,C00306,refund_request,2026-07-07T01:57:22Z,40.3,android
E0000625,C00156,page_view,2026-07-30T23:47:33Z,36.0,tablet
E0000626,C00023,checkout,2026-07-23T03:12:43Z,5.7,ios
E0000627,C00776,support_ticket,2026-07-23T10:28:12Z,16.6,android
E0000628,C01063,page_view,2026-07-13T09:29:53Z,35.0,desktop
E0000629,C00905,checkout,2026-07-29T00:24:46Z,41.3,desktop
E0000630,C01151,page_view,2026-07-04T16:14:57Z,30.5,desktop
E0000631,C00132,support_ticket,2026-07-13T13:55:08Z,38.6,desktop
E0000632,C00056,checkout,2026-07-26T04:42:43Z,18.8,desktop
E0000633,C01169,page_view,2026-07-02T12:08:15Z,7.9,tablet
E0000634,C01100,support_ticket,2026-07-29T21:24:51Z,19.7,android
E0000635,C01196,checkout,2026-07-27T10:12:04Z,22.5,tablet
E0000636,C00870,refund_request,2026-07-05T15:02:26Z,12.6,ios
E0000637,C00038,add_to_cart,2026-07-14T13:44:34Z,6.6,tablet
E0000638,C00274,add_to_cart,2026-07-17T22:08:55Z,1.0,tablet
E0000639,C00626,add_to_cart,2026-07-29T09:41:01Z,35.8,tablet
E0000640,C00996,checkout,2026-07-12T21:03:52Z,33.6,tablet
E0000641,C00589,checkout,2026-07-11T16:02:00Z,1.7,desktop
E0000642,C00990,checkout,2026-07-02T16:20:19Z,0.8,ios
E0000643,C00735,refund_request,2026-07-28T05:00:48Z,39.7,tablet
E0000644,C00053,support_ticket,2026-07-01T06:54:55Z,26.9,desktop
E0000645,C01025,checkout,2026-07-09T13:35:42Z,28.5,ios
E0000646,C00858,refund_request,2026-07-25T09:19:31Z,30.8,tablet
E0000647,C00374,add_to_cart,2026-07-09T11:38:18Z,18.6,ios
E0000648,C00950,page_view,2026-07-07T22:49:39Z,36.5,android
E0000649,C00184,support_ticket,2026-07-10T06:52:18Z,8.6,desktop
E0000650,C00725,add_to_cart,2026-07-03T23:28:03Z,19.9,tablet
E0000651,C00713,checkout,2026-07-25T22:54:36Z,32.3,desktop
E0000652,C00710,refund_request,2026-07-13T16:03:42Z,37.8,ios
E0000653,C00550,checkout,2026-07-05T09:17:25Z,40.5,tablet
E0000654,C00181,support_ticket,2026-07-14T14:23:26Z,5.8,tablet
E0000655,C00320,add_to_cart,2026-07-21T10:35:26Z,33.5,desktop
E0000656,C00526,support_ticket,2026-07-29T18:09:29Z,0.4,desktop
E0000657,C00248,support_ticket,2026-07-26T07:34:43Z,37.2,desktop
E0000658,C00652,refund_request,2026-07-11T23:32:46Z,23.5,desktop
E0000659,C00286,add_to_cart,2026-07-15T16:00:51Z,16.2,ios
E0000660,C00062,page_view,2026-07-31T14:28:31Z,25.1,desktop
E0000661,C01071,support_ticket,2026-07-18T17:00:29Z,2.4,tablet
E0000662,C00596,add_to_cart,2026-07-26T07:05:27Z,27.5,tablet
E0000663,C00841,add_to_cart,2026-07-28T01:34:42Z,1.5,ios
E0000664,C00017,add_to_cart,2026-07-19T23:53:30Z,25.7,desktop
E0000665,C00008,support_ticket,2026-07-03T07:50:43Z,20.8,android
E0000666,C00050,page_view,2026-07-07T11:17:02Z,35.3,ios
E0000667,C00224,refund_request,2026-07-04T17:33:52Z,24.5,tablet
E0000668,C00495,refund_request,2026-07-13T19:10:45Z,32.5,android
E0000669,C01052,refund_request,2026-07-09T02:02:40Z,2.2,ios
E0000670,C00566,support_ticket,2026-07-19T08:06:26Z,39.3,android
E0000671,C00784,add_to_cart,2026-07-15T20:13:59Z,4.1,tablet
E0000672,C00397,support_ticket,2026-07-11T06:21:42Z,33.3,ios
E0000673,C00861,page_view,2026-07-31T23:19:26Z,27.0,ios
E0000674,C00898,support_ticket,2026-07-27T15:32:30Z,31.7,ios
E0000675,C00709,refund_request,2026-07-25T20:28:50Z,13.3,tablet
E0000676,C00912,add_to_cart,2026-07-04T15:11:22Z,25.8,tablet
E0000677,C00287,checkout,2026-07-13T17:40:26Z,28.3,desktop
E0000678,C00485,refund_request,2026-07-21T12:20:14Z,41.7,tablet
E0000679,C00729,page_view,2026-07-01T00:48:43Z,3.4,ios
E0000680,C00640,add_to_cart,2026-07-08T20:25:16Z,29.2,tablet
E0000681,C00878,checkout,2026-07-07T19:23:08Z,23.7,ios
E0000682,C00790,add_to_cart,2026-07-26T00:02:00Z,25.5,ios
E0000683,C01038,refund_request,2026-07-25T19:51:52Z,2.9,tablet
E0000684,C00141,checkout,2026-07-18T09:16:55Z,5.4,ios
E0000685,C01108,page_view,2026-07-14T19:30:49Z,33.4,tablet
E0000686,C00989,support_ticket,2026-07-31T23:01:23Z,39.3,android
E0000687,C00100,add_to_cart,2026-07-23T13:23:39Z,37.5,android
E0000688,C00859,checkout,2026-07-29T23:28:29Z,1.4,android
E0000689,C00350,add_to_cart,2026-07-29T05:14:53Z,20.8,android
E0000690,C01117,add_to_cart,2026-07-20T03:09:45Z,8.2,tablet
E0000691,C00376,checkout,2026-07-16T04:25:20Z,0.4,desktop
E0000692,C00068,page_view,2026-07-01T21:01:32Z,9.0,tablet
E0000693,C01080,support_ticket,2026-07-18T19:04:14Z,36.0,ios
E0000694,C00584,checkout,2026-07-06T04:42:41Z,25.1,tablet
E0000695,C00751,support_ticket,2026-07-23T13:12:40Z,42.0,ios
E0000696,C00243,support_ticket,2026-07-22T05:57:48Z,2.7,android
E0000697,C01162,checkout,2026-07-02T02:48:06Z,38.5,ios
E0000698,C00157,refund_request,2026-07-05T13:48:50Z,15.0,tablet
E0000699,C01016,support_ticket,2026-07-31T06:16:05Z,27.7,tablet
E0000700,C00643,support_ticket,2026-07-14T08:05:48Z,0.1,ios
E0000701,C00850,refund_request,2026-07-06T10:34:21Z,3.7,tablet
E0000702,C00122,add_to_cart,2026-07-05T22:54:29Z,39.8,android
E0000703,C00940,add_to_cart,2026-07-19T08:55:54Z,11.4,tablet
E0000704,C00156,page_view,2026-07-19T04:31:50Z,13.2,android
E0000705,C01132,refund_request,2026-07-04T05:26:22Z,26.0,tablet
E0000706,C01016,checkout,2026-07-23T03:24:03Z,37.5,ios
E0000707,C00682,checkout,2026-07-01T19:15:41Z,16.1,ios
E0000708,C00998,checkout,2026-07-23T13:01:59Z,8.4,ios
E0000709,C01151,add_to_cart,2026-07-19T21:15:26Z,24.1,desktop
E0000710,C00874,checkout,2026-07-13T16:26:55Z,12.8,tablet
E0000711,C00541,page_view,2026-07-09T18:00:44Z,19.1,desktop
E0000712,C00912,support_ticket,2026-07-23T15:27:29Z,22.9,tablet
E0000713,C00842,page_view,2026-07-12T11:00:38Z,27.7,tablet
E0000714,C01175,checkout,2026-07-26T13:28:15Z,11.2,android
E0000715,C00538,add_to_cart,2026-07-13T01:32:01Z,21.0,android
E0000716,C01119,page_view,2026-07-11T13:46:50Z,19.9,android
E0000717,C01109,page_view,2026-07-18T04:19:35Z,11.4,ios
E0000718,C00248,checkout,2026-07-01T02:09:11Z,12.0,ios
E0000719,C00285,add_to_cart,2026-07-29T14:06:13Z,27.8,android
E0000720,C00345,page_view,2026-07-19T08:47:40Z,20.9,android
E0000721,C00727,add_to_cart,2026-07-19T21:57:02Z,38.9,tablet
E0000722,C00026,support_ticket,2026-07-18T19:06:23Z,37.4,ios
E0000723,C01193,add_to_cart,2026-07-19T15:31:20Z,41.6,ios
E0000724,C00204,support_ticket,2026-07-17T17:24:40Z,2.0,desktop
E0000725,C00365,refund_request,2026-07-14T19:07:56Z,40.6,desktop
E0000726,C01061,add_to_cart,2026-07-15T18:26:03Z,1.0,ios
E0000727,C00332,support_ticket,2026-07-17T17:10:11Z,21.8,desktop
E0000728,C01113,add_to_cart,2026-07-26T02:09:40Z,26.3,android
E0000729,C00904,support_ticket,2026-07-21T18:34:35Z,23.1,desktop
E0000730,C01022,refund_request,2026-07-11T19:51:51Z,6.4,desktop
E0000731,C00520,page_view,2026-07-01T06:38:24Z,22.3,ios
E0000732,C00421,add_to_cart,2026-07-15T17:56:41Z,4.3,tablet
E0000733,C00095,support_ticket,2026-07-16T11:35:07Z,33.0,desktop
E0000734,C00112,add_to_cart,2026-07-20T19:01:59Z,2.3,desktop
E0000735,C01166,refund_request,2026-07-30T00:29:04Z,14.2,ios
E0000736,C00383,add_to_cart,2026-07-08T04:12:46Z,30.5,android
E0000737,C01051,refund_request,2026-07-27T05:06:27Z,35.7,desktop
E0000738,C00644,checkout,2026-07-06T22:56:07Z,8.9,desktop
E0000739,C00837,checkout,2026-07-04T12:48:34Z,26.8,tablet
E0000740,C00770,refund_request,2026-07-25T11:51:48Z,5.5,ios
E0000741,C00098,add_to_cart,2026-07-25T03:29:48Z,24.0,tablet
E0000742,C00424,refund_request,2026-07-10T00:14:23Z,10.8,ios
E0000743,C00680,refund_request,2026-07-27T00:20:16Z,28.1,android
E0000744,C00399,add_to_cart,2026-07-31T18:27:18Z,5.8,android
E0000745,C00764,add_to_cart,2026-07-04T08:44:24Z,1.2,ios
E0000746,C01130,checkout,2026-07-09T19:55:46Z,28.9,tablet
E0000747,C00152,refund_request,2026-07-05T00:50:43Z,37.5,desktop
E0000748,C00760,support_ticket,2026-07-05T16:54:01Z,33.3,desktop
E0000749,C00235,refund_request,2026-07-31T07:44:34Z,24.9,android
E0000750,C00114,page_view,2026-07-12T21:42:20Z,24.0,tablet
E0000751,C00022,checkout,2026-07-20T12:41:38Z,34.6,tablet
E0000752,C00658,support_ticket,2026-07-07T14:08:38Z,4.2,desktop
E0000753,C00643,support_ticket,2026-07-08T03:59:09Z,33.9,ios
E0000754,C00494,support_ticket,2026-07-28T19:27:16Z,10.1,ios
E0000755,C00019,support_ticket,2026-07-24T22:38:56Z,12.3,android
E0000756,C00664,page_view,2026-07-14T22:04:00Z,25.9,ios
E0000757,C01164,refund_request,2026-07-27T08:27:54Z,16.6,android
E0000758,C00602,add_to_cart,2026-07-16T18:05:43Z,41.4,ios
E0000759,C00903,checkout,2026-07-16T11:30:10Z,28.5,ios
E0000760,C00946,add_to_cart,2026-07-28T04:11:57Z,18.6,tablet
E0000761,C00181,add_to_cart,2026-07-22T05:44:14Z,3.1,android
E0000762,C00124,checkout,2026-07-04T10:43:24Z,8.4,ios
E0000763,C00765,support_ticket,2026-07-31T02:11:38Z,31.7,tablet
E0000764,C00957,support_ticket,2026-07-06T15:09:23Z,10.5,tablet
E0000765,C01165,support_ticket,2026-07-12T00:44:32Z,10.8,desktop
E0000766,C00279,page_view,2026-07-21T13:31:16Z,28.6,ios
E0000767,C00954,page_view,2026-07-20T01:35:11Z,27.5,ios
E0000768,C00891,add_to_cart,2026-07-03T23:53:01Z,40.9,android
E0000769,C00374,add_to_cart,2026-07-07T16:44:45Z,20.5,ios
E0000770,C00013,add_to_cart,2026-07-12T14:06:40Z,22.4,ios
E0000771,C00889,refund_request,2026-07-12T01:12:17Z,36.6,tablet
E0000772,C00037,refund_request,2026-07-25T10:04:05Z,41.5,android
E0000773,C00352,support_ticket,2026-07-22T14:27:26Z,30.0,desktop
E0000774,C01180,page_view,2026-07-12T22:49:26Z,35.0,android
E0000775,C00996,refund_request,2026-07-02T00:14:59Z,39.7,ios
E0000776,C01084,support_ticket,2026-07-01T02:23:28Z,8.2,desktop
E0000777,C00025,checkout,2026-07-26T09:01:47Z,27.8,desktop
E0000778,C00675,refund_request,2026-07-01T13:28:46Z,37.3,ios
E0000779,C00249,page_view,2026-07-08T04:20:35Z,20.5,ios
E0000780,C00679,page_view,2026-07-03T20:34:47Z,12.0,ios
E0000781,C00564,checkout,2026-07-05T05:42:19Z,2.7,tablet
E0000782,C00157,add_to_cart,2026-07-28T21:24:52Z,13.0,ios
E0000783,C01005,support_ticket,2026-07-22T04:52:04Z,16.0,tablet
E0000784,C00482,refund_request,2026-07-30T20:03:32Z,5.2,ios
E0000785,C00078,page_view,2026-07-22T00:24:23Z,3.4,tablet
E0000786,C01198,page_view,2026-07-02T07:42:22Z,18.4,android
E0000787,C00481,refund_request,2026-07-04T02:16:38Z,4.1,ios
E0000788,C00744,checkout,2026-07-23T08:29:28Z,11.7,android
E0000789,C00480,support_ticket,2026-07-07T17:53:23Z,28.3,desktop
E0000790,C00883,add_to_cart,2026-07-12T20:47:37Z,34.8,desktop
E0000791,C01044,support_ticket,2026-07-25T19:28:09Z,10.4,desktop
E0000792,C00259,support_ticket,2026-07-08T05:22:41Z,1.9,android
E0000793,C00643,page_view,2026-07-11T02:48:59Z,39.4,tablet
E0000794,C01033,page_view,2026-07-19T08:04:33Z,20.5,ios
E0000795,C00641,add_to_cart,2026-07-23T05:56:14Z,8.2,tablet
E0000796,C00947,add_to_cart,2026-07-28T12:08:09Z,11.0,ios
E0000797,C01019,checkout,2026-07-29T21:46:19Z,36.8,ios
E0000798,C00469,page_view,2026-07-14T08:00:44Z,28.8,tablet
E0000799,C00186,refund_request,2026-07-24T08:53:02Z,25.2,ios
E0000800,C00600,checkout,2026-07-31T20:47:55Z,41.7,ios
E0000801,C00811,page_view,2026-07-27T05:01:20Z,3.4,android
E0000802,C00888,add_to_cart,2026-07-27T03:20:35Z,1.0,ios
E0000803,C00622,support_ticket,2026-07-10T01:53:45Z,29.8,tablet
E0000804,C01029,support_ticket,2026-07-10T23:17:49Z,26.0,desktop
E0000805,C01180,add_to_cart,2026-07-27T21:58:45Z,35.9,android
E0000806,C00719,add_to_cart,2026-07-15T08:55:09Z,2.2,android
E0000807,C00355,support_ticket,2026-07-15T06:38:55Z,37.0,ios
E0000808,C00558,support_ticket,2026-07-22T04:01:36Z,5.8,tablet
E0000809,C00338,refund_request,2026-07-26T07:59:01Z,5.4,tablet
E0000810,C00965,support_ticket,2026-07-31T04:59:49Z,30.9,android
E0000811,C00611,page_view,2026-07-28T20:42:02Z,26.9,tablet
E0000812,C01003,add_to_cart,2026-07-14T00:21:11Z,19.2,ios
E0000813,C00830,checkout,2026-07-22T04:48:24Z,33.1,tablet
E0000814,C00341,checkout,2026-07-22T22:49:06Z,17.7,android
E0000815,C00112,add_to_cart,2026-07-31T13:50:07Z,40.4,desktop
E0000816,C00146,support_ticket,2026-07-14T18:45:48Z,11.7,android
E0000817,C00036,support_ticket,2026-07-30T10:06:30Z,6.3,desktop
E0000818,C00247,support_ticket,2026-07-18T19:35:19Z,8.0,ios
E0000819,C01059,checkout,2026-07-20T12:23:41Z,18.3,ios
E0000820,C01063,page_view,2026-07-07T23:31:09Z,18.7,tablet
E0000821,C00864,page_view,2026-07-09T18:27:27Z,28.1,tablet
E0000822,C00031,checkout,2026-07-28T12:59:05Z,35.3,ios
E0000823,C00766,add_to_cart,2026-07-20T03:11:08Z,31.6,ios
E0000824,C01062,checkout,2026-07-20T18:17:19Z,5.9,desktop
E0000825,C00121,checkout,2026-07-16T08:19:37Z,10.5,desktop
E0000826,C00888,add_to_cart,2026-07-16T20:50:15Z,1.3,android
E0000827,C00945,add_to_cart,2026-07-01T00:11:37Z,33.1,ios
E0000828,C00091,refund_request,2026-07-04T20:55:20Z,25.0,ios
E0000829,C00194,page_view,2026-07-05T07:34:51Z,23.8,desktop
E0000830,C01015,page_view,2026-07-16T06:48:02Z,35.1,tablet
E0000831,C01078,support_ticket,2026-07-06T20:08:19Z,42.0,desktop
E0000832,C00525,checkout,2026-07-09T20:22:03Z,32.5,ios
E0000833,C00631,add_to_cart,2026-07-16T00:43:52Z,14.5,android
E0000834,C00613,add_to_cart,2026-07-14T08:41:02Z,40.7,android
E0000835,C00335,checkout,2026-07-08T02:39:24Z,41.3,android
E0000836,C00760,support_ticket,2026-07-03T11:02:45Z,38.6,ios
E0000837,C00974,support_ticket,2026-07-18T02:18:26Z,12.6,android
E0000838,C00474,checkout,2026-07-30T22:27:47Z,33.5,android
E0000839,C00472,add_to_cart,2026-07-06T07:21:09Z,30.2,tablet
E0000840,C00561,page_view,2026-07-14T06:13:15Z,8.9,ios
E0000841,C00687,refund_request,2026-07-01T21:33:27Z,20.4,android
E0000842,C00745,support_ticket,2026-07-20T18:34:20Z,9.6,tablet
E0000843,C00294,refund_request,2026-07-31T00:59:32Z,7.4,ios
E0000844,C00103,checkout,2026-07-11T10:37:01Z,16.4,android
E0000845,C00080,page_view,2026-07-13T07:12:10Z,39.9,desktop
E0000846,C01023,refund_request,2026-07-23T23:16:48Z,21.6,desktop
E0000847,C00462,support_ticket,2026-07-25T16:09:20Z,38.6,ios
E0000848,C00776,page_view,2026-07-14T04:11:17Z,10.2,desktop
E0000849,C00063,page_view,2026-07-19T02:58:26Z,2.1,tablet
E0000850,C00243,refund_request,2026-07-22T09:10:12Z,9.4,ios
E0000851,C00241,support_ticket,2026-07-18T02:28:22Z,0.2,ios
E0000852,C00285,page_view,2026-07-26T13:16:29Z,41.6,desktop
E0000853,C00422,add_to_cart,2026-07-01T00:35:21Z,25.7,desktop
E0000854,C00089,support_ticket,2026-07-04T09:40:51Z,14.7,android
E0000855,C00794,page_view,2026-07-05T09:31:50Z,18.0,tablet
E0000856,C00990,page_view,2026-07-18T18:38:07Z,11.1,tablet
E0000857,C00099,support_ticket,2026-07-01T18:08:46Z,0.6,desktop
E0000858,C00985,support_ticket,2026-07-08T11:57:42Z,29.6,ios
E0000859,C01051,support_ticket,2026-07-28T23:48:16Z,26.3,tablet
E0000860,C00732,support_ticket,2026-07-18T02:01:39Z,31.8,tablet
E0000861,C01184,page_view,2026-07-20T12:25:15Z,29.1,ios
E0000862,C00885,support_ticket,2026-07-17T11:26:10Z,2.9,android
E0000863,C00117,support_ticket,2026-07-26T18:13:27Z,5.9,ios
E0000864,C00308,add_to_cart,2026-07-30T18:52:01Z,17.1,ios
E0000865,C00081,checkout,2026-07-23T20:49:38Z,1.7,tablet
E0000866,C00756,support_ticket,2026-07-16T07:37:17Z,28.6,desktop
E0000867,C00599,checkout,2026-07-08T06:26:33Z,37.9,desktop
E0000868,C00796,add_to_cart,2026-07-24T09:01:25Z,20.3,android
E0000869,C00358,add_to_cart,2026-07-14T18:12:57Z,34.1,desktop
E0000870,C00529,refund_request,2026-07-19T12:56:25Z,3.5,desktop
E0000871,C00881,support_ticket,2026-07-11T16:13:12Z,21.1,ios
E0000872,C00137,checkout,2026-07-27T11:31:43Z,34.1,ios
E0000873,C00501,support_ticket,2026-07-27T10:05:06Z,39.4,tablet
E0000874,C00343,support_ticket,2026-07-15T20:36:11Z,3.5,ios
E0000875,C00759,support_ticket,2026-07-11T07:08:22Z,12.5,tablet
E0000876,C00600,add_to_cart,2026-07-20T05:50:25Z,18.0,tablet
E0000877,C00532,page_view,2026-07-14T10:42:36Z,27.8,desktop
E0000878,C00148,page_view,2026-07-02T03:49:20Z,15.2,tablet
E0000879,C00272,page_view,2026-07-19T22:16:03Z,29.9,android
E0000880,C00331,checkout,2026-07-08T21:26:47Z,23.5,android
E0000881,C00718,refund_request,2026-07-10T03:20:38Z,9.1,android
E0000882,C00979,add_to_cart,2026-07-22T03:49:10Z,19.2,ios
E0000883,C00647,refund_request,2026-07-08T16:03:03Z,22.3,android
E0000884,C00991,add_to_cart,2026-07-23T19:02:58Z,5.1,ios
E0000885,C00634,checkout,2026-07-17T17:50:31Z,22.4,desktop
E0000886,C00222,page_view,2026-07-12T08:26:51Z,19.7,ios
E0000887,C00819,support_ticket,2026-07-11T10:56:22Z,19.6,tablet
E0000888,C00807,checkout,2026-07-04T20:46:18Z,19.2,tablet
E0000889,C00359,add_to_cart,2026-07-15T14:41:26Z,35.2,ios
E0000890,C00937,refund_request,2026-07-12T03:01:59Z,33.4,android
E0000891,C00985,add_to_cart,2026-07-22T13:24:12Z,40.4,android
E0000892,C00210,add_to_cart,2026-07-09T09:41:39Z,23.0,desktop
E0000893,C00336,add_to_cart,2026-07-21T18:22:39Z,2.4,android
E0000894,C00633,add_to_cart,2026-07-04T13:02:20Z,25.2,ios
E0000895,C00144,refund_request,2026-07-02T08:03:48Z,13.7,tablet
E0000896,C00913,checkout,2026-07-02T07:24:27Z,24.6,tablet
E0000897,C00433,refund_request,2026-07-18T00:30:39Z,26.0,desktop
E0000898,C00892,page_view,2026-07-17T10:15:16Z,5.5,desktop
E0000899,C00255,checkout,2026-07-09T14:39:10Z,0.7,tablet
E0000900,C00184,checkout,2026-07-19T13:56:20Z,24.9,tablet
E0000901,C01165,checkout,2026-07-23T08:25:25Z,30.7,tablet
E0000902,C01078,checkout,2026-07-29T07:03:53Z,10.0,ios
E0000903,C00457,page_view,2026-07-14T09:12:29Z,1.2,tablet
E0000904,C00616,checkout,2026-07-23T16:05:24Z,32.4,android
E0000905,C01101,page_view,2026-07-14T19:02:49Z,39.5,desktop
E0000906,C00702,support_ticket,2026-07-06T08:25:32Z,12.0,ios
E0000907,C00788,refund_request,2026-07-08T19:16:01Z,36.8,ios
E0000908,C00703,support_ticket,2026-07-02T16:54:51Z,26.6,desktop
E0000909,C00791,add_to_cart,2026-07-19T08:55:48Z,24.5,android
E0000910,C00191,add_to_cart,2026-07-23T21:57:15Z,24.9,tablet
E0000911,C00432,refund_request,2026-07-24T14:39:11Z,17.4,ios
E0000912,C00227,support_ticket,2026-07-29T12:37:18Z,40.2,desktop
E0000913,C00211,refund_request,2026-07-11T09:09:57Z,31.8,ios
E0000914,C00570,support_ticket,2026-07-18T00:15:56Z,3.0,tablet
E0000915,C00152,page_view,2026-07-07T16:08:34Z,34.6,tablet
E0000916,C00266,support_ticket,2026-07-31T21:43:06Z,21.8,ios
E0000917,C01042,add_to_cart,2026-07-11T01:43:15Z,29.1,android
E0000918,C00139,support_ticket,2026-07-11T15:38:00Z,7.8,desktop
E0000919,C00438,support_ticket,2026-07-06T11:26:31Z,24.9,android
E0000920,C01182,page_view,2026-07-14T05:36:03Z,22.2,desktop
E0000921,C00516,page_view,2026-07-20T00:08:47Z,5.2,ios
E0000922,C00885,add_to_cart,2026-07-23T03:46:59Z,12.0,ios
E0000923,C00471,checkout,2026-07-21T07:34:17Z,29.2,ios
E0000924,C00446,support_ticket,2026-07-19T07:57:56Z,6.1,desktop
E0000925,C00985,refund_request,2026-07-17T17:18:14Z,37.9,android
E0000926,C00536,support_ticket,2026-07-27T20:04:19Z,14.1,desktop
E0000927,C00828,refund_request,2026-07-12T09:34:46Z,36.9,android
E0000928,C00118,add_to_cart,2026-07-24T01:08:27Z,20.2,tablet
E0000929,C00810,checkout,2026-07-25T21:37:37Z,17.2,desktop
E0000930,C00845,page_view,2026-07-21T23:08:07Z,36.6,desktop
E0000931,C00098,checkout,2026-07-28T13:09:29Z,37.4,android
E0000932,C00970,support_ticket,2026-07-07T10:04:57Z,34.8,desktop
E0000933,C00269,checkout,2026-07-16T09:26:48Z,19.5,android
E0000934,C00597,support_ticket,2026-07-11T13:38:46Z,7.5,ios
E0000935,C00628,checkout,2026-07-04T18:07:54Z,9.9,ios
E0000936,C00236,checkout,2026-07-18T09:16:24Z,14.6,ios
E0000937,C00213,support_ticket,2026-07-02T16:14:54Z,14.2,android
E0000938,C01012,support_ticket,2026-07-23T08:23:32Z,7.7,tablet
E0000939,C00354,page_view,2026-07-02T01:23:47Z,14.8,tablet
E0000940,C00512,page_view,2026-07-12T17:47:07Z,17.5,desktop
E0000941,C00307,support_ticket,2026-07-20T08:40:00Z,24.7,tablet
E0000942,C00985,checkout,2026-07-15T14:55:38Z,24.1,tablet
E0000943,C00755,page_view,2026-07-25T05:59:49Z,0.2,desktop
E0000944,C00256,page_view,2026-07-28T05:36:46Z,38.4,desktop
E0000945,C01121,refund_request,2026-07-02T00:04:03Z,35.6,desktop
E0000946,C00251,support_ticket,2026-07-02T13:59:24Z,20.6,ios
E0000947,C00018,support_ticket,2026-07-22T20:33:57Z,21.8,tablet
E0000948,C00866,add_to_cart,2026-07-05T10:31:44Z,12.5,android
E0000949,C00175,checkout,2026-07-20T16:19:43Z,18.1,desktop
E0000950,C00180,page_view,2026-07-23T16:13:34Z,12.3,tablet
E0000951,C00189,page_view,2026-07-14T16:17:17Z,2.6,ios
E0000952,C00951,add_to_cart,2026-07-22T18:00:01Z,25.1,android
E0000953,C00439,page_view,2026-07-27T09:54:12Z,14.3,ios
E0000954,C00630,page_view,2026-07-11T20:39:12Z,8.3,ios
E0000955,C00536,checkout,2026-07-24T10:41:16Z,21.7,android
E0000956,C00412,add_to_cart,2026-07-21T23:56:20Z,8.7,desktop
E0000957,C00528,page_view,2026-07-12T02:24:54Z,26.1,tablet
E0000958,C00226,refund_request,2026-07-29T10:36:07Z,33.1,ios
E0000959,C01193,support_ticket,2026-07-30T12:08:02Z,20.6,desktop
E0000960,C00623,checkout,2026-07-05T10:16:24Z,8.8,tablet
E0000961,C00101,support_ticket,2026-07-08T17:26:42Z,3.7,android
E0000962,C00916,support_ticket,2026-07-16T12:48:48Z,14.7,tablet
E0000963,C01029,add_to_cart,2026-07-12T21:48:07Z,28.7,desktop
E0000964,C01099,refund_request,2026-07-07T17:46:04Z,37.8,tablet
E0000965,C00025,add_to_cart,2026-07-11T00:23:22Z,32.0,android
E0000966,C00896,refund_request,2026-07-18T03:36:18Z,22.0,ios
E0000967,C00476,add_to_cart,2026-07-05T19:22:43Z,17.6,tablet
E0000968,C00709,refund_request,2026-07-29T19:00:45Z,31.3,desktop
E0000969,C00392,checkout,2026-07-04T05:01:36Z,37.6,ios
E0000970,C00459,support_ticket,2026-07-12T01:04:14Z,18.9,desktop
E0000971,C00688,refund_request,2026-07-06T15:13:22Z,22.8,android
E0000972,C01043,support_ticket,2026-07-09T15:47:58Z,38.1,desktop
E0000973,C01166,refund_request,2026-07-12T08:38:15Z,5.7,desktop
E0000974,C00169,checkout,2026-07-31T16:10:25Z,31.7,android
E0000975,C00948,refund_request,2026-07-15T04:35:16Z,18.6,desktop
E0000976,C00897,support_ticket,2026-07-04T11:15:45Z,23.1,android
E0000977,C01155,refund_request,2026-07-16T09:22:34Z,15.9,ios
E0000978,C00806,checkout,2026-07-02T15:23:36Z,34.2,ios
E0000979,C00477,refund_request,2026-07-30T22:11:20Z,14.0,android
E0000980,C00147,support_ticket,2026-07-13T09:17:09Z,15.2,android
E0000981,C00155,support_ticket,2026-07-06T16:13:56Z,33.9,desktop
E0000982,C00384,refund_request,2026-07-03T05:07:20Z,14.0,ios
E0000983,C00288,checkout,2026-07-21T18:08:33Z,10.7,ios
E0000984,C00322,add_to_cart,2026-07-07T07:45:53Z,6.6,desktop
E0000985,C00292,add_to_cart,2026-07-19T10:21:02Z,2.3,ios
E0000986,C00628,checkout,2026-07-15T11:51:05Z,26.9,desktop
E0000987,C01143,checkout,2026-07-16T11:40:58Z,17.3,android
E0000988,C01066,page_view,2026-07-02T10:22:18Z,11.0,android
E0000989,C01199,support_ticket,2026-07-31T02:58:36Z,8.0,ios
E0000990,C01071,add_to_cart,2026-07-21T16:13:16Z,38.4,desktop
E0000991,C00485,refund_request,2026-07-23T17:31:52Z,29.9,desktop
E0000992,C01130,refund_request,2026-07-18T02:07:51Z,35.8,ios
E0000993,C00559,add_to_cart,2026-07-10T03:57:24Z,22.2,ios
E0000994,C00408,page_view,2026-07-23T03:43:30Z,26.8,tablet
E0000995,C00443,support_ticket,2026-07-25T17:08:56Z,39.4,android
E0000996,C00407,refund_request,2026-07-04T21:58:36Z,5.9,tablet
E0000997,C00402,page_view,2026-07-30T00:41:33Z,17.0,tablet
E0000998,C00921,checkout,2026-07-13T11:45:39Z,27.7,ios
E0000999,C00741,support_ticket,2026-07-13T08:18:49Z,25.1,android
E0001000,C01150,checkout,2026-07-22T13:17:35Z,30.3,ios
E0001001,C00010,checkout,2026-07-24T20:11:51Z,31.6,android
E0001002,C00016,refund_request,2026-07-15T09:00:07Z,12.0,ios
E0001003,C00476,refund_request,2026-07-14T14:01:01Z,28.8,tablet
E0001004,C00630,refund_request,2026-07-29T10:41:29Z,14.2,tablet
E0001005,C00376,checkout,2026-07-26T03:01:56Z,16.3,tablet
E0001006,C00969,page_view,2026-07-22T15:38:44Z,40.2,ios
E0001007,C00072,checkout,2026-07-05T04:33:07Z,8.2,ios
E0001008,C01034,add_to_cart,2026-07-12T08:41:58Z,13.2,tablet
E0001009,C00896,refund_request,2026-07-26T23:20:14Z,19.6,desktop
E0001010,C00182,support_ticket,2026-07-24T09:01:28Z,5.6,tablet
E0001011,C00993,page_view,2026-07-15T23:47:40Z,24.5,android
E0001012,C01155,support_ticket,2026-07-09T09:54:54Z,5.9,tablet
E0001013,C00338,support_ticket,2026-07-24T20:37:31Z,13.7,tablet
E0001014,C01069,refund_request,2026-07-24T08:24:10Z,33.5,android
E0001015,C00643,checkout,2026-07-16T07:09:38Z,11.5,desktop
E0001016,C00297,add_to_cart,2026-07-29T08:31:27Z,40.5,ios
E0001017,C01043,add_to_cart,2026-07-01T10:05:12Z,11.4,tablet
E0001018,C00395,refund_request,2026-07-02T23:22:09Z,8.4,tablet
E0001019,C00286,page_view,2026-07-05T21:38:02Z,7.9,android
E0001020,C00527,page_view,2026-07-13T02:07:17Z,0.0,android
E0001021,C00152,support_ticket,2026-07-18T14:53:02Z,4.8,ios
E0001022,C00386,add_to_cart,2026-07-11T12:30:40Z,14.2,tablet
E0001023,C01186,refund_request,2026-07-22T12:17:26Z,8.0,ios
E0001024,C01102,add_to_cart,2026-07-07T11:59:09Z,35.0,ios
E0001025,C00535,page_view,2026-07-12T09:58:47Z,24.5,ios
E0001026,C00345,checkout,2026-07-04T23:40:55Z,23.6,ios
E0001027,C00135,checkout,2026-07-05T21:48:42Z,28.1,desktop
E0001028,C01193,page_view,2026-07-15T14:18:29Z,29.4,desktop
E0001029,C00320,add_to_cart,2026-07-07T13:22:41Z,29.2,ios
E0001030,C00943,support_ticket,2026-07-17T22:04:37Z,5.4,desktop
E0001031,C01020,refund_request,2026-07-02T09:44:14Z,22.5,android
E0001032,C00352,page_view,2026-07-20T20:02:59Z,17.1,tablet
E0001033,C00493,page_view,2026-07-04T21:14:57Z,10.7,desktop
E0001034,C00803,page_view,2026-07-09T00:05:33Z,29.7,android
E0001035,C00922,support_ticket,2026-07-30T01:31:26Z,26.7,tablet
E0001036,C00339,checkout,2026-07-08T21:18:11Z,5.2,android
E0001037,C00819,support_ticket,2026-07-21T06:12:22Z,8.9,tablet
E0001038,C00690,checkout,2026-07-02T15:27:32Z,22.9,desktop
E0001039,C00932,add_to_cart,2026-07-31T14:06:42Z,17.6,android
E0001040,C00255,add_to_cart,2026-07-13T14:05:14Z,34.7,tablet
E0001041,C00016,refund_request,2026-07-28T06:37:04Z,25.5,desktop
E0001042,C00542,add_to_cart,2026-07-17T15:23:08Z,31.2,desktop
E0001043,C00590,page_view,2026-07-06T09:39:07Z,5.6,desktop
E0001044,C00112,add_to_cart,2026-07-09T18:31:25Z,29.9,desktop
E0001045,C00107,support_ticket,2026-07-18T13:54:43Z,9.4,ios
E0001046,C01042,refund_request,2026-07-09T15:07:59Z,40.6,android
E0001047,C01193,support_ticket,2026-07-23T03:20:02Z,26.6,ios
E0001048,C00061,checkout,2026-07-29T19:56:16Z,16.7,ios
E0001049,C00065,page_view,2026-07-18T11:58:06Z,17.1,android
E0001050,C00294,refund_request,2026-07-05T22:07:06Z,36.9,tablet
E0001051,C00574,add_to_cart,2026-07-29T11:54:07Z,24.3,android
E0001052,C00706,refund_request,2026-07-30T04:06:46Z,1.7,ios
E0001053,C00212,refund_request,2026-07-30T15:39:20Z,24.2,tablet
E0001054,C00453,support_ticket,2026-07-02T19:36:51Z,1.9,desktop
E0001055,C00323,page_view,2026-07-16T22:00:25Z,27.3,android
E0001056,C00677,add_to_cart,2026-07-03T17:05:16Z,22.9,android
E0001057,C00029,refund_request,2026-07-28T00:18:47Z,4.2,desktop
E0001058,C00642,refund_request,2026-07-22T17:03:18Z,28.6,tablet
E0001059,C00846,page_view,2026-07-28T23:07:57Z,3.6,ios
E0001060,C01180,checkout,2026-07-20T23:43:15Z,19.7,tablet
E0001061,C00381,page_view,2026-07-02T11:25:54Z,14.7,ios
E0001062,C01165,add_to_cart,2026-07-05T23:41:38Z,28.3,ios
E0001063,C00607,checkout,2026-07-17T02:54:57Z,8.1,ios
E0001064,C00913,checkout,2026-07-05T03:18:35Z,39.9,tablet
E0001065,C01024,support_ticket,2026-07-03T03:06:39Z,36.7,ios
E0001066,C00952,refund_request,2026-07-20T04:08:24Z,35.2,tablet
E0001067,C00586,page_view,2026-07-14T10:55:26Z,13.9,tablet
E0001068,C00251,add_to_cart,2026-07-24T22:01:17Z,19.9,tablet
E0001069,C00832,refund_request,2026-07-01T08:35:00Z,0.5,ios
E0001070,C00530,add_to_cart,2026-07-13T19:12:16Z,9.1,android
E0001071,C00576,checkout,2026-07-13T11:09:07Z,35.6,android
E0001072,C01155,add_to_cart,2026-07-03T07:47:23Z,27.9,ios
E0001073,C00117,support_ticket,2026-07-07T16:11:32Z,33.7,android
E0001074,C01160,add_to_cart,2026-07-15T03:43:20Z,8.2,ios
E0001075,C00831,support_ticket,2026-07-04T03:43:10Z,4.3,desktop
E0001076,C01091,page_view,2026-07-08T23:08:34Z,16.0,android
E0001077,C00665,add_to_cart,2026-07-06T10:13:18Z,20.9,desktop
E0001078,C00393,support_ticket,2026-07-23T01:55:39Z,7.7,ios
E0001079,C00796,support_ticket,2026-07-30T00:16:49Z,7.1,android
E0001080,C00946,add_to_cart,2026-07-29T10:21:11Z,35.3,android
E0001081,C00098,refund_request,2026-07-06T22:04:09Z,30.5,android
E0001082,C01018,support_ticket,2026-07-11T11:16:34Z,17.4,ios
E0001083,C00593,support_ticket,2026-07-27T12:54:28Z,32.9,tablet
E0001084,C00077,checkout,2026-07-17T18:35:10Z,13.8,ios
E0001085,C00207,refund_request,2026-07-16T13:25:42Z,18.3,desktop
E0001086,C00418,page_view,2026-07-04T17:28:39Z,33.5,tablet
E0001087,C00639,page_view,2026-07-02T06:47:02Z,36.0,tablet
E0001088,C00902,checkout,2026-07-19T14:36:06Z,19.1,tablet
E0001089,C00615,support_ticket,2026-07-11T13:14:23Z,6.1,tablet
E0001090,C00804,add_to_cart,2026-07-26T22:12:11Z,12.1,desktop
E0001091,C00279,refund_request,2026-07-13T21:22:10Z,19.8,desktop
E0001092,C00987,refund_request,2026-07-03T06:37:58Z,31.6,tablet
E0001093,C01162,page_view,2026-07-06T15:22:42Z,19.5,ios
E0001094,C00376,refund_request,2026-07-07T09:04:06Z,7.0,desktop
E0001095,C01040,page_view,2026-07-27T23:38:26Z,34.8,ios
E0001096,C00358,support_ticket,2026-07-02T22:11:34Z,28.3,android
E0001097,C00338,page_view,2026-07-11T11:56:34Z,4.4,android
E0001098,C00027,refund_request,2026-07-29T11:04:00Z,12.0,ios
E0001099,C00327,refund_request,2026-07-22T06:14:28Z,40.5,tablet
E0001100,C01093,refund_request,2026-07-08T05:22:31Z,29.2,desktop
E0001101,C00796,add_to_cart,2026-07-04T22:13:53Z,5.9,desktop
E0001102,C00254,page_view,2026-07-25T19:34:16Z,18.8,desktop
E0001103,C00044,page_view,2026-07-27T07:37:39Z,5.1,android
E0001104,C00807,checkout,2026-07-30T14:40:10Z,23.3,desktop
E0001105,C00593,support_ticket,2026-07-21T03:51:37Z,5.1,android
E0001106,C01157,support_ticket,2026-07-13T08:50:43Z,12.8,ios
E0001107,C00321,refund_request,2026-07-12T17:46:47Z,33.6,desktop
E0001108,C00192,refund_request,2026-07-03T01:42:38Z,39.8,tablet
E0001109,C00065,add_to_cart,2026-07-06T09:35:04Z,14.7,desktop
E0001110,C00597,checkout,2026-07-07T08:47:01Z,24.1,tablet
E0001111,C00109,refund_request,2026-07-22T10:48:53Z,14.1,ios
E0001112,C00331,refund_request,2026-07-30T18:07:29Z,37.0,android
E0001113,C00457,refund_request,2026-07-29T13:01:55Z,8.4,tablet
E0001114,C00110,refund_request,2026-07-09T18:54:37Z,0.3,tablet
E0001115,C00098,support_ticket,2026-07-29T01:10:37Z,39.5,tablet
E0001116,C00708,page_view,2026-07-31T00:13:06Z,2.7,ios
E0001117,C00237,support_ticket,2026-07-04T16:07:49Z,39.3,ios
E0001118,C00132,add_to_cart,2026-07-03T17:56:03Z,21.0,tablet
E0001119,C00042,add_to_cart,2026-07-08T03:25:41Z,12.3,ios
E0001120,C01074,page_view,2026-07-26T20:29:01Z,8.8,android
E0001121,C00739,add_to_cart,2026-07-28T00:20:00Z,39.4,ios
E0001122,C00207,support_ticket,2026-07-23T15:14:43Z,39.7,tablet
E0001123,C01109,page_view,2026-07-25T23:08:59Z,21.7,tablet
E0001124,C00425,add_to_cart,2026-07-08T11:14:47Z,6.7,desktop
E0001125,C00413,add_to_cart,2026-07-07T04:16:51Z,40.3,android
E0001126,C00189,support_ticket,2026-07-13T17:31:04Z,35.0,android
E0001127,C00628,add_to_cart,2026-07-01T14:46:44Z,6.1,ios
E0001128,C00708,page_view,2026-07-08T21:30:35Z,36.6,ios
E0001129,C00909,refund_request,2026-07-01T02:12:30Z,32.0,desktop
E0001130,C00011,support_ticket,2026-07-12T06:21:12Z,21.5,desktop
E0001131,C00799,page_view,2026-07-09T22:00:14Z,24.4,ios
E0001132,C00860,add_to_cart,2026-07-17T02:40:18Z,36.5,tablet
E0001133,C00267,support_ticket,2026-07-14T00:07:19Z,25.3,ios
E0001134,C00126,page_view,2026-07-27T10:57:10Z,37.1,android
E0001135,C00411,refund_request,2026-07-08T05:40:22Z,39.1,desktop
E0001136,C00320,support_ticket,2026-07-14T13:55:50Z,40.3,ios
E0001137,C00658,add_to_cart,2026-07-03T10:46:09Z,40.7,tablet
E0001138,C01031,add_to_cart,2026-07-26T02:54:52Z,28.8,android
E0001139,C00496,refund_request,2026-07-02T20:59:23Z,19.8,desktop
E0001140,C01119,refund_request,2026-07-21T21:40:46Z,1.1,tablet
E0001141,C00966,refund_request,2026-07-01T10:08:32Z,39.6,desktop
E0001142,C00691,add_to_cart,2026-07-02T17:49:07Z,18.9,desktop
E0001143,C00034,support_ticket,2026-07-15T20:37:46Z,11.6,android
E0001144,C00489,page_view,2026-07-02T18:41:21Z,41.3,desktop
E0001145,C00095,refund_request,2026-07-06T11:38:21Z,34.1,desktop
E0001146,C00176,support_ticket,2026-07-14T08:49:35Z,39.1,android
E0001147,C00955,checkout,2026-07-31T04:21:29Z,23.2,tablet
E0001148,C00058,checkout,2026-07-17T13:17:06Z,40.2,ios
E0001149,C00632,add_to_cart,2026-07-31T05:42:08Z,18.7,desktop
E0001150,C00805,add_to_cart,2026-07-12T01:54:29Z,0.8,desktop
E0001151,C01185,add_to_cart,2026-07-30T13:03:09Z,39.1,desktop
E0001152,C00431,support_ticket,2026-07-10T02:08:10Z,22.4,tablet
E0001153,C00601,add_to_cart,2026-07-05T12:46:19Z,35.3,tablet
E0001154,C01148,page_view,2026-07-11T04:22:14Z,30.1,tablet
E0001155,C00354,page_view,2026-07-03T03:05:07Z,13.9,android
E0001156,C00822,add_to_cart,2026-07-08T19:09:53Z,13.7,desktop
E0001157,C00018,checkout,2026-07-01T05:56:22Z,3.6,android
E0001158,C00316,add_to_cart,2026-07-12T17:32:29Z,38.2,android
E0001159,C00993,page_view,2026-07-25T04:38:30Z,19.6,android
E0001160,C00669,checkout,2026-07-20T09:15:53Z,19.2,android
E0001161,C00989,support_ticket,2026-07-19T18:25:26Z,9.7,android
E0001162,C00302,support_ticket,2026-07-30T06:24:27Z,31.7,tablet
E0001163,C01065,page_view,2026-07-13T22:12:01Z,37.5,desktop
E0001164,C00946,page_view,2026-07-09T21:01:42Z,3.1,desktop
E0001165,C00361,refund_request,2026-07-24T15:49:39Z,14.2,android
E0001166,C01049,add_to_cart,2026-07-30T05:08:28Z,34.8,ios
E0001167,C00111,support_ticket,2026-07-02T02:51:38Z,39.6,desktop
E0001168,C01098,support_ticket,2026-07-21T12:44:35Z,26.8,android
E0001169,C00673,refund_request,2026-07-10T10:22:14Z,22.2,android
E0001170,C00670,support_ticket,2026-07-15T06:38:53Z,36.3,tablet
E0001171,C00188,checkout,2026-07-13T04:13:34Z,36.5,tablet
E0001172,C00741,support_ticket,2026-07-03T02:14:20Z,9.9,tablet
E0001173,C00868,support_ticket,2026-07-18T02:48:39Z,27.9,desktop
E0001174,C00883,checkout,2026-07-11T05:50:59Z,31.1,android
E0001175,C00194,refund_request,2026-07-24T02:41:36Z,27.5,ios
E0001176,C01040,page_view,2026-07-18T23:43:58Z,16.0,tablet
E0001177,C00157,refund_request,2026-07-23T00:06:14Z,11.0,ios
E0001178,C00036,checkout,2026-07-19T13:43:21Z,19.2,tablet
E0001179,C00878,page_view,2026-07-09T19:50:41Z,23.1,android
E0001180,C00698,page_view,2026-07-24T11:23:20Z,41.5,tablet
E0001181,C00046,checkout,2026-07-20T00:07:44Z,4.0,tablet
E0001182,C00382,page_view,2026-07-10T20:43:04Z,40.7,desktop
E0001183,C00901,checkout,2026-07-10T22:12:09Z,13.2,android
E0001184,C00370,page_view,2026-07-03T03:33:19Z,18.8,android
E0001185,C00202,support_ticket,2026-07-18T15:40:21Z,38.6,desktop
E0001186,C00431,page_view,2026-07-24T21:27:28Z,30.8,ios
E0001187,C00474,page_view,2026-07-16T07:17:17Z,24.5,desktop
E0001188,C00001,refund_request,2026-07-22T02:22:18Z,39.4,android
E0001189,C00736,page_view,2026-07-09T01:05:03Z,17.1,ios
E0001190,C00850,page_view,2026-07-11T08:19:05Z,10.6,android
E0001191,C00147,page_view,2026-07-01T11:54:20Z,17.4,android
E0001192,C00451,page_view,2026-07-05T15:37:14Z,19.5,desktop
E0001193,C01104,add_to_cart,2026-07-04T15:51:15Z,31.6,android
E0001194,C00262,support_ticket,2026-07-02T01:44:19Z,9.3,android
E0001195,C00280,checkout,2026-07-03T05:20:43Z,27.6,tablet
E0001196,C01031,refund_request,2026-07-26T05:40:27Z,3.9,android
E0001197,C00752,page_view,2026-07-10T16:32:19Z,19.6,ios
E0001198,C00012,add_to_cart,2026-07-09T11:03:24Z,6.9,tablet
E0001199,C00980,refund_request,2026-07-20T01:29:23Z,35.5,ios
E0001200,C01054,refund_request,2026-07-12T22:44:40Z,23.7,desktop
E0001201,C00340,add_to_cart,2026-07-06T00:12:54Z,22.9,desktop
E0001202,C00424,page_view,2026-07-25T12:00:14Z,17.7,tablet
E0001203,C00039,page_view,2026-07-12T21:13:53Z,15.8,ios
E0001204,C00493,support_ticket,2026-07-12T20:28:47Z,28.1,desktop
E0001205,C00027,page_view,2026-07-19T22:35:56Z,6.3,desktop
E0001206,C00174,checkout,2026-07-19T15:38:27Z,8.2,ios
E0001207,C01148,support_ticket,2026-07-29T20:04:49Z,0.5,ios
E0001208,C00709,add_to_cart,2026-07-10T10:42:38Z,35.9,tablet
E0001209,C00196,support_ticket,2026-07-29T20:38:42Z,7.6,ios
E0001210,C00087,refund_request,2026-07-22T15:01:29Z,31.5,android
E0001211,C01081,page_view,2026-07-29T14:30:00Z,34.5,android
E0001212,C00611,refund_request,2026-07-07T16:59:41Z,20.8,tablet
E0001213,C00287,add_to_cart,2026-07-24T16:10:01Z,20.7,tablet
E0001214,C00330,add_to_cart,2026-07-03T01:31:12Z,21.1,android
E0001215,C00074,add_to_cart,2026-07-06T16:43:09Z,11.4,desktop
E0001216,C00282,checkout,2026-07-02T22:23:25Z,22.4,tablet
E0001217,C00540,checkout,2026-07-28T22:02:58Z,4.0,tablet
E0001218,C00868,add_to_cart,2026-07-07T04:20:34Z,19.7,ios
E0001219,C00244,add_to_cart,2026-07-05T11:39:08Z,9.3,desktop
E0001220,C00210,page_view,2026-07-16T09:14:25Z,41.1,ios
E0001221,C00138,add_to_cart,2026-07-22T08:17:35Z,3.2,android
E0001222,C00713,support_ticket,2026-07-26T17:12:15Z,10.9,desktop
E0001223,C00440,refund_request,2026-07-26T07:05:01Z,8.0,desktop
E0001224,C00952,page_view,2026-07-14T09:20:51Z,0.7,ios
E0001225,C00772,refund_request,2026-07-25T20:32:04Z,8.3,tablet
E0001226,C00321,refund_request,2026-07-16T03:16:38Z,36.4,desktop
E0001227,C00984,support_ticket,2026-07-12T09:15:31Z,0.4,ios
E0001228,C00576,page_view,2026-07-13T10:20:42Z,36.5,desktop
E0001229,C00162,refund_request,2026-07-05T06:19:42Z,10.7,android
E0001230,C01012,page_view,2026-07-24T06:44:33Z,16.1,ios
E0001231,C00462,support_ticket,2026-07-05T05:12:35Z,27.7,tablet
E0001232,C00440,page_view,2026-07-25T00:37:22Z,12.7,ios
E0001233,C00323,add_to_cart,2026-07-12T17:22:54Z,3.6,android
E0001234,C00499,checkout,2026-07-09T05:29:23Z,5.3,android
E0001235,C00993,support_ticket,2026-07-10T10:39:52Z,25.6,desktop
E0001236,C00979,checkout,2026-07-10T18:37:51Z,31.3,desktop
E0001237,C00648,refund_request,2026-07-02T21:24:46Z,2.2,tablet
E0001238,C01183,page_view,2026-07-31T15:47:26Z,5.8,desktop
E0001239,C00526,add_to_cart,2026-07-16T11:50:06Z,37.9,tablet
E0001240,C00738,page_view,2026-07-05T22:37:07Z,17.3,desktop
E0001241,C01036,checkout,2026-07-03T05:57:57Z,9.1,tablet
E0001242,C00911,refund_request,2026-07-27T16:24:27Z,17.7,android
E0001243,C00502,add_to_cart,2026-07-13T10:15:18Z,26.0,ios
E0001244,C00507,page_view,2026-07-21T10:47:06Z,23.2,ios
E0001245,C00835,add_to_cart,2026-07-07T00:48:20Z,12.4,tablet
E0001246,C00453,page_view,2026-07-31T14:26:02Z,32.0,tablet
E0001247,C00558,checkout,2026-07-01T21:40:29Z,1.4,android
E0001248,C00934,support_ticket,2026-07-17T00:33:30Z,18.5,tablet
E0001249,C00822,add_to_cart,2026-07-09T21:50:13Z,22.3,ios
E0001250,C00666,refund_request,2026-07-15T21:42:09Z,22.4,ios
E0001251,C00185,checkout,2026-07-02T19:21:19Z,40.5,tablet
E0001252,C01166,checkout,2026-07-01T08:07:55Z,26.0,android
E0001253,C00991,support_ticket,2026-07-03T18:24:26Z,22.0,tablet
E0001254,C01105,checkout,2026-07-07T06:03:58Z,18.5,desktop
E0001255,C01099,refund_request,2026-07-30T05:18:47Z,11.9,tablet
E0001256,C00961,checkout,2026-07-15T20:15:33Z,1.0,ios
E0001257,C00753,refund_request,2026-07-04T10:50:21Z,20.5,tablet
E0001258,C00124,add_to_cart,2026-07-07T09:13:14Z,22.3,ios
E0001259,C00099,support_ticket,2026-07-14T22:21:28Z,21.5,tablet
E0001260,C01124,checkout,2026-07-27T03:09:31Z,13.0,desktop
E0001261,C00493,add_to_cart,2026-07-18T11:46:31Z,7.2,android
E0001262,C00650,add_to_cart,2026-07-07T21:18:07Z,10.1,ios
E0001263,C00021,page_view,2026-07-22T02:28:59Z,16.5,desktop
E0001264,C01069,checkout,2026-07-11T08:10:47Z,26.1,tablet
E0001265,C00347,refund_request,2026-07-14T12:04:43Z,14.8,ios
E0001266,C00202,checkout,2026-07-31T06:45:34Z,3.3,desktop
E0001267,C00437,checkout,2026-07-05T14:09:08Z,34.7,tablet
E0001268,C00691,page_view,2026-07-30T16:10:09Z,19.2,ios
E0001269,C01092,page_view,2026-07-14T13:34:14Z,18.3,android
E0001270,C00159,page_view,2026-07-03T01:17:41Z,37.7,tablet
E0001271,C00718,add_to_cart,2026-07-18T16:56:41Z,35.9,desktop
E0001272,C00004,checkout,2026-07-08T00:51:30Z,37.3,desktop
E0001273,C00241,refund_request,2026-07-16T22:48:19Z,24.4,ios
E0001274,C00943,add_to_cart,2026-07-14T03:24:36Z,17.4,desktop
E0001275,C00983,page_view,2026-07-02T09:16:45Z,2.7,tablet
E0001276,C00247,refund_request,2026-07-25T16:35:17Z,42.0,tablet
E0001277,C00659,refund_request,2026-07-19T04:26:34Z,0.5,android
E0001278,C01133,add_to_cart,2026-07-24T06:17:51Z,24.0,tablet
E0001279,C01173,add_to_cart,2026-07-27T07:49:39Z,32.4,ios
E0001280,C00564,checkout,2026-07-28T07:25:08Z,24.3,ios
E0001281,C01101,refund_request,2026-07-19T05:13:13Z,34.5,tablet
E0001282,C00971,checkout,2026-07-07T19:12:25Z,13.8,ios
E0001283,C01100,page_view,2026-07-29T20:06:40Z,26.7,android
E0001284,C00817,add_to_cart,2026-07-25T10:56:20Z,15.0,tablet
E0001285,C00422,page_view,2026-07-13T18:41:34Z,27.2,ios
E0001286,C00150,refund_request,2026-07-14T10:48:27Z,6.1,tablet
E0001287,C00912,support_ticket,2026-07-02T10:43:55Z,34.6,ios
E0001288,C00527,add_to_cart,2026-07-08T15:38:43Z,15.4,android
E0001289,C00254,page_view,2026-07-30T22:39:30Z,32.5,android
E0001290,C00461,refund_request,2026-07-25T09:08:35Z,5.9,tablet
E0001291,C00121,add_to_cart,2026-07-12T12:34:39Z,37.8,desktop
E0001292,C00751,checkout,2026-07-15T22:25:31Z,17.8,ios
E0001293,C00502,refund_request,2026-07-20T10:47:32Z,6.4,ios
E0001294,C00914,add_to_cart,2026-07-16T06:44:39Z,20.6,ios
E0001295,C00524,checkout,2026-07-26T13:17:31Z,16.4,tablet
E0001296,C00943,page_view,2026-07-21T05:46:41Z,27.0,desktop
E0001297,C00283,support_ticket,2026-07-19T13:11:00Z,39.2,desktop
E0001298,C00526,add_to_cart,2026-07-16T15:21:22Z,22.3,android
E0001299,C00610,checkout,2026-07-13T17:51:59Z,41.4,tablet
E0001300,C00477,support_ticket,2026-07-16T15:39:03Z,40.6,desktop
E0001301,C00399,checkout,2026-07-03T04:44:07Z,34.5,desktop
E0001302,C00375,support_ticket,2026-07-22T22:39:22Z,18.2,desktop
E0001303,C00976,refund_request,2026-07-24T18:33:59Z,23.6,ios
E0001304,C00862,refund_request,2026-07-10T23:08:36Z,18.8,ios
E0001305,C00870,support_ticket,2026-07-04T23:31:01Z,37.9,tablet
E0001306,C00861,add_to_cart,2026-07-27T00:01:03Z,36.8,ios
E0001307,C00539,refund_request,2026-07-18T22:13:31Z,13.5,tablet
E0001308,C00210,page_view,2026-07-14T16:49:56Z,23.4,desktop
E0001309,C00502,refund_request,2026-07-10T15:40:02Z,18.2,desktop
E0001310,C01119,add_to_cart,2026-07-06T06:35:08Z,31.4,ios
E0001311,C01100,checkout,2026-07-17T05:05:40Z,28.9,ios
E0001312,C00323,refund_request,2026-07-08T00:27:56Z,32.8,ios
E0001313,C00799,add_to_cart,2026-07-24T06:25:51Z,20.6,desktop
E0001314,C00650,support_ticket,2026-07-20T00:49:44Z,22.2,ios
E0001315,C00064,support_ticket,2026-07-13T18:19:05Z,31.2,android
E0001316,C00947,refund_request,2026-07-18T15:42:25Z,0.8,desktop
E0001317,C00232,refund_request,2026-07-04T11:46:34Z,20.6,ios
E0001318,C01006,support_ticket,2026-07-31T07:58:28Z,18.8,ios
E0001319,C00900,checkout,2026-07-21T19:57:14Z,39.6,desktop
E0001320,C00866,add_to_cart,2026-07-17T10:18:13Z,36.7,desktop
E0001321,C00709,page_view,2026-07-21T18:06:48Z,33.1,android
E0001322,C00419,refund_request,2026-07-15T06:49:17Z,34.1,tablet
E0001323,C00202,page_view,2026-07-10T21:48:47Z,10.4,android
E0001324,C00437,checkout,2026-07-03T01:04:35Z,19.5,tablet
E0001325,C00320,support_ticket,2026-07-25T00:17:39Z,41.4,android
E0001326,C00089,add_to_cart,2026-07-27T20:51:20Z,40.3,tablet
E0001327,C00416,checkout,2026-07-30T16:50:29Z,8.6,ios
E0001328,C01032,support_ticket,2026-07-22T07:24:38Z,0.9,desktop
E0001329,C00740,support_ticket,2026-07-10T04:48:12Z,4.8,android
E0001330,C00266,add_to_cart,2026-07-10T07:47:32Z,30.1,tablet
E0001331,C00953,checkout,2026-07-09T14:03:37Z,12.7,android
E0001332,C00865,page_view,2026-07-09T18:38:49Z,40.1,android
E0001333,C01038,support_ticket,2026-07-02T14:47:28Z,31.0,ios
E0001334,C01098,checkout,2026-07-18T22:03:53Z,35.6,desktop
E0001335,C00350,page_view,2026-07-13T20:48:58Z,15.7,tablet
E0001336,C00480,page_view,2026-07-25T07:11:33Z,16.4,ios
E0001337,C01103,refund_request,2026-07-22T19:43:28Z,36.5,tablet
E0001338,C01078,add_to_cart,2026-07-07T13:10:42Z,13.1,desktop
E0001339,C00932,refund_request,2026-07-24T05:53:14Z,9.3,ios
E0001340,C01106,checkout,2026-07-18T07:27:29Z,7.9,ios
E0001341,C00108,page_view,2026-07-09T23:49:48Z,13.7,android
E0001342,C00788,checkout,2026-07-21T10:24:18Z,19.8,ios
E0001343,C01043,add_to_cart,2026-07-17T12:58:41Z,39.7,tablet
E0001344,C00322,support_ticket,2026-07-02T19:54:43Z,0.1,android
E0001345,C00264,page_view,2026-07-18T01:08:30Z,1.4,tablet
E0001346,C00723,checkout,2026-07-25T00:42:44Z,3.4,android
E0001347,C00213,checkout,2026-07-19T04:30:58Z,20.2,android
E0001348,C00231,add_to_cart,2026-07-11T23:34:01Z,0.5,tablet
E0001349,C00717,checkout,2026-07-23T09:12:29Z,13.4,ios
E0001350,C00054,checkout,2026-07-24T08:09:11Z,1.7,tablet
E0001351,C00340,refund_request,2026-07-01T13:26:05Z,38.8,tablet
E0001352,C00274,add_to_cart,2026-07-30T09:48:16Z,0.2,desktop
E0001353,C00994,add_to_cart,2026-07-07T01:45:42Z,23.9,tablet
E0001354,C01090,page_view,2026-07-15T09:28:44Z,0.4,android
E0001355,C00264,page_view,2026-07-27T22:58:05Z,11.3,tablet
E0001356,C00677,add_to_cart,2026-07-18T11:38:00Z,22.5,android
E0001357,C01083,support_ticket,2026-07-16T23:53:59Z,25.2,ios
E0001358,C00744,checkout,2026-07-04T04:28:09Z,8.2,ios
E0001359,C00075,support_ticket,2026-07-20T23:34:07Z,27.9,ios
E0001360,C00767,page_view,2026-07-14T12:43:45Z,31.6,desktop
E0001361,C00698,support_ticket,2026-07-29T02:34:43Z,34.5,android
E0001362,C00467,page_view,2026-07-28T10:49:25Z,37.5,ios
E0001363,C00615,page_view,2026-07-14T04:59:01Z,37.6,desktop
E0001364,C00916,add_to_cart,2026-07-18T03:03:02Z,20.1,android
E0001365,C00257,refund_request,2026-07-31T11:39:25Z,14.5,ios
E0001366,C00292,add_to_cart,2026-07-04T18:20:22Z,35.6,desktop
E0001367,C01047,refund_request,2026-07-25T01:50:38Z,19.0,ios
E0001368,C00592,refund_request,2026-07-11T15:56:20Z,37.3,desktop
E0001369,C00916,support_ticket,2026-07-14T05:56:43Z,40.7,ios
E0001370,C00627,page_view,2026-07-22T20:41:28Z,24.6,desktop
E0001371,C00366,page_view,2026-07-15T20:33:22Z,26.3,tablet
E0001372,C01109,checkout,2026-07-09T23:53:08Z,17.7,ios
E0001373,C00416,add_to_cart,2026-07-27T18:29:05Z,14.7,android
E0001374,C00228,checkout,2026-07-31T23:33:36Z,26.8,desktop
E0001375,C00398,support_ticket,2026-07-06T21:22:31Z,18.9,desktop
E0001376,C00610,support_ticket,2026-07-24T07:31:30Z,15.7,ios
E0001377,C00332,support_ticket,2026-07-09T00:59:16Z,31.2,android
E0001378,C00594,checkout,2026-07-14T12:56:41Z,7.7,android
E0001379,C01053,support_ticket,2026-07-29T06:43:00Z,30.8,android
E0001380,C00365,refund_request,2026-07-01T12:19:34Z,20.5,tablet
E0001381,C01095,checkout,2026-07-08T17:13:33Z,10.5,desktop
E0001382,C00142,checkout,2026-07-02T03:39:10Z,0.4,tablet
E0001383,C00716,support_ticket,2026-07-27T07:36:52Z,30.0,android
E0001384,C00958,add_to_cart,2026-07-16T08:10:58Z,4.7,ios
E0001385,C00155,page_view,2026-07-24T17:18:27Z,41.2,android
E0001386,C00448,add_to_cart,2026-07-18T11:05:39Z,41.1,desktop
E0001387,C00680,support_ticket,2026-07-06T05:41:35Z,22.3,desktop
E0001388,C01080,checkout,2026-07-08T15:21:47Z,31.9,ios
E0001389,C00911,support_ticket,2026-07-24T04:05:27Z,19.0,android
E0001390,C00072,checkout,2026-07-12T23:32:41Z,32.1,ios
E0001391,C01009,support_ticket,2026-07-29T09:07:04Z,17.5,ios
E0001392,C01188,checkout,2026-07-14T01:10:38Z,36.8,desktop
E0001393,C00425,refund_request,2026-07-22T16:08:23Z,28.6,tablet
E0001394,C00047,page_view,2026-07-05T21:45:01Z,18.5,ios
E0001395,C00025,refund_request,2026-07-25T15:23:44Z,22.9,desktop
E0001396,C01125,page_view,2026-07-08T00:42:51Z,39.4,ios
E0001397,C01055,support_ticket,2026-07-02T08:23:50Z,33.9,desktop
E0001398,C00669,support_ticket,2026-07-04T01:49:15Z,41.5,tablet
E0001399,C00453,add_to_cart,2026-07-15T03:41:57Z,30.4,tablet
E0001400,C00710,refund_request,2026-07-31T05:09:28Z,19.8,android
E0001401,C01197,refund_request,2026-07-29T08:36:01Z,5.7,android
E0001402,C00247,refund_request,2026-07-22T23:03:58Z,42.0,android
E0001403,C01092,add_to_cart,2026-07-19T15:32:52Z,1.0,ios
E0001404,C00867,support_ticket,2026-07-15T20:33:41Z,2.0,tablet
E0001405,C00169,checkout,2026-07-07T14:00:34Z,38.0,android
E0001406,C00147,page_view,2026-07-01T00:17:43Z,10.9,tablet
E0001407,C00088,refund_request,2026-07-01T23:08:18Z,31.9,tablet
E0001408,C00045,support_ticket,2026-07-23T06:18:13Z,8.9,tablet
E0001409,C00983,checkout,2026-07-06T07:01:42Z,29.3,android
E0001410,C00194,checkout,2026-07-12T01:08:07Z,38.8,tablet
E0001411,C00082,support_ticket,2026-07-06T03:22:29Z,15.0,android
E0001412,C00514,add_to_cart,2026-07-11T11:29:19Z,34.5,android
E0001413,C01076,checkout,2026-07-27T05:00:34Z,39.1,android
E0001414,C00941,checkout,2026-07-31T05:02:08Z,38.9,tablet
E0001415,C00719,checkout,2026-07-18T12:28:19Z,15.7,desktop
E0001416,C01043,support_ticket,2026-07-13T14:30:32Z,26.9,tablet
E0001417,C01171,page_view,2026-07-26T10:06:14Z,10.8,tablet
E0001418,C00124,support_ticket,2026-07-11T23:40:28Z,9.2,ios
E0001419,C00029,add_to_cart,2026-07-17T20:24:06Z,0.6,tablet
E0001420,C00454,add_to_cart,2026-07-07T20:56:18Z,19.5,desktop
E0001421,C00700,page_view,2026-07-06T13:02:19Z,37.1,tablet
E0001422,C01130,refund_request,2026-07-16T22:29:06Z,1.2,ios
E0001423,C00420,add_to_cart,2026-07-22T04:05:14Z,7.3,android
E0001424,C01181,checkout,2026-07-09T10:55:20Z,39.7,desktop
E0001425,C00754,page_view,2026-07-19T01:24:03Z,24.9,ios
E0001426,C00508,add_to_cart,2026-07-31T17:40:47Z,32.3,ios
E0001427,C00056,support_ticket,2026-07-28T01:43:10Z,11.0,ios
E0001428,C00315,page_view,2026-07-29T21:47:25Z,1.8,ios
E0001429,C00640,refund_request,2026-07-09T04:19:14Z,35.1,desktop
E0001430,C01071,support_ticket,2026-07-10T10:18:19Z,31.4,desktop
E0001431,C00337,support_ticket,2026-07-19T13:12:09Z,16.7,ios
E0001432,C00056,refund_request,2026-07-28T00:26:48Z,0.6,tablet
E0001433,C00311,checkout,2026-07-15T00:44:50Z,21.2,ios
E0001434,C00477,refund_request,2026-07-01T02:48:01Z,25.6,tablet
E0001435,C01191,refund_request,2026-07-05T09:44:24Z,37.3,desktop
E0001436,C00185,checkout,2026-07-25T00:17:25Z,11.8,ios
E0001437,C00029,refund_request,2026-07-19T09:38:34Z,6.1,desktop
E0001438,C00305,checkout,2026-07-05T13:02:15Z,15.0,ios
E0001439,C00534,refund_request,2026-07-01T22:27:23Z,41.4,desktop
E0001440,C00760,refund_request,2026-07-29T09:52:55Z,5.7,ios
E0001441,C01174,add_to_cart,2026-07-28T08:06:12Z,25.5,android
E0001442,C00408,support_ticket,2026-07-16T19:46:20Z,10.0,android
E0001443,C00359,page_view,2026-07-02T22:36:00Z,4.8,desktop
E0001444,C01093,support_ticket,2026-07-22T08:33:37Z,29.8,ios
E0001445,C00328,add_to_cart,2026-07-11T23:35:58Z,33.4,tablet
E0001446,C00844,support_ticket,2026-07-09T12:43:19Z,5.2,ios
E0001447,C00647,refund_request,2026-07-06T06:21:59Z,8.4,desktop
E0001448,C00265,refund_request,2026-07-14T17:12:53Z,3.7,android
E0001449,C01072,support_ticket,2026-07-23T09:11:04Z,15.3,android
E0001450,C00385,refund_request,2026-07-31T10:06:12Z,7.2,android
E0001451,C00530,support_ticket,2026-07-06T14:14:17Z,37.2,desktop
E0001452,C00763,refund_request,2026-07-08T07:38:52Z,7.0,tablet
E0001453,C00131,checkout,2026-07-30T18:13:52Z,21.8,ios
E0001454,C00774,add_to_cart,2026-07-12T16:52:32Z,27.6,tablet
E0001455,C00252,page_view,2026-07-28T13:49:07Z,12.1,android
E0001456,C00967,support_ticket,2026-07-24T07:22:21Z,6.1,android
E0001457,C00481,add_to_cart,2026-07-13T11:05:23Z,0.7,desktop
E0001458,C00581,checkout,2026-07-06T23:27:10Z,18.4,android
E0001459,C00544,checkout,2026-07-23T11:17:39Z,9.6,desktop
E0001460,C00577,page_view,2026-07-25T16:55:48Z,18.9,tablet
E0001461,C00051,support_ticket,2026-07-07T00:34:30Z,33.9,desktop
E0001462,C00300,support_ticket,2026-07-12T13:48:23Z,30.5,ios
E0001463,C00145,page_view,2026-07-16T11:47:01Z,2.8,desktop
E0001464,C00523,refund_request,2026-07-27T12:18:39Z,0.9,desktop
E0001465,C00725,add_to_cart,2026-07-31T22:59:53Z,1.7,android
E0001466,C01159,add_to_cart,2026-07-07T20:59:00Z,10.4,desktop
E0001467,C00143,support_ticket,2026-07-31T05:28:27Z,30.1,ios
E0001468,C00174,support_ticket,2026-07-21T04:51:37Z,19.6,ios
E0001469,C00005,support_ticket,2026-07-04T13:25:31Z,12.1,android
E0001470,C00934,refund_request,2026-07-24T00:35:14Z,1.0,tablet
E0001471,C00153,page_view,2026-07-24T05:42:29Z,29.7,tablet
E0001472,C01097,support_ticket,2026-07-15T04:37:16Z,11.7,desktop
E0001473,C00485,page_view,2026-07-28T12:55:18Z,3.1,desktop
E0001474,C00893,add_to_cart,2026-07-19T11:59:16Z,35.2,ios
E0001475,C00645,add_to_cart,2026-07-07T23:48:25Z,37.7,android
E0001476,C00958,support_ticket,2026-07-11T23:09:22Z,37.2,ios
E0001477,C00927,page_view,2026-07-07T15:01:49Z,40.3,ios
E0001478,C00103,checkout,2026-07-11T11:22:12Z,1.8,android
E0001479,C00858,checkout,2026-07-22T04:11:49Z,4.7,ios
E0001480,C00504,add_to_cart,2026-07-21T04:19:36Z,28.7,android
E0001481,C01163,refund_request,2026-07-30T22:34:08Z,14.0,desktop
E0001482,C00960,page_view,2026-07-27T17:31:58Z,0.6,android
E0001483,C00707,refund_request,2026-07-06T22:03:50Z,27.0,tablet
E0001484,C01197,add_to_cart,2026-07-18T08:53:19Z,31.4,ios
E0001485,C01096,page_view,2026-07-22T20:42:21Z,7.3,desktop
E0001486,C00427,checkout,2026-07-15T17:48:36Z,39.5,ios
E0001487,C00357,refund_request,2026-07-25T12:06:48Z,41.6,android
E0001488,C00812,support_ticket,2026-07-16T01:43:46Z,28.1,ios
E0001489,C00671,add_to_cart,2026-07-15T16:48:34Z,1.1,tablet
E0001490,C00821,support_ticket,2026-07-01T01:39:23Z,3.1,desktop
E0001491,C00469,support_ticket,2026-07-04T00:19:13Z,24.5,tablet
E0001492,C00434,checkout,2026-07-28T19:32:59Z,26.8,ios
E0001493,C01151,support_ticket,2026-07-09T01:11:47Z,22.2,ios
E0001494,C00745,add_to_cart,2026-07-28T07:50:16Z,12.9,android
E0001495,C00086,checkout,2026-07-09T23:39:35Z,35.1,android
E0001496,C00233,page_view,2026-07-20T21:38:40Z,18.0,ios
E0001497,C00262,checkout,2026-07-13T08:03:24Z,10.2,tablet
E0001498,C00721,add_to_cart,2026-07-24T14:32:07Z,8.6,tablet
E0001499,C01098,refund_request,2026-07-21T06:09:29Z,13.5,desktop
E0001500,C00572,support_ticket,2026-07-29T18:34:47Z,22.5,desktop
E0001501,C00449,page_view,2026-07-16T11:58:40Z,33.3,android
E0001502,C00947,page_view,2026-07-20T17:23:08Z,33.9,android
E0001503,C00731,refund_request,2026-07-04T13:51:01Z,9.3,android
E0001504,C00916,page_view,2026-07-25T10:10:42Z,24.6,tablet
E0001505,C01131,refund_request,2026-07-06T11:16:52Z,33.7,desktop
E0001506,C00431,support_ticket,2026-07-23T03:16:16Z,26.6,tablet
E0001507,C00224,refund_request,2026-07-30T01:05:06Z,36.4,ios
E0001508,C00115,page_view,2026-07-06T10:52:01Z,15.1,android
E0001509,C00433,support_ticket,2026-07-09T18:21:40Z,5.5,android
E0001510,C00794,page_view,2026-07-18T00:01:43Z,32.2,tablet
E0001511,C00008,refund_request,2026-07-26T16:44:41Z,36.5,android
E0001512,C00379,add_to_cart,2026-07-16T06:20:36Z,36.8,ios
E0001513,C00714,page_view,2026-07-19T02:40:01Z,6.4,android
E0001514,C01195,support_ticket,2026-07-26T15:05:12Z,40.1,ios
E0001515,C00996,refund_request,2026-07-25T21:02:13Z,7.2,desktop
E0001516,C01138,page_view,2026-07-15T17:27:00Z,7.3,ios
E0001517,C00147,add_to_cart,2026-07-22T11:36:36Z,2.3,android
E0001518,C00231,support_ticket,2026-07-24T11:35:33Z,30.7,desktop
E0001519,C00085,page_view,2026-07-04T05:26:07Z,18.2,desktop
E0001520,C00663,add_to_cart,2026-07-29T12:33:25Z,16.9,ios
E0001521,C00782,page_view,2026-07-31T01:09:52Z,8.0,android
E0001522,C00679,add_to_cart,2026-07-01T11:05:19Z,1.0,android
E0001523,C01031,checkout,2026-07-31T04:48:58Z,26.6,android
E0001524,C00658,support_ticket,2026-07-09T00:52:57Z,20.3,ios
E0001525,C00952,support_ticket,2026-07-27T01:12:47Z,29.0,desktop
E0001526,C01090,checkout,2026-07-01T03:56:44Z,7.0,tablet
E0001527,C00444,support_ticket,2026-07-25T06:08:38Z,32.6,desktop
E0001528,C00696,refund_request,2026-07-20T13:26:49Z,29.6,desktop
E0001529,C00305,checkout,2026-07-05T20:46:36Z,12.3,desktop
E0001530,C00417,checkout,2026-07-06T20:47:40Z,18.2,android
E0001531,C01098,support_ticket,2026-07-07T16:33:03Z,41.5,android
E0001532,C00257,checkout,2026-07-11T21:12:37Z,2.0,desktop
E0001533,C00707,refund_request,2026-07-12T07:41:20Z,14.0,android
E0001534,C00205,checkout,2026-07-12T22:07:42Z,8.0,desktop
E0001535,C00825,support_ticket,2026-07-31T15:30:08Z,34.4,desktop
E0001536,C00656,page_view,2026-07-03T00:54:06Z,21.5,ios
E0001537,C00721,refund_request,2026-07-29T19:43:19Z,24.5,tablet
E0001538,C00579,support_ticket,2026-07-12T16:45:58Z,25.2,desktop
E0001539,C00502,page_view,2026-07-14T22:23:55Z,16.7,android
E0001540,C00264,checkout,2026-07-24T18:16:11Z,9.9,android
E0001541,C00638,add_to_cart,2026-07-10T12:36:21Z,3.3,tablet
E0001542,C01002,page_view,2026-07-20T13:15:19Z,37.2,android
E0001543,C01050,refund_request,2026-07-27T13:51:52Z,19.7,ios
E0001544,C00224,page_view,2026-07-13T20:22:03Z,17.1,tablet
E0001545,C00316,support_ticket,2026-07-17T22:06:01Z,38.4,tablet
E0001546,C00029,support_ticket,2026-07-06T04:25:50Z,39.4,desktop
E0001547,C00736,refund_request,2026-07-26T13:21:00Z,14.9,ios
E0001548,C00414,checkout,2026-07-03T19:08:26Z,6.6,ios
E0001549,C00154,support_ticket,2026-07-22T15:36:35Z,22.2,desktop
E0001550,C00801,page_view,2026-07-19T21:39:14Z,17.9,ios
E0001551,C00026,add_to_cart,2026-07-05T10:05:59Z,38.1,desktop
E0001552,C01164,support_ticket,2026-07-16T07:00:12Z,31.1,android
E0001553,C00551,add_to_cart,2026-07-21T09:03:02Z,14.7,tablet
E0001554,C01156,support_ticket,2026-07-01T13:22:18Z,31.9,ios
E0001555,C00344,checkout,2026-07-09T20:34:01Z,38.1,tablet
E0001556,C00443,page_view,2026-07-15T09:12:49Z,36.3,android
E0001557,C01127,checkout,2026-07-24T11:44:36Z,37.9,android
E0001558,C00286,checkout,2026-07-09T11:27:19Z,20.6,tablet
E0001559,C01034,support_ticket,2026-07-19T23:50:52Z,9.5,android
E0001560,C00328,page_view,2026-07-18T04:41:46Z,11.3,desktop
E0001561,C00484,page_view,2026-07-24T22:22:55Z,18.7,ios
E0001562,C00480,checkout,2026-07-11T17:17:51Z,27.4,tablet
E0001563,C00625,add_to_cart,2026-07-15T23:51:48Z,4.6,ios
E0001564,C01106,page_view,2026-07-10T15:39:33Z,12.5,tablet
E0001565,C00068,page_view,2026-07-11T15:36:06Z,31.7,desktop
E0001566,C00832,add_to_cart,2026-07-17T02:52:08Z,37.5,android
E0001567,C00221,add_to_cart,2026-07-07T22:27:58Z,24.6,ios
E0001568,C00951,checkout,2026-07-01T07:08:35Z,24.0,android
E0001569,C00759,page_view,2026-07-03T07:30:03Z,35.9,android
E0001570,C00464,refund_request,2026-07-30T05:13:01Z,35.9,ios
E0001571,C00703,page_view,2026-07-14T17:06:32Z,33.1,ios
E0001572,C01103,support_ticket,2026-07-04T10:22:05Z,35.0,ios
E0001573,C00892,refund_request,2026-07-23T02:51:01Z,15.1,tablet
E0001574,C00012,add_to_cart,2026-07-06T11:40:51Z,4.7,ios
E0001575,C00901,checkout,2026-07-12T02:10:56Z,17.8,ios
E0001576,C01116,checkout,2026-07-20T18:43:35Z,12.8,ios
E0001577,C00310,support_ticket,2026-07-19T18:51:28Z,23.0,tablet
E0001578,C00211,refund_request,2026-07-19T19:50:36Z,39.1,ios
E0001579,C00936,support_ticket,2026-07-08T08:18:00Z,27.6,ios
E0001580,C00923,checkout,2026-07-26T08:38:12Z,19.1,ios
E0001581,C00596,checkout,2026-07-22T03:50:08Z,33.8,ios
E0001582,C00280,refund_request,2026-07-30T02:30:28Z,33.1,android
E0001583,C00646,support_ticket,2026-07-18T10:17:30Z,32.2,android
E0001584,C00704,checkout,2026-07-19T17:49:44Z,28.9,tablet
E0001585,C00494,page_view,2026-07-13T23:09:14Z,25.2,ios
E0001586,C00120,refund_request,2026-07-03T19:18:09Z,7.3,ios
E0001587,C00091,support_ticket,2026-07-06T22:40:36Z,14.9,desktop
E0001588,C00731,checkout,2026-07-05T19:43:17Z,41.3,desktop
E0001589,C00566,support_ticket,2026-07-26T22:25:33Z,29.4,tablet
E0001590,C00639,page_view,2026-07-10T01:52:36Z,5.1,tablet
E0001591,C00279,refund_request,2026-07-27T05:12:33Z,15.5,tablet
E0001592,C00339,checkout,2026-07-23T00:36:27Z,19.7,tablet
E0001593,C00560,refund_request,2026-07-03T00:28:11Z,9.5,tablet
E0001594,C00554,checkout,2026-07-23T11:17:51Z,30.1,android
E0001595,C00913,refund_request,2026-07-17T07:28:28Z,21.8,ios
E0001596,C00290,support_ticket,2026-07-21T10:40:44Z,24.7,tablet
E0001597,C00347,page_view,2026-07-27T20:25:47Z,9.7,android
E0001598,C00972,refund_request,2026-07-29T14:22:59Z,13.6,desktop
E0001599,C00231,add_to_cart,2026-07-20T08:13:10Z,28.9,tablet
E0001600,C00224,support_ticket,2026-07-25T09:14:53Z,23.9,android
E0001601,C01033,page_view,2026-07-29T06:24:00Z,32.2,android
E0001602,C00795,refund_request,2026-07-15T21:41:02Z,12.7,tablet
E0001603,C00548,checkout,2026-07-26T04:57:32Z,30.4,android
E0001604,C00898,checkout,2026-07-18T11:02:37Z,34.1,android
E0001605,C00688,page_view,2026-07-06T09:12:01Z,39.3,ios
E0001606,C01096,refund_request,2026-07-09T03:58:23Z,7.0,ios
E0001607,C00462,refund_request,2026-07-21T06:11:09Z,21.1,ios
E0001608,C00270,refund_request,2026-07-23T06:24:21Z,16.3,ios
E0001609,C00479,checkout,2026-07-10T20:21:27Z,29.7,android
E0001610,C00125,refund_request,2026-07-18T07:43:36Z,14.2,tablet
E0001611,C01038,checkout,2026-07-10T02:59:08Z,29.5,tablet
E0001612,C01108,page_view,2026-07-10T07:08:28Z,18.1,ios
E0001613,C00496,refund_request,2026-07-26T09:28:30Z,35.8,tablet
E0001614,C00901,add_to_cart,2026-07-21T15:28:16Z,20.6,ios
E0001615,C00225,add_to_cart,2026-07-18T03:26:08Z,14.1,ios
E0001616,C00057,page_view,2026-07-18T23:23:53Z,27.4,android
E0001617,C00988,page_view,2026-07-31T09:49:14Z,8.7,ios
E0001618,C00618,support_ticket,2026-07-22T10:40:01Z,9.1,ios
E0001619,C00912,page_view,2026-07-21T03:21:53Z,0.3,android
E0001620,C00621,add_to_cart,2026-07-07T05:39:48Z,15.6,ios
E0001621,C00907,page_view,2026-07-03T09:29:33Z,31.8,desktop
E0001622,C00127,checkout,2026-07-25T05:54:32Z,20.5,ios
E0001623,C00544,page_view,2026-07-24T04:00:24Z,29.9,ios
E0001624,C00687,checkout,2026-07-09T21:49:06Z,17.4,tablet
E0001625,C01073,checkout,2026-07-19T06:05:12Z,10.3,android
E0001626,C00792,add_to_cart,2026-07-26T17:23:23Z,0.7,tablet
E0001627,C00665,checkout,2026-07-02T23:17:25Z,33.7,android
E0001628,C00865,page_view,2026-07-11T16:11:30Z,6.4,tablet
E0001629,C00859,page_view,2026-07-09T21:05:33Z,31.4,desktop
E0001630,C00393,add_to_cart,2026-07-27T23:09:11Z,16.6,android
E0001631,C00851,add_to_cart,2026-07-02T03:40:40Z,40.2,android
E0001632,C00440,checkout,2026-07-02T11:19:03Z,6.2,desktop
E0001633,C00172,add_to_cart,2026-07-16T23:06:39Z,32.7,desktop
E0001634,C00283,add_to_cart,2026-07-18T18:23:13Z,40.8,desktop
E0001635,C00742,support_ticket,2026-07-11T18:57:31Z,27.6,tablet
E0001636,C00300,support_ticket,2026-07-04T16:35:29Z,20.9,ios
E0001637,C00281,checkout,2026-07-21T08:14:03Z,3.1,tablet
E0001638,C00731,add_to_cart,2026-07-10T02:27:39Z,10.0,tablet
E0001639,C00602,refund_request,2026-07-25T16:36:10Z,31.7,desktop
E0001640,C00474,refund_request,2026-07-30T16:16:30Z,18.9,tablet
E0001641,C00747,support_ticket,2026-07-09T08:00:12Z,1.9,ios
E0001642,C00436,support_ticket,2026-07-28T09:22:04Z,2.2,tablet
E0001643,C00369,support_ticket,2026-07-02T00:32:11Z,5.8,android
E0001644,C00971,support_ticket,2026-07-14T01:47:48Z,7.8,android
E0001645,C00034,page_view,2026-07-01T11:27:02Z,19.2,ios
E0001646,C00994,support_ticket,2026-07-06T03:47:35Z,37.8,desktop
E0001647,C00527,refund_request,2026-07-20T07:39:12Z,38.7,desktop
E0001648,C01035,add_to_cart,2026-07-18T01:01:32Z,29.9,desktop
E0001649,C00398,page_view,2026-07-15T11:17:07Z,5.9,android
E0001650,C00132,support_ticket,2026-07-13T13:53:40Z,26.1,desktop
E0001651,C00439,support_ticket,2026-07-10T20:55:05Z,33.8,desktop
E0001652,C01013,refund_request,2026-07-15T19:33:13Z,16.6,ios
E0001653,C00001,refund_request,2026-07-12T14:51:20Z,20.2,android
E0001654,C01168,add_to_cart,2026-07-14T14:35:27Z,11.8,desktop
E0001655,C00001,refund_request,2026-07-10T09:51:40Z,32.9,tablet
E0001656,C00481,checkout,2026-07-11T23:45:21Z,8.9,desktop
E0001657,C00987,add_to_cart,2026-07-27T23:56:18Z,17.0,desktop
E0001658,C00029,page_view,2026-07-16T13:53:18Z,38.5,tablet
E0001659,C00413,page_view,2026-07-07T09:55:55Z,15.8,ios
E0001660,C00693,support_ticket,2026-07-19T13:20:10Z,38.5,ios
E0001661,C00497,support_ticket,2026-07-11T05:17:58Z,7.8,desktop
E0001662,C00045,support_ticket,2026-07-28T07:44:00Z,7.7,desktop
E0001663,C00841,page_view,2026-07-30T07:37:33Z,28.2,desktop
E0001664,C01192,page_view,2026-07-01T19:06:18Z,27.9,android
E0001665,C00705,support_ticket,2026-07-27T02:23:09Z,26.9,tablet
E0001666,C01097,support_ticket,2026-07-25T07:00:44Z,28.0,desktop
E0001667,C00599,support_ticket,2026-07-04T19:59:37Z,20.8,desktop
E0001668,C00661,checkout,2026-07-21T11:09:16Z,15.9,tablet
E0001669,C01077,refund_request,2026-07-27T03:29:02Z,28.9,tablet
E0001670,C00371,page_view,2026-07-17T14:00:20Z,0.1,tablet
E0001671,C01050,refund_request,2026-07-04T00:22:14Z,1.6,android
E0001672,C00355,page_view,2026-07-15T17:09:20Z,39.5,android
E0001673,C01198,checkout,2026-07-06T23:26:17Z,23.8,android
E0001674,C00518,refund_request,2026-07-13T19:22:45Z,5.0,desktop
E0001675,C01047,checkout,2026-07-11T08:11:02Z,34.5,ios
E0001676,C00810,checkout,2026-07-08T13:10:24Z,14.0,desktop
E0001677,C00287,support_ticket,2026-07-08T07:43:31Z,39.9,android
E0001678,C01035,page_view,2026-07-22T19:12:59Z,21.4,tablet
E0001679,C00939,refund_request,2026-07-28T19:14:45Z,9.3,desktop
E0001680,C00231,refund_request,2026-07-31T07:53:18Z,12.6,tablet
E0001681,C00593,page_view,2026-07-18T07:28:26Z,25.0,android
E0001682,C00064,checkout,2026-07-21T18:53:55Z,35.9,android
E0001683,C00345,add_to_cart,2026-07-21T12:09:23Z,23.7,tablet
E0001684,C00692,support_ticket,2026-07-08T15:34:34Z,2.4,ios
E0001685,C00753,refund_request,2026-07-12T18:44:18Z,1.7,tablet
E0001686,C00969,add_to_cart,2026-07-05T17:49:53Z,40.6,tablet
E0001687,C00560,support_ticket,2026-07-20T02:14:39Z,31.4,tablet
E0001688,C00547,add_to_cart,2026-07-06T04:57:37Z,32.4,ios
E0001689,C00024,support_ticket,2026-07-23T18:35:14Z,17.6,android
E0001690,C01079,support_ticket,2026-07-29T13:37:55Z,29.4,android
E0001691,C00199,checkout,2026-07-21T14:26:14Z,19.3,ios
E0001692,C00035,page_view,2026-07-08T05:43:35Z,23.1,ios
E0001693,C00122,refund_request,2026-07-22T11:45:39Z,16.2,tablet
E0001694,C00166,page_view,2026-07-14T22:37:12Z,21.5,ios
E0001695,C00833,support_ticket,2026-07-25T02:54:14Z,18.5,android
E0001696,C00390,page_view,2026-07-06T05:17:16Z,12.7,ios
E0001697,C00623,checkout,2026-07-27T09:39:19Z,27.2,tablet
E0001698,C00816,page_view,2026-07-01T12:23:13Z,28.6,ios
E0001699,C00774,add_to_cart,2026-07-03T02:01:37Z,31.5,android
E0001700,C01002,refund_request,2026-07-26T16:08:22Z,24.1,desktop
E0001701,C00417,checkout,2026-07-15T00:20:16Z,17.5,desktop
E0001702,C00264,add_to_cart,2026-07-26T22:18:57Z,20.9,ios
E0001703,C00115,page_view,2026-07-06T14:20:10Z,11.8,android
E0001704,C00226,add_to_cart,2026-07-04T22:00:37Z,39.6,tablet
E0001705,C00410,add_to_cart,2026-07-01T01:17:09Z,34.7,ios
E0001706,C00015,add_to_cart,2026-07-26T20:37:39Z,28.2,desktop
E0001707,C00634,checkout,2026-07-16T00:34:21Z,38.6,desktop
E0001708,C01005,refund_request,2026-07-26T11:34:48Z,34.6,android
E0001709,C00413,add_to_cart,2026-07-20T22:46:14Z,39.6,tablet
E0001710,C00516,support_ticket,2026-07-11T09:34:32Z,6.5,ios
E0001711,C00309,add_to_cart,2026-07-16T03:29:58Z,1.5,desktop
E0001712,C00314,checkout,2026-07-27T02:57:19Z,31.0,desktop
E0001713,C00123,add_to_cart,2026-07-07T21:44:12Z,16.6,ios
E0001714,C00707,page_view,2026-07-11T17:31:01Z,9.2,tablet
E0001715,C00867,support_ticket,2026-07-13T21:56:51Z,6.6,tablet
E0001716,C00443,refund_request,2026-07-09T02:24:09Z,19.2,android
E0001717,C01199,support_ticket,2026-07-26T19:00:18Z,12.6,desktop
E0001718,C00422,refund_request,2026-07-02T20:47:06Z,15.7,tablet
E0001719,C00881,page_view,2026-07-08T06:34:14Z,7.5,tablet
E0001720,C00578,support_ticket,2026-07-18T14:08:12Z,11.0,tablet
E0001721,C00713,support_ticket,2026-07-14T03:58:20Z,17.6,android
E0001722,C00232,support_ticket,2026-07-29T13:44:29Z,3.6,android
E0001723,C00919,page_view,2026-07-27T03:58:14Z,0.4,desktop
E0001724,C00183,refund_request,2026-07-26T13:17:50Z,20.8,android
E0001725,C01028,add_to_cart,2026-07-31T08:33:57Z,40.1,tablet
E0001726,C00580,checkout,2026-07-15T04:11:12Z,14.2,android
E0001727,C00423,page_view,2026-07-01T10:56:02Z,39.6,ios
E0001728,C00097,checkout,2026-07-19T01:58:25Z,16.4,tablet
E0001729,C00600,page_view,2026-07-03T20:14:15Z,40.7,tablet
E0001730,C00578,add_to_cart,2026-07-09T23:51:14Z,24.7,desktop
E0001731,C00802,refund_request,2026-07-29T12:08:52Z,18.2,desktop
E0001732,C00939,checkout,2026-07-06T16:02:37Z,9.4,android
E0001733,C00632,add_to_cart,2026-07-20T13:42:29Z,19.8,tablet
E0001734,C00163,refund_request,2026-07-14T22:17:31Z,31.2,ios
E0001735,C00302,support_ticket,2026-07-07T04:50:25Z,40.8,android
E0001736,C01120,page_view,2026-07-28T16:49:32Z,34.6,desktop
E0001737,C00245,checkout,2026-07-08T17:53:12Z,37.8,tablet
E0001738,C00004,checkout,2026-07-07T11:23:18Z,38.8,desktop
E0001739,C00411,checkout,2026-07-14T12:56:07Z,12.1,desktop
E0001740,C01003,checkout,2026-07-02T12:31:03Z,1.5,desktop
E0001741,C01013,page_view,2026-07-25T19:00:02Z,29.2,desktop
E0001742,C00772,page_view,2026-07-26T19:32:18Z,31.2,android
E0001743,C00470,refund_request,2026-07-27T04:18:06Z,24.6,android
E0001744,C00254,page_view,2026-07-22T09:46:32Z,40.8,tablet
E0001745,C00985,page_view,2026-07-25T02:53:50Z,8.2,android
E0001746,C00581,page_view,2026-07-17T23:48:24Z,25.7,ios
E0001747,C01166,support_ticket,2026-07-02T06:44:56Z,3.6,tablet
E0001748,C00838,support_ticket,2026-07-05T07:19:33Z,22.3,tablet
E0001749,C00322,refund_request,2026-07-19T19:35:13Z,19.0,tablet
E0001750,C00732,support_ticket,2026-07-05T07:04:33Z,7.8,tablet
E0001751,C00479,add_to_cart,2026-07-03T18:22:07Z,38.2,android
E0001752,C00308,checkout,2026-07-06T10:23:19Z,41.5,android
E0001753,C00798,refund_request,2026-07-15T13:06:41Z,17.8,desktop
E0001754,C01130,page_view,2026-07-12T15:13:24Z,19.9,ios
E0001755,C00660,add_to_cart,2026-07-17T22:43:52Z,28.4,ios
E0001756,C00571,page_view,2026-07-06T23:34:11Z,16.7,android
E0001757,C01033,refund_request,2026-07-22T19:52:27Z,28.3,tablet
E0001758,C00511,page_view,2026-07-21T21:12:26Z,14.7,android
E0001759,C00579,support_ticket,2026-07-09T05:42:39Z,7.4,ios
E0001760,C00421,checkout,2026-07-05T00:24:16Z,13.3,desktop
E0001761,C00092,refund_request,2026-07-14T08:46:56Z,31.0,tablet
E0001762,C00159,refund_request,2026-07-07T00:32:50Z,39.1,desktop
E0001763,C00403,support_ticket,2026-07-11T15:12:24Z,15.8,ios
E0001764,C00760,page_view,2026-07-27T17:55:33Z,26.6,ios
E0001765,C00503,checkout,2026-07-14T01:21:42Z,5.2,tablet
E0001766,C00132,checkout,2026-07-21T13:32:18Z,12.4,ios
E0001767,C00110,checkout,2026-07-26T18:41:38Z,8.7,android
E0001768,C00059,refund_request,2026-07-07T04:37:12Z,23.3,android
E0001769,C00426,add_to_cart,2026-07-17T10:29:31Z,5.2,ios
E0001770,C00559,checkout,2026-07-03T21:57:11Z,19.6,desktop
E0001771,C01139,checkout,2026-07-07T14:16:37Z,28.5,tablet
E0001772,C00887,page_view,2026-07-30T00:48:02Z,14.8,ios
E0001773,C00871,checkout,2026-07-11T07:06:00Z,26.5,desktop
E0001774,C00629,support_ticket,2026-07-16T00:19:20Z,26.3,tablet
E0001775,C00300,checkout,2026-07-27T15:01:54Z,35.5,desktop
E0001776,C00178,refund_request,2026-07-25T19:46:02Z,31.3,desktop
E0001777,C01050,add_to_cart,2026-07-27T17:49:07Z,20.1,android
E0001778,C00561,support_ticket,2026-07-19T18:12:57Z,33.5,ios
E0001779,C00730,add_to_cart,2026-07-01T06:31:40Z,0.5,ios
E0001780,C00014,refund_request,2026-07-05T00:02:46Z,30.6,desktop
E0001781,C00693,refund_request,2026-07-25T05:57:29Z,7.5,ios
E0001782,C01055,page_view,2026-07-30T10:50:52Z,38.0,android
E0001783,C00494,add_to_cart,2026-07-19T00:18:59Z,4.8,android
E0001784,C01053,checkout,2026-07-10T08:22:34Z,13.9,ios
E0001785,C01044,page_view,2026-07-31T02:15:45Z,18.0,ios
E0001786,C01134,add_to_cart,2026-07-01T09:48:11Z,12.4,desktop
E0001787,C00339,checkout,2026-07-06T17:53:15Z,40.2,desktop
E0001788,C00033,refund_request,2026-07-21T09:11:13Z,32.2,android
E0001789,C00313,add_to_cart,2026-07-01T14:10:10Z,26.1,tablet
E0001790,C00163,checkout,2026-07-24T02:24:16Z,17.1,android
E0001791,C01115,support_ticket,2026-07-01T17:28:08Z,11.9,android
E0001792,C00478,support_ticket,2026-07-21T18:03:15Z,21.0,android
E0001793,C01002,refund_request,2026-07-28T14:14:19Z,21.4,tablet
E0001794,C00013,add_to_cart,2026-07-28T17:07:18Z,1.7,ios
E0001795,C00411,refund_request,2026-07-21T02:09:44Z,28.4,tablet
E0001796,C01024,checkout,2026-07-14T04:48:43Z,26.6,desktop
E0001797,C00256,support_ticket,2026-07-07T07:01:43Z,36.7,desktop
E0001798,C00862,refund_request,2026-07-12T04:50:28Z,31.3,ios
E0001799,C00987,add_to_cart,2026-07-25T18:37:50Z,10.9,android
E0001800,C00520,support_ticket,2026-07-24T10:07:15Z,26.6,android
E0001801,C00682,refund_request,2026-07-09T10:15:50Z,1.2,desktop
E0001802,C00610,add_to_cart,2026-07-17T00:04:28Z,0.6,desktop
E0001803,C00094,support_ticket,2026-07-19T12:40:58Z,20.2,desktop
E0001804,C00313,support_ticket,2026-07-25T15:54:57Z,2.3,tablet
E0001805,C00064,support_ticket,2026-07-02T16:04:40Z,29.0,ios
E0001806,C00200,refund_request,2026-07-30T02:22:16Z,17.1,desktop
E0001807,C00843,refund_request,2026-07-09T11:10:18Z,16.4,desktop
E0001808,C00491,refund_request,2026-07-10T21:41:03Z,15.9,desktop
E0001809,C00835,support_ticket,2026-07-02T10:03:11Z,8.3,android
E0001810,C00011,page_view,2026-07-20T14:40:16Z,28.1,ios
E0001811,C00447,support_ticket,2026-07-11T10:08:58Z,5.6,ios
E0001812,C00290,refund_request,2026-07-22T00:58:23Z,31.5,desktop
E0001813,C00680,support_ticket,2026-07-03T21:38:17Z,6.3,ios
E0001814,C00414,support_ticket,2026-07-15T14:10:48Z,37.1,desktop
E0001815,C00836,page_view,2026-07-30T20:51:47Z,13.5,desktop
E0001816,C01042,checkout,2026-07-03T06:04:25Z,23.0,ios
E0001817,C00927,support_ticket,2026-07-01T08:48:07Z,31.1,desktop
E0001818,C01047,checkout,2026-07-25T23:03:21Z,6.2,desktop
E0001819,C00715,refund_request,2026-07-28T23:42:32Z,41.7,desktop
E0001820,C00812,support_ticket,2026-07-10T03:23:28Z,37.8,ios
E0001821,C00776,refund_request,2026-07-06T22:03:08Z,35.6,desktop
E0001822,C00882,refund_request,2026-07-05T02:41:46Z,21.0,ios
E0001823,C00755,page_view,2026-07-28T07:44:27Z,5.2,android
E0001824,C00623,support_ticket,2026-07-04T09:56:42Z,19.0,ios
E0001825,C01083,checkout,2026-07-06T23:20:28Z,28.0,ios
E0001826,C00954,support_ticket,2026-07-25T11:04:13Z,13.2,desktop
E0001827,C00854,page_view,2026-07-02T12:22:11Z,31.6,desktop
E0001828,C00422,add_to_cart,2026-07-10T15:13:09Z,25.5,desktop
E0001829,C00862,page_view,2026-07-20T14:43:21Z,26.8,tablet
E0001830,C00472,refund_request,2026-07-01T11:16:03Z,2.2,desktop
E0001831,C00058,support_ticket,2026-07-12T21:56:01Z,8.0,tablet
E0001832,C00902,checkout,2026-07-04T15:00:01Z,10.4,android
E0001833,C00852,page_view,2026-07-07T17:50:43Z,26.6,desktop
E0001834,C00603,support_ticket,2026-07-12T07:42:46Z,2.4,android
E0001835,C00343,checkout,2026-07-21T20:09:35Z,21.4,tablet
E0001836,C00039,page_view,2026-07-05T07:27:36Z,18.8,tablet
E0001837,C00641,refund_request,2026-07-26T15:09:41Z,35.6,desktop
E0001838,C00270,checkout,2026-07-07T07:54:20Z,16.3,tablet
E0001839,C00546,support_ticket,2026-07-31T21:48:41Z,36.4,android
E0001840,C00416,support_ticket,2026-07-08T03:33:31Z,18.3,ios
E0001841,C00293,checkout,2026-07-19T11:55:33Z,23.1,tablet
E0001842,C00057,refund_request,2026-07-23T23:58:27Z,26.3,ios
E0001843,C00586,page_view,2026-07-07T02:09:59Z,13.6,tablet
E0001844,C00225,page_view,2026-07-15T16:41:21Z,20.3,android
E0001845,C00763,page_view,2026-07-15T14:25:32Z,40.8,tablet
E0001846,C01075,support_ticket,2026-07-12T08:18:43Z,21.0,tablet
E0001847,C00928,support_ticket,2026-07-16T20:19:16Z,14.3,android
E0001848,C00695,support_ticket,2026-07-14T12:54:43Z,4.9,ios
E0001849,C00422,page_view,2026-07-05T02:56:25Z,12.1,android
E0001850,C00942,support_ticket,2026-07-27T18:13:37Z,21.4,android
E0001851,C00689,support_ticket,2026-07-18T09:02:53Z,2.6,desktop
E0001852,C00797,support_ticket,2026-07-05T05:32:26Z,9.1,ios
E0001853,C00835,add_to_cart,2026-07-16T07:05:28Z,17.7,ios
E0001854,C00526,add_to_cart,2026-07-31T19:29:30Z,40.7,android
E0001855,C00161,support_ticket,2026-07-09T06:00:37Z,9.4,desktop
E0001856,C00377,add_to_cart,2026-07-09T08:03:12Z,41.9,android
E0001857,C01174,page_view,2026-07-13T00:39:52Z,22.6,desktop
E0001858,C00720,refund_request,2026-07-02T12:56:14Z,8.7,android
E0001859,C00045,checkout,2026-07-06T22:29:41Z,27.7,desktop
E0001860,C00137,add_to_cart,2026-07-24T12:38:47Z,5.9,android
E0001861,C00726,support_ticket,2026-07-23T03:36:14Z,26.4,tablet
E0001862,C00725,page_view,2026-07-14T08:23:51Z,15.9,desktop
E0001863,C00783,add_to_cart,2026-07-24T13:02:01Z,36.4,android
E0001864,C00029,checkout,2026-07-10T12:29:10Z,35.9,android
E0001865,C01139,page_view,2026-07-12T23:06:30Z,7.8,tablet
E0001866,C01160,checkout,2026-07-09T02:24:33Z,37.6,ios
E0001867,C01063,refund_request,2026-07-20T15:16:53Z,25.6,desktop
E0001868,C00378,add_to_cart,2026-07-06T09:42:10Z,34.5,android
E0001869,C01131,checkout,2026-07-09T12:38:16Z,32.4,android
E0001870,C01154,support_ticket,2026-07-22T06:37:52Z,38.2,android
E0001871,C00375,support_ticket,2026-07-16T22:19:17Z,31.9,desktop
E0001872,C00940,add_to_cart,2026-07-13T07:33:56Z,18.9,android
E0001873,C00497,checkout,2026-07-11T14:23:30Z,15.3,desktop
E0001874,C00592,support_ticket,2026-07-17T02:09:45Z,14.4,android
E0001875,C01054,page_view,2026-07-09T13:41:46Z,41.6,ios
E0001876,C00236,refund_request,2026-07-20T07:29:38Z,33.1,tablet
E0001877,C00671,refund_request,2026-07-13T23:01:40Z,27.2,desktop
E0001878,C00557,add_to_cart,2026-07-04T15:12:34Z,22.8,tablet
E0001879,C00165,add_to_cart,2026-07-29T20:09:52Z,10.6,android
E0001880,C00147,checkout,2026-07-02T22:04:33Z,12.9,ios
E0001881,C00014,support_ticket,2026-07-20T19:59:11Z,1.6,ios
E0001882,C00500,page_view,2026-07-17T05:03:07Z,29.5,ios
E0001883,C00900,page_view,2026-07-13T21:11:33Z,8.8,android
E0001884,C00113,add_to_cart,2026-07-23T20:50:52Z,21.2,ios
E0001885,C01071,support_ticket,2026-07-03T19:32:29Z,39.1,tablet
E0001886,C00034,page_view,2026-07-16T10:18:22Z,4.0,tablet
E0001887,C00198,add_to_cart,2026-07-06T11:32:07Z,0.2,desktop
E0001888,C00606,page_view,2026-07-21T12:45:27Z,29.7,ios
E0001889,C01105,checkout,2026-07-28T02:27:59Z,31.5,desktop
E0001890,C00053,page_view,2026-07-31T02:40:34Z,0.3,ios
E0001891,C01123,add_to_cart,2026-07-23T03:00:41Z,8.5,tablet
E0001892,C01047,support_ticket,2026-07-07T19:17:59Z,34.1,android
E0001893,C00419,checkout,2026-07-15T08:30:19Z,22.2,ios
E0001894,C00007,support_ticket,2026-07-15T05:28:11Z,33.2,ios
E0001895,C00420,support_ticket,2026-07-31T05:00:44Z,39.0,ios
E0001896,C00437,checkout,2026-07-05T08:59:25Z,7.2,android
E0001897,C00560,checkout,2026-07-13T12:35:17Z,29.4,tablet
E0001898,C00951,support_ticket,2026-07-25T19:37:59Z,9.4,ios
E0001899,C00620,page_view,2026-07-30T23:52:58Z,15.0,ios
E0001900,C00667,checkout,2026-07-03T21:22:36Z,10.3,android
E0001901,C01047,checkout,2026-07-20T23:56:00Z,4.2,ios
E0001902,C00513,support_ticket,2026-07-03T18:40:17Z,27.1,ios
E0001903,C00290,add_to_cart,2026-07-13T01:44:25Z,30.0,ios
E0001904,C00639,refund_request,2026-07-13T23:57:41Z,21.0,desktop
E0001905,C00351,checkout,2026-07-01T10:35:42Z,11.4,tablet
E0001906,C00605,page_view,2026-07-19T00:08:12Z,6.0,android
E0001907,C00023,checkout,2026-07-31T22:39:57Z,18.5,android
E0001908,C01077,support_ticket,2026-07-31T18:17:09Z,23.0,tablet
E0001909,C00021,add_to_cart,2026-07-08T04:07:08Z,41.1,ios
E0001910,C00269,support_ticket,2026-07-02T12:41:55Z,29.9,tablet
E0001911,C00744,refund_request,2026-07-15T19:37:12Z,28.9,desktop
E0001912,C00147,support_ticket,2026-07-09T18:23:59Z,22.4,android
E0001913,C00864,add_to_cart,2026-07-03T02:56:30Z,22.4,tablet
E0001914,C01009,page_view,2026-07-12T18:49:20Z,22.0,desktop
E0001915,C00124,support_ticket,2026-07-02T18:24:58Z,8.3,android
E0001916,C00462,add_to_cart,2026-07-19T19:40:29Z,29.2,android
E0001917,C00477,add_to_cart,2026-07-08T19:36:32Z,25.0,tablet
E0001918,C00806,add_to_cart,2026-07-27T01:18:06Z,20.8,ios
E0001919,C00379,refund_request,2026-07-15T09:43:04Z,0.3,tablet
E0001920,C01034,add_to_cart,2026-07-20T18:59:04Z,6.7,android
E0001921,C01073,add_to_cart,2026-07-09T08:17:55Z,2.2,desktop
E0001922,C00501,page_view,2026-07-22T23:52:41Z,38.5,desktop
E0001923,C00974,refund_request,2026-07-24T10:26:14Z,22.9,ios
E0001924,C00208,checkout,2026-07-31T06:34:28Z,5.9,desktop
E0001925,C00396,checkout,2026-07-29T06:39:22Z,32.8,ios
E0001926,C00365,page_view,2026-07-01T11:13:06Z,28.9,android
E0001927,C00820,checkout,2026-07-31T09:16:17Z,13.4,desktop
E0001928,C00232,add_to_cart,2026-07-08T04:52:40Z,2.9,android
E0001929,C00409,support_ticket,2026-07-17T19:39:19Z,23.7,desktop
E0001930,C00211,add_to_cart,2026-07-15T07:15:17Z,25.4,ios
E0001931,C00838,support_ticket,2026-07-08T02:20:53Z,21.1,tablet
E0001932,C00870,page_view,2026-07-29T06:47:03Z,40.4,android
E0001933,C00516,support_ticket,2026-07-30T03:04:58Z,33.5,desktop
E0001934,C00997,refund_request,2026-07-27T00:24:07Z,8.5,desktop
E0001935,C00253,refund_request,2026-07-05T15:58:25Z,20.2,ios
E0001936,C00459,checkout,2026-07-13T21:08:24Z,20.9,tablet
E0001937,C00840,support_ticket,2026-07-26T18:26:00Z,17.0,tablet
E0001938,C00616,page_view,2026-07-31T23:06:41Z,9.9,tablet
E0001939,C00870,add_to_cart,2026-07-23T02:49:34Z,38.7,ios
E0001940,C00757,support_ticket,2026-07-29T01:27:11Z,29.7,desktop
E0001941,C00830,page_view,2026-07-14T23:07:32Z,5.9,android
E0001942,C00973,support_ticket,2026-07-06T21:48:54Z,17.0,tablet
E0001943,C00419,support_ticket,2026-07-15T23:34:25Z,8.8,ios
E0001944,C01026,page_view,2026-07-17T17:39:38Z,2.1,android
E0001945,C00032,checkout,2026-07-10T00:23:34Z,31.1,desktop
E0001946,C01156,checkout,2026-07-05T05:13:55Z,5.9,tablet
E0001947,C00969,support_ticket,2026-07-01T12:23:23Z,28.7,ios
E0001948,C00982,add_to_cart,2026-07-27T19:28:54Z,2.6,tablet
E0001949,C00905,add_to_cart,2026-07-25T11:35:42Z,1.4,ios
E0001950,C00773,page_view,2026-07-02T19:30:40Z,14.3,android
E0001951,C00003,support_ticket,2026-07-01T14:36:12Z,0.6,tablet
E0001952,C01038,page_view,2026-07-30T01:51:16Z,38.3,tablet
E0001953,C00648,add_to_cart,2026-07-20T20:27:34Z,24.6,desktop
E0001954,C00199,refund_request,2026-07-22T17:44:24Z,13.5,desktop
E0001955,C01036,add_to_cart,2026-07-23T07:23:27Z,27.2,android
E0001956,C00032,add_to_cart,2026-07-14T18:02:56Z,34.7,desktop
E0001957,C00391,add_to_cart,2026-07-27T03:48:16Z,36.5,android
E0001958,C00713,page_view,2026-07-07T14:19:58Z,20.2,ios
E0001959,C00949,refund_request,2026-07-15T14:33:57Z,38.4,desktop
E0001960,C00691,checkout,2026-07-24T14:42:40Z,2.2,desktop
E0001961,C00230,page_view,2026-07-28T10:26:24Z,12.1,android
E0001962,C00946,checkout,2026-07-30T03:52:35Z,16.7,android
E0001963,C01009,refund_request,2026-07-05T06:14:27Z,24.8,android
E0001964,C00843,support_ticket,2026-07-25T10:57:47Z,6.8,android
E0001965,C00670,support_ticket,2026-07-01T04:54:19Z,24.4,desktop
E0001966,C00608,add_to_cart,2026-07-28T13:40:59Z,23.0,tablet
E0001967,C00760,checkout,2026-07-18T05:15:42Z,0.3,tablet
E0001968,C00241,support_ticket,2026-07-12T01:09:35Z,20.2,desktop
E0001969,C00670,checkout,2026-07-19T21:51:42Z,0.6,android
E0001970,C01088,support_ticket,2026-07-02T11:20:18Z,3.6,android
E0001971,C01065,support_ticket,2026-07-21T16:14:04Z,24.0,desktop
E0001972,C00198,checkout,2026-07-02T00:12:59Z,37.4,desktop
E0001973,C00754,page_view,2026-07-19T00:51:17Z,35.6,desktop
E0001974,C00339,add_to_cart,2026-07-16T00:08:27Z,12.4,ios
E0001975,C00093,page_view,2026-07-27T04:44:42Z,23.6,tablet
E0001976,C01014,add_to_cart,2026-07-19T09:43:48Z,7.0,tablet
E0001977,C00537,add_to_cart,2026-07-24T21:47:05Z,1.4,desktop
E0001978,C00021,checkout,2026-07-02T11:48:20Z,4.4,android
E0001979,C00349,checkout,2026-07-29T15:12:50Z,9.1,tablet
E0001980,C00949,add_to_cart,2026-07-04T07:54:16Z,14.8,desktop
E0001981,C00090,support_ticket,2026-07-25T17:08:59Z,13.8,android
E0001982,C00047,support_ticket,2026-07-20T17:54:37Z,22.7,desktop
E0001983,C00001,refund_request,2026-07-24T14:47:50Z,19.8,tablet
E0001984,C01060,page_view,2026-07-10T18:14:39Z,8.2,android
E0001985,C01009,add_to_cart,2026-07-20T05:31:43Z,28.1,android
E0001986,C00774,refund_request,2026-07-21T09:45:30Z,14.7,ios
E0001987,C01126,page_view,2026-07-31T14:00:02Z,33.9,desktop
E0001988,C00015,add_to_cart,2026-07-03T12:18:50Z,17.9,android
E0001989,C01190,add_to_cart,2026-07-22T17:26:48Z,16.6,ios
E0001990,C00015,support_ticket,2026-07-18T15:19:01Z,1.9,ios
E0001991,C00149,refund_request,2026-07-19T20:47:49Z,35.7,tablet
E0001992,C01127,checkout,2026-07-03T02:35:23Z,11.7,tablet
E0001993,C00266,checkout,2026-07-04T22:05:49Z,21.1,tablet
E0001994,C01153,support_ticket,2026-07-25T19:53:57Z,1.0,android
E0001995,C00397,refund_request,2026-07-29T01:23:33Z,16.3,desktop
E0001996,C00557,support_ticket,2026-07-28T17:29:59Z,19.6,android
E0001997,C00513,support_ticket,2026-07-02T06:13:14Z,10.5,tablet
E0001998,C00416,refund_request,2026-07-16T22:17:08Z,6.9,tablet
E0001999,C00970,checkout,2026-07-07T07:31:10Z,17.5,android
E0002000,C00690,page_view,2026-07-01T01:01:53Z,1.4,desktop
E0002001,C01090,checkout,2026-07-07T21:55:47Z,3.3,ios
E0002002,C00116,page_view,2026-07-27T11:24:12Z,30.0,desktop
E0002003,C00981,refund_request,2026-07-19T15:48:32Z,8.9,desktop
E0002004,C00206,refund_request,2026-07-31T04:54:13Z,40.5,tablet
E0002005,C00411,page_view,2026-07-03T23:28:06Z,33.8,ios
E0002006,C00080,page_view,2026-07-29T03:39:34Z,33.9,tablet
E0002007,C01092,support_ticket,2026-07-12T20:59:16Z,11.4,ios
E0002008,C01046,checkout,2026-07-21T12:49:22Z,3.9,tablet
E0002009,C00243,page_view,2026-07-01T16:43:27Z,24.4,android
E0002010,C01115,page_view,2026-07-03T02:22:55Z,38.2,android
E0002011,C00522,checkout,2026-07-30T18:22:21Z,38.8,tablet
E0002012,C00996,checkout,2026-07-09T03:04:10Z,22.2,tablet
E0002013,C00487,page_view,2026-07-10T22:44:14Z,18.5,android
E0002014,C00931,refund_request,2026-07-20T20:26:07Z,17.5,ios
E0002015,C00001,page_view,2026-07-28T13:35:47Z,10.8,desktop
E0002016,C00237,refund_request,2026-07-12T19:26:33Z,0.9,tablet
E0002017,C00147,checkout,2026-07-07T23:19:54Z,10.6,android
E0002018,C00728,add_to_cart,2026-07-18T17:29:40Z,18.7,tablet
E0002019,C01150,add_to_cart,2026-07-10T10:02:46Z,0.6,desktop
E0002020,C00726,refund_request,2026-07-15T18:51:38Z,19.6,android
E0002021,C00981,add_to_cart,2026-07-17T16:04:27Z,0.7,desktop
E0002022,C01024,support_ticket,2026-07-21T23:26:34Z,20.2,android
E0002023,C00539,add_to_cart,2026-07-09T10:16:04Z,22.8,ios
E0002024,C00519,add_to_cart,2026-07-16T22:04:33Z,32.9,tablet
E0002025,C00438,checkout,2026-07-15T22:02:12Z,14.0,desktop
E0002026,C00069,page_view,2026-07-09T04:35:05Z,6.8,ios
E0002027,C00166,support_ticket,2026-07-09T05:22:36Z,4.5,ios
E0002028,C00548,checkout,2026-07-21T06:07:22Z,33.4,desktop
E0002029,C00392,checkout,2026-07-16T14:20:54Z,40.5,ios
E0002030,C00938,checkout,2026-07-29T00:49:48Z,4.5,android
E0002031,C00293,checkout,2026-07-28T23:23:38Z,22.2,android
E0002032,C00050,checkout,2026-07-31T04:48:43Z,17.1,desktop
E0002033,C00758,checkout,2026-07-02T07:46:49Z,5.2,tablet
E0002034,C00833,checkout,2026-07-30T21:14:45Z,18.9,ios
E0002035,C00083,checkout,2026-07-01T06:59:43Z,7.3,ios
E0002036,C00629,support_ticket,2026-07-17T22:19:05Z,6.5,desktop
E0002037,C00450,refund_request,2026-07-20T18:59:45Z,23.9,desktop
E0002038,C00824,add_to_cart,2026-07-18T20:44:49Z,36.2,tablet
E0002039,C00693,page_view,2026-07-05T10:01:16Z,26.6,android
E0002040,C00024,checkout,2026-07-17T08:21:43Z,39.3,desktop
E0002041,C01124,checkout,2026-07-04T01:49:29Z,25.2,ios
E0002042,C00785,refund_request,2026-07-25T02:14:48Z,0.9,tablet
E0002043,C00737,support_ticket,2026-07-02T23:38:01Z,20.9,ios
E0002044,C00070,add_to_cart,2026-07-11T07:18:11Z,8.9,tablet
E0002045,C00381,support_ticket,2026-07-23T21:42:14Z,4.4,android
E0002046,C00839,page_view,2026-07-27T12:26:55Z,39.4,ios
E0002047,C00850,page_view,2026-07-07T16:32:31Z,34.1,desktop
E0002048,C01003,support_ticket,2026-07-20T15:43:28Z,36.2,tablet
E0002049,C00101,refund_request,2026-07-05T01:17:09Z,20.8,tablet
E0002050,C01194,add_to_cart,2026-07-18T08:44:01Z,10.2,android
E0002051,C00249,support_ticket,2026-07-08T13:41:00Z,14.2,android
E0002052,C00546,support_ticket,2026-07-21T07:15:46Z,19.1,android
E0002053,C00392,page_view,2026-07-05T15:16:21Z,31.2,android
E0002054,C00038,add_to_cart,2026-07-01T22:35:49Z,39.2,tablet
E0002055,C01006,page_view,2026-07-22T03:46:02Z,35.2,desktop
E0002056,C00637,page_view,2026-07-28T15:48:42Z,38.3,ios
E0002057,C00643,support_ticket,2026-07-25T04:43:19Z,31.0,desktop
E0002058,C00372,add_to_cart,2026-07-19T02:03:54Z,29.8,android
E0002059,C00975,refund_request,2026-07-18T00:28:31Z,29.1,desktop
E0002060,C01087,add_to_cart,2026-07-26T13:51:35Z,5.7,desktop
E0002061,C00601,add_to_cart,2026-07-04T12:50:08Z,41.6,ios
E0002062,C00285,support_ticket,2026-07-26T09:57:48Z,19.1,android
E0002063,C00293,refund_request,2026-07-08T00:55:57Z,26.6,tablet
E0002064,C00395,checkout,2026-07-10T13:07:56Z,3.5,ios
E0002065,C00292,support_ticket,2026-07-20T23:43:22Z,19.4,tablet
E0002066,C00400,checkout,2026-07-13T12:19:47Z,3.7,desktop
E0002067,C00285,checkout,2026-07-31T18:32:29Z,21.4,ios
E0002068,C00246,support_ticket,2026-07-22T18:23:12Z,8.0,tablet
E0002069,C01091,refund_request,2026-07-14T03:16:14Z,31.3,ios
E0002070,C00519,page_view,2026-07-03T02:24:26Z,30.7,android
E0002071,C00179,support_ticket,2026-07-07T15:53:06Z,8.3,desktop
E0002072,C01062,page_view,2026-07-24T19:50:38Z,6.9,android
E0002073,C00960,add_to_cart,2026-07-08T23:54:01Z,30.8,desktop
E0002074,C00719,refund_request,2026-07-08T05:08:33Z,22.2,android
E0002075,C00277,refund_request,2026-07-22T19:06:03Z,24.7,ios
E0002076,C00019,page_view,2026-07-21T17:18:58Z,37.8,ios
E0002077,C00568,add_to_cart,2026-07-31T07:20:41Z,31.1,tablet
E0002078,C00051,add_to_cart,2026-07-16T00:16:36Z,4.5,desktop
E0002079,C00031,add_to_cart,2026-07-17T17:39:04Z,8.6,android
E0002080,C01063,refund_request,2026-07-28T00:47:27Z,3.4,ios
E0002081,C00520,refund_request,2026-07-31T07:48:35Z,19.1,android
E0002082,C00858,add_to_cart,2026-07-23T23:07:55Z,34.9,android
E0002083,C00519,page_view,2026-07-26T19:40:00Z,10.5,tablet
E0002084,C00197,page_view,2026-07-30T21:59:06Z,16.2,android
E0002085,C00758,support_ticket,2026-07-07T00:35:23Z,1.1,tablet
E0002086,C00626,page_view,2026-07-21T13:38:33Z,19.8,tablet
E0002087,C00173,add_to_cart,2026-07-28T04:04:11Z,14.2,desktop
E0002088,C00132,page_view,2026-07-16T13:02:50Z,24.4,tablet
E0002089,C00269,page_view,2026-07-09T11:29:13Z,29.4,android
E0002090,C01145,support_ticket,2026-07-02T03:16:52Z,17.1,tablet
E0002091,C00146,refund_request,2026-07-10T20:58:10Z,36.8,ios
E0002092,C01113,support_ticket,2026-07-12T09:39:51Z,2.8,desktop
E0002093,C00150,refund_request,2026-07-04T01:07:01Z,16.9,android
E0002094,C01100,page_view,2026-07-03T23:06:18Z,30.0,android
E0002095,C00478,page_view,2026-07-14T09:42:06Z,11.8,desktop
E0002096,C00160,refund_request,2026-07-03T14:27:22Z,20.4,android
E0002097,C00376,add_to_cart,2026-07-09T09:57:42Z,37.6,android
E0002098,C00677,add_to_cart,2026-07-21T17:13:50Z,33.5,desktop
E0002099,C00685,refund_request,2026-07-26T20:49:48Z,19.8,ios
E0002100,C00745,add_to_cart,2026-07-08T05:48:12Z,15.6,desktop
E0002101,C00444,add_to_cart,2026-07-02T12:09:05Z,33.8,tablet
E0002102,C01023,checkout,2026-07-30T20:05:20Z,3.0,desktop
E0002103,C00300,refund_request,2026-07-16T12:18:13Z,39.7,ios
E0002104,C00963,support_ticket,2026-07-07T18:17:31Z,5.9,ios
E0002105,C00141,support_ticket,2026-07-09T20:29:54Z,32.5,android
E0002106,C00092,checkout,2026-07-28T09:01:21Z,0.1,desktop
E0002107,C01006,refund_request,2026-07-22T03:47:21Z,37.2,ios
E0002108,C00080,support_ticket,2026-07-19T11:31:51Z,33.2,tablet
E0002109,C00134,support_ticket,2026-07-31T16:10:13Z,1.4,android
E0002110,C00410,support_ticket,2026-07-03T17:16:08Z,14.2,desktop
E0002111,C00184,add_to_cart,2026-07-01T12:57:04Z,37.1,tablet
E0002112,C01088,add_to_cart,2026-07-22T20:57:59Z,12.3,tablet
E0002113,C00895,support_ticket,2026-07-20T23:19:54Z,41.1,tablet
E0002114,C00433,checkout,2026-07-27T14:22:20Z,38.6,ios
E0002115,C00491,checkout,2026-07-02T07:53:15Z,27.3,tablet
E0002116,C00004,refund_request,2026-07-28T11:56:12Z,0.8,desktop
E0002117,C01175,support_ticket,2026-07-05T06:39:19Z,42.0,ios
E0002118,C00999,support_ticket,2026-07-04T19:55:11Z,41.5,tablet
E0002119,C00339,support_ticket,2026-07-23T12:10:52Z,29.8,ios
E0002120,C00924,checkout,2026-07-20T20:13:00Z,14.9,ios
E0002121,C00057,refund_request,2026-07-15T16:29:12Z,33.7,android
E0002122,C01066,refund_request,2026-07-25T06:24:57Z,34.9,ios
E0002123,C00505,support_ticket,2026-07-14T02:23:32Z,35.3,ios
E0002124,C00869,checkout,2026-07-30T02:52:47Z,31.7,tablet
E0002125,C00521,support_ticket,2026-07-09T00:48:27Z,4.3,desktop
E0002126,C00821,checkout,2026-07-05T04:53:47Z,24.8,android
E0002127,C00257,refund_request,2026-07-06T21:30:30Z,16.5,desktop
E0002128,C00197,add_to_cart,2026-07-14T21:10:59Z,22.2,ios
E0002129,C01155,add_to_cart,2026-07-14T17:07:45Z,19.3,android
E0002130,C00933,support_ticket,2026-07-21T00:34:31Z,41.3,ios
E0002131,C00243,refund_request,2026-07-27T15:19:09Z,8.2,ios
E0002132,C00115,refund_request,2026-07-24T21:32:47Z,12.2,android
E0002133,C00809,checkout,2026-07-05T02:24:21Z,13.8,desktop
E0002134,C00669,checkout,2026-07-08T17:17:52Z,35.0,android
E0002135,C00526,page_view,2026-07-01T18:12:02Z,8.1,desktop
E0002136,C00037,page_view,2026-07-25T01:41:50Z,38.7,android
E0002137,C00014,page_view,2026-07-19T03:07:19Z,24.3,tablet
E0002138,C00897,checkout,2026-07-18T20:01:15Z,34.1,ios
E0002139,C01127,page_view,2026-07-26T21:52:50Z,6.1,android
E0002140,C00789,add_to_cart,2026-07-31T10:30:51Z,15.6,ios
E0002141,C00092,checkout,2026-07-24T12:13:01Z,30.7,tablet
E0002142,C00551,checkout,2026-07-11T12:21:20Z,29.1,ios
E0002143,C00594,add_to_cart,2026-07-31T06:31:06Z,27.8,android
E0002144,C00368,page_view,2026-07-31T15:56:28Z,1.8,tablet
E0002145,C00108,checkout,2026-07-29T19:51:06Z,13.1,android
E0002146,C00548,support_ticket,2026-07-10T09:24:56Z,19.0,tablet
E0002147,C00522,page_view,2026-07-25T09:13:18Z,15.4,ios
E0002148,C01029,checkout,2026-07-23T11:05:17Z,9.3,android
E0002149,C00063,page_view,2026-07-07T13:38:54Z,23.8,android
E0002150,C00521,refund_request,2026-07-16T14:49:47Z,24.1,android
E0002151,C01177,support_ticket,2026-07-08T05:43:02Z,41.3,desktop
E0002152,C00195,add_to_cart,2026-07-06T02:24:26Z,26.5,ios
E0002153,C00589,checkout,2026-07-13T01:09:18Z,8.5,ios
E0002154,C00670,refund_request,2026-07-30T20:40:59Z,11.7,tablet
E0002155,C00625,refund_request,2026-07-16T09:52:41Z,7.0,android
E0002156,C00138,checkout,2026-07-29T15:05:10Z,8.3,android
E0002157,C00635,checkout,2026-07-08T01:05:05Z,40.6,android
E0002158,C01033,refund_request,2026-07-02T04:37:23Z,7.1,ios
E0002159,C00100,checkout,2026-07-07T04:50:05Z,19.9,android
E0002160,C00161,support_ticket,2026-07-01T05:09:33Z,11.7,android
E0002161,C00686,page_view,2026-07-31T08:18:02Z,25.2,android
E0002162,C00813,page_view,2026-07-19T01:57:23Z,28.5,tablet
E0002163,C00525,page_view,2026-07-11T15:02:23Z,21.7,tablet
E0002164,C01106,checkout,2026-07-14T19:09:46Z,27.1,ios
E0002165,C00941,page_view,2026-07-09T01:58:45Z,5.6,tablet
E0002166,C00845,add_to_cart,2026-07-01T19:53:27Z,40.4,desktop
E0002167,C00294,support_ticket,2026-07-22T21:48:58Z,34.2,android
E0002168,C00961,checkout,2026-07-20T14:56:06Z,1.1,desktop
E0002169,C01110,refund_request,2026-07-24T23:10:31Z,17.7,android
E0002170,C00273,checkout,2026-07-22T17:55:27Z,18.8,ios
E0002171,C00576,support_ticket,2026-07-03T02:58:47Z,9.2,android
E0002172,C00242,support_ticket,2026-07-05T06:17:45Z,36.6,ios
E0002173,C00077,refund_request,2026-07-13T01:26:51Z,34.7,desktop
E0002174,C00903,checkout,2026-07-02T15:54:17Z,26.5,android
E0002175,C00707,add_to_cart,2026-07-22T11:35:15Z,18.9,desktop
E0002176,C00712,refund_request,2026-07-28T15:17:24Z,0.8,android
E0002177,C00455,checkout,2026-07-15T07:20:45Z,8.6,tablet
E0002178,C00660,checkout,2026-07-26T10:38:31Z,39.3,android
E0002179,C00619,add_to_cart,2026-07-03T17:58:42Z,9.5,ios
E0002180,C00144,support_ticket,2026-07-16T02:27:29Z,22.0,desktop
E0002181,C00095,support_ticket,2026-07-26T10:57:26Z,4.2,ios
E0002182,C01095,checkout,2026-07-30T06:49:51Z,25.7,ios
E0002183,C00156,add_to_cart,2026-07-03T15:52:18Z,5.7,android
E0002184,C01177,refund_request,2026-07-10T11:15:13Z,35.4,android
E0002185,C01095,checkout,2026-07-14T10:08:25Z,29.5,desktop
E0002186,C00739,page_view,2026-07-21T02:04:09Z,34.6,android
E0002187,C01133,refund_request,2026-07-12T05:10:57Z,11.7,ios
E0002188,C00563,add_to_cart,2026-07-23T06:24:54Z,18.5,tablet
E0002189,C00421,add_to_cart,2026-07-18T14:41:08Z,14.1,desktop
E0002190,C00597,refund_request,2026-07-07T19:18:08Z,35.0,ios
E0002191,C00242,add_to_cart,2026-07-15T12:47:41Z,2.3,ios
E0002192,C00525,refund_request,2026-07-17T19:13:48Z,1.8,tablet
E0002193,C00243,checkout,2026-07-04T12:27:44Z,35.4,desktop
E0002194,C00620,add_to_cart,2026-07-17T04:05:21Z,18.7,tablet
E0002195,C00119,add_to_cart,2026-07-15T16:55:26Z,39.3,android
E0002196,C01109,page_view,2026-07-15T16:32:50Z,32.4,android
E0002197,C00962,checkout,2026-07-15T07:13:36Z,29.2,android
E0002198,C00150,add_to_cart,2026-07-26T18:43:09Z,0.8,tablet
E0002199,C00487,refund_request,2026-07-25T19:17:34Z,17.4,ios
E0002200,C00560,add_to_cart,2026-07-30T04:20:22Z,29.2,desktop
E0002201,C00787,refund_request,2026-07-17T06:12:46Z,15.6,desktop
E0002202,C00559,page_view,2026-07-02T12:15:32Z,1.9,android
E0002203,C00066,page_view,2026-07-19T02:37:20Z,2.4,tablet
E0002204,C01157,page_view,2026-07-11T18:24:19Z,17.2,android
E0002205,C00913,checkout,2026-07-19T08:38:02Z,21.4,desktop
E0002206,C00635,checkout,2026-07-20T17:06:26Z,10.8,android
E0002207,C00613,add_to_cart,2026-07-05T05:29:37Z,27.7,ios
E0002208,C01132,checkout,2026-07-01T03:24:32Z,39.8,android
E0002209,C01034,refund_request,2026-07-19T23:34:22Z,17.5,android
E0002210,C01196,support_ticket,2026-07-23T21:31:19Z,2.1,tablet
E0002211,C00274,checkout,2026-07-08T09:11:24Z,9.1,android
E0002212,C00980,refund_request,2026-07-01T12:33:40Z,3.5,android
E0002213,C00576,checkout,2026-07-24T22:10:49Z,1.7,tablet
E0002214,C00886,page_view,2026-07-30T14:50:20Z,18.1,desktop
E0002215,C00239,add_to_cart,2026-07-09T15:41:49Z,11.5,ios
E0002216,C00058,page_view,2026-07-28T14:48:40Z,37.8,tablet
E0002217,C00713,checkout,2026-07-20T15:15:20Z,39.0,tablet
E0002218,C00494,refund_request,2026-07-19T03:18:54Z,40.4,android
E0002219,C01158,refund_request,2026-07-19T08:39:37Z,27.3,ios
E0002220,C00237,support_ticket,2026-07-13T04:53:31Z,26.3,android
E0002221,C00833,add_to_cart,2026-07-30T04:43:23Z,6.3,tablet
E0002222,C00053,checkout,2026-07-24T11:58:00Z,10.6,tablet
E0002223,C00959,add_to_cart,2026-07-03T03:05:41Z,6.2,desktop
E0002224,C01108,support_ticket,2026-07-26T05:52:53Z,30.4,ios
E0002225,C00101,add_to_cart,2026-07-17T20:14:02Z,30.8,android
E0002226,C00457,add_to_cart,2026-07-22T02:51:39Z,26.7,ios
E0002227,C00776,page_view,2026-07-06T08:59:27Z,18.8,desktop
E0002228,C00554,checkout,2026-07-19T23:02:13Z,25.6,ios
E0002229,C00641,refund_request,2026-07-17T10:09:01Z,6.3,tablet
E0002230,C00059,refund_request,2026-07-04T17:19:07Z,32.2,tablet
E0002231,C00149,refund_request,2026-07-09T09:25:19Z,24.4,android
E0002232,C00219,checkout,2026-07-22T08:56:19Z,40.2,tablet
E0002233,C00863,checkout,2026-07-05T19:39:44Z,13.1,ios
E0002234,C00381,support_ticket,2026-07-28T10:49:52Z,3.0,android
E0002235,C00780,add_to_cart,2026-07-11T16:43:24Z,24.4,tablet
E0002236,C00467,refund_request,2026-07-28T02:21:03Z,5.9,android
E0002237,C01200,support_ticket,2026-07-15T16:32:54Z,26.5,desktop
E0002238,C00788,refund_request,2026-07-13T16:11:58Z,5.7,ios
E0002239,C00826,support_ticket,2026-07-28T01:29:32Z,6.5,android
E0002240,C00314,add_to_cart,2026-07-28T19:55:26Z,3.0,tablet
E0002241,C00819,checkout,2026-07-26T05:35:24Z,18.5,tablet
E0002242,C00470,add_to_cart,2026-07-15T11:59:33Z,27.2,tablet
E0002243,C00230,page_view,2026-07-06T12:24:45Z,4.9,tablet
E0002244,C00266,checkout,2026-07-08T04:26:24Z,11.6,android
E0002245,C00200,page_view,2026-07-11T04:59:41Z,10.4,tablet
E0002246,C00339,refund_request,2026-07-11T20:56:20Z,16.3,desktop
E0002247,C01060,page_view,2026-07-06T07:11:03Z,16.5,tablet
E0002248,C01135,add_to_cart,2026-07-11T10:04:42Z,33.0,ios
E0002249,C00763,refund_request,2026-07-13T06:59:20Z,28.6,ios
E0002250,C00959,checkout,2026-07-19T19:34:36Z,38.9,desktop
E0002251,C01078,refund_request,2026-07-18T15:04:13Z,41.5,tablet
E0002252,C00814,support_ticket,2026-07-01T05:03:14Z,25.5,tablet
E0002253,C00671,page_view,2026-07-29T22:41:01Z,3.2,ios
E0002254,C00747,page_view,2026-07-27T05:51:32Z,41.5,android
E0002255,C00010,refund_request,2026-07-16T00:49:51Z,23.7,tablet
E0002256,C00921,page_view,2026-07-17T17:22:27Z,22.3,desktop
E0002257,C00561,refund_request,2026-07-10T03:31:41Z,13.6,desktop
E0002258,C00652,refund_request,2026-07-14T03:07:41Z,9.8,desktop
E0002259,C00971,checkout,2026-07-10T03:04:41Z,12.3,android
E0002260,C00055,refund_request,2026-07-02T19:17:46Z,0.6,ios
E0002261,C00484,support_ticket,2026-07-19T08:00:22Z,37.9,ios
E0002262,C00179,add_to_cart,2026-07-11T12:00:50Z,27.9,ios
E0002263,C00242,refund_request,2026-07-07T10:28:25Z,28.7,android
E0002264,C00362,refund_request,2026-07-17T08:16:58Z,39.6,android
E0002265,C00616,add_to_cart,2026-07-07T10:02:07Z,17.0,tablet
E0002266,C01137,support_ticket,2026-07-20T04:38:27Z,25.3,ios
E0002267,C00180,support_ticket,2026-07-25T23:59:31Z,6.1,ios
E0002268,C00611,page_view,2026-07-16T12:31:27Z,11.5,android
E0002269,C00991,add_to_cart,2026-07-07T02:55:42Z,18.6,desktop
E0002270,C00487,checkout,2026-07-03T18:50:31Z,33.9,tablet
E0002271,C00932,add_to_cart,2026-07-11T20:21:53Z,33.8,ios
E0002272,C00702,add_to_cart,2026-07-22T21:40:44Z,32.2,ios
E0002273,C01102,add_to_cart,2026-07-28T00:13:01Z,16.8,android
E0002274,C00599,checkout,2026-07-24T17:40:08Z,25.8,android
E0002275,C00058,page_view,2026-07-17T09:14:48Z,15.7,desktop
E0002276,C01123,support_ticket,2026-07-13T14:36:47Z,0.7,tablet
E0002277,C00886,page_view,2026-07-24T07:28:13Z,1.1,desktop
E0002278,C00204,add_to_cart,2026-07-28T09:51:03Z,3.5,ios
E0002279,C00748,page_view,2026-07-14T13:41:38Z,9.3,android
E0002280,C00427,add_to_cart,2026-07-17T20:50:38Z,33.2,tablet
E0002281,C00648,add_to_cart,2026-07-29T23:40:21Z,26.7,android
E0002282,C00632,support_ticket,2026-07-05T03:24:40Z,7.7,android
E0002283,C00478,checkout,2026-07-24T18:45:10Z,25.1,android
E0002284,C00837,page_view,2026-07-14T17:59:27Z,10.8,tablet
E0002285,C00512,checkout,2026-07-18T23:37:22Z,15.6,desktop
E0002286,C00081,page_view,2026-07-12T16:27:39Z,16.5,desktop
E0002287,C00204,support_ticket,2026-07-26T09:38:57Z,8.2,android
E0002288,C00305,checkout,2026-07-11T02:54:22Z,12.5,ios
E0002289,C00474,page_view,2026-07-12T03:55:41Z,9.7,tablet
E0002290,C00786,page_view,2026-07-26T07:42:13Z,5.3,android
E0002291,C00131,refund_request,2026-07-11T05:31:46Z,6.1,desktop
E0002292,C00131,add_to_cart,2026-07-08T06:19:19Z,31.7,tablet
E0002293,C00663,refund_request,2026-07-05T05:21:25Z,15.2,ios
E0002294,C00239,checkout,2026-07-02T12:30:28Z,35.8,ios
E0002295,C00632,checkout,2026-07-20T22:35:28Z,28.5,tablet
E0002296,C00312,page_view,2026-07-13T21:08:27Z,16.1,android
E0002297,C00580,support_ticket,2026-07-09T23:58:07Z,40.9,desktop
E0002298,C00010,refund_request,2026-07-06T21:18:41Z,9.4,android
E0002299,C00870,refund_request,2026-07-29T09:47:44Z,21.7,tablet
E0002300,C00610,checkout,2026-07-23T22:46:07Z,5.4,tablet
E0002301,C00067,add_to_cart,2026-07-27T11:23:08Z,40.0,android
E0002302,C00055,refund_request,2026-07-17T08:10:08Z,30.7,desktop
E0002303,C01175,refund_request,2026-07-20T08:55:43Z,6.3,tablet
E0002304,C00498,page_view,2026-07-30T08:43:52Z,41.1,desktop
E0002305,C01049,support_ticket,2026-07-05T08:08:00Z,29.0,desktop
E0002306,C00915,checkout,2026-07-13T18:25:29Z,31.9,desktop
E0002307,C00194,checkout,2026-07-21T14:48:21Z,13.1,tablet
E0002308,C00390,refund_request,2026-07-19T22:27:34Z,12.2,desktop
E0002309,C00208,refund_request,2026-07-23T00:26:52Z,8.1,tablet
E0002310,C00415,checkout,2026-07-24T00:45:23Z,0.6,ios
E0002311,C00171,checkout,2026-07-09T09:44:35Z,1.0,ios
E0002312,C01137,support_ticket,2026-07-22T12:42:25Z,29.3,android
E0002313,C00913,support_ticket,2026-07-11T07:27:08Z,1.3,tablet
E0002314,C00995,refund_request,2026-07-13T19:08:38Z,27.2,desktop
E0002315,C00284,page_view,2026-07-30T01:33:11Z,23.4,ios
E0002316,C00183,add_to_cart,2026-07-07T20:17:22Z,29.2,tablet
E0002317,C00939,support_ticket,2026-07-10T17:38:59Z,14.3,ios
E0002318,C00889,refund_request,2026-07-15T03:58:24Z,1.2,android
E0002319,C01010,checkout,2026-07-05T19:11:58Z,33.2,desktop
E0002320,C00580,add_to_cart,2026-07-19T23:54:24Z,38.3,tablet
E0002321,C00990,refund_request,2026-07-05T06:58:50Z,26.3,desktop
E0002322,C01113,refund_request,2026-07-11T21:45:20Z,17.2,ios
E0002323,C00359,checkout,2026-07-25T12:28:18Z,6.4,desktop
E0002324,C00684,support_ticket,2026-07-09T05:14:20Z,22.2,android
E0002325,C00142,page_view,2026-07-30T20:15:27Z,4.2,ios
E0002326,C01137,page_view,2026-07-09T07:38:59Z,15.8,ios
E0002327,C01019,page_view,2026-07-07T05:06:52Z,26.6,ios
E0002328,C00491,checkout,2026-07-06T10:06:05Z,5.2,android
E0002329,C00589,checkout,2026-07-01T03:54:36Z,37.6,ios
E0002330,C00079,add_to_cart,2026-07-04T07:23:30Z,21.2,desktop
E0002331,C01003,refund_request,2026-07-11T23:47:30Z,12.0,android
E0002332,C00255,add_to_cart,2026-07-06T22:18:28Z,41.5,ios
E0002333,C00272,add_to_cart,2026-07-26T10:04:24Z,41.3,tablet
E0002334,C00258,page_view,2026-07-19T06:24:59Z,28.4,tablet
E0002335,C00137,page_view,2026-07-18T02:34:53Z,33.9,desktop
E0002336,C00872,checkout,2026-07-21T23:09:36Z,13.0,android
E0002337,C00658,add_to_cart,2026-07-22T06:13:32Z,15.9,desktop
E0002338,C00054,checkout,2026-07-22T18:49:57Z,2.9,desktop
E0002339,C00763,page_view,2026-07-04T20:47:23Z,30.9,ios
E0002340,C00309,refund_request,2026-07-17T07:11:51Z,1.6,tablet
E0002341,C01196,page_view,2026-07-13T09:06:53Z,10.0,tablet
E0002342,C00666,add_to_cart,2026-07-08T16:03:01Z,3.9,desktop
E0002343,C00429,support_ticket,2026-07-22T18:52:03Z,21.8,android
E0002344,C01079,add_to_cart,2026-07-20T06:33:53Z,13.1,ios
E0002345,C00308,refund_request,2026-07-04T16:49:15Z,8.9,android
E0002346,C01083,page_view,2026-07-07T13:35:39Z,19.2,desktop
E0002347,C00670,support_ticket,2026-07-17T18:17:37Z,4.8,desktop
E0002348,C00334,checkout,2026-07-13T05:19:35Z,4.1,ios
E0002349,C01150,support_ticket,2026-07-26T00:40:15Z,25.9,ios
E0002350,C00753,checkout,2026-07-19T10:20:38Z,16.6,ios
E0002351,C00704,page_view,2026-07-24T11:01:22Z,27.6,ios
E0002352,C00642,add_to_cart,2026-07-05T02:14:46Z,21.9,android
E0002353,C00639,checkout,2026-07-23T02:49:34Z,37.9,desktop
E0002354,C00206,add_to_cart,2026-07-07T20:47:39Z,5.2,tablet
E0002355,C00407,refund_request,2026-07-30T23:49:09Z,14.5,ios
E0002356,C00196,support_ticket,2026-07-20T01:25:49Z,39.3,android
E0002357,C00172,checkout,2026-07-13T01:08:29Z,41.1,ios
E0002358,C00489,page_view,2026-07-13T05:44:55Z,5.4,ios
E0002359,C01058,support_ticket,2026-07-28T11:16:29Z,38.1,ios
E0002360,C00529,support_ticket,2026-07-18T14:45:10Z,4.7,tablet
E0002361,C00188,support_ticket,2026-07-02T04:46:38Z,27.3,android
E0002362,C01006,page_view,2026-07-18T09:57:49Z,25.4,tablet
E0002363,C00755,checkout,2026-07-02T06:07:55Z,0.2,android
E0002364,C00313,page_view,2026-07-21T13:22:42Z,4.1,android
E0002365,C00560,support_ticket,2026-07-17T00:36:02Z,13.0,tablet
E0002366,C00612,refund_request,2026-07-04T12:41:44Z,2.5,android
E0002367,C00944,support_ticket,2026-07-22T16:02:58Z,4.9,tablet
E0002368,C00040,refund_request,2026-07-03T23:31:58Z,30.4,android
E0002369,C00988,page_view,2026-07-15T07:07:28Z,18.1,tablet
E0002370,C00021,page_view,2026-07-11T23:12:59Z,29.0,desktop
E0002371,C00135,checkout,2026-07-21T12:27:06Z,38.4,tablet
E0002372,C00037,page_view,2026-07-06T18:24:08Z,13.2,desktop
E0002373,C01020,page_view,2026-07-30T20:55:07Z,4.3,desktop
E0002374,C00250,refund_request,2026-07-28T19:37:11Z,5.8,android
E0002375,C00940,checkout,2026-07-26T11:09:27Z,38.8,android
E0002376,C01172,refund_request,2026-07-11T05:22:57Z,1.3,android
E0002377,C01103,page_view,2026-07-15T16:47:21Z,24.5,ios
E0002378,C00255,add_to_cart,2026-07-01T10:16:47Z,9.1,android
E0002379,C00521,checkout,2026-07-07T11:30:28Z,6.8,ios
E0002380,C00474,page_view,2026-07-27T23:16:19Z,33.5,android
E0002381,C00032,add_to_cart,2026-07-21T02:49:41Z,8.4,desktop
E0002382,C00526,checkout,2026-07-25T23:18:09Z,30.5,android
E0002383,C00110,page_view,2026-07-07T16:55:09Z,30.4,ios
E0002384,C00620,add_to_cart,2026-07-04T21:05:59Z,5.8,desktop
E0002385,C00487,page_view,2026-07-12T13:21:26Z,9.2,android
E0002386,C00654,refund_request,2026-07-16T07:57:03Z,39.1,desktop
E0002387,C00138,support_ticket,2026-07-06T15:54:01Z,11.4,tablet
E0002388,C00541,support_ticket,2026-07-06T18:16:27Z,15.2,ios
E0002389,C00525,page_view,2026-07-27T01:47:55Z,3.5,ios
E0002390,C00557,add_to_cart,2026-07-23T20:59:27Z,11.4,desktop
E0002391,C00271,support_ticket,2026-07-13T11:51:30Z,38.5,android
E0002392,C01069,checkout,2026-07-25T01:34:45Z,24.8,ios
E0002393,C00169,checkout,2026-07-11T04:47:34Z,18.0,desktop
E0002394,C00652,page_view,2026-07-14T08:07:44Z,19.7,desktop
E0002395,C00932,page_view,2026-07-25T12:01:16Z,33.1,ios
E0002396,C00924,checkout,2026-07-27T18:34:36Z,25.8,ios
E0002397,C00921,add_to_cart,2026-07-15T12:52:33Z,10.3,android
E0002398,C01132,support_ticket,2026-07-05T16:23:57Z,8.5,ios
E0002399,C00651,checkout,2026-07-09T05:43:54Z,15.9,ios
E0002400,C00686,page_view,2026-07-15T19:42:16Z,26.5,tablet
E0002401,C00941,page_view,2026-07-24T23:10:39Z,15.7,desktop
E0002402,C00249,add_to_cart,2026-07-15T07:37:22Z,3.3,ios
E0002403,C00808,support_ticket,2026-07-06T20:07:58Z,26.7,android
E0002404,C00056,page_view,2026-07-26T07:54:56Z,8.1,desktop
E0002405,C00447,add_to_cart,2026-07-21T06:07:29Z,39.7,desktop
E0002406,C00392,support_ticket,2026-07-04T00:38:28Z,3.0,ios
E0002407,C00042,refund_request,2026-07-09T06:38:16Z,10.5,android
E0002408,C01107,add_to_cart,2026-07-30T21:44:14Z,15.8,desktop
E0002409,C00790,page_view,2026-07-22T15:21:56Z,9.1,tablet
E0002410,C00614,refund_request,2026-07-05T05:05:48Z,24.2,android
E0002411,C00611,support_ticket,2026-07-14T00:05:18Z,26.4,desktop
E0002412,C00416,support_ticket,2026-07-04T16:33:37Z,28.2,ios
E0002413,C00714,refund_request,2026-07-18T11:53:08Z,36.3,desktop
E0002414,C00395,checkout,2026-07-04T23:55:22Z,35.2,desktop
E0002415,C00187,add_to_cart,2026-07-10T06:40:44Z,32.7,tablet
E0002416,C00742,page_view,2026-07-25T03:45:04Z,29.9,desktop
E0002417,C01176,page_view,2026-07-30T01:13:23Z,25.2,ios
E0002418,C00747,add_to_cart,2026-07-11T11:32:20Z,33.3,ios
E0002419,C01154,refund_request,2026-07-18T02:44:26Z,33.7,tablet
E0002420,C00117,support_ticket,2026-07-11T06:38:45Z,5.4,android
E0002421,C00369,support_ticket,2026-07-28T09:42:32Z,1.2,tablet
E0002422,C01117,add_to_cart,2026-07-07T02:45:45Z,37.8,desktop
E0002423,C00989,support_ticket,2026-07-01T01:56:02Z,7.5,desktop
E0002424,C00929,support_ticket,2026-07-30T14:09:00Z,9.5,ios
E0002425,C00281,page_view,2026-07-02T04:56:41Z,5.4,tablet
E0002426,C00296,page_view,2026-07-29T02:13:42Z,39.9,ios
E0002427,C01015,add_to_cart,2026-07-16T00:18:09Z,18.0,desktop
E0002428,C00157,support_ticket,2026-07-10T21:01:50Z,20.5,ios
E0002429,C00340,support_ticket,2026-07-07T14:14:01Z,14.2,ios
E0002430,C00233,refund_request,2026-07-30T04:58:38Z,10.1,desktop
E0002431,C01144,refund_request,2026-07-30T22:02:57Z,5.9,tablet
E0002432,C01145,add_to_cart,2026-07-17T08:22:28Z,10.0,tablet
E0002433,C00739,add_to_cart,2026-07-05T08:20:11Z,11.9,tablet
E0002434,C00532,checkout,2026-07-30T03:48:43Z,22.2,ios
E0002435,C00507,page_view,2026-07-26T12:18:36Z,32.6,desktop
E0002436,C00244,add_to_cart,2026-07-05T14:02:54Z,21.3,desktop
E0002437,C00141,page_view,2026-07-28T18:41:07Z,8.4,desktop
E0002438,C00830,add_to_cart,2026-07-24T00:55:15Z,15.0,ios
E0002439,C00882,add_to_cart,2026-07-16T15:10:56Z,0.5,ios
E0002440,C00198,checkout,2026-07-19T17:23:07Z,28.3,android
E0002441,C01132,checkout,2026-07-27T05:53:00Z,5.1,android
E0002442,C00134,support_ticket,2026-07-19T02:08:25Z,40.6,ios
E0002443,C00369,add_to_cart,2026-07-28T08:44:14Z,28.0,android
E0002444,C00772,checkout,2026-07-29T06:59:34Z,39.1,tablet
E0002445,C00176,page_view,2026-07-30T13:19:26Z,32.5,ios
E0002446,C00975,support_ticket,2026-07-31T20:12:07Z,38.1,tablet
E0002447,C00477,page_view,2026-07-22T09:42:51Z,41.8,android
E0002448,C00784,refund_request,2026-07-15T22:40:54Z,28.0,tablet
E0002449,C01095,page_view,2026-07-01T19:42:26Z,6.2,desktop
E0002450,C00812,page_view,2026-07-30T13:18:43Z,34.6,ios
E0002451,C00717,checkout,2026-07-14T00:58:50Z,26.1,tablet
E0002452,C00378,page_view,2026-07-09T09:07:46Z,29.0,android
E0002453,C00755,page_view,2026-07-31T01:42:28Z,26.7,android
E0002454,C00709,checkout,2026-07-26T03:57:21Z,34.3,desktop
E0002455,C00575,support_ticket,2026-07-29T19:30:10Z,14.8,android
E0002456,C01093,checkout,2026-07-18T01:27:33Z,12.4,ios
E0002457,C00156,support_ticket,2026-07-30T12:17:12Z,29.9,ios
E0002458,C00897,add_to_cart,2026-07-14T16:13:03Z,38.2,android
E0002459,C00775,support_ticket,2026-07-01T23:12:32Z,2.7,ios
E0002460,C00822,add_to_cart,2026-07-29T08:58:06Z,5.8,ios
E0002461,C00944,page_view,2026-07-17T12:18:31Z,32.5,android
E0002462,C00995,add_to_cart,2026-07-27T22:08:12Z,15.9,ios
E0002463,C01062,page_view,2026-07-23T07:11:08Z,3.6,ios
E0002464,C00508,add_to_cart,2026-07-11T16:20:48Z,6.5,tablet
E0002465,C00689,page_view,2026-07-11T00:34:14Z,39.8,android
E0002466,C00543,add_to_cart,2026-07-03T06:15:43Z,23.0,android
E0002467,C00444,refund_request,2026-07-29T19:05:11Z,26.7,desktop
E0002468,C00420,refund_request,2026-07-15T13:30:23Z,10.7,tablet
E0002469,C00485,refund_request,2026-07-15T19:59:46Z,18.0,android
E0002470,C00402,support_ticket,2026-07-08T06:55:16Z,17.4,android
E0002471,C01176,add_to_cart,2026-07-24T21:02:55Z,8.7,ios
E0002472,C00633,add_to_cart,2026-07-28T18:03:53Z,0.7,desktop
E0002473,C00891,refund_request,2026-07-03T07:41:37Z,34.6,desktop
E0002474,C00306,support_ticket,2026-07-11T20:16:12Z,5.9,android
E0002475,C00228,page_view,2026-07-26T02:48:05Z,36.3,desktop
E0002476,C00827,refund_request,2026-07-30T21:58:30Z,31.4,desktop
E0002477,C00456,add_to_cart,2026-07-20T13:43:26Z,15.9,ios
E0002478,C00432,checkout,2026-07-17T13:48:17Z,27.0,tablet
E0002479,C01054,checkout,2026-07-27T03:27:10Z,9.3,desktop
E0002480,C00933,page_view,2026-07-27T14:52:06Z,10.1,android
E0002481,C00961,checkout,2026-07-08T17:48:05Z,33.9,desktop
E0002482,C00688,add_to_cart,2026-07-21T17:28:14Z,35.1,tablet
E0002483,C00441,refund_request,2026-07-23T03:43:07Z,29.3,desktop
E0002484,C00075,checkout,2026-07-21T20:10:59Z,30.2,tablet
E0002485,C01047,refund_request,2026-07-12T03:40:01Z,4.6,ios
E0002486,C00194,checkout,2026-07-09T00:25:33Z,30.4,android
E0002487,C01091,add_to_cart,2026-07-15T17:08:49Z,35.5,desktop
E0002488,C00598,refund_request,2026-07-18T13:11:29Z,16.3,android
E0002489,C01181,refund_request,2026-07-31T00:32:01Z,5.3,desktop
E0002490,C00928,add_to_cart,2026-07-03T07:09:51Z,30.5,ios
E0002491,C00647,add_to_cart,2026-07-31T18:32:55Z,8.6,ios
E0002492,C00313,page_view,2026-07-10T07:04:08Z,23.4,android
E0002493,C00427,checkout,2026-07-14T04:50:39Z,28.6,android
E0002494,C00789,refund_request,2026-07-29T08:11:54Z,18.9,android
E0002495,C00243,checkout,2026-07-23T09:01:18Z,12.3,android
E0002496,C00778,refund_request,2026-07-19T00:36:07Z,16.0,android
E0002497,C00534,add_to_cart,2026-07-30T14:01:04Z,4.0,ios
E0002498,C00111,add_to_cart,2026-07-13T16:07:22Z,13.9,ios
E0002499,C00511,page_view,2026-07-08T02:08:29Z,37.9,android
E0002500,C00570,page_view,2026-07-13T09:05:37Z,25.9,ios
E0002501,C00739,page_view,2026-07-15T22:14:37Z,35.9,android
E0002502,C00311,page_view,2026-07-24T05:59:04Z,30.8,android
E0002503,C00367,page_view,2026-07-07T05:26:12Z,14.6,desktop
E0002504,C01138,support_ticket,2026-07-21T20:45:14Z,28.4,android
E0002505,C00517,add_to_cart,2026-07-03T15:05:40Z,23.0,android
E0002506,C00210,add_to_cart,2026-07-15T00:16:29Z,2.4,android
E0002507,C01021,refund_request,2026-07-06T19:39:03Z,20.5,android
E0002508,C00047,add_to_cart,2026-07-27T21:38:56Z,31.4,desktop
E0002509,C00712,page_view,2026-07-18T06:12:01Z,9.0,tablet
E0002510,C00876,support_ticket,2026-07-17T08:09:31Z,0.3,ios
E0002511,C01085,add_to_cart,2026-07-14T00:07:52Z,9.3,tablet
E0002512,C00289,add_to_cart,2026-07-12T09:53:50Z,19.9,tablet
E0002513,C00631,checkout,2026-07-21T00:07:55Z,25.1,tablet
E0002514,C00766,refund_request,2026-07-05T03:26:38Z,26.6,android
E0002515,C00070,support_ticket,2026-07-07T22:58:50Z,3.0,tablet
E0002516,C00124,add_to_cart,2026-07-01T14:20:25Z,29.6,desktop
E0002517,C00966,support_ticket,2026-07-27T03:56:50Z,26.9,desktop
E0002518,C00058,refund_request,2026-07-06T01:40:39Z,1.2,android
E0002519,C00406,support_ticket,2026-07-24T21:05:36Z,21.3,ios
E0002520,C00438,add_to_cart,2026-07-26T12:46:41Z,41.5,desktop
E0002521,C00957,refund_request,2026-07-16T05:19:41Z,7.3,ios
E0002522,C01008,page_view,2026-07-16T06:18:03Z,21.8,ios
E0002523,C00316,page_view,2026-07-16T01:22:41Z,30.3,ios
E0002524,C00624,page_view,2026-07-09T05:33:55Z,16.6,android
E0002525,C00935,support_ticket,2026-07-17T10:34:56Z,1.7,tablet
E0002526,C01030,add_to_cart,2026-07-03T17:22:10Z,14.5,desktop
E0002527,C00176,page_view,2026-07-15T04:19:29Z,27.7,ios
E0002528,C00854,checkout,2026-07-07T04:09:23Z,9.9,android
E0002529,C00057,refund_request,2026-07-31T02:18:21Z,12.0,desktop
E0002530,C00362,support_ticket,2026-07-03T14:53:43Z,8.5,android
E0002531,C00609,support_ticket,2026-07-09T08:45:19Z,3.8,ios
E0002532,C00647,checkout,2026-07-06T19:07:23Z,14.2,tablet
E0002533,C00026,refund_request,2026-07-01T15:47:50Z,22.9,ios
E0002534,C01195,checkout,2026-07-07T06:38:08Z,11.7,desktop
E0002535,C00757,add_to_cart,2026-07-27T19:57:23Z,10.7,desktop
E0002536,C00082,checkout,2026-07-01T11:07:25Z,14.2,desktop
E0002537,C00814,page_view,2026-07-27T03:41:17Z,13.7,desktop
E0002538,C00348,refund_request,2026-07-08T20:08:15Z,30.9,desktop
E0002539,C00246,page_view,2026-07-12T09:50:13Z,8.8,desktop
E0002540,C00945,refund_request,2026-07-21T08:02:02Z,26.5,android
E0002541,C00279,add_to_cart,2026-07-10T06:16:42Z,15.5,tablet
E0002542,C00369,add_to_cart,2026-07-03T09:35:14Z,20.5,android
E0002543,C00541,add_to_cart,2026-07-04T19:57:25Z,27.6,tablet
E0002544,C00858,add_to_cart,2026-07-19T19:34:45Z,26.1,tablet
E0002545,C00635,page_view,2026-07-24T12:38:53Z,17.1,tablet
E0002546,C00971,support_ticket,2026-07-02T23:09:38Z,33.3,android
E0002547,C00633,checkout,2026-07-05T10:18:29Z,35.5,ios
E0002548,C01124,page_view,2026-07-28T14:02:57Z,26.1,ios
E0002549,C00698,page_view,2026-07-13T20:32:12Z,40.0,tablet
E0002550,C00953,support_ticket,2026-07-07T18:43:40Z,17.0,android
E0002551,C00327,add_to_cart,2026-07-14T10:13:26Z,11.2,android
E0002552,C00073,refund_request,2026-07-20T10:03:26Z,33.4,ios
E0002553,C00203,add_to_cart,2026-07-18T16:15:01Z,33.6,android
E0002554,C01094,support_ticket,2026-07-10T09:03:36Z,18.4,ios
E0002555,C01124,page_view,2026-07-24T11:26:53Z,28.3,android
E0002556,C00557,checkout,2026-07-02T18:49:01Z,23.5,desktop
E0002557,C00945,add_to_cart,2026-07-14T16:21:53Z,35.6,ios
E0002558,C00094,checkout,2026-07-17T13:40:54Z,29.5,ios
E0002559,C00158,page_view,2026-07-17T03:33:48Z,14.7,android
E0002560,C01160,page_view,2026-07-30T23:27:20Z,5.4,tablet
E0002561,C00323,page_view,2026-07-20T19:59:46Z,16.9,android
E0002562,C01026,add_to_cart,2026-07-17T22:24:16Z,2.3,tablet
E0002563,C00871,support_ticket,2026-07-14T21:46:14Z,12.6,tablet
E0002564,C01025,checkout,2026-07-09T19:35:51Z,11.0,desktop
E0002565,C00248,page_view,2026-07-01T15:47:27Z,35.1,android
E0002566,C01173,add_to_cart,2026-07-16T02:15:23Z,9.4,ios
E0002567,C00082,checkout,2026-07-17T01:57:56Z,14.9,android
E0002568,C01011,support_ticket,2026-07-16T22:32:07Z,6.4,desktop
E0002569,C00620,checkout,2026-07-10T09:19:29Z,32.3,desktop
E0002570,C00382,add_to_cart,2026-07-06T12:13:54Z,13.3,ios
E0002571,C00034,refund_request,2026-07-08T00:01:05Z,20.2,tablet
E0002572,C00660,add_to_cart,2026-07-13T21:25:22Z,7.5,tablet
E0002573,C01171,checkout,2026-07-20T06:43:31Z,3.0,desktop
E0002574,C00236,support_ticket,2026-07-11T04:35:15Z,31.8,desktop
E0002575,C00771,page_view,2026-07-03T08:29:36Z,6.9,ios
E0002576,C00914,support_ticket,2026-07-26T13:10:40Z,7.1,ios
E0002577,C00249,checkout,2026-07-15T21:11:34Z,24.3,ios
E0002578,C00429,page_view,2026-07-14T03:04:03Z,12.5,desktop
E0002579,C00973,checkout,2026-07-28T14:21:41Z,39.8,desktop
E0002580,C00782,add_to_cart,2026-07-27T00:29:00Z,36.2,desktop
E0002581,C00631,checkout,2026-07-28T04:40:55Z,34.1,android
E0002582,C00233,checkout,2026-07-19T18:17:09Z,17.0,desktop
E0002583,C00634,page_view,2026-07-13T19:03:23Z,11.5,tablet
E0002584,C00953,support_ticket,2026-07-02T04:45:41Z,25.2,android
E0002585,C01067,checkout,2026-07-31T13:47:11Z,18.2,desktop
E0002586,C00430,refund_request,2026-07-01T22:17:16Z,12.2,tablet
E0002587,C01062,support_ticket,2026-07-18T23:14:18Z,34.3,desktop
E0002588,C00110,support_ticket,2026-07-24T11:25:19Z,17.8,ios
E0002589,C00250,checkout,2026-07-18T22:40:13Z,9.3,ios
E0002590,C01161,add_to_cart,2026-07-26T19:24:49Z,8.7,android
E0002591,C00211,support_ticket,2026-07-11T21:11:51Z,4.9,desktop
E0002592,C00584,refund_request,2026-07-20T16:20:25Z,39.5,android
E0002593,C00957,checkout,2026-07-12T08:01:45Z,29.1,desktop
E0002594,C00267,checkout,2026-07-21T02:37:25Z,33.6,android
E0002595,C00929,page_view,2026-07-05T18:51:26Z,30.8,tablet
E0002596,C00071,add_to_cart,2026-07-26T10:21:39Z,27.1,desktop
E0002597,C00431,support_ticket,2026-07-12T05:01:57Z,27.5,desktop
E0002598,C00472,refund_request,2026-07-24T09:41:22Z,5.7,desktop
E0002599,C01056,add_to_cart,2026-07-05T02:19:30Z,23.9,desktop
E0002600,C00861,checkout,2026-07-28T15:27:56Z,17.7,desktop
E0002601,C00012,refund_request,2026-07-14T10:38:26Z,33.4,desktop
E0002602,C00207,checkout,2026-07-05T18:12:15Z,30.9,desktop
E0002603,C00280,support_ticket,2026-07-16T10:27:32Z,12.4,desktop
E0002604,C00988,refund_request,2026-07-13T18:02:14Z,32.6,desktop
E0002605,C00661,refund_request,2026-07-20T05:57:34Z,8.4,ios
E0002606,C00857,checkout,2026-07-29T10:16:39Z,14.8,android
E0002607,C00552,checkout,2026-07-17T12:27:44Z,35.7,tablet
E0002608,C01120,checkout,2026-07-31T09:57:38Z,27.5,ios
E0002609,C00649,page_view,2026-07-30T07:35:11Z,30.9,ios
E0002610,C00743,refund_request,2026-07-26T07:56:57Z,27.9,android
E0002611,C00696,refund_request,2026-07-14T19:36:47Z,23.7,tablet
E0002612,C00195,add_to_cart,2026-07-18T17:42:59Z,6.1,desktop
E0002613,C00262,page_view,2026-07-14T17:50:58Z,22.0,ios
E0002614,C01137,support_ticket,2026-07-28T17:21:02Z,1.3,ios
E0002615,C00196,checkout,2026-07-28T10:45:57Z,9.8,desktop
E0002616,C01188,checkout,2026-07-10T04:08:40Z,34.9,tablet
E0002617,C00705,add_to_cart,2026-07-18T10:46:37Z,28.6,ios
E0002618,C00690,page_view,2026-07-14T22:13:16Z,24.6,ios
E0002619,C00249,checkout,2026-07-24T21:35:14Z,4.0,desktop
E0002620,C00291,add_to_cart,2026-07-22T06:41:01Z,19.3,tablet
E0002621,C00271,refund_request,2026-07-25T15:19:17Z,17.9,tablet
E0002622,C00886,refund_request,2026-07-16T12:59:00Z,34.6,desktop
E0002623,C00034,add_to_cart,2026-07-17T01:51:46Z,13.5,ios
E0002624,C00478,checkout,2026-07-24T18:47:38Z,30.1,android
E0002625,C00890,page_view,2026-07-01T04:40:28Z,32.6,desktop
E0002626,C00207,support_ticket,2026-07-16T20:59:19Z,40.8,android
E0002627,C00211,refund_request,2026-07-14T17:24:49Z,40.3,ios
E0002628,C00853,checkout,2026-07-30T17:19:26Z,12.9,ios
E0002629,C00622,refund_request,2026-07-28T14:10:45Z,4.4,tablet
E0002630,C00327,checkout,2026-07-25T08:45:16Z,34.9,android
E0002631,C01187,add_to_cart,2026-07-26T04:10:53Z,34.0,tablet
E0002632,C00312,page_view,2026-07-08T08:28:03Z,3.1,desktop
E0002633,C01135,refund_request,2026-07-15T06:57:00Z,12.5,desktop
E0002634,C00587,support_ticket,2026-07-31T01:20:52Z,35.8,android
E0002635,C01061,support_ticket,2026-07-30T08:31:40Z,35.3,android
E0002636,C00258,refund_request,2026-07-07T20:55:17Z,17.2,desktop
E0002637,C00795,add_to_cart,2026-07-01T14:49:12Z,34.2,ios
E0002638,C00445,add_to_cart,2026-07-04T05:18:18Z,33.4,desktop
E0002639,C01177,add_to_cart,2026-07-23T19:34:36Z,2.7,desktop
E0002640,C00551,add_to_cart,2026-07-10T17:09:45Z,27.2,tablet
E0002641,C00336,page_view,2026-07-30T20:59:37Z,33.1,android
E0002642,C00300,checkout,2026-07-23T21:31:55Z,2.4,tablet
E0002643,C00717,add_to_cart,2026-07-27T06:11:51Z,34.1,tablet
E0002644,C01182,refund_request,2026-07-12T09:02:18Z,8.2,desktop
E0002645,C00066,refund_request,2026-07-13T22:40:47Z,30.5,android
E0002646,C01106,add_to_cart,2026-07-27T21:19:33Z,7.4,desktop
E0002647,C00787,refund_request,2026-07-10T18:42:12Z,37.2,ios
E0002648,C00271,checkout,2026-07-07T22:35:18Z,19.4,android
E0002649,C00112,add_to_cart,2026-07-06T02:02:59Z,34.4,tablet
E0002650,C00404,refund_request,2026-07-11T15:24:25Z,16.8,android
E0002651,C00067,checkout,2026-07-15T20:12:30Z,41.1,desktop
E0002652,C01085,page_view,2026-07-30T06:52:49Z,38.0,desktop
E0002653,C00470,checkout,2026-07-01T05:07:04Z,5.6,desktop
E0002654,C01137,refund_request,2026-07-02T14:28:02Z,29.7,desktop
E0002655,C00335,checkout,2026-07-03T04:28:12Z,21.7,tablet
E0002656,C00455,add_to_cart,2026-07-15T04:19:58Z,24.5,ios
E0002657,C01186,refund_request,2026-07-01T14:25:23Z,8.7,android
E0002658,C00087,refund_request,2026-07-10T01:35:21Z,6.9,ios
E0002659,C00911,page_view,2026-07-02T06:45:33Z,18.5,ios
E0002660,C00924,support_ticket,2026-07-29T05:16:24Z,34.3,android
E0002661,C00721,page_view,2026-07-01T19:12:02Z,31.6,desktop
E0002662,C01044,checkout,2026-07-18T21:03:22Z,19.6,desktop
E0002663,C00448,support_ticket,2026-07-01T05:08:55Z,40.7,ios
E0002664,C00935,checkout,2026-07-09T13:14:27Z,26.9,ios
E0002665,C00495,checkout,2026-07-17T21:51:58Z,37.5,tablet
E0002666,C00124,page_view,2026-07-19T14:31:11Z,19.8,ios
E0002667,C00139,refund_request,2026-07-07T01:52:58Z,24.5,ios
E0002668,C00004,checkout,2026-07-21T15:03:30Z,30.3,tablet
E0002669,C00768,support_ticket,2026-07-24T13:48:06Z,24.0,desktop
E0002670,C00555,support_ticket,2026-07-26T09:11:26Z,34.6,android
E0002671,C00053,checkout,2026-07-28T12:09:10Z,42.0,ios
E0002672,C00603,checkout,2026-07-28T18:21:09Z,2.3,ios
E0002673,C00360,support_ticket,2026-07-15T05:41:27Z,27.4,android
E0002674,C00174,page_view,2026-07-11T05:22:46Z,14.6,android
E0002675,C00732,support_ticket,2026-07-27T20:41:02Z,35.1,desktop
E0002676,C00099,add_to_cart,2026-07-15T11:41:38Z,39.6,android
E0002677,C00719,checkout,2026-07-28T18:48:12Z,39.6,desktop
E0002678,C00241,refund_request,2026-07-31T12:09:51Z,29.2,android
E0002679,C00786,checkout,2026-07-19T07:05:50Z,23.3,android
E0002680,C01040,add_to_cart,2026-07-20T22:29:58Z,37.6,ios
E0002681,C00079,support_ticket,2026-07-14T08:19:45Z,20.9,ios
E0002682,C00544,support_ticket,2026-07-11T04:34:58Z,23.7,desktop
E0002683,C00611,page_view,2026-07-20T07:56:54Z,15.8,desktop
E0002684,C00680,refund_request,2026-07-14T12:56:19Z,21.8,desktop
E0002685,C00284,add_to_cart,2026-07-12T06:58:01Z,41.3,android
E0002686,C00568,checkout,2026-07-24T11:24:32Z,39.2,desktop
E0002687,C00452,support_ticket,2026-07-06T21:50:16Z,30.7,ios
E0002688,C00566,page_view,2026-07-23T07:46:31Z,13.9,desktop
E0002689,C01090,add_to_cart,2026-07-16T21:28:44Z,9.3,desktop
E0002690,C00871,page_view,2026-07-08T02:34:08Z,27.7,ios
E0002691,C01078,support_ticket,2026-07-01T14:59:19Z,25.9,tablet
E0002692,C00394,checkout,2026-07-23T19:19:21Z,7.3,tablet
E0002693,C00291,refund_request,2026-07-04T03:08:43Z,12.8,android
E0002694,C00329,checkout,2026-07-31T08:20:28Z,3.5,desktop
E0002695,C00792,page_view,2026-07-31T13:50:13Z,29.2,desktop
E0002696,C00765,add_to_cart,2026-07-17T21:31:38Z,15.1,tablet
E0002697,C00157,refund_request,2026-07-24T18:49:10Z,3.9,android
E0002698,C00465,add_to_cart,2026-07-15T01:24:59Z,22.7,desktop
E0002699,C00215,support_ticket,2026-07-24T20:58:24Z,5.3,ios
E0002700,C00270,checkout,2026-07-13T23:32:03Z,7.6,desktop
E0002701,C00816,refund_request,2026-07-28T08:37:40Z,6.0,android
E0002702,C00928,page_view,2026-07-22T00:07:53Z,32.1,ios
E0002703,C00281,refund_request,2026-07-14T00:45:38Z,16.7,desktop
E0002704,C00711,add_to_cart,2026-07-17T22:01:01Z,29.7,tablet
E0002705,C00133,page_view,2026-07-30T21:52:20Z,16.2,tablet
E0002706,C00611,page_view,2026-07-26T13:50:04Z,34.9,android
E0002707,C00974,checkout,2026-07-31T09:22:09Z,28.7,tablet
E0002708,C01169,support_ticket,2026-07-23T14:42:13Z,6.6,android
E0002709,C00533,support_ticket,2026-07-15T23:41:22Z,25.4,ios
E0002710,C00431,refund_request,2026-07-05T04:43:59Z,2.6,tablet
E0002711,C00576,refund_request,2026-07-31T21:15:38Z,22.5,tablet
E0002712,C00207,checkout,2026-07-01T17:56:50Z,23.3,desktop
E0002713,C01174,add_to_cart,2026-07-02T03:35:36Z,0.5,desktop
E0002714,C00494,page_view,2026-07-29T02:00:00Z,11.9,desktop
E0002715,C01007,page_view,2026-07-09T01:43:58Z,6.2,android
E0002716,C00961,refund_request,2026-07-24T00:57:15Z,13.0,ios
E0002717,C01013,page_view,2026-07-07T19:29:18Z,1.3,desktop
E0002718,C00395,add_to_cart,2026-07-22T03:33:04Z,6.3,ios
E0002719,C00931,page_view,2026-07-29T01:51:07Z,15.7,android
E0002720,C00494,add_to_cart,2026-07-12T10:23:29Z,20.7,android
E0002721,C00362,support_ticket,2026-07-26T21:27:14Z,0.3,desktop
E0002722,C00301,support_ticket,2026-07-29T18:24:14Z,1.4,ios
E0002723,C01108,checkout,2026-07-29T14:24:30Z,19.7,android
E0002724,C00815,checkout,2026-07-12T20:49:36Z,21.0,desktop
E0002725,C01116,support_ticket,2026-07-20T23:03:25Z,4.4,ios
E0002726,C00956,add_to_cart,2026-07-08T02:51:58Z,28.3,android
E0002727,C00091,checkout,2026-07-07T00:16:51Z,16.9,ios
E0002728,C01173,add_to_cart,2026-07-01T09:13:50Z,39.5,android
E0002729,C00824,page_view,2026-07-15T13:01:33Z,1.9,android
E0002730,C00944,checkout,2026-07-28T22:47:56Z,20.5,ios
E0002731,C00143,refund_request,2026-07-01T08:21:12Z,3.9,ios
E0002732,C00527,add_to_cart,2026-07-06T23:29:25Z,38.8,android
E0002733,C00627,checkout,2026-07-30T15:09:03Z,17.4,ios
E0002734,C00002,support_ticket,2026-07-19T10:12:44Z,28.5,tablet
E0002735,C00208,support_ticket,2026-07-24T01:53:02Z,30.2,ios
E0002736,C00186,support_ticket,2026-07-09T06:08:54Z,33.2,android
E0002737,C00150,add_to_cart,2026-07-02T12:42:11Z,13.8,ios
E0002738,C00743,add_to_cart,2026-07-26T21:48:25Z,13.0,android
E0002739,C00816,refund_request,2026-07-24T06:51:32Z,8.9,ios
E0002740,C00065,support_ticket,2026-07-13T01:45:01Z,18.3,tablet
E0002741,C00983,checkout,2026-07-01T06:26:01Z,31.4,tablet
E0002742,C00079,page_view,2026-07-16T09:38:07Z,34.1,ios
E0002743,C01188,page_view,2026-07-19T23:43:24Z,31.2,android
E0002744,C00830,refund_request,2026-07-28T03:33:00Z,12.6,android
E0002745,C00147,refund_request,2026-07-09T00:43:23Z,27.2,desktop
E0002746,C00850,page_view,2026-07-05T06:28:33Z,2.0,android
E0002747,C00219,page_view,2026-07-12T10:39:56Z,19.6,android
E0002748,C00835,support_ticket,2026-07-31T15:39:24Z,36.7,tablet
E0002749,C00167,support_ticket,2026-07-05T23:18:20Z,4.6,ios
E0002750,C00464,checkout,2026-07-19T08:57:49Z,32.5,android
E0002751,C00542,page_view,2026-07-08T07:01:56Z,25.4,ios
E0002752,C00666,refund_request,2026-07-04T21:58:20Z,23.4,desktop
E0002753,C00176,add_to_cart,2026-07-23T06:21:59Z,24.7,tablet
E0002754,C01155,add_to_cart,2026-07-25T16:56:30Z,30.2,android
E0002755,C00167,page_view,2026-07-04T12:45:15Z,14.8,tablet
E0002756,C00852,checkout,2026-07-07T05:46:44Z,8.7,tablet
E0002757,C00564,refund_request,2026-07-03T21:51:22Z,7.7,ios
E0002758,C00501,support_ticket,2026-07-12T07:39:26Z,4.6,ios
E0002759,C00540,page_view,2026-07-06T10:52:36Z,9.9,android
E0002760,C00602,add_to_cart,2026-07-28T15:46:19Z,26.8,tablet
E0002761,C01108,support_ticket,2026-07-06T02:26:45Z,9.5,tablet
E0002762,C00188,add_to_cart,2026-07-17T15:13:42Z,37.1,desktop
E0002763,C01075,support_ticket,2026-07-21T05:00:33Z,34.4,ios
E0002764,C00420,refund_request,2026-07-09T19:51:18Z,15.5,android
E0002765,C00526,checkout,2026-07-05T09:18:27Z,3.5,android
E0002766,C00772,page_view,2026-07-01T11:28:58Z,19.3,ios
E0002767,C00506,refund_request,2026-07-14T10:31:28Z,11.9,desktop
E0002768,C00722,refund_request,2026-07-08T11:06:41Z,38.7,tablet
E0002769,C01116,add_to_cart,2026-07-14T01:55:01Z,23.9,desktop
E0002770,C00892,add_to_cart,2026-07-26T05:53:34Z,33.9,android
E0002771,C00015,checkout,2026-07-23T02:11:27Z,33.2,ios
E0002772,C00669,support_ticket,2026-07-03T10:46:31Z,13.0,desktop
E0002773,C00898,support_ticket,2026-07-01T14:18:56Z,41.7,tablet
E0002774,C00487,page_view,2026-07-02T23:15:51Z,41.6,ios
E0002775,C00873,support_ticket,2026-07-08T02:54:14Z,20.0,android
E0002776,C00060,refund_request,2026-07-23T03:55:10Z,35.9,desktop
E0002777,C00294,page_view,2026-07-15T00:59:32Z,18.1,desktop
E0002778,C00318,refund_request,2026-07-09T18:47:01Z,25.1,ios
E0002779,C00908,refund_request,2026-07-01T03:01:14Z,30.1,android
E0002780,C01082,checkout,2026-07-22T21:53:11Z,26.0,android
E0002781,C00665,support_ticket,2026-07-09T09:10:32Z,39.1,android
E0002782,C00706,checkout,2026-07-03T17:15:28Z,42.0,android
E0002783,C00072,add_to_cart,2026-07-27T12:17:58Z,33.9,android
E0002784,C00353,add_to_cart,2026-07-28T19:53:58Z,6.8,android
E0002785,C00221,page_view,2026-07-28T18:11:39Z,0.8,tablet
E0002786,C00199,add_to_cart,2026-07-30T02:34:29Z,16.1,ios
E0002787,C00368,refund_request,2026-07-02T17:35:10Z,8.0,tablet
E0002788,C00281,refund_request,2026-07-04T10:22:10Z,14.0,desktop
E0002789,C00319,support_ticket,2026-07-22T23:46:56Z,24.3,ios
E0002790,C00684,support_ticket,2026-07-11T19:05:44Z,21.7,tablet
E0002791,C00321,page_view,2026-07-01T14:36:55Z,2.4,tablet
E0002792,C00976,checkout,2026-07-20T23:18:21Z,37.5,android
E0002793,C00020,refund_request,2026-07-24T21:05:52Z,29.6,android
E0002794,C00641,checkout,2026-07-06T08:32:43Z,33.7,desktop
E0002795,C00253,refund_request,2026-07-30T07:42:30Z,4.5,tablet
E0002796,C00582,checkout,2026-07-31T16:51:04Z,30.6,tablet
E0002797,C00081,checkout,2026-07-21T13:12:41Z,33.9,desktop
E0002798,C00978,page_view,2026-07-01T16:57:03Z,27.4,android
E0002799,C00805,page_view,2026-07-03T09:56:00Z,13.5,ios
E0002800,C00996,support_ticket,2026-07-19T08:29:49Z,22.5,tablet
E0002801,C00084,add_to_cart,2026-07-20T23:54:02Z,7.9,tablet
E0002802,C00024,support_ticket,2026-07-17T14:13:19Z,35.1,android
E0002803,C00482,add_to_cart,2026-07-10T01:31:58Z,27.6,desktop
E0002804,C00355,refund_request,2026-07-26T04:02:54Z,26.8,desktop
E0002805,C00027,add_to_cart,2026-07-14T05:28:20Z,2.1,android
E0002806,C00954,refund_request,2026-07-08T14:21:36Z,22.5,ios
E0002807,C01140,refund_request,2026-07-07T21:42:15Z,6.9,android
E0002808,C00697,support_ticket,2026-07-10T11:51:45Z,23.9,tablet
E0002809,C00884,checkout,2026-07-17T08:09:29Z,41.1,desktop
E0002810,C00551,refund_request,2026-07-25T18:01:43Z,16.7,ios
E0002811,C00534,page_view,2026-07-26T14:37:33Z,36.2,ios
E0002812,C00347,support_ticket,2026-07-07T18:03:26Z,7.6,desktop
E0002813,C01161,page_view,2026-07-19T22:36:28Z,11.8,tablet
E0002814,C00611,refund_request,2026-07-25T08:51:08Z,11.6,android
E0002815,C01034,support_ticket,2026-07-20T04:47:04Z,3.7,ios
E0002816,C00011,page_view,2026-07-27T02:11:26Z,36.9,ios
E0002817,C00455,add_to_cart,2026-07-12T08:50:47Z,14.9,desktop
E0002818,C00576,checkout,2026-07-05T15:11:00Z,1.1,desktop
E0002819,C00992,support_ticket,2026-07-24T00:43:42Z,30.8,desktop
E0002820,C00517,checkout,2026-07-27T07:22:15Z,14.1,desktop
E0002821,C00116,checkout,2026-07-28T14:00:06Z,28.2,ios
E0002822,C00596,support_ticket,2026-07-05T23:49:39Z,4.2,ios
E0002823,C00040,refund_request,2026-07-30T19:44:52Z,2.1,ios
E0002824,C00606,checkout,2026-07-06T22:01:42Z,19.4,ios
E0002825,C00030,refund_request,2026-07-06T02:17:28Z,25.4,desktop
E0002826,C00598,refund_request,2026-07-02T04:52:28Z,25.2,desktop
E0002827,C00807,page_view,2026-07-23T01:07:13Z,18.8,ios
E0002828,C00878,support_ticket,2026-07-14T13:20:31Z,23.4,android
E0002829,C00253,support_ticket,2026-07-13T15:05:04Z,6.8,tablet
E0002830,C00427,page_view,2026-07-06T13:14:29Z,4.0,android
E0002831,C00540,support_ticket,2026-07-01T20:30:10Z,33.9,tablet
E0002832,C00435,add_to_cart,2026-07-20T13:58:00Z,36.4,tablet
E0002833,C00250,support_ticket,2026-07-15T19:57:02Z,9.0,tablet
E0002834,C00617,page_view,2026-07-22T21:33:09Z,39.6,desktop
E0002835,C01022,refund_request,2026-07-06T08:54:15Z,5.7,desktop
E0002836,C00754,refund_request,2026-07-25T13:45:34Z,18.7,tablet
E0002837,C00741,page_view,2026-07-22T06:29:51Z,32.6,desktop
E0002838,C00757,page_view,2026-07-10T08:26:51Z,33.3,desktop
E0002839,C00545,add_to_cart,2026-07-14T21:54:42Z,23.8,ios
E0002840,C00471,add_to_cart,2026-07-31T05:30:52Z,8.9,desktop
E0002841,C00611,add_to_cart,2026-07-02T14:44:19Z,28.9,android
E0002842,C00450,add_to_cart,2026-07-11T04:30:55Z,5.2,desktop
E0002843,C00768,support_ticket,2026-07-06T16:54:38Z,21.5,ios
E0002844,C00733,page_view,2026-07-26T13:09:00Z,37.9,ios
E0002845,C00070,support_ticket,2026-07-16T14:37:48Z,30.1,android
E0002846,C01027,add_to_cart,2026-07-19T11:54:40Z,32.1,tablet
E0002847,C00881,checkout,2026-07-19T10:04:55Z,16.4,tablet
E0002848,C00595,refund_request,2026-07-13T05:33:46Z,11.4,ios
E0002849,C00406,add_to_cart,2026-07-08T12:13:30Z,25.5,android
E0002850,C00968,refund_request,2026-07-03T20:04:34Z,10.6,android
E0002851,C00508,support_ticket,2026-07-28T20:39:33Z,36.4,tablet
E0002852,C00018,add_to_cart,2026-07-15T04:05:52Z,15.7,ios
E0002853,C01182,checkout,2026-07-13T06:54:55Z,4.3,ios
E0002854,C01173,page_view,2026-07-29T00:55:10Z,18.1,tablet
E0002855,C00662,support_ticket,2026-07-30T14:39:34Z,14.8,ios
E0002856,C00136,page_view,2026-07-12T08:30:48Z,6.0,android
E0002857,C00030,refund_request,2026-07-05T03:54:39Z,25.6,desktop
E0002858,C00615,checkout,2026-07-17T16:01:53Z,27.3,ios
E0002859,C00284,page_view,2026-07-14T00:19:25Z,3.7,tablet
E0002860,C00673,checkout,2026-07-29T23:52:17Z,0.5,ios
E0002861,C00568,refund_request,2026-07-23T11:13:23Z,2.4,ios
E0002862,C01149,page_view,2026-07-11T23:49:33Z,15.9,android
E0002863,C00232,add_to_cart,2026-07-24T06:26:52Z,24.4,ios
E0002864,C01076,checkout,2026-07-29T08:07:22Z,9.0,tablet
E0002865,C00543,refund_request,2026-07-27T22:35:29Z,31.3,desktop
E0002866,C00343,add_to_cart,2026-07-28T05:35:29Z,19.0,android
E0002867,C01175,checkout,2026-07-16T20:53:58Z,35.4,tablet
E0002868,C00404,checkout,2026-07-08T06:02:10Z,28.9,tablet
E0002869,C00808,refund_request,2026-07-09T09:02:56Z,15.6,tablet
E0002870,C00247,add_to_cart,2026-07-14T09:27:42Z,12.3,tablet
E0002871,C01114,checkout,2026-07-21T12:15:59Z,36.0,tablet
E0002872,C00195,add_to_cart,2026-07-04T22:00:39Z,27.4,desktop
E0002873,C00988,add_to_cart,2026-07-10T01:08:37Z,25.2,ios
E0002874,C00760,checkout,2026-07-24T16:22:05Z,36.4,ios
E0002875,C00394,add_to_cart,2026-07-28T04:16:56Z,19.1,tablet
E0002876,C00106,page_view,2026-07-19T19:35:18Z,6.2,desktop
E0002877,C00544,page_view,2026-07-18T15:07:18Z,21.3,ios
E0002878,C00383,support_ticket,2026-07-27T09:38:14Z,9.4,ios
E0002879,C00262,checkout,2026-07-27T14:04:44Z,4.7,desktop
E0002880,C00050,page_view,2026-07-25T22:53:26Z,15.4,ios
E0002881,C00047,refund_request,2026-07-26T17:44:06Z,36.1,ios
E0002882,C01106,page_view,2026-07-12T00:22:29Z,28.7,tablet
E0002883,C00091,add_to_cart,2026-07-04T18:28:06Z,7.5,tablet
E0002884,C00298,refund_request,2026-07-14T22:27:45Z,30.8,desktop
E0002885,C00099,checkout,2026-07-10T06:48:46Z,36.3,android
E0002886,C00989,refund_request,2026-07-18T04:40:47Z,35.1,desktop
E0002887,C00146,add_to_cart,2026-07-29T18:51:20Z,13.1,ios
E0002888,C00272,support_ticket,2026-07-21T18:27:20Z,26.7,ios
E0002889,C00246,refund_request,2026-07-15T11:32:08Z,35.2,ios
E0002890,C00073,support_ticket,2026-07-25T05:43:07Z,21.3,android
E0002891,C00481,checkout,2026-07-25T12:54:27Z,12.5,desktop
E0002892,C00538,checkout,2026-07-24T14:35:44Z,35.0,desktop
E0002893,C00978,add_to_cart,2026-07-22T09:07:59Z,6.8,ios
E0002894,C00235,page_view,2026-07-19T02:43:48Z,13.0,ios
E0002895,C00295,page_view,2026-07-06T01:50:56Z,28.6,desktop
E0002896,C00802,page_view,2026-07-11T14:29:47Z,30.7,android
E0002897,C00602,support_ticket,2026-07-31T11:49:56Z,18.1,desktop
E0002898,C01192,add_to_cart,2026-07-22T12:02:03Z,36.6,desktop
E0002899,C01186,support_ticket,2026-07-04T05:41:13Z,8.9,desktop
E0002900,C01139,refund_request,2026-07-12T06:32:02Z,25.6,android
E0002901,C01109,page_view,2026-07-15T11:45:00Z,20.0,ios
E0002902,C01160,refund_request,2026-07-08T11:29:27Z,12.3,tablet
E0002903,C00542,checkout,2026-07-23T18:36:19Z,20.0,android
E0002904,C00180,refund_request,2026-07-17T05:58:25Z,28.6,desktop
E0002905,C00927,support_ticket,2026-07-19T06:07:51Z,17.6,tablet
E0002906,C00313,support_ticket,2026-07-08T19:46:35Z,16.1,tablet
E0002907,C00811,refund_request,2026-07-11T04:20:22Z,9.8,ios
E0002908,C00997,refund_request,2026-07-22T04:57:24Z,10.4,tablet
E0002909,C00409,support_ticket,2026-07-18T20:07:16Z,16.9,ios
E0002910,C00598,checkout,2026-07-24T15:42:53Z,28.7,ios
E0002911,C01148,support_ticket,2026-07-10T10:27:10Z,40.1,desktop
E0002912,C00511,checkout,2026-07-23T17:34:29Z,1.7,desktop
E0002913,C00452,page_view,2026-07-26T13:05:23Z,8.5,ios
E0002914,C00269,add_to_cart,2026-07-29T21:44:08Z,41.1,android
E0002915,C00071,refund_request,2026-07-06T09:40:15Z,8.1,ios
E0002916,C00187,refund_request,2026-07-16T05:40:15Z,17.3,android
E0002917,C00112,add_to_cart,2026-07-13T09:29:50Z,14.9,android
E0002918,C00399,checkout,2026-07-22T02:44:19Z,30.4,desktop
E0002919,C01171,add_to_cart,2026-07-11T20:29:05Z,41.4,ios
E0002920,C00910,add_to_cart,2026-07-22T22:08:18Z,5.6,android
E0002921,C00053,support_ticket,2026-07-14T09:41:22Z,20.2,desktop
E0002922,C01104,refund_request,2026-07-27T18:22:38Z,20.1,android
E0002923,C00179,checkout,2026-07-16T04:17:09Z,18.6,ios
E0002924,C00228,checkout,2026-07-11T01:10:58Z,16.6,tablet
E0002925,C00554,support_ticket,2026-07-21T19:04:23Z,34.8,ios
E0002926,C00297,refund_request,2026-07-07T12:53:26Z,28.5,ios
E0002927,C00175,refund_request,2026-07-07T18:00:08Z,14.9,tablet
E0002928,C00586,add_to_cart,2026-07-01T12:23:13Z,27.8,tablet
E0002929,C00223,page_view,2026-07-12T18:08:24Z,20.4,desktop
E0002930,C00888,refund_request,2026-07-24T02:26:13Z,37.8,desktop
E0002931,C00126,refund_request,2026-07-16T10:05:10Z,0.4,android
E0002932,C00108,add_to_cart,2026-07-23T13:28:53Z,34.5,ios
E0002933,C01008,checkout,2026-07-13T21:28:17Z,3.8,ios
E0002934,C00347,support_ticket,2026-07-08T15:13:44Z,16.2,android
E0002935,C01031,page_view,2026-07-01T13:35:59Z,12.4,android
E0002936,C00494,add_to_cart,2026-07-25T17:00:40Z,7.9,desktop
E0002937,C01075,add_to_cart,2026-07-05T17:04:53Z,3.6,desktop
E0002938,C00878,support_ticket,2026-07-24T07:13:57Z,6.8,ios
E0002939,C00477,page_view,2026-07-13T17:18:09Z,28.3,desktop
E0002940,C00480,page_view,2026-07-30T08:35:27Z,13.7,ios
E0002941,C00778,checkout,2026-07-05T03:20:57Z,4.3,desktop
E0002942,C00816,checkout,2026-07-25T05:17:47Z,16.6,ios
E0002943,C00731,add_to_cart,2026-07-31T14:50:45Z,40.4,desktop
E0002944,C00999,page_view,2026-07-21T05:59:40Z,25.0,android
E0002945,C00089,refund_request,2026-07-16T05:24:20Z,10.0,ios
E0002946,C01169,add_to_cart,2026-07-03T14:23:07Z,19.2,desktop
E0002947,C01075,refund_request,2026-07-08T12:46:40Z,25.3,ios
E0002948,C00891,support_ticket,2026-07-24T09:38:40Z,11.5,desktop
E0002949,C01145,add_to_cart,2026-07-14T14:53:20Z,0.0,ios
E0002950,C00262,support_ticket,2026-07-02T08:57:23Z,15.4,ios
E0002951,C01095,page_view,2026-07-02T07:49:00Z,22.5,ios
E0002952,C00312,checkout,2026-07-05T19:55:02Z,33.3,tablet
E0002953,C00412,page_view,2026-07-06T00:04:28Z,19.5,ios
E0002954,C00279,page_view,2026-07-15T19:54:08Z,33.6,desktop
E0002955,C00780,refund_request,2026-07-28T10:40:17Z,27.3,ios
E0002956,C00756,checkout,2026-07-29T20:23:02Z,1.2,desktop
E0002957,C00617,checkout,2026-07-23T07:04:28Z,12.0,ios
E0002958,C00369,checkout,2026-07-05T02:49:34Z,37.3,desktop
E0002959,C00662,add_to_cart,2026-07-20T08:54:52Z,38.8,ios
E0002960,C00888,checkout,2026-07-25T20:45:49Z,23.7,ios
E0002961,C00005,add_to_cart,2026-07-13T00:46:35Z,36.3,android
E0002962,C00438,checkout,2026-07-15T23:15:35Z,24.7,android
E0002963,C00884,add_to_cart,2026-07-09T00:36:23Z,36.2,desktop
E0002964,C01133,add_to_cart,2026-07-25T09:30:58Z,32.1,android
E0002965,C00857,support_ticket,2026-07-07T19:14:57Z,39.4,android
E0002966,C00655,checkout,2026-07-13T00:04:33Z,37.6,android
E0002967,C01160,page_view,2026-07-29T08:11:24Z,39.2,tablet
E0002968,C00236,refund_request,2026-07-12T13:56:34Z,14.4,ios
E0002969,C00009,add_to_cart,2026-07-29T09:53:12Z,12.1,tablet
E0002970,C00616,support_ticket,2026-07-06T00:57:17Z,31.2,ios
E0002971,C00730,support_ticket,2026-07-06T16:08:18Z,26.4,desktop
E0002972,C00769,page_view,2026-07-21T23:00:48Z,4.6,android
E0002973,C00555,support_ticket,2026-07-21T14:58:07Z,16.1,ios
E0002974,C01152,refund_request,2026-07-20T21:56:19Z,0.6,desktop
E0002975,C00608,page_view,2026-07-21T11:56:49Z,41.7,desktop
E0002976,C00723,refund_request,2026-07-16T13:34:29Z,6.6,android
E0002977,C01166,support_ticket,2026-07-12T21:40:08Z,20.8,ios
E0002978,C01193,checkout,2026-07-22T07:03:36Z,0.2,android
E0002979,C01000,page_view,2026-07-01T20:45:02Z,16.1,ios
E0002980,C00508,checkout,2026-07-02T07:01:44Z,6.7,android
E0002981,C00497,page_view,2026-07-30T23:31:59Z,18.3,android
E0002982,C00473,add_to_cart,2026-07-18T10:45:49Z,15.5,tablet
E0002983,C00628,add_to_cart,2026-07-04T20:25:20Z,8.2,ios
E0002984,C00222,add_to_cart,2026-07-26T16:29:33Z,7.1,android
E0002985,C00617,add_to_cart,2026-07-11T05:54:18Z,30.6,desktop
E0002986,C00378,refund_request,2026-07-30T20:01:47Z,9.0,tablet
E0002987,C00984,support_ticket,2026-07-16T18:42:49Z,10.1,tablet
E0002988,C00698,support_ticket,2026-07-07T04:44:17Z,37.2,android
E0002989,C01034,checkout,2026-07-10T11:06:19Z,20.1,android
E0002990,C00345,refund_request,2026-07-19T01:31:45Z,37.2,tablet
E0002991,C00421,refund_request,2026-07-27T06:12:30Z,6.4,android
E0002992,C01020,add_to_cart,2026-07-18T13:49:37Z,23.9,desktop
E0002993,C00222,add_to_cart,2026-07-02T15:45:46Z,31.2,android
E0002994,C01135,page_view,2026-07-02T19:14:43Z,34.8,tablet
E0002995,C00931,refund_request,2026-07-30T11:57:05Z,9.9,desktop
E0002996,C00979,page_view,2026-07-24T10:18:10Z,40.1,desktop
E0002997,C00172,refund_request,2026-07-24T00:56:46Z,25.1,ios
E0002998,C00348,support_ticket,2026-07-13T21:51:33Z,26.5,tablet
E0002999,C00559,refund_request,2026-07-22T03:31:36Z,18.3,ios
E0003000,C00112,add_to_cart,2026-07-15T00:04:14Z,30.8,desktop
E0003001,C00093,refund_request,2026-07-18T02:43:28Z,31.6,desktop
E0003002,C01037,checkout,2026-07-12T03:05:56Z,26.3,ios
E0003003,C00290,refund_request,2026-07-16T16:55:07Z,38.4,ios
E0003004,C00438,page_view,2026-07-14T07:08:13Z,12.0,android
E0003005,C00253,support_ticket,2026-07-10T12:32:24Z,27.7,android
E0003006,C00939,page_view,2026-07-21T16:03:32Z,16.4,ios
E0003007,C00264,page_view,2026-07-22T15:17:06Z,1.0,desktop
E0003008,C00322,support_ticket,2026-07-24T20:47:41Z,5.7,android
E0003009,C00810,checkout,2026-07-18T08:33:02Z,14.0,android
E0003010,C00798,support_ticket,2026-07-13T05:14:57Z,12.7,tablet
E0003011,C00277,page_view,2026-07-16T02:08:37Z,14.7,ios
E0003012,C00561,page_view,2026-07-09T04:17:56Z,0.3,desktop
E0003013,C01171,page_view,2026-07-30T08:13:04Z,12.4,ios
E0003014,C00126,support_ticket,2026-07-26T00:12:52Z,26.4,desktop
E0003015,C00709,checkout,2026-07-21T12:30:01Z,24.2,android
E0003016,C00615,support_ticket,2026-07-29T20:47:28Z,23.9,tablet
E0003017,C00355,refund_request,2026-07-26T08:19:56Z,32.6,ios
E0003018,C00952,add_to_cart,2026-07-30T10:55:24Z,24.5,desktop
E0003019,C00010,checkout,2026-07-05T06:20:08Z,20.3,tablet
E0003020,C00773,support_ticket,2026-07-02T06:34:05Z,40.2,android
E0003021,C00853,add_to_cart,2026-07-23T02:18:54Z,31.0,ios
E0003022,C00014,add_to_cart,2026-07-13T14:04:43Z,22.3,ios
E0003023,C01153,add_to_cart,2026-07-07T17:58:52Z,39.9,tablet
E0003024,C00930,add_to_cart,2026-07-05T08:43:06Z,17.0,ios
E0003025,C00486,support_ticket,2026-07-15T23:59:49Z,0.0,android
E0003026,C00654,page_view,2026-07-10T08:40:52Z,33.2,ios
E0003027,C00901,add_to_cart,2026-07-12T17:07:17Z,24.2,ios
E0003028,C01023,checkout,2026-07-06T11:48:37Z,5.9,ios
E0003029,C01167,checkout,2026-07-09T14:54:08Z,40.6,android
E0003030,C00408,support_ticket,2026-07-14T04:57:34Z,31.5,android
E0003031,C00566,support_ticket,2026-07-03T18:05:09Z,40.9,ios
E0003032,C00806,support_ticket,2026-07-01T03:39:34Z,12.0,tablet
E0003033,C00477,support_ticket,2026-07-16T20:14:20Z,23.7,tablet
E0003034,C01150,checkout,2026-07-30T11:32:11Z,8.1,ios
E0003035,C00399,page_view,2026-07-11T08:08:25Z,39.7,ios
E0003036,C00277,refund_request,2026-07-30T01:34:04Z,40.8,android
E0003037,C01030,page_view,2026-07-13T11:02:50Z,10.1,android
E0003038,C01039,add_to_cart,2026-07-31T11:20:58Z,35.9,ios
E0003039,C00603,support_ticket,2026-07-19T16:45:30Z,6.2,tablet
E0003040,C00742,page_view,2026-07-14T18:29:41Z,2.0,desktop
E0003041,C00323,refund_request,2026-07-07T12:13:34Z,29.5,android
E0003042,C01184,checkout,2026-07-15T03:42:57Z,11.9,desktop
E0003043,C00129,add_to_cart,2026-07-24T06:54:11Z,35.0,android
E0003044,C00348,support_ticket,2026-07-31T22:00:40Z,34.7,desktop
E0003045,C00792,add_to_cart,2026-07-26T04:34:42Z,37.5,ios
E0003046,C01163,add_to_cart,2026-07-28T00:24:29Z,16.1,android
E0003047,C00818,checkout,2026-07-29T08:25:31Z,39.7,ios
E0003048,C00636,page_view,2026-07-09T20:29:31Z,22.4,ios
E0003049,C00858,refund_request,2026-07-02T20:00:48Z,0.6,ios
E0003050,C00815,support_ticket,2026-07-22T15:11:48Z,22.9,android
E0003051,C00511,support_ticket,2026-07-24T09:37:10Z,12.8,ios
E0003052,C00417,refund_request,2026-07-19T05:04:23Z,32.3,desktop
E0003053,C01048,refund_request,2026-07-31T19:00:07Z,37.8,tablet
E0003054,C00596,checkout,2026-07-07T11:04:57Z,33.7,android
E0003055,C00158,page_view,2026-07-19T23:56:16Z,30.9,tablet
E0003056,C00988,page_view,2026-07-03T16:50:19Z,13.5,desktop
E0003057,C01008,checkout,2026-07-17T06:46:48Z,24.7,ios
E0003058,C01075,page_view,2026-07-15T14:50:19Z,2.8,desktop
E0003059,C01101,page_view,2026-07-06T09:14:45Z,15.6,ios
E0003060,C00342,page_view,2026-07-29T06:26:26Z,16.7,android
E0003061,C00423,checkout,2026-07-31T15:36:33Z,4.9,desktop
E0003062,C00702,add_to_cart,2026-07-14T22:08:39Z,9.7,android
E0003063,C00066,checkout,2026-07-15T13:13:57Z,30.3,tablet
E0003064,C00051,page_view,2026-07-21T11:06:58Z,24.1,ios
E0003065,C00526,refund_request,2026-07-13T20:38:48Z,36.5,android
E0003066,C01006,refund_request,2026-07-21T10:03:53Z,9.0,android
E0003067,C00423,add_to_cart,2026-07-11T11:49:13Z,29.7,desktop
E0003068,C00154,page_view,2026-07-06T08:26:01Z,17.1,android
E0003069,C00633,checkout,2026-07-10T01:44:20Z,32.6,tablet
E0003070,C00950,add_to_cart,2026-07-23T03:46:01Z,22.7,tablet
E0003071,C00807,add_to_cart,2026-07-29T08:53:37Z,8.9,android
E0003072,C00255,support_ticket,2026-07-12T15:03:42Z,39.1,desktop
E0003073,C00029,checkout,2026-07-20T10:32:03Z,15.0,desktop
E0003074,C01039,refund_request,2026-07-04T02:34:32Z,22.8,android
E0003075,C00059,support_ticket,2026-07-10T02:33:45Z,29.2,desktop
E0003076,C00509,page_view,2026-07-07T01:40:10Z,26.2,ios
E0003077,C00433,checkout,2026-07-18T08:13:25Z,20.7,desktop
E0003078,C00013,page_view,2026-07-04T11:33:54Z,40.4,ios
E0003079,C00722,page_view,2026-07-15T22:24:36Z,11.4,desktop
E0003080,C01093,support_ticket,2026-07-22T17:04:01Z,33.9,ios
E0003081,C00249,add_to_cart,2026-07-11T17:35:19Z,4.7,ios
E0003082,C00832,checkout,2026-07-20T12:57:01Z,13.6,android
E0003083,C01053,support_ticket,2026-07-20T05:35:38Z,1.2,tablet
E0003084,C00633,refund_request,2026-07-27T03:46:47Z,32.5,ios
E0003085,C00704,support_ticket,2026-07-24T20:17:43Z,34.8,ios
E0003086,C00573,refund_request,2026-07-15T11:51:45Z,8.5,tablet
E0003087,C00133,page_view,2026-07-25T14:17:15Z,22.1,desktop
E0003088,C00252,page_view,2026-07-01T00:43:01Z,2.0,tablet
E0003089,C00634,refund_request,2026-07-23T13:43:13Z,40.3,android
E0003090,C00209,support_ticket,2026-07-06T21:11:26Z,35.1,tablet
E0003091,C00405,checkout,2026-07-29T09:13:00Z,13.0,tablet
E0003092,C00431,add_to_cart,2026-07-04T21:34:21Z,15.7,desktop
E0003093,C00269,support_ticket,2026-07-11T20:05:05Z,11.0,tablet
E0003094,C00054,page_view,2026-07-14T22:23:24Z,33.9,ios
E0003095,C00858,page_view,2026-07-10T06:32:43Z,37.5,android
E0003096,C00698,refund_request,2026-07-30T00:44:23Z,7.8,ios
E0003097,C00471,page_view,2026-07-24T06:22:36Z,7.2,ios
E0003098,C01022,refund_request,2026-07-20T03:35:05Z,17.0,android
E0003099,C00348,page_view,2026-07-13T22:56:42Z,20.2,ios
E0003100,C00363,refund_request,2026-07-09T09:56:46Z,2.5,android
E0003101,C00464,support_ticket,2026-07-16T20:43:35Z,10.1,android
E0003102,C01075,support_ticket,2026-07-16T00:17:42Z,5.0,android
E0003103,C00146,refund_request,2026-07-02T08:40:05Z,6.5,desktop
E0003104,C01083,checkout,2026-07-21T20:24:10Z,34.2,desktop
E0003105,C00817,page_view,2026-07-20T05:50:19Z,0.9,desktop
E0003106,C00659,add_to_cart,2026-07-28T17:44:10Z,35.3,android
E0003107,C00189,support_ticket,2026-07-24T19:21:46Z,26.4,tablet
E0003108,C00328,refund_request,2026-07-09T10:52:25Z,5.3,android
E0003109,C00575,add_to_cart,2026-07-20T13:40:25Z,10.7,tablet
E0003110,C00702,checkout,2026-07-01T12:18:00Z,3.1,android
E0003111,C00654,checkout,2026-07-01T01:50:30Z,28.4,tablet
E0003112,C00618,refund_request,2026-07-15T06:51:37Z,38.5,tablet
E0003113,C00916,page_view,2026-07-02T01:50:41Z,3.3,desktop
E0003114,C00213,support_ticket,2026-07-22T03:41:07Z,15.4,android
E0003115,C00692,add_to_cart,2026-07-13T16:37:29Z,7.3,android
E0003116,C00880,add_to_cart,2026-07-13T09:44:54Z,28.7,ios
E0003117,C00816,page_view,2026-07-12T16:49:26Z,2.5,ios
E0003118,C00387,refund_request,2026-07-07T00:09:36Z,28.3,android
E0003119,C00244,add_to_cart,2026-07-21T08:50:27Z,6.2,tablet
E0003120,C00001,refund_request,2026-07-05T05:42:01Z,40.7,android
E0003121,C00658,page_view,2026-07-24T13:50:53Z,26.8,android
E0003122,C00170,checkout,2026-07-05T08:49:36Z,7.3,tablet
E0003123,C00769,support_ticket,2026-07-28T16:01:52Z,35.8,tablet
E0003124,C00666,page_view,2026-07-10T20:30:15Z,3.4,android
E0003125,C00150,page_view,2026-07-17T18:53:21Z,33.7,ios
E0003126,C00865,refund_request,2026-07-23T20:29:58Z,2.6,android
E0003127,C00821,support_ticket,2026-07-05T14:43:59Z,29.5,desktop
E0003128,C00822,add_to_cart,2026-07-31T16:53:09Z,16.2,android
E0003129,C00043,page_view,2026-07-28T15:36:56Z,2.1,ios
E0003130,C00723,page_view,2026-07-27T17:39:05Z,29.4,tablet
E0003131,C00128,support_ticket,2026-07-16T15:03:18Z,30.8,android
E0003132,C00477,page_view,2026-07-04T12:48:23Z,39.3,desktop
E0003133,C00136,page_view,2026-07-14T21:34:58Z,14.4,android
E0003134,C00186,refund_request,2026-07-21T19:49:28Z,2.8,ios
E0003135,C00664,page_view,2026-07-10T17:10:31Z,15.8,ios
E0003136,C00778,add_to_cart,2026-07-24T08:23:38Z,9.1,ios
E0003137,C00882,refund_request,2026-07-19T17:03:35Z,30.8,android
E0003138,C01005,page_view,2026-07-20T09:46:27Z,11.5,ios
E0003139,C00801,add_to_cart,2026-07-02T01:56:54Z,39.5,ios
E0003140,C01044,page_view,2026-07-06T18:30:38Z,0.6,ios
E0003141,C00483,add_to_cart,2026-07-08T17:11:42Z,35.4,desktop
E0003142,C00724,add_to_cart,2026-07-20T12:57:18Z,29.5,tablet
E0003143,C00454,refund_request,2026-07-02T06:29:50Z,6.7,desktop
E0003144,C00952,page_view,2026-07-16T00:09:17Z,19.2,desktop
E0003145,C00963,support_ticket,2026-07-14T12:47:37Z,6.6,desktop
E0003146,C00655,page_view,2026-07-27T05:29:19Z,38.4,android
E0003147,C00953,support_ticket,2026-07-13T10:57:54Z,34.1,desktop
E0003148,C00362,add_to_cart,2026-07-27T08:50:08Z,23.8,desktop
E0003149,C00257,refund_request,2026-07-14T05:34:29Z,38.8,desktop
E0003150,C01170,refund_request,2026-07-18T01:43:57Z,41.1,android
E0003151,C00272,page_view,2026-07-20T11:00:06Z,6.7,tablet
E0003152,C01145,checkout,2026-07-11T04:11:40Z,28.8,android
E0003153,C00389,checkout,2026-07-15T15:09:35Z,17.7,desktop
E0003154,C01100,add_to_cart,2026-07-31T21:54:20Z,13.2,desktop
E0003155,C00918,checkout,2026-07-16T18:55:51Z,13.3,android
E0003156,C00368,checkout,2026-07-11T13:56:30Z,37.9,desktop
E0003157,C00112,page_view,2026-07-04T08:03:07Z,39.7,android
E0003158,C00572,support_ticket,2026-07-09T18:50:45Z,9.7,desktop
E0003159,C00549,checkout,2026-07-16T13:50:23Z,1.8,tablet
E0003160,C00649,page_view,2026-07-02T15:52:14Z,22.7,android
E0003161,C00253,checkout,2026-07-07T16:15:18Z,3.7,android
E0003162,C00118,support_ticket,2026-07-14T10:13:47Z,20.4,desktop
E0003163,C00560,add_to_cart,2026-07-31T03:52:16Z,0.1,desktop
E0003164,C00795,add_to_cart,2026-07-07T07:16:22Z,2.4,ios
E0003165,C00325,add_to_cart,2026-07-31T23:04:00Z,27.3,tablet
E0003166,C00781,page_view,2026-07-17T14:36:30Z,39.6,ios
E0003167,C00541,page_view,2026-07-07T00:27:57Z,20.3,desktop
E0003168,C00894,refund_request,2026-07-21T02:14:31Z,27.0,tablet
E0003169,C00441,refund_request,2026-07-05T14:52:09Z,25.8,ios
E0003170,C00932,checkout,2026-07-20T14:04:21Z,16.2,tablet
E0003171,C00863,refund_request,2026-07-12T15:15:34Z,2.1,ios
E0003172,C00532,add_to_cart,2026-07-27T00:29:31Z,20.4,ios
E0003173,C00351,add_to_cart,2026-07-27T22:01:59Z,4.8,desktop
E0003174,C00972,add_to_cart,2026-07-06T23:26:06Z,17.0,desktop
E0003175,C00085,refund_request,2026-07-28T21:42:38Z,11.8,tablet
E0003176,C00822,page_view,2026-07-19T07:16:24Z,29.5,ios
E0003177,C00523,add_to_cart,2026-07-26T22:30:32Z,27.0,android
E0003178,C00545,refund_request,2026-07-24T23:57:16Z,26.2,tablet
E0003179,C00513,checkout,2026-07-29T07:53:55Z,13.5,android
E0003180,C00698,checkout,2026-07-24T18:18:19Z,23.2,tablet
E0003181,C00472,add_to_cart,2026-07-14T09:29:35Z,16.3,desktop
E0003182,C00707,checkout,2026-07-12T11:55:05Z,6.4,tablet
E0003183,C00580,add_to_cart,2026-07-11T21:08:33Z,29.3,tablet
E0003184,C00012,refund_request,2026-07-31T04:36:18Z,20.9,desktop
E0003185,C01091,add_to_cart,2026-07-25T13:44:59Z,1.3,desktop
E0003186,C00874,page_view,2026-07-21T11:12:38Z,8.6,desktop
E0003187,C01042,support_ticket,2026-07-17T03:16:50Z,6.9,tablet
E0003188,C00552,page_view,2026-07-08T02:33:56Z,3.4,desktop
E0003189,C00070,refund_request,2026-07-10T00:59:49Z,41.3,ios
E0003190,C00149,checkout,2026-07-02T09:11:13Z,2.3,ios
E0003191,C00170,checkout,2026-07-22T17:01:54Z,7.9,desktop
E0003192,C00458,refund_request,2026-07-07T02:20:52Z,35.5,tablet
E0003193,C00020,page_view,2026-07-16T21:50:47Z,22.5,android
E0003194,C00972,checkout,2026-07-29T00:02:25Z,12.7,android
E0003195,C01144,page_view,2026-07-03T03:19:29Z,22.9,ios
E0003196,C00722,refund_request,2026-07-01T12:05:30Z,31.8,android
E0003197,C00142,support_ticket,2026-07-22T22:32:05Z,19.6,tablet
E0003198,C00864,support_ticket,2026-07-24T01:04:05Z,28.5,desktop
E0003199,C00049,refund_request,2026-07-01T22:14:09Z,0.1,desktop
E0003200,C00976,add_to_cart,2026-07-07T20:55:49Z,12.0,tablet
E0003201,C00524,checkout,2026-07-26T08:33:21Z,21.1,android
E0003202,C00072,checkout,2026-07-17T00:58:12Z,19.7,ios
E0003203,C00162,support_ticket,2026-07-25T08:55:14Z,0.1,desktop
E0003204,C00019,page_view,2026-07-29T08:35:22Z,41.8,android
E0003205,C00459,add_to_cart,2026-07-06T11:33:30Z,24.6,android
E0003206,C01120,support_ticket,2026-07-22T19:51:47Z,26.6,tablet
E0003207,C00150,support_ticket,2026-07-07T12:02:59Z,37.0,tablet
E0003208,C00153,page_view,2026-07-12T13:33:54Z,15.7,desktop
E0003209,C00478,refund_request,2026-07-08T20:34:57Z,39.3,ios
E0003210,C00088,page_view,2026-07-04T10:55:47Z,28.3,android
E0003211,C00090,checkout,2026-07-21T05:17:03Z,30.9,android
E0003212,C00111,checkout,2026-07-23T12:38:59Z,40.4,desktop
E0003213,C00763,page_view,2026-07-16T07:28:26Z,24.7,desktop
E0003214,C01025,refund_request,2026-07-09T12:08:00Z,5.8,ios
E0003215,C00395,support_ticket,2026-07-05T00:28:57Z,27.6,tablet
E0003216,C00460,support_ticket,2026-07-14T21:57:45Z,12.5,ios
E0003217,C01113,add_to_cart,2026-07-18T00:17:12Z,5.4,ios
E0003218,C00148,page_view,2026-07-31T05:57:31Z,28.7,tablet
E0003219,C00903,checkout,2026-07-23T14:36:49Z,26.2,ios
E0003220,C00673,add_to_cart,2026-07-22T02:59:45Z,16.6,tablet
E0003221,C00563,page_view,2026-07-17T17:15:05Z,39.9,desktop
E0003222,C01162,add_to_cart,2026-07-17T20:05:45Z,34.3,android
E0003223,C00699,page_view,2026-07-17T02:48:46Z,16.9,tablet
E0003224,C00597,checkout,2026-07-07T09:19:48Z,28.3,android
E0003225,C00489,add_to_cart,2026-07-22T09:12:48Z,25.8,desktop
E0003226,C00926,support_ticket,2026-07-19T16:23:03Z,12.9,ios
E0003227,C00246,checkout,2026-07-16T07:39:22Z,30.5,ios
E0003228,C00928,refund_request,2026-07-01T20:14:45Z,41.6,ios
E0003229,C00389,add_to_cart,2026-07-05T21:16:22Z,12.3,tablet
E0003230,C00759,refund_request,2026-07-02T10:04:59Z,36.6,desktop
E0003231,C00817,refund_request,2026-07-29T19:47:27Z,18.7,ios
E0003232,C00171,support_ticket,2026-07-17T04:27:16Z,24.4,android
E0003233,C00663,support_ticket,2026-07-05T07:27:16Z,27.5,android
E0003234,C00272,page_view,2026-07-25T07:10:28Z,9.1,ios
E0003235,C00401,support_ticket,2026-07-22T16:33:23Z,11.5,android
E0003236,C00806,add_to_cart,2026-07-10T04:14:10Z,37.0,desktop
E0003237,C00469,checkout,2026-07-03T08:49:49Z,27.8,android
E0003238,C00717,checkout,2026-07-18T04:16:19Z,11.0,android
E0003239,C00229,add_to_cart,2026-07-19T16:48:07Z,14.3,tablet
E0003240,C01188,support_ticket,2026-07-16T17:11:15Z,33.3,ios
E0003241,C00446,support_ticket,2026-07-30T10:57:07Z,3.3,tablet
E0003242,C00671,support_ticket,2026-07-25T19:44:01Z,16.9,ios
E0003243,C00875,page_view,2026-07-07T05:43:38Z,41.3,android
E0003244,C00247,add_to_cart,2026-07-15T09:24:53Z,6.0,android
E0003245,C01071,support_ticket,2026-07-16T16:54:45Z,18.4,ios
E0003246,C00926,support_ticket,2026-07-13T12:06:57Z,4.6,desktop
E0003247,C01144,refund_request,2026-07-08T17:23:06Z,34.8,desktop
E0003248,C00165,support_ticket,2026-07-29T15:50:02Z,18.9,ios
E0003249,C00861,checkout,2026-07-22T16:03:58Z,5.5,desktop
E0003250,C00313,page_view,2026-07-05T19:54:54Z,33.7,tablet
E0003251,C01035,checkout,2026-07-13T08:51:59Z,23.8,android
E0003252,C00090,checkout,2026-07-07T20:07:43Z,27.3,desktop
E0003253,C00538,add_to_cart,2026-07-02T00:25:01Z,16.2,desktop
E0003254,C00682,page_view,2026-07-23T23:32:13Z,9.5,tablet
E0003255,C01102,page_view,2026-07-05T19:55:31Z,16.2,android
E0003256,C00035,support_ticket,2026-07-22T19:22:49Z,19.8,tablet
E0003257,C01046,refund_request,2026-07-02T18:19:29Z,25.0,desktop
E0003258,C00020,page_view,2026-07-02T15:03:49Z,21.3,desktop
E0003259,C00398,page_view,2026-07-11T00:53:36Z,25.7,ios
E0003260,C00971,support_ticket,2026-07-01T20:01:02Z,36.1,android
E0003261,C01103,refund_request,2026-07-29T12:16:51Z,19.1,desktop
E0003262,C00855,refund_request,2026-07-19T03:46:42Z,30.9,android
E0003263,C00634,refund_request,2026-07-10T20:16:18Z,16.1,android
E0003264,C00362,checkout,2026-07-21T00:12:47Z,1.6,tablet
E0003265,C00783,support_ticket,2026-07-26T07:17:09Z,33.9,android
E0003266,C00363,add_to_cart,2026-07-27T14:04:36Z,13.5,tablet
E0003267,C00062,checkout,2026-07-15T18:47:35Z,23.2,tablet
E0003268,C00727,refund_request,2026-07-29T13:24:35Z,29.6,desktop
E0003269,C00853,support_ticket,2026-07-02T04:09:27Z,18.5,android
E0003270,C00506,support_ticket,2026-07-09T18:26:09Z,36.4,desktop
E0003271,C00525,page_view,2026-07-13T20:40:15Z,10.5,android
E0003272,C00531,refund_request,2026-07-19T16:55:26Z,40.1,tablet
E0003273,C00595,page_view,2026-07-06T13:49:12Z,38.4,android
E0003274,C00866,support_ticket,2026-07-19T12:20:32Z,28.3,tablet
E0003275,C00924,checkout,2026-07-17T15:27:14Z,11.1,desktop
E0003276,C01024,add_to_cart,2026-07-01T04:58:03Z,6.4,desktop
E0003277,C00628,checkout,2026-07-15T13:34:53Z,35.8,desktop
E0003278,C00587,page_view,2026-07-01T21:49:29Z,14.5,android
E0003279,C00541,refund_request,2026-07-03T21:52:42Z,10.1,ios
E0003280,C00844,page_view,2026-07-18T03:35:00Z,8.5,tablet
E0003281,C00603,refund_request,2026-07-28T15:05:00Z,36.1,android
E0003282,C00876,checkout,2026-07-27T06:13:02Z,5.7,android
E0003283,C00057,support_ticket,2026-07-10T01:07:11Z,31.5,desktop
E0003284,C01043,checkout,2026-07-18T20:23:24Z,30.1,tablet
E0003285,C00901,refund_request,2026-07-06T10:16:52Z,32.9,ios
E0003286,C00809,page_view,2026-07-02T00:35:28Z,34.0,android
E0003287,C00538,support_ticket,2026-07-04T06:27:39Z,8.5,tablet
E0003288,C01190,page_view,2026-07-07T18:20:19Z,38.4,android
E0003289,C00847,refund_request,2026-07-11T01:58:43Z,6.0,tablet
E0003290,C00523,refund_request,2026-07-11T00:50:44Z,38.4,desktop
E0003291,C00604,refund_request,2026-07-17T00:47:35Z,33.6,tablet
E0003292,C01016,add_to_cart,2026-07-15T21:07:45Z,10.3,desktop
E0003293,C00445,refund_request,2026-07-07T20:23:14Z,22.1,desktop
E0003294,C00534,refund_request,2026-07-21T15:40:24Z,31.6,desktop
E0003295,C00283,support_ticket,2026-07-11T22:01:36Z,0.6,ios
E0003296,C00876,page_view,2026-07-25T00:15:31Z,12.7,tablet
E0003297,C00331,refund_request,2026-07-14T23:12:43Z,18.6,tablet
E0003298,C00165,checkout,2026-07-13T00:49:39Z,13.6,ios
E0003299,C00001,refund_request,2026-07-02T02:46:51Z,33.5,tablet
E0003300,C01042,page_view,2026-07-27T22:34:07Z,25.0,android
E0003301,C01108,page_view,2026-07-09T05:26:55Z,3.6,tablet
E0003302,C00982,refund_request,2026-07-16T23:59:49Z,37.3,tablet
E0003303,C00476,support_ticket,2026-07-01T07:43:04Z,16.2,desktop
E0003304,C00794,support_ticket,2026-07-13T11:55:42Z,20.5,tablet
E0003305,C00582,page_view,2026-07-15T10:55:17Z,9.2,ios
E0003306,C01063,checkout,2026-07-08T08:38:55Z,12.6,ios
E0003307,C00910,page_view,2026-07-06T19:30:18Z,22.1,ios
E0003308,C00406,page_view,2026-07-13T13:01:03Z,1.2,tablet
E0003309,C00645,add_to_cart,2026-07-02T21:33:53Z,39.1,tablet
E0003310,C00281,support_ticket,2026-07-03T02:10:29Z,17.0,ios
E0003311,C00825,checkout,2026-07-23T19:44:37Z,34.0,desktop
E0003312,C00818,support_ticket,2026-07-07T04:40:12Z,38.0,ios
E0003313,C00970,page_view,2026-07-30T08:02:58Z,19.7,ios
E0003314,C00129,support_ticket,2026-07-25T01:09:07Z,27.6,desktop
E0003315,C01005,add_to_cart,2026-07-26T21:58:50Z,41.5,android
E0003316,C00107,refund_request,2026-07-09T20:26:32Z,34.4,android
E0003317,C00969,page_view,2026-07-03T04:10:42Z,30.5,android
E0003318,C00436,page_view,2026-07-19T22:09:06Z,15.9,tablet
E0003319,C00594,support_ticket,2026-07-29T10:35:46Z,15.6,android
E0003320,C01096,add_to_cart,2026-07-29T19:35:07Z,3.1,ios
E0003321,C01003,add_to_cart,2026-07-17T09:06:56Z,30.9,ios
E0003322,C00454,refund_request,2026-07-14T18:43:50Z,18.7,ios
E0003323,C00061,support_ticket,2026-07-13T00:01:34Z,24.6,tablet
E0003324,C00839,add_to_cart,2026-07-09T04:44:49Z,18.4,desktop
E0003325,C01191,page_view,2026-07-01T02:35:57Z,13.4,tablet
E0003326,C00527,checkout,2026-07-08T14:23:43Z,20.4,desktop
E0003327,C01107,add_to_cart,2026-07-14T22:16:27Z,2.0,tablet
E0003328,C00897,checkout,2026-07-01T14:42:45Z,35.8,desktop
E0003329,C00584,checkout,2026-07-15T19:22:42Z,3.2,android
E0003330,C00768,refund_request,2026-07-01T20:49:58Z,18.7,desktop
E0003331,C00303,add_to_cart,2026-07-15T10:23:26Z,11.7,ios
E0003332,C00034,checkout,2026-07-17T10:20:55Z,3.0,desktop
E0003333,C01016,checkout,2026-07-25T08:33:55Z,1.4,ios
E0003334,C00720,add_to_cart,2026-07-11T01:00:12Z,25.2,ios
E0003335,C00232,add_to_cart,2026-07-06T03:55:14Z,15.7,desktop
E0003336,C00272,refund_request,2026-07-04T10:34:17Z,5.5,android
E0003337,C00812,checkout,2026-07-25T07:35:36Z,14.3,tablet
E0003338,C00057,support_ticket,2026-07-30T18:33:01Z,35.0,tablet
E0003339,C00480,support_ticket,2026-07-04T05:35:59Z,16.1,desktop
E0003340,C00407,support_ticket,2026-07-17T00:31:10Z,34.2,desktop
E0003341,C00809,page_view,2026-07-13T15:26:18Z,32.8,tablet
E0003342,C01121,support_ticket,2026-07-04T16:28:53Z,9.9,tablet
E0003343,C00078,page_view,2026-07-14T01:32:16Z,41.4,desktop
E0003344,C00222,checkout,2026-07-06T12:49:55Z,13.4,ios
E0003345,C00819,refund_request,2026-07-05T08:38:45Z,41.6,tablet
E0003346,C00704,checkout,2026-07-18T16:19:51Z,30.9,tablet
E0003347,C01024,page_view,2026-07-27T13:01:25Z,1.4,android
E0003348,C00491,checkout,2026-07-20T00:28:21Z,15.2,desktop
E0003349,C00827,page_view,2026-07-30T22:29:04Z,34.5,android
E0003350,C00147,refund_request,2026-07-19T15:37:05Z,10.2,tablet
E0003351,C01197,page_view,2026-07-01T14:56:58Z,26.6,ios
E0003352,C00095,add_to_cart,2026-07-16T01:14:19Z,13.3,ios
E0003353,C00921,refund_request,2026-07-07T07:52:52Z,29.6,ios
E0003354,C00543,support_ticket,2026-07-04T16:11:32Z,18.8,tablet
E0003355,C00146,add_to_cart,2026-07-30T16:06:41Z,22.7,desktop
E0003356,C00697,refund_request,2026-07-26T20:48:38Z,30.7,android
E0003357,C00970,page_view,2026-07-27T02:46:04Z,12.0,ios
E0003358,C00976,checkout,2026-07-16T23:19:21Z,31.0,ios
E0003359,C00475,add_to_cart,2026-07-08T04:51:33Z,29.0,ios
E0003360,C00328,refund_request,2026-07-11T10:59:19Z,11.0,tablet
E0003361,C00375,page_view,2026-07-15T07:06:38Z,11.2,android
E0003362,C00486,page_view,2026-07-24T00:15:56Z,24.9,tablet
E0003363,C00937,refund_request,2026-07-29T20:09:07Z,32.7,ios
E0003364,C00862,support_ticket,2026-07-26T12:08:37Z,34.2,desktop
E0003365,C00021,refund_request,2026-07-29T12:59:11Z,30.4,android
E0003366,C00699,checkout,2026-07-23T07:22:05Z,2.5,tablet
E0003367,C00403,checkout,2026-07-23T19:38:01Z,20.0,desktop
E0003368,C00765,support_ticket,2026-07-22T21:13:32Z,36.1,desktop
E0003369,C00776,page_view,2026-07-05T12:15:32Z,35.1,ios
E0003370,C00187,support_ticket,2026-07-31T05:53:24Z,40.1,tablet
E0003371,C00337,add_to_cart,2026-07-15T05:45:00Z,39.0,tablet
E0003372,C01138,add_to_cart,2026-07-20T07:25:33Z,5.5,tablet
E0003373,C00006,refund_request,2026-07-03T05:51:58Z,30.7,android
E0003374,C01098,add_to_cart,2026-07-15T07:29:30Z,13.9,tablet
E0003375,C00868,support_ticket,2026-07-03T05:30:45Z,22.8,android
E0003376,C00206,refund_request,2026-07-16T04:53:47Z,16.4,ios
E0003377,C01150,checkout,2026-07-06T21:41:09Z,11.7,ios
E0003378,C00296,page_view,2026-07-24T10:06:06Z,17.3,android
E0003379,C00497,add_to_cart,2026-07-23T03:59:38Z,37.8,ios
E0003380,C00761,refund_request,2026-07-07T21:11:47Z,35.4,desktop
E0003381,C00467,add_to_cart,2026-07-06T19:21:58Z,37.8,ios
E0003382,C00644,add_to_cart,2026-07-23T14:38:13Z,6.2,desktop
E0003383,C00325,refund_request,2026-07-17T05:37:47Z,4.6,ios
E0003384,C00221,refund_request,2026-07-19T00:04:44Z,12.6,tablet
E0003385,C00026,support_ticket,2026-07-28T11:12:18Z,14.0,desktop
E0003386,C00910,checkout,2026-07-23T01:22:00Z,11.4,desktop
E0003387,C00814,checkout,2026-07-04T00:22:44Z,27.9,ios
E0003388,C00348,support_ticket,2026-07-07T21:47:01Z,33.6,android
E0003389,C00101,support_ticket,2026-07-03T10:40:17Z,33.8,desktop
E0003390,C00534,refund_request,2026-07-15T17:21:58Z,5.4,tablet
E0003391,C00527,support_ticket,2026-07-26T10:02:49Z,28.6,ios
E0003392,C01197,support_ticket,2026-07-08T03:01:54Z,41.7,ios
E0003393,C00573,page_view,2026-07-12T15:49:01Z,24.5,android
E0003394,C00960,refund_request,2026-07-01T12:01:33Z,26.7,desktop
E0003395,C00922,support_ticket,2026-07-15T03:13:12Z,3.2,ios
E0003396,C00712,checkout,2026-07-11T02:04:33Z,1.7,tablet
E0003397,C00952,add_to_cart,2026-07-19T05:08:28Z,20.7,ios
E0003398,C00392,page_view,2026-07-22T22:54:07Z,11.4,tablet
E0003399,C01051,add_to_cart,2026-07-13T02:40:50Z,40.6,ios
E0003400,C00094,add_to_cart,2026-07-28T22:57:24Z,27.5,tablet
E0003401,C00647,page_view,2026-07-03T02:40:03Z,5.6,ios
E0003402,C00468,page_view,2026-07-13T21:03:59Z,4.5,android
E0003403,C00446,checkout,2026-07-23T09:05:24Z,29.5,ios
E0003404,C00775,page_view,2026-07-09T03:44:37Z,19.4,android
E0003405,C00565,add_to_cart,2026-07-16T07:12:23Z,39.9,desktop
E0003406,C00474,refund_request,2026-07-28T13:23:44Z,9.2,tablet
E0003407,C00754,support_ticket,2026-07-25T13:47:52Z,34.5,tablet
E0003408,C00190,add_to_cart,2026-07-15T14:13:12Z,33.6,ios
E0003409,C00827,page_view,2026-07-12T08:19:32Z,6.8,ios
E0003410,C01200,support_ticket,2026-07-25T20:35:51Z,3.9,android
E0003411,C00674,checkout,2026-07-03T05:43:32Z,12.7,ios
E0003412,C00299,page_view,2026-07-30T19:54:47Z,12.3,desktop
E0003413,C00197,add_to_cart,2026-07-05T02:54:50Z,21.0,tablet
E0003414,C00388,support_ticket,2026-07-24T01:26:23Z,1.0,android
E0003415,C00894,refund_request,2026-07-01T20:45:09Z,33.2,android
E0003416,C00042,checkout,2026-07-28T01:58:29Z,22.2,tablet
E0003417,C01104,support_ticket,2026-07-25T02:51:40Z,7.4,ios
E0003418,C00413,page_view,2026-07-02T08:52:44Z,11.5,ios
E0003419,C00708,page_view,2026-07-11T03:18:31Z,40.5,ios
E0003420,C00902,refund_request,2026-07-28T21:19:51Z,40.2,tablet
E0003421,C00982,refund_request,2026-07-10T17:52:58Z,13.6,tablet
E0003422,C00901,support_ticket,2026-07-31T08:27:35Z,15.4,android
E0003423,C00195,page_view,2026-07-29T09:27:17Z,37.3,android
E0003424,C01111,support_ticket,2026-07-21T00:40:27Z,39.9,ios
E0003425,C00723,page_view,2026-07-01T23:48:16Z,27.7,android
E0003426,C00029,page_view,2026-07-31T19:58:48Z,38.9,ios
E0003427,C00990,refund_request,2026-07-31T06:52:30Z,7.0,tablet
E0003428,C00059,refund_request,2026-07-22T18:26:50Z,9.1,ios
E0003429,C00226,checkout,2026-07-12T01:42:41Z,20.9,ios
E0003430,C00500,refund_request,2026-07-25T21:42:17Z,17.4,tablet
E0003431,C00130,checkout,2026-07-26T10:58:05Z,16.6,desktop
E0003432,C00147,support_ticket,2026-07-27T17:26:07Z,36.4,tablet
E0003433,C00968,add_to_cart,2026-07-24T10:56:01Z,34.3,android
E0003434,C00606,page_view,2026-07-04T16:34:12Z,37.3,tablet
E0003435,C00394,page_view,2026-07-19T05:37:52Z,21.3,desktop
E0003436,C00829,checkout,2026-07-13T03:13:53Z,7.1,tablet
E0003437,C00197,checkout,2026-07-17T23:16:43Z,5.0,tablet
E0003438,C00542,refund_request,2026-07-15T18:53:01Z,24.1,desktop
E0003439,C00115,support_ticket,2026-07-31T04:37:38Z,14.0,ios
E0003440,C00173,refund_request,2026-07-07T02:36:53Z,23.0,tablet
E0003441,C00393,page_view,2026-07-10T16:30:06Z,17.3,android
E0003442,C00757,add_to_cart,2026-07-11T13:29:44Z,12.5,tablet
E0003443,C00303,page_view,2026-07-26T10:00:47Z,8.5,ios
E0003444,C00741,refund_request,2026-07-06T00:07:04Z,29.3,tablet
E0003445,C00417,checkout,2026-07-29T00:09:09Z,5.4,android
E0003446,C01035,checkout,2026-07-18T17:29:50Z,1.0,android
E0003447,C00043,support_ticket,2026-07-26T22:09:53Z,36.8,tablet
E0003448,C00387,support_ticket,2026-07-05T15:16:26Z,21.1,tablet
E0003449,C00076,refund_request,2026-07-12T01:29:31Z,9.8,ios
E0003450,C01057,add_to_cart,2026-07-23T11:26:30Z,15.1,android
E0003451,C00051,support_ticket,2026-07-22T11:15:16Z,22.1,ios
E0003452,C00488,support_ticket,2026-07-21T07:05:37Z,39.7,android
E0003453,C00911,support_ticket,2026-07-02T02:33:48Z,36.0,ios
E0003454,C00537,add_to_cart,2026-07-10T10:57:23Z,17.2,tablet
E0003455,C00957,refund_request,2026-07-15T10:10:23Z,9.2,android
E0003456,C00195,refund_request,2026-07-12T20:26:28Z,4.0,android
E0003457,C00312,add_to_cart,2026-07-07T01:01:34Z,26.8,tablet
E0003458,C00542,checkout,2026-07-18T10:38:37Z,34.6,tablet
E0003459,C00414,add_to_cart,2026-07-18T23:58:14Z,30.5,ios
E0003460,C00642,page_view,2026-07-31T03:19:05Z,17.0,android
E0003461,C00023,add_to_cart,2026-07-20T11:24:03Z,6.7,android
E0003462,C00206,support_ticket,2026-07-07T13:44:51Z,28.4,tablet
E0003463,C00974,checkout,2026-07-09T12:47:23Z,36.7,desktop
E0003464,C00408,support_ticket,2026-07-06T02:25:38Z,4.2,ios
E0003465,C00349,add_to_cart,2026-07-07T12:35:03Z,3.9,ios
E0003466,C00540,page_view,2026-07-30T20:40:12Z,26.2,android
E0003467,C00246,add_to_cart,2026-07-06T01:34:12Z,35.3,ios
E0003468,C00452,page_view,2026-07-15T03:50:14Z,6.6,desktop
E0003469,C00587,support_ticket,2026-07-09T13:01:21Z,13.1,ios
E0003470,C00424,refund_request,2026-07-19T16:06:04Z,40.3,android
E0003471,C01040,add_to_cart,2026-07-22T10:09:39Z,1.5,android
E0003472,C01016,checkout,2026-07-17T22:33:49Z,6.7,tablet
E0003473,C00153,add_to_cart,2026-07-20T18:01:04Z,41.2,tablet
E0003474,C00929,page_view,2026-07-05T16:14:49Z,37.4,android
E0003475,C00850,refund_request,2026-07-30T05:53:52Z,33.6,tablet
E0003476,C00324,refund_request,2026-07-26T19:34:36Z,39.3,ios
E0003477,C00783,refund_request,2026-07-01T22:38:59Z,7.6,desktop
E0003478,C00316,refund_request,2026-07-14T05:32:44Z,38.8,android
E0003479,C00208,page_view,2026-07-14T11:49:05Z,40.7,tablet
E0003480,C00548,page_view,2026-07-07T04:57:15Z,12.3,tablet
E0003481,C00032,checkout,2026-07-28T01:43:04Z,18.7,tablet
E0003482,C00761,page_view,2026-07-26T18:29:37Z,38.2,android
E0003483,C00344,refund_request,2026-07-20T14:13:29Z,25.1,android
E0003484,C00680,support_ticket,2026-07-14T14:44:39Z,11.9,android
E0003485,C00506,checkout,2026-07-01T09:25:17Z,14.5,tablet
E0003486,C01150,support_ticket,2026-07-07T13:35:26Z,27.1,desktop
E0003487,C00514,page_view,2026-07-30T12:20:44Z,40.7,desktop
E0003488,C00260,checkout,2026-07-08T02:50:06Z,19.0,android
E0003489,C00869,support_ticket,2026-07-17T01:51:25Z,40.2,android
E0003490,C00129,support_ticket,2026-07-04T21:28:17Z,34.7,tablet
E0003491,C00237,page_view,2026-07-19T03:19:37Z,36.9,android
E0003492,C00448,add_to_cart,2026-07-05T23:37:29Z,11.0,ios
E0003493,C00515,checkout,2026-07-27T21:26:26Z,6.2,android
E0003494,C00738,refund_request,2026-07-22T14:03:07Z,3.5,ios
E0003495,C00403,add_to_cart,2026-07-26T22:36:13Z,7.4,tablet
E0003496,C00063,refund_request,2026-07-09T11:14:16Z,17.5,tablet
E0003497,C00950,checkout,2026-07-14T08:17:35Z,29.4,ios
E0003498,C00764,add_to_cart,2026-07-11T11:40:48Z,12.7,ios
E0003499,C00203,checkout,2026-07-26T04:14:32Z,33.0,desktop
E0003500,C00077,checkout,2026-07-02T10:44:49Z,9.5,tablet
E0003501,C01165,page_view,2026-07-02T04:31:31Z,19.0,desktop
E0003502,C00637,checkout,2026-07-27T12:21:11Z,3.5,android
E0003503,C01028,checkout,2026-07-14T02:19:40Z,39.1,android
E0003504,C00448,checkout,2026-07-30T22:07:40Z,22.9,tablet
E0003505,C00372,checkout,2026-07-24T19:28:17Z,9.2,desktop
E0003506,C00536,support_ticket,2026-07-22T02:22:46Z,30.5,ios
E0003507,C01186,refund_request,2026-07-01T09:41:49Z,12.2,desktop
E0003508,C00244,support_ticket,2026-07-13T11:15:10Z,14.4,android
E0003509,C00796,checkout,2026-07-22T15:39:16Z,8.6,tablet
E0003510,C00795,page_view,2026-07-12T11:06:31Z,10.9,desktop
E0003511,C00420,refund_request,2026-07-02T01:03:07Z,26.4,android
E0003512,C00968,add_to_cart,2026-07-02T23:02:45Z,17.1,android
E0003513,C00549,checkout,2026-07-13T18:33:21Z,27.0,ios
E0003514,C00796,refund_request,2026-07-16T12:32:44Z,4.7,android
E0003515,C00331,page_view,2026-07-09T12:16:12Z,20.7,desktop
E0003516,C00206,page_view,2026-07-21T22:34:09Z,17.3,desktop
E0003517,C00401,checkout,2026-07-30T20:44:58Z,24.0,android
E0003518,C00503,refund_request,2026-07-13T23:55:53Z,22.0,android
E0003519,C01074,add_to_cart,2026-07-02T05:26:22Z,7.7,android
E0003520,C00583,page_view,2026-07-07T19:44:30Z,23.6,desktop
E0003521,C00486,refund_request,2026-07-03T11:26:55Z,7.3,tablet
E0003522,C00981,support_ticket,2026-07-02T17:10:35Z,35.7,android
E0003523,C00653,add_to_cart,2026-07-14T04:14:39Z,29.4,tablet
E0003524,C00032,support_ticket,2026-07-09T01:02:35Z,33.9,desktop
E0003525,C01038,refund_request,2026-07-28T14:35:39Z,10.6,android
E0003526,C00965,checkout,2026-07-29T09:43:09Z,12.6,tablet
E0003527,C00314,checkout,2026-07-30T23:45:21Z,27.7,desktop
E0003528,C00233,checkout,2026-07-21T04:54:11Z,37.2,desktop
E0003529,C00375,support_ticket,2026-07-20T16:19:10Z,30.3,android
E0003530,C01154,refund_request,2026-07-05T01:34:28Z,40.9,ios
E0003531,C01121,page_view,2026-07-08T19:12:07Z,3.7,desktop
E0003532,C00681,support_ticket,2026-07-05T22:59:13Z,36.8,tablet
E0003533,C00124,checkout,2026-07-23T02:20:52Z,10.5,ios
E0003534,C00320,refund_request,2026-07-23T09:19:06Z,35.7,desktop
E0003535,C00020,page_view,2026-07-20T15:10:21Z,42.0,android
E0003536,C00625,checkout,2026-07-14T11:26:59Z,1.7,ios
E0003537,C00071,checkout,2026-07-19T12:38:25Z,6.5,ios
E0003538,C00947,page_view,2026-07-05T01:43:44Z,13.9,ios
E0003539,C01189,add_to_cart,2026-07-24T02:40:23Z,17.7,android
E0003540,C00344,refund_request,2026-07-18T04:35:22Z,39.5,android
E0003541,C01121,page_view,2026-07-30T17:32:49Z,27.4,desktop
E0003542,C00291,support_ticket,2026-07-10T07:50:26Z,34.4,tablet
E0003543,C00390,add_to_cart,2026-07-03T15:23:41Z,30.6,android
E0003544,C00933,support_ticket,2026-07-18T09:45:05Z,15.0,ios
E0003545,C00551,checkout,2026-07-05T23:48:40Z,22.5,tablet
E0003546,C00758,checkout,2026-07-20T15:39:42Z,8.3,tablet
E0003547,C00153,support_ticket,2026-07-05T16:52:04Z,21.0,desktop
E0003548,C00587,support_ticket,2026-07-05T06:13:48Z,38.9,android
E0003549,C01155,support_ticket,2026-07-03T16:29:13Z,24.8,android
E0003550,C00980,checkout,2026-07-14T09:19:29Z,41.6,desktop
E0003551,C00932,page_view,2026-07-21T04:06:31Z,17.0,tablet
E0003552,C01083,add_to_cart,2026-07-04T05:34:11Z,18.4,android
E0003553,C00494,add_to_cart,2026-07-09T03:03:10Z,41.5,desktop
E0003554,C01095,add_to_cart,2026-07-08T06:42:50Z,39.4,android
E0003555,C00660,page_view,2026-07-13T21:02:17Z,7.8,ios
E0003556,C00944,add_to_cart,2026-07-13T22:22:25Z,3.0,desktop
E0003557,C00159,checkout,2026-07-25T15:37:15Z,41.6,android
E0003558,C00008,checkout,2026-07-22T19:28:49Z,23.8,desktop
E0003559,C00772,checkout,2026-07-29T21:46:37Z,3.5,ios
E0003560,C00993,page_view,2026-07-31T16:52:12Z,2.6,ios
E0003561,C00931,support_ticket,2026-07-19T13:02:56Z,29.3,ios
E0003562,C00062,support_ticket,2026-07-03T14:02:12Z,36.2,desktop
E0003563,C00494,checkout,2026-07-31T00:41:00Z,34.5,tablet
E0003564,C01158,checkout,2026-07-18T18:09:43Z,15.7,android
E0003565,C00883,add_to_cart,2026-07-17T11:38:08Z,21.9,desktop
E0003566,C00877,checkout,2026-07-11T13:43:08Z,5.3,desktop
E0003567,C00681,add_to_cart,2026-07-08T19:26:09Z,3.0,desktop
E0003568,C00352,page_view,2026-07-10T01:41:47Z,12.3,tablet
E0003569,C00022,checkout,2026-07-01T09:51:21Z,0.1,android
E0003570,C00248,add_to_cart,2026-07-28T03:19:31Z,0.5,tablet
E0003571,C00259,page_view,2026-07-21T04:45:26Z,20.2,android
E0003572,C00329,checkout,2026-07-22T07:40:20Z,11.8,tablet
E0003573,C00418,add_to_cart,2026-07-30T12:21:26Z,1.6,ios
E0003574,C01092,refund_request,2026-07-13T22:54:11Z,26.7,android
E0003575,C00154,refund_request,2026-07-19T03:57:59Z,41.8,desktop
E0003576,C00052,checkout,2026-07-05T12:08:31Z,22.4,android
E0003577,C00491,add_to_cart,2026-07-09T19:15:05Z,38.9,desktop
E0003578,C00857,page_view,2026-07-14T09:30:45Z,35.6,desktop
E0003579,C00978,add_to_cart,2026-07-25T18:22:51Z,15.3,tablet
E0003580,C00157,refund_request,2026-07-25T14:12:54Z,28.5,desktop
E0003581,C00093,support_ticket,2026-07-24T22:20:01Z,9.5,ios
E0003582,C00448,refund_request,2026-07-13T11:33:44Z,28.3,ios
E0003583,C00367,checkout,2026-07-20T01:08:23Z,10.1,tablet
E0003584,C00875,checkout,2026-07-12T22:55:35Z,25.5,tablet
E0003585,C00905,refund_request,2026-07-01T17:06:19Z,19.8,ios
E0003586,C00722,support_ticket,2026-07-01T04:21:22Z,35.7,ios
E0003587,C00295,checkout,2026-07-03T14:11:34Z,29.4,desktop
E0003588,C00448,checkout,2026-07-07T08:15:52Z,35.1,desktop
E0003589,C01165,support_ticket,2026-07-25T12:22:58Z,28.7,android
E0003590,C00312,page_view,2026-07-20T12:58:08Z,17.2,desktop
E0003591,C00508,refund_request,2026-07-06T09:28:47Z,31.9,ios
E0003592,C00337,checkout,2026-07-19T16:07:44Z,42.0,android
E0003593,C00915,checkout,2026-07-08T10:30:57Z,26.4,android
E0003594,C00700,add_to_cart,2026-07-12T01:02:40Z,19.6,desktop
E0003595,C00728,support_ticket,2026-07-13T04:56:23Z,27.1,tablet
E0003596,C00410,add_to_cart,2026-07-07T06:24:07Z,38.3,android
E0003597,C00197,add_to_cart,2026-07-10T09:11:07Z,39.1,desktop
E0003598,C01138,support_ticket,2026-07-08T15:04:19Z,29.5,ios
E0003599,C00408,add_to_cart,2026-07-04T02:39:14Z,22.3,tablet
E0003600,C00666,add_to_cart,2026-07-05T02:12:16Z,13.8,android
E0003601,C01070,page_view,2026-07-24T13:36:14Z,14.8,android
E0003602,C00051,page_view,2026-07-12T04:27:31Z,21.4,android
E0003603,C00109,refund_request,2026-07-27T12:29:57Z,25.1,android
E0003604,C01163,checkout,2026-07-22T06:02:53Z,6.1,android
E0003605,C00361,add_to_cart,2026-07-12T11:58:59Z,40.8,ios
E0003606,C00735,page_view,2026-07-31T00:39:53Z,12.7,desktop
E0003607,C00327,support_ticket,2026-07-07T17:42:24Z,32.9,desktop
E0003608,C01051,refund_request,2026-07-17T12:33:56Z,32.4,ios
E0003609,C01038,support_ticket,2026-07-04T01:19:27Z,16.3,ios
E0003610,C00483,checkout,2026-07-30T01:44:20Z,7.4,ios
E0003611,C00607,refund_request,2026-07-23T23:46:22Z,38.9,desktop
E0003612,C01123,support_ticket,2026-07-05T09:07:20Z,30.6,tablet
E0003613,C00740,page_view,2026-07-31T20:57:20Z,5.6,ios
E0003614,C00669,checkout,2026-07-22T18:24:46Z,17.6,android
E0003615,C00781,refund_request,2026-07-24T03:25:37Z,34.1,android
E0003616,C00987,checkout,2026-07-10T07:42:57Z,19.0,desktop
E0003617,C00711,refund_request,2026-07-10T04:46:00Z,18.7,tablet
E0003618,C01029,refund_request,2026-07-06T08:27:00Z,31.9,android
E0003619,C00141,add_to_cart,2026-07-01T03:26:23Z,31.2,desktop
E0003620,C00030,refund_request,2026-07-01T22:54:31Z,29.7,android
E0003621,C00585,add_to_cart,2026-07-22T18:49:18Z,19.3,ios
E0003622,C01122,add_to_cart,2026-07-01T19:41:48Z,5.8,desktop
E0003623,C00891,support_ticket,2026-07-21T05:08:03Z,23.7,ios
E0003624,C00156,page_view,2026-07-18T03:21:51Z,12.3,android
E0003625,C01180,add_to_cart,2026-07-22T18:49:44Z,27.0,tablet
E0003626,C00288,checkout,2026-07-11T17:45:09Z,40.8,android
E0003627,C00580,page_view,2026-07-01T20:27:49Z,7.8,tablet
E0003628,C00805,checkout,2026-07-25T11:15:57Z,38.2,android
E0003629,C01083,page_view,2026-07-29T19:45:16Z,41.3,tablet
E0003630,C00637,add_to_cart,2026-07-20T22:45:53Z,32.0,android
E0003631,C00211,refund_request,2026-07-13T07:29:32Z,19.7,android
E0003632,C00774,add_to_cart,2026-07-05T13:55:14Z,10.0,android
E0003633,C00556,support_ticket,2026-07-17T02:00:52Z,10.8,android
E0003634,C00258,add_to_cart,2026-07-04T22:03:19Z,26.8,tablet
E0003635,C00192,add_to_cart,2026-07-12T20:09:14Z,4.2,tablet
E0003636,C00042,page_view,2026-07-20T09:24:26Z,4.4,ios
E0003637,C00355,page_view,2026-07-04T11:33:07Z,37.9,desktop
E0003638,C00043,page_view,2026-07-28T01:20:19Z,16.3,desktop
E0003639,C00809,add_to_cart,2026-07-16T20:41:59Z,33.5,desktop
E0003640,C00534,page_view,2026-07-09T05:12:55Z,12.7,android
E0003641,C00183,support_ticket,2026-07-31T05:21:26Z,3.3,android
E0003642,C00951,checkout,2026-07-31T05:07:17Z,17.0,tablet
E0003643,C01117,checkout,2026-07-21T02:09:06Z,23.8,tablet
E0003644,C00860,refund_request,2026-07-26T17:27:59Z,6.6,desktop
E0003645,C00585,refund_request,2026-07-10T13:12:15Z,9.2,desktop
E0003646,C00830,refund_request,2026-07-12T01:32:47Z,34.5,tablet
E0003647,C00748,page_view,2026-07-03T15:02:50Z,33.1,android
E0003648,C00281,checkout,2026-07-23T06:38:17Z,8.1,tablet
E0003649,C01181,checkout,2026-07-02T23:05:24Z,4.8,tablet
E0003650,C01143,add_to_cart,2026-07-08T13:17:40Z,2.4,ios
E0003651,C00676,refund_request,2026-07-03T08:56:46Z,36.9,ios
E0003652,C00521,refund_request,2026-07-17T21:14:16Z,23.2,tablet
E0003653,C00239,page_view,2026-07-10T06:39:40Z,34.5,android
E0003654,C00450,add_to_cart,2026-07-07T21:02:34Z,24.7,desktop
E0003655,C00655,checkout,2026-07-15T13:58:46Z,12.0,desktop
E0003656,C00853,checkout,2026-07-04T06:24:12Z,13.5,desktop
E0003657,C00296,support_ticket,2026-07-04T22:54:00Z,28.2,android
E0003658,C00094,refund_request,2026-07-20T15:32:27Z,14.1,desktop
E0003659,C00173,refund_request,2026-07-13T14:10:29Z,0.8,android
E0003660,C00152,page_view,2026-07-21T12:15:05Z,9.8,tablet
E0003661,C00509,refund_request,2026-07-17T12:33:05Z,34.7,desktop
E0003662,C00871,add_to_cart,2026-07-28T04:17:52Z,33.1,desktop
E0003663,C01186,support_ticket,2026-07-04T08:43:59Z,35.0,ios
E0003664,C00059,refund_request,2026-07-11T03:54:03Z,17.7,tablet
E0003665,C00333,add_to_cart,2026-07-29T03:33:03Z,5.8,android
E0003666,C00132,checkout,2026-07-31T09:07:14Z,30.9,tablet
E0003667,C00131,support_ticket,2026-07-05T21:54:28Z,11.8,android
E0003668,C00159,checkout,2026-07-29T10:56:35Z,32.2,ios
E0003669,C00924,page_view,2026-07-04T03:57:10Z,32.4,desktop
E0003670,C00413,checkout,2026-07-21T20:02:22Z,40.5,tablet
E0003671,C01024,page_view,2026-07-19T15:29:16Z,5.0,tablet
E0003672,C00502,refund_request,2026-07-01T06:05:33Z,15.5,desktop
E0003673,C00326,checkout,2026-07-04T11:53:01Z,25.3,ios
E0003674,C00955,page_view,2026-07-10T12:42:32Z,28.9,desktop
E0003675,C00373,refund_request,2026-07-02T18:53:42Z,1.8,tablet
E0003676,C01154,page_view,2026-07-04T00:37:58Z,22.2,tablet
E0003677,C00319,checkout,2026-07-23T19:03:19Z,5.0,android
E0003678,C01094,add_to_cart,2026-07-14T00:08:58Z,9.0,tablet
E0003679,C00762,refund_request,2026-07-22T02:31:30Z,19.1,ios
E0003680,C01151,page_view,2026-07-29T00:09:45Z,17.4,ios
E0003681,C00719,support_ticket,2026-07-10T20:04:51Z,38.6,ios
E0003682,C00783,support_ticket,2026-07-04T04:37:47Z,26.2,ios
E0003683,C00495,support_ticket,2026-07-05T18:26:29Z,6.7,android
E0003684,C00538,add_to_cart,2026-07-29T23:44:12Z,15.8,tablet
E0003685,C00353,checkout,2026-07-01T22:00:41Z,32.9,android
E0003686,C00012,page_view,2026-07-19T05:23:26Z,11.8,tablet
E0003687,C00328,add_to_cart,2026-07-07T10:24:28Z,21.5,android
E0003688,C00152,support_ticket,2026-07-06T09:05:57Z,11.4,android
E0003689,C00479,refund_request,2026-07-25T00:12:05Z,35.0,desktop
E0003690,C00656,support_ticket,2026-07-07T10:28:57Z,12.7,ios
E0003691,C00415,page_view,2026-07-23T02:06:41Z,39.1,ios
E0003692,C00209,page_view,2026-07-23T12:15:54Z,3.7,tablet
E0003693,C00691,add_to_cart,2026-07-05T09:10:33Z,15.0,android
E0003694,C00375,checkout,2026-07-07T13:43:19Z,40.1,ios
E0003695,C00786,page_view,2026-07-29T02:57:39Z,38.0,ios
E0003696,C00984,page_view,2026-07-09T10:55:47Z,11.5,android
E0003697,C00230,support_ticket,2026-07-12T10:09:04Z,33.0,tablet
E0003698,C00189,refund_request,2026-07-03T11:20:50Z,41.6,android
E0003699,C00695,checkout,2026-07-09T05:52:29Z,35.8,desktop
E0003700,C00562,refund_request,2026-07-29T21:32:03Z,24.2,tablet
E0003701,C00202,add_to_cart,2026-07-19T03:29:10Z,33.4,desktop
E0003702,C00841,checkout,2026-07-14T13:07:20Z,5.1,desktop
E0003703,C00781,refund_request,2026-07-15T18:02:31Z,0.8,android
E0003704,C00059,support_ticket,2026-07-25T18:35:45Z,24.5,desktop
E0003705,C00123,checkout,2026-07-20T18:19:30Z,36.6,desktop
E0003706,C00479,page_view,2026-07-08T22:48:40Z,16.5,tablet
E0003707,C00234,add_to_cart,2026-07-07T13:25:13Z,30.8,tablet
E0003708,C00207,checkout,2026-07-12T13:05:49Z,29.5,android
E0003709,C01176,refund_request,2026-07-20T18:09:58Z,7.6,desktop
E0003710,C00842,checkout,2026-07-12T04:13:18Z,26.2,android
E0003711,C00135,page_view,2026-07-03T16:51:51Z,5.1,tablet
E0003712,C00523,support_ticket,2026-07-20T01:02:17Z,38.4,tablet
E0003713,C00693,refund_request,2026-07-07T08:20:16Z,5.3,android
E0003714,C00691,page_view,2026-07-30T07:54:01Z,27.2,android
E0003715,C00001,add_to_cart,2026-07-03T00:41:16Z,26.7,android
E0003716,C00580,support_ticket,2026-07-08T22:14:54Z,30.9,ios
E0003717,C00624,refund_request,2026-07-12T15:07:39Z,14.7,tablet
E0003718,C01065,page_view,2026-07-07T12:47:12Z,3.7,tablet
E0003719,C00340,checkout,2026-07-18T12:51:02Z,3.8,android
E0003720,C00793,page_view,2026-07-20T08:56:40Z,23.5,desktop
E0003721,C00201,checkout,2026-07-21T14:39:29Z,37.5,ios
E0003722,C00751,page_view,2026-07-27T07:24:57Z,39.2,android
E0003723,C00879,add_to_cart,2026-07-26T03:21:16Z,28.6,desktop
E0003724,C00944,refund_request,2026-07-25T14:05:09Z,31.9,ios
E0003725,C00766,support_ticket,2026-07-23T23:09:03Z,9.7,android
E0003726,C00086,add_to_cart,2026-07-19T14:12:29Z,22.9,android
E0003727,C00040,checkout,2026-07-25T23:42:05Z,31.4,android
E0003728,C01071,add_to_cart,2026-07-25T02:56:16Z,26.8,tablet
E0003729,C00581,support_ticket,2026-07-04T07:54:22Z,29.5,desktop
E0003730,C01120,add_to_cart,2026-07-01T22:16:05Z,31.6,tablet
E0003731,C00753,page_view,2026-07-28T19:55:04Z,39.7,ios
E0003732,C00742,support_ticket,2026-07-06T18:58:35Z,6.6,ios
E0003733,C00121,page_view,2026-07-08T05:07:11Z,39.4,desktop
E0003734,C00999,support_ticket,2026-07-05T05:04:06Z,9.3,desktop
E0003735,C00077,checkout,2026-07-30T20:15:02Z,12.7,ios
E0003736,C00829,add_to_cart,2026-07-14T03:49:53Z,1.1,tablet
E0003737,C00035,add_to_cart,2026-07-16T06:52:36Z,10.3,ios
E0003738,C00011,support_ticket,2026-07-11T04:43:10Z,40.8,desktop
E0003739,C00875,support_ticket,2026-07-08T22:46:55Z,1.5,tablet
E0003740,C01189,checkout,2026-07-05T22:14:21Z,15.6,android
E0003741,C00949,page_view,2026-07-08T14:13:20Z,14.5,ios
E0003742,C01037,support_ticket,2026-07-09T10:24:09Z,34.0,desktop
E0003743,C00095,support_ticket,2026-07-17T10:00:31Z,13.1,desktop
E0003744,C00893,page_view,2026-07-25T04:15:35Z,1.8,tablet
E0003745,C00716,support_ticket,2026-07-16T02:00:45Z,29.1,ios
E0003746,C00604,refund_request,2026-07-07T16:21:00Z,39.2,android
E0003747,C00244,checkout,2026-07-12T17:15:39Z,7.4,tablet
E0003748,C00291,checkout,2026-07-01T03:32:42Z,16.5,ios
E0003749,C00374,support_ticket,2026-07-21T22:26:13Z,37.3,ios
E0003750,C00397,refund_request,2026-07-04T02:51:06Z,5.9,android
E0003751,C00216,support_ticket,2026-07-30T07:15:20Z,31.4,ios
E0003752,C00451,support_ticket,2026-07-21T15:26:15Z,41.5,desktop
E0003753,C01008,support_ticket,2026-07-29T03:04:32Z,13.8,android
E0003754,C00200,support_ticket,2026-07-25T19:50:51Z,9.0,ios
E0003755,C01047,refund_request,2026-07-29T09:03:24Z,29.9,tablet
E0003756,C00479,checkout,2026-07-31T15:39:55Z,28.6,tablet
E0003757,C00938,page_view,2026-07-21T21:01:48Z,30.0,android
E0003758,C00659,support_ticket,2026-07-05T16:03:34Z,13.1,desktop
E0003759,C00153,checkout,2026-07-26T14:27:01Z,40.7,tablet
E0003760,C00921,add_to_cart,2026-07-20T07:02:24Z,5.0,tablet
E0003761,C00421,support_ticket,2026-07-22T15:09:04Z,29.6,android
E0003762,C00432,support_ticket,2026-07-20T14:26:08Z,40.2,android
E0003763,C00713,support_ticket,2026-07-26T11:58:47Z,21.2,ios
E0003764,C00586,checkout,2026-07-11T21:31:02Z,19.4,desktop
E0003765,C00138,support_ticket,2026-07-10T03:59:31Z,12.1,ios
E0003766,C00165,checkout,2026-07-23T17:22:40Z,9.7,ios
E0003767,C00583,page_view,2026-07-29T15:57:59Z,9.0,desktop
E0003768,C00192,support_ticket,2026-07-03T16:18:21Z,41.1,ios
E0003769,C00217,checkout,2026-07-05T18:08:30Z,13.3,desktop
E0003770,C00382,support_ticket,2026-07-24T19:20:57Z,5.9,ios
E0003771,C00299,refund_request,2026-07-12T21:04:17Z,8.0,ios
E0003772,C00145,add_to_cart,2026-07-03T10:14:41Z,14.6,tablet
E0003773,C01068,add_to_cart,2026-07-05T13:00:00Z,24.1,ios
E0003774,C00448,page_view,2026-07-30T10:21:15Z,10.5,desktop
E0003775,C00585,support_ticket,2026-07-17T08:47:49Z,3.7,ios
E0003776,C00612,checkout,2026-07-20T08:38:33Z,21.2,android
E0003777,C01069,checkout,2026-07-08T09:36:49Z,41.6,tablet
E0003778,C00523,add_to_cart,2026-07-14T08:56:15Z,39.0,android
E0003779,C00547,refund_request,2026-07-13T23:23:53Z,1.9,tablet
E0003780,C00034,support_ticket,2026-07-07T12:15:47Z,2.3,tablet
E0003781,C00844,page_view,2026-07-01T17:45:18Z,29.1,desktop
E0003782,C00781,add_to_cart,2026-07-26T06:57:52Z,11.7,ios
E0003783,C00575,support_ticket,2026-07-05T04:03:05Z,33.9,ios
E0003784,C00775,support_ticket,2026-07-27T16:39:54Z,40.7,desktop
E0003785,C00701,refund_request,2026-07-24T09:18:33Z,30.7,android
E0003786,C00300,checkout,2026-07-12T08:28:33Z,34.1,android
E0003787,C01070,support_ticket,2026-07-20T21:24:09Z,19.6,ios
E0003788,C00690,support_ticket,2026-07-07T18:04:37Z,36.7,ios
E0003789,C00407,add_to_cart,2026-07-08T19:33:43Z,33.8,ios
E0003790,C00791,refund_request,2026-07-25T13:19:44Z,20.1,ios
E0003791,C01187,refund_request,2026-07-26T08:45:09Z,30.6,ios
E0003792,C00726,refund_request,2026-07-22T01:33:51Z,7.2,tablet
E0003793,C01172,add_to_cart,2026-07-23T20:43:07Z,28.4,ios
E0003794,C00300,add_to_cart,2026-07-04T03:35:01Z,18.2,desktop
E0003795,C00426,checkout,2026-07-23T21:17:43Z,5.8,tablet
E0003796,C00832,checkout,2026-07-27T11:45:34Z,7.7,android
E0003797,C00404,support_ticket,2026-07-13T23:37:02Z,22.9,ios
E0003798,C00898,page_view,2026-07-04T18:18:19Z,6.4,tablet
E0003799,C00088,support_ticket,2026-07-23T12:18:45Z,22.6,tablet
E0003800,C00195,add_to_cart,2026-07-07T06:04:18Z,3.3,ios
E0003801,C00389,checkout,2026-07-18T08:33:10Z,35.4,desktop
E0003802,C00437,support_ticket,2026-07-22T15:45:21Z,8.3,tablet
E0003803,C00572,refund_request,2026-07-14T04:29:23Z,1.3,android
E0003804,C00352,checkout,2026-07-10T15:41:00Z,25.2,ios
E0003805,C00376,support_ticket,2026-07-12T10:15:36Z,0.8,ios
E0003806,C00063,checkout,2026-07-03T02:21:42Z,5.1,android
E0003807,C00115,add_to_cart,2026-07-11T10:01:07Z,6.2,android
E0003808,C00417,checkout,2026-07-28T11:08:22Z,4.0,desktop
E0003809,C00291,checkout,2026-07-20T14:06:55Z,9.9,desktop
E0003810,C00302,refund_request,2026-07-27T06:02:13Z,41.5,ios
E0003811,C00383,add_to_cart,2026-07-23T07:05:13Z,18.5,ios
E0003812,C00863,refund_request,2026-07-11T22:49:51Z,32.0,ios
E0003813,C00560,page_view,2026-07-21T10:17:37Z,4.0,desktop
E0003814,C00399,checkout,2026-07-17T04:17:00Z,11.8,android
E0003815,C00491,page_view,2026-07-02T20:37:48Z,27.5,ios
E0003816,C00478,support_ticket,2026-07-16T00:21:52Z,26.7,tablet
E0003817,C00813,checkout,2026-07-24T14:10:16Z,8.6,ios
E0003818,C01085,checkout,2026-07-07T17:48:21Z,6.7,desktop
E0003819,C00286,checkout,2026-07-01T21:22:01Z,5.5,tablet
E0003820,C01078,add_to_cart,2026-07-07T05:23:24Z,37.2,tablet
E0003821,C00947,refund_request,2026-07-15T12:34:01Z,5.2,tablet
E0003822,C01127,page_view,2026-07-19T15:36:08Z,18.6,desktop
E0003823,C00559,page_view,2026-07-20T01:55:57Z,40.7,tablet
E0003824,C00997,page_view,2026-07-03T02:17:35Z,14.7,android
E0003825,C00777,support_ticket,2026-07-22T19:54:09Z,39.5,tablet
E0003826,C00844,page_view,2026-07-20T01:41:04Z,28.5,desktop
E0003827,C00582,refund_request,2026-07-01T08:55:54Z,4.0,desktop
E0003828,C00004,support_ticket,2026-07-16T08:13:30Z,32.8,desktop
E0003829,C00835,checkout,2026-07-31T19:44:14Z,13.8,desktop
E0003830,C00040,checkout,2026-07-06T20:04:16Z,12.7,ios
E0003831,C00253,checkout,2026-07-17T06:11:03Z,16.0,desktop
E0003832,C00188,add_to_cart,2026-07-23T12:02:14Z,23.2,tablet
E0003833,C00504,checkout,2026-07-13T18:54:26Z,23.8,tablet
E0003834,C01168,page_view,2026-07-02T20:12:43Z,15.7,ios
E0003835,C00686,checkout,2026-07-11T03:09:12Z,13.9,android
E0003836,C00164,add_to_cart,2026-07-21T17:29:10Z,6.4,android
E0003837,C00516,support_ticket,2026-07-08T01:41:06Z,13.2,android
E0003838,C00708,page_view,2026-07-09T07:49:35Z,37.7,desktop
E0003839,C00317,add_to_cart,2026-07-07T12:49:21Z,31.9,android
E0003840,C00025,page_view,2026-07-03T12:25:47Z,5.5,android
E0003841,C01040,page_view,2026-07-11T00:47:38Z,33.5,tablet
E0003842,C00088,page_view,2026-07-17T23:29:16Z,27.0,ios
E0003843,C00762,support_ticket,2026-07-09T15:22:49Z,40.3,android
E0003844,C00628,page_view,2026-07-08T01:24:28Z,5.3,android
E0003845,C00852,support_ticket,2026-07-11T16:09:08Z,28.9,android
E0003846,C00842,add_to_cart,2026-07-11T06:45:50Z,6.2,android
E0003847,C00675,add_to_cart,2026-07-23T04:08:23Z,35.1,ios
E0003848,C00702,refund_request,2026-07-07T18:47:21Z,1.5,ios
E0003849,C00453,add_to_cart,2026-07-20T05:21:16Z,11.4,desktop
E0003850,C01085,page_view,2026-07-12T07:17:24Z,24.7,ios
E0003851,C00479,page_view,2026-07-16T10:18:49Z,40.5,android
E0003852,C01059,refund_request,2026-07-21T17:18:48Z,24.3,tablet
E0003853,C01022,refund_request,2026-07-20T12:03:32Z,26.7,tablet
E0003854,C00936,page_view,2026-07-13T19:58:59Z,6.4,desktop
E0003855,C00530,page_view,2026-07-25T12:30:26Z,13.1,android
E0003856,C00138,support_ticket,2026-07-27T22:07:36Z,1.4,tablet
E0003857,C00143,checkout,2026-07-20T13:05:51Z,22.9,ios
E0003858,C01149,add_to_cart,2026-07-30T19:52:45Z,30.6,desktop
E0003859,C00545,checkout,2026-07-13T06:23:25Z,9.7,android
E0003860,C00377,refund_request,2026-07-09T01:39:25Z,2.2,android
E0003861,C00125,checkout,2026-07-25T04:12:41Z,10.6,ios
E0003862,C00401,add_to_cart,2026-07-25T21:59:22Z,2.5,desktop
E0003863,C00059,refund_request,2026-07-14T22:01:27Z,18.2,tablet
E0003864,C00592,page_view,2026-07-21T11:32:46Z,34.4,ios
E0003865,C00602,checkout,2026-07-18T18:16:41Z,14.9,tablet
E0003866,C00269,checkout,2026-07-27T01:27:33Z,28.1,tablet
E0003867,C00182,checkout,2026-07-22T03:02:09Z,23.5,tablet
E0003868,C00400,support_ticket,2026-07-11T23:01:58Z,19.6,android
E0003869,C01112,refund_request,2026-07-04T06:05:49Z,41.6,tablet
E0003870,C00532,checkout,2026-07-13T20:12:55Z,17.3,android
E0003871,C01175,checkout,2026-07-02T17:57:54Z,32.5,ios
E0003872,C00942,add_to_cart,2026-07-10T20:27:48Z,24.8,tablet
E0003873,C00671,page_view,2026-07-09T04:07:37Z,32.9,android
E0003874,C00421,checkout,2026-07-26T23:12:06Z,10.5,android
E0003875,C00298,checkout,2026-07-07T01:25:04Z,40.1,tablet
E0003876,C00562,checkout,2026-07-12T20:50:56Z,22.6,ios
E0003877,C00638,add_to_cart,2026-07-05T12:33:24Z,13.6,android
E0003878,C00630,page_view,2026-07-24T07:13:32Z,9.4,tablet
E0003879,C00143,add_to_cart,2026-07-10T00:40:01Z,0.7,ios
E0003880,C01187,add_to_cart,2026-07-15T13:20:53Z,17.7,android
E0003881,C00945,refund_request,2026-07-06T23:25:17Z,30.5,desktop
E0003882,C00864,add_to_cart,2026-07-03T04:58:10Z,24.6,android
E0003883,C00687,page_view,2026-07-24T15:08:21Z,20.3,desktop
E0003884,C00177,support_ticket,2026-07-06T18:57:34Z,7.4,desktop
E0003885,C00185,checkout,2026-07-06T04:25:54Z,8.1,desktop
E0003886,C00286,checkout,2026-07-18T08:03:07Z,3.2,ios
E0003887,C00838,support_ticket,2026-07-10T19:34:35Z,15.1,desktop
E0003888,C00839,support_ticket,2026-07-30T15:14:00Z,21.0,ios
E0003889,C00603,support_ticket,2026-07-27T12:30:12Z,28.1,tablet
E0003890,C00382,checkout,2026-07-26T04:26:47Z,12.5,ios
E0003891,C00738,checkout,2026-07-13T12:03:49Z,2.6,android
E0003892,C00912,page_view,2026-07-09T19:48:12Z,31.7,desktop
E0003893,C00358,support_ticket,2026-07-19T21:35:32Z,33.0,ios
E0003894,C00681,page_view,2026-07-14T08:45:56Z,12.2,android
E0003895,C01036,checkout,2026-07-09T21:50:58Z,9.9,android
E0003896,C00789,refund_request,2026-07-26T02:53:28Z,18.1,android
E0003897,C00172,checkout,2026-07-14T04:34:55Z,28.7,ios
E0003898,C00274,support_ticket,2026-07-07T23:12:48Z,17.2,tablet
E0003899,C00515,add_to_cart,2026-07-07T04:54:54Z,7.9,tablet
E0003900,C00808,refund_request,2026-07-04T11:47:40Z,14.6,android
E0003901,C00412,add_to_cart,2026-07-30T19:24:21Z,0.8,tablet
E0003902,C00690,refund_request,2026-07-22T05:26:07Z,26.0,android
E0003903,C00549,page_view,2026-07-25T18:03:45Z,36.1,android
E0003904,C01112,support_ticket,2026-07-23T01:13:26Z,14.9,desktop
E0003905,C00861,add_to_cart,2026-07-20T08:56:12Z,1.2,tablet
E0003906,C00616,refund_request,2026-07-21T09:47:23Z,29.2,android
E0003907,C00717,page_view,2026-07-05T21:22:06Z,13.6,desktop
E0003908,C00788,support_ticket,2026-07-18T17:27:37Z,19.1,tablet
E0003909,C00629,checkout,2026-07-14T00:37:25Z,26.9,android
E0003910,C00659,page_view,2026-07-25T04:29:45Z,8.4,android
E0003911,C00797,checkout,2026-07-23T05:48:26Z,19.5,desktop
E0003912,C00627,add_to_cart,2026-07-10T19:39:47Z,1.7,ios
E0003913,C00827,refund_request,2026-07-25T13:36:14Z,40.2,desktop
E0003914,C00014,support_ticket,2026-07-07T17:30:26Z,11.3,desktop
E0003915,C00443,checkout,2026-07-11T11:24:30Z,19.1,desktop
E0003916,C01199,support_ticket,2026-07-27T22:30:23Z,40.5,desktop
E0003917,C00062,support_ticket,2026-07-21T12:04:19Z,24.6,ios
E0003918,C00142,support_ticket,2026-07-23T14:42:18Z,39.6,tablet
E0003919,C00454,checkout,2026-07-21T13:45:48Z,25.6,tablet
E0003920,C01194,checkout,2026-07-18T03:18:43Z,30.0,tablet
E0003921,C00736,checkout,2026-07-05T05:07:43Z,35.1,tablet
E0003922,C00030,support_ticket,2026-07-17T22:51:43Z,15.0,ios
E0003923,C00061,support_ticket,2026-07-01T03:34:26Z,31.5,tablet
E0003924,C00628,add_to_cart,2026-07-08T23:26:10Z,6.2,desktop
E0003925,C01140,checkout,2026-07-26T14:17:25Z,32.6,desktop
E0003926,C00049,checkout,2026-07-22T13:11:55Z,9.5,android
E0003927,C00163,refund_request,2026-07-19T04:31:54Z,24.7,ios
E0003928,C00819,refund_request,2026-07-03T05:15:16Z,28.9,ios
E0003929,C01136,refund_request,2026-07-15T05:44:39Z,13.8,android
E0003930,C01021,checkout,2026-07-14T17:38:32Z,41.4,ios
E0003931,C00887,checkout,2026-07-26T00:23:03Z,36.2,tablet
E0003932,C00110,refund_request,2026-07-10T09:33:47Z,33.2,desktop
E0003933,C00506,page_view,2026-07-23T17:06:11Z,28.2,android
E0003934,C00691,checkout,2026-07-25T04:58:50Z,41.4,android
E0003935,C00569,checkout,2026-07-31T04:40:44Z,16.9,tablet
E0003936,C00296,support_ticket,2026-07-30T17:31:43Z,13.9,android
E0003937,C00268,support_ticket,2026-07-10T12:38:35Z,7.1,tablet
E0003938,C00962,refund_request,2026-07-04T06:27:20Z,31.6,android
E0003939,C00346,support_ticket,2026-07-26T23:17:10Z,7.2,tablet
E0003940,C00958,add_to_cart,2026-07-26T06:03:21Z,20.0,ios
E0003941,C00711,checkout,2026-07-03T22:46:15Z,40.5,ios
E0003942,C00796,support_ticket,2026-07-10T11:51:04Z,14.6,tablet
E0003943,C00414,support_ticket,2026-07-27T21:57:20Z,21.8,desktop
E0003944,C00594,add_to_cart,2026-07-27T05:42:51Z,38.8,android
E0003945,C00767,page_view,2026-07-13T15:18:36Z,34.4,ios
E0003946,C00252,page_view,2026-07-26T08:19:13Z,13.1,android
E0003947,C00658,refund_request,2026-07-25T23:16:47Z,24.3,desktop
E0003948,C00745,add_to_cart,2026-07-02T11:17:43Z,6.3,tablet
E0003949,C00990,support_ticket,2026-07-21T06:02:51Z,41.7,desktop
E0003950,C00561,refund_request,2026-07-25T05:33:54Z,21.8,tablet
E0003951,C01065,support_ticket,2026-07-02T14:23:17Z,8.2,tablet
E0003952,C01173,add_to_cart,2026-07-26T23:46:23Z,1.9,android
E0003953,C00665,add_to_cart,2026-07-07T01:40:55Z,28.7,tablet
E0003954,C00573,support_ticket,2026-07-23T22:12:53Z,13.8,desktop
E0003955,C00853,add_to_cart,2026-07-06T15:45:46Z,29.8,ios
E0003956,C00297,add_to_cart,2026-07-28T05:33:55Z,24.7,android
E0003957,C00591,page_view,2026-07-15T02:15:05Z,1.9,tablet
E0003958,C00964,add_to_cart,2026-07-26T08:39:39Z,17.3,android
E0003959,C00370,checkout,2026-07-13T01:31:52Z,8.6,desktop
E0003960,C00834,support_ticket,2026-07-31T21:03:16Z,36.9,tablet
E0003961,C00864,page_view,2026-07-29T09:33:13Z,5.1,ios
E0003962,C00607,page_view,2026-07-05T22:46:36Z,19.9,ios
E0003963,C00883,page_view,2026-07-22T06:35:10Z,20.0,ios
E0003964,C01164,checkout,2026-07-16T09:19:11Z,13.4,tablet
E0003965,C00037,page_view,2026-07-19T23:42:35Z,17.6,android
E0003966,C00585,add_to_cart,2026-07-07T01:45:02Z,24.8,android
E0003967,C00226,page_view,2026-07-06T18:00:16Z,31.9,desktop
E0003968,C00117,support_ticket,2026-07-14T18:57:13Z,11.5,android
E0003969,C00334,page_view,2026-07-26T14:11:49Z,8.5,ios
E0003970,C00851,checkout,2026-07-24T20:28:54Z,2.4,android
E0003971,C00888,page_view,2026-07-15T08:51:13Z,6.2,tablet
E0003972,C00102,add_to_cart,2026-07-31T18:34:33Z,10.2,android
E0003973,C00020,checkout,2026-07-20T09:29:54Z,36.3,tablet
E0003974,C01197,refund_request,2026-07-28T02:06:37Z,21.9,ios
E0003975,C00184,page_view,2026-07-15T02:37:03Z,37.0,tablet
E0003976,C00145,refund_request,2026-07-19T00:25:38Z,2.6,desktop
E0003977,C00901,refund_request,2026-07-23T15:56:34Z,34.1,ios
E0003978,C00874,support_ticket,2026-07-18T11:53:23Z,7.8,android
E0003979,C00502,support_ticket,2026-07-26T01:25:30Z,6.8,ios
E0003980,C00035,support_ticket,2026-07-31T12:33:45Z,14.9,ios
E0003981,C00060,checkout,2026-07-02T07:58:12Z,29.2,android
E0003982,C00513,add_to_cart,2026-07-21T03:07:14Z,15.7,tablet
E0003983,C00441,support_ticket,2026-07-11T14:48:52Z,29.2,ios
E0003984,C00764,checkout,2026-07-26T01:20:29Z,29.0,desktop
E0003985,C00407,support_ticket,2026-07-30T14:25:45Z,34.0,ios
E0003986,C00873,support_ticket,2026-07-30T04:40:31Z,6.4,tablet
E0003987,C00572,checkout,2026-07-22T15:27:18Z,4.2,tablet
E0003988,C00444,refund_request,2026-07-18T20:15:55Z,20.3,tablet
E0003989,C00162,checkout,2026-07-28T01:50:20Z,13.8,tablet
E0003990,C00104,add_to_cart,2026-07-16T10:58:11Z,24.4,tablet
E0003991,C00723,refund_request,2026-07-18T12:10:19Z,39.3,tablet
E0003992,C00638,checkout,2026-07-12T13:45:30Z,39.3,android
E0003993,C00602,add_to_cart,2026-07-17T05:17:16Z,41.0,ios
E0003994,C00329,refund_request,2026-07-31T11:25:29Z,16.9,desktop
E0003995,C00830,page_view,2026-07-29T09:55:52Z,35.6,android
E0003996,C00004,refund_request,2026-07-23T11:00:18Z,32.5,desktop
E0003997,C00696,checkout,2026-07-11T21:14:54Z,20.0,desktop
E0003998,C00676,add_to_cart,2026-07-07T17:03:07Z,23.9,ios
E0003999,C00204,page_view,2026-07-21T21:51:35Z,41.9,android
E0004000,C01056,refund_request,2026-07-20T07:30:47Z,13.6,android
E0004001,C01177,page_view,2026-07-06T05:45:07Z,5.9,desktop
E0004002,C00541,support_ticket,2026-07-10T06:33:22Z,14.3,android
E0004003,C00799,support_ticket,2026-07-03T15:10:33Z,35.1,ios
E0004004,C00707,checkout,2026-07-22T15:14:53Z,22.2,desktop
E0004005,C00960,refund_request,2026-07-12T03:46:45Z,34.4,ios
E0004006,C00552,checkout,2026-07-03T09:22:03Z,17.1,tablet
E0004007,C00823,refund_request,2026-07-17T04:54:50Z,40.9,android
E0004008,C00081,checkout,2026-07-04T05:26:59Z,22.8,ios
E0004009,C00763,support_ticket,2026-07-06T16:42:21Z,26.0,desktop
E0004010,C00472,refund_request,2026-07-05T18:08:02Z,5.6,tablet
E0004011,C00038,checkout,2026-07-24T05:46:01Z,32.1,desktop
E0004012,C00893,checkout,2026-07-13T14:14:56Z,1.2,ios
E0004013,C01026,support_ticket,2026-07-22T02:01:52Z,36.7,android
E0004014,C01007,support_ticket,2026-07-12T12:07:33Z,35.5,ios
E0004015,C00319,support_ticket,2026-07-26T19:27:22Z,15.8,ios
E0004016,C01156,refund_request,2026-07-22T23:58:35Z,30.0,ios
E0004017,C00576,checkout,2026-07-05T10:55:59Z,29.0,android
E0004018,C00021,page_view,2026-07-19T08:42:12Z,30.5,tablet
E0004019,C01175,support_ticket,2026-07-02T11:36:54Z,10.9,desktop
E0004020,C01058,page_view,2026-07-17T04:28:43Z,39.7,tablet
E0004021,C00838,page_view,2026-07-18T23:13:08Z,25.1,desktop
E0004022,C00688,support_ticket,2026-07-01T09:01:07Z,0.6,ios
E0004023,C00876,add_to_cart,2026-07-09T20:00:04Z,30.1,tablet
E0004024,C00362,refund_request,2026-07-05T19:43:02Z,40.3,android
E0004025,C00271,add_to_cart,2026-07-10T20:09:49Z,20.6,android
E0004026,C00849,refund_request,2026-07-01T07:23:09Z,23.5,ios
E0004027,C00144,support_ticket,2026-07-05T18:11:04Z,35.8,ios
E0004028,C00590,add_to_cart,2026-07-12T09:20:25Z,16.5,android
E0004029,C00384,support_ticket,2026-07-16T07:50:53Z,19.3,ios
E0004030,C00697,support_ticket,2026-07-01T06:59:47Z,17.1,ios
E0004031,C00165,support_ticket,2026-07-02T22:33:35Z,17.1,desktop
E0004032,C00389,add_to_cart,2026-07-15T16:24:52Z,34.6,desktop
E0004033,C00658,refund_request,2026-07-16T22:49:58Z,2.6,android
E0004034,C00287,add_to_cart,2026-07-04T19:21:06Z,35.9,tablet
E0004035,C00562,add_to_cart,2026-07-21T01:31:01Z,11.6,tablet
E0004036,C00138,page_view,2026-07-13T23:13:22Z,9.6,tablet
E0004037,C00370,checkout,2026-07-30T16:11:34Z,0.7,desktop
E0004038,C00392,support_ticket,2026-07-02T18:30:56Z,33.3,tablet
E0004039,C00131,page_view,2026-07-16T02:41:20Z,15.1,ios
E0004040,C00286,page_view,2026-07-03T10:16:59Z,20.7,android
E0004041,C00413,support_ticket,2026-07-29T12:34:37Z,6.4,ios
E0004042,C00073,checkout,2026-07-13T00:58:25Z,8.7,desktop
E0004043,C00950,refund_request,2026-07-22T04:52:02Z,37.1,ios
E0004044,C00213,add_to_cart,2026-07-23T03:55:15Z,6.1,tablet
E0004045,C00518,page_view,2026-07-25T02:16:31Z,30.1,ios
E0004046,C00290,support_ticket,2026-07-11T14:17:53Z,33.7,android
E0004047,C00387,refund_request,2026-07-10T16:36:16Z,35.8,desktop
E0004048,C00192,add_to_cart,2026-07-07T01:54:02Z,31.9,ios
E0004049,C00972,page_view,2026-07-14T19:28:15Z,18.7,ios
E0004050,C01001,checkout,2026-07-24T01:01:23Z,27.2,ios
E0004051,C00031,refund_request,2026-07-26T23:08:59Z,30.4,android
E0004052,C00482,support_ticket,2026-07-24T16:47:09Z,23.3,ios
E0004053,C00502,add_to_cart,2026-07-10T02:36:01Z,30.4,android
E0004054,C00697,page_view,2026-07-21T16:07:15Z,20.1,desktop
E0004055,C00301,add_to_cart,2026-07-02T04:01:26Z,27.3,tablet
E0004056,C00479,support_ticket,2026-07-15T16:54:37Z,28.0,android
E0004057,C01102,page_view,2026-07-28T03:54:58Z,12.7,android
E0004058,C00253,refund_request,2026-07-04T09:30:20Z,39.9,tablet
E0004059,C00404,add_to_cart,2026-07-25T10:02:17Z,1.1,tablet
E0004060,C00002,page_view,2026-07-19T13:41:54Z,40.9,android
E0004061,C00750,refund_request,2026-07-18T03:19:16Z,15.4,tablet
E0004062,C01175,refund_request,2026-07-19T23:16:42Z,39.9,desktop
E0004063,C00381,page_view,2026-07-23T03:10:32Z,31.8,android
E0004064,C01189,add_to_cart,2026-07-11T17:25:13Z,32.3,desktop
E0004065,C01068,page_view,2026-07-07T11:43:53Z,35.9,android
E0004066,C00096,add_to_cart,2026-07-06T10:58:19Z,27.7,android
E0004067,C00256,page_view,2026-07-04T10:11:26Z,36.6,desktop
E0004068,C00355,support_ticket,2026-07-08T12:15:38Z,32.5,android
E0004069,C01046,page_view,2026-07-20T22:56:06Z,18.9,tablet
E0004070,C01059,checkout,2026-07-08T03:21:38Z,9.6,desktop
E0004071,C00645,refund_request,2026-07-28T21:52:12Z,0.5,desktop
E0004072,C00150,add_to_cart,2026-07-26T08:44:48Z,36.1,android
E0004073,C00433,page_view,2026-07-12T10:24:24Z,13.1,android
E0004074,C00480,page_view,2026-07-03T15:10:29Z,20.0,tablet
E0004075,C00215,checkout,2026-07-15T10:43:27Z,21.9,android
E0004076,C00797,add_to_cart,2026-07-09T14:46:28Z,4.8,desktop
E0004077,C00965,checkout,2026-07-29T22:13:02Z,39.0,ios
E0004078,C00611,support_ticket,2026-07-18T17:23:14Z,37.4,desktop
E0004079,C00466,refund_request,2026-07-26T00:30:07Z,7.9,android
E0004080,C00029,page_view,2026-07-25T13:52:26Z,32.3,desktop
E0004081,C00790,page_view,2026-07-10T17:58:36Z,13.1,tablet
E0004082,C01078,page_view,2026-07-31T09:11:57Z,10.6,tablet
E0004083,C00020,add_to_cart,2026-07-31T17:59:07Z,38.1,ios
E0004084,C00560,refund_request,2026-07-15T01:40:08Z,38.8,ios
E0004085,C00751,checkout,2026-07-27T05:07:00Z,41.3,desktop
E0004086,C00621,add_to_cart,2026-07-14T06:45:46Z,33.1,ios
E0004087,C00295,page_view,2026-07-19T18:46:07Z,1.4,ios
E0004088,C00593,refund_request,2026-07-23T21:27:54Z,37.2,ios
E0004089,C00323,add_to_cart,2026-07-20T13:52:24Z,7.2,desktop
E0004090,C00376,page_view,2026-07-29T14:35:44Z,10.8,android
E0004091,C00340,support_ticket,2026-07-31T01:12:32Z,12.6,tablet
E0004092,C00507,support_ticket,2026-07-25T07:20:47Z,37.8,tablet
E0004093,C00449,support_ticket,2026-07-05T04:11:46Z,7.9,desktop
E0004094,C00993,support_ticket,2026-07-01T03:19:05Z,23.9,android
E0004095,C00252,page_view,2026-07-12T07:41:42Z,25.0,ios
E0004096,C00985,page_view,2026-07-06T05:40:25Z,15.4,ios
E0004097,C00730,refund_request,2026-07-11T06:57:58Z,32.8,tablet
E0004098,C00167,add_to_cart,2026-07-18T13:50:47Z,3.6,desktop
E0004099,C01168,page_view,2026-07-17T06:09:35Z,25.4,tablet
E0004100,C01013,refund_request,2026-07-02T19:34:59Z,12.8,android
E0004101,C00388,refund_request,2026-07-28T00:41:54Z,3.5,tablet
E0004102,C00434,page_view,2026-07-22T12:27:21Z,22.7,desktop
E0004103,C00723,support_ticket,2026-07-25T05:46:17Z,29.6,desktop
E0004104,C00962,support_ticket,2026-07-04T11:30:40Z,35.9,ios
E0004105,C00939,refund_request,2026-07-23T01:29:33Z,8.7,desktop
E0004106,C00683,page_view,2026-07-26T19:00:41Z,39.9,ios
E0004107,C00462,page_view,2026-07-21T16:07:23Z,39.6,ios
E0004108,C00265,checkout,2026-07-10T19:53:21Z,20.7,tablet
E0004109,C01187,refund_request,2026-07-17T01:17:57Z,38.4,ios
E0004110,C00952,checkout,2026-07-06T00:53:37Z,9.2,android
E0004111,C00321,add_to_cart,2026-07-26T09:15:04Z,22.1,tablet
E0004112,C00708,support_ticket,2026-07-21T07:37:11Z,1.8,tablet
E0004113,C00801,checkout,2026-07-20T00:23:13Z,19.9,android
E0004114,C00487,add_to_cart,2026-07-02T19:44:36Z,15.2,desktop
E0004115,C00157,add_to_cart,2026-07-17T22:39:54Z,30.0,android
E0004116,C00582,add_to_cart,2026-07-06T13:55:28Z,35.8,tablet
E0004117,C00941,checkout,2026-07-18T17:30:22Z,6.4,android
E0004118,C00808,refund_request,2026-07-31T11:37:47Z,0.9,desktop
E0004119,C00166,support_ticket,2026-07-13T10:05:36Z,26.0,desktop
E0004120,C00038,add_to_cart,2026-07-27T06:48:45Z,2.5,android
E0004121,C00848,checkout,2026-07-06T23:10:56Z,25.3,android
E0004122,C01044,support_ticket,2026-07-09T12:43:21Z,35.8,ios
E0004123,C00330,refund_request,2026-07-09T20:57:11Z,33.1,ios
E0004124,C00127,support_ticket,2026-07-03T00:11:05Z,8.0,android
E0004125,C00030,add_to_cart,2026-07-28T09:17:21Z,35.2,tablet
E0004126,C00820,page_view,2026-07-11T11:33:39Z,7.7,ios
E0004127,C00880,refund_request,2026-07-01T19:49:00Z,30.4,desktop
E0004128,C00825,support_ticket,2026-07-23T10:29:18Z,15.9,android
E0004129,C00738,support_ticket,2026-07-11T02:35:35Z,0.2,ios
E0004130,C00028,page_view,2026-07-21T11:49:59Z,34.4,desktop
E0004131,C00246,support_ticket,2026-07-04T00:46:49Z,30.8,tablet
E0004132,C00271,page_view,2026-07-02T12:28:56Z,0.9,desktop
E0004133,C00013,page_view,2026-07-15T00:41:07Z,12.1,android
E0004134,C00726,page_view,2026-07-19T11:45:11Z,36.8,android
E0004135,C00670,refund_request,2026-07-19T16:07:04Z,5.5,ios
E0004136,C00155,checkout,2026-07-14T17:54:33Z,14.1,desktop
E0004137,C00506,checkout,2026-07-18T05:58:39Z,3.6,ios
E0004138,C01056,page_view,2026-07-06T08:00:33Z,9.9,android
E0004139,C00381,page_view,2026-07-03T10:59:51Z,21.0,ios
E0004140,C01174,refund_request,2026-07-26T08:16:32Z,40.7,ios
E0004141,C01156,checkout,2026-07-27T04:52:47Z,40.0,ios
E0004142,C00957,refund_request,2026-07-07T12:01:54Z,23.1,ios
E0004143,C00899,page_view,2026-07-30T20:46:22Z,38.4,android
E0004144,C00771,refund_request,2026-07-05T15:38:34Z,32.0,desktop
E0004145,C01000,refund_request,2026-07-14T14:08:15Z,20.8,tablet
E0004146,C00733,add_to_cart,2026-07-25T15:10:20Z,18.5,tablet
E0004147,C00816,checkout,2026-07-25T10:13:54Z,38.2,desktop
E0004148,C00070,support_ticket,2026-07-18T09:21:12Z,21.6,tablet
E0004149,C00753,page_view,2026-07-07T12:22:35Z,30.8,android
E0004150,C00403,add_to_cart,2026-07-22T08:23:10Z,21.3,tablet
E0004151,C00842,page_view,2026-07-04T15:58:41Z,38.3,desktop
E0004152,C00178,support_ticket,2026-07-16T14:05:32Z,6.3,ios
E0004153,C00139,checkout,2026-07-28T01:55:36Z,26.1,tablet
E0004154,C00382,checkout,2026-07-23T20:22:28Z,38.5,desktop
E0004155,C01162,refund_request,2026-07-24T17:25:25Z,3.1,tablet
E0004156,C01104,add_to_cart,2026-07-13T11:44:13Z,23.3,tablet
E0004157,C00237,add_to_cart,2026-07-09T08:18:31Z,9.4,desktop
E0004158,C00424,page_view,2026-07-19T19:36:50Z,3.3,desktop
E0004159,C00383,support_ticket,2026-07-08T10:51:52Z,27.4,desktop
E0004160,C01047,checkout,2026-07-27T00:23:11Z,4.1,tablet
E0004161,C00070,checkout,2026-07-12T23:32:15Z,38.4,tablet
E0004162,C00025,support_ticket,2026-07-04T23:11:01Z,38.6,ios
E0004163,C01017,support_ticket,2026-07-14T13:49:36Z,27.6,desktop
E0004164,C00008,add_to_cart,2026-07-11T02:04:20Z,21.7,tablet
E0004165,C00534,page_view,2026-07-05T00:40:07Z,38.2,desktop
E0004166,C00711,checkout,2026-07-19T12:35:40Z,0.8,tablet
E0004167,C00287,checkout,2026-07-21T05:08:01Z,13.9,android
E0004168,C01182,support_ticket,2026-07-03T13:29:58Z,36.9,android
E0004169,C00245,refund_request,2026-07-01T11:39:27Z,9.6,android
E0004170,C00041,add_to_cart,2026-07-02T22:00:57Z,34.8,desktop
E0004171,C00364,refund_request,2026-07-12T04:16:17Z,18.6,tablet
E0004172,C00040,support_ticket,2026-07-19T21:27:22Z,5.0,android
E0004173,C00983,support_ticket,2026-07-07T10:46:56Z,24.6,android
E0004174,C00738,support_ticket,2026-07-24T06:17:14Z,25.2,android
E0004175,C00384,checkout,2026-07-14T23:35:51Z,37.6,tablet
E0004176,C01045,add_to_cart,2026-07-27T08:34:16Z,2.0,ios
E0004177,C00925,add_to_cart,2026-07-22T16:46:24Z,2.0,tablet
E0004178,C01113,checkout,2026-07-12T04:19:23Z,19.6,desktop
E0004179,C01021,refund_request,2026-07-10T22:27:31Z,10.9,tablet
E0004180,C00968,page_view,2026-07-27T03:18:55Z,0.6,desktop
E0004181,C00673,add_to_cart,2026-07-21T19:20:03Z,6.2,desktop
E0004182,C00140,refund_request,2026-07-19T15:31:41Z,15.7,ios
E0004183,C00174,support_ticket,2026-07-27T07:12:11Z,11.6,tablet
E0004184,C01173,checkout,2026-07-15T02:01:47Z,25.0,android
E0004185,C00717,checkout,2026-07-05T10:04:37Z,4.9,android
E0004186,C00078,support_ticket,2026-07-16T07:57:23Z,27.2,ios
E0004187,C00029,support_ticket,2026-07-07T05:26:35Z,3.4,desktop
E0004188,C00658,refund_request,2026-07-04T00:06:55Z,37.4,android
E0004189,C00120,support_ticket,2026-07-12T00:44:44Z,30.9,ios
E0004190,C00022,add_to_cart,2026-07-27T22:11:00Z,15.9,android
E0004191,C01023,page_view,2026-07-22T01:22:45Z,19.8,ios
E0004192,C01123,checkout,2026-07-06T05:37:55Z,19.5,tablet
E0004193,C00720,add_to_cart,2026-07-23T01:35:15Z,33.6,tablet
E0004194,C00561,checkout,2026-07-27T19:36:10Z,28.4,tablet
E0004195,C00733,support_ticket,2026-07-26T02:13:46Z,36.4,android
E0004196,C00004,refund_request,2026-07-10T05:49:46Z,18.9,android
E0004197,C00254,checkout,2026-07-20T04:42:29Z,23.0,ios
E0004198,C00176,support_ticket,2026-07-26T01:56:13Z,30.2,ios
E0004199,C00574,refund_request,2026-07-16T09:34:32Z,38.2,android
E0004200,C00602,refund_request,2026-07-10T10:34:35Z,25.2,desktop
E0004201,C00893,refund_request,2026-07-26T19:23:24Z,4.9,tablet
E0004202,C00287,checkout,2026-07-05T04:05:05Z,30.2,tablet
E0004203,C00195,page_view,2026-07-10T05:11:04Z,35.2,tablet
E0004204,C00722,add_to_cart,2026-07-22T16:09:36Z,20.5,tablet
E0004205,C00348,support_ticket,2026-07-23T12:48:28Z,34.4,tablet
E0004206,C00665,refund_request,2026-07-14T23:19:31Z,1.8,ios
E0004207,C00723,page_view,2026-07-28T23:51:13Z,29.0,ios
E0004208,C00679,add_to_cart,2026-07-07T22:43:16Z,23.1,ios
E0004209,C00551,checkout,2026-07-19T22:04:27Z,32.0,ios
E0004210,C00235,add_to_cart,2026-07-15T23:43:27Z,20.8,android
E0004211,C01039,refund_request,2026-07-10T10:32:45Z,25.3,android
E0004212,C00571,checkout,2026-07-15T03:39:14Z,40.9,android
E0004213,C00885,checkout,2026-07-22T18:52:17Z,5.5,tablet
E0004214,C00949,add_to_cart,2026-07-14T06:55:48Z,32.2,desktop
E0004215,C01194,add_to_cart,2026-07-12T16:37:11Z,14.3,android
E0004216,C00219,refund_request,2026-07-08T19:46:11Z,40.1,android
E0004217,C01067,checkout,2026-07-08T08:56:51Z,5.5,android
E0004218,C00012,refund_request,2026-07-13T11:28:39Z,29.7,tablet
E0004219,C00052,add_to_cart,2026-07-22T22:50:27Z,19.1,ios
E0004220,C00652,refund_request,2026-07-30T10:33:44Z,24.4,android
E0004221,C00746,support_ticket,2026-07-02T09:11:34Z,3.7,android
E0004222,C00024,support_ticket,2026-07-07T05:16:54Z,31.0,ios
E0004223,C00469,page_view,2026-07-31T01:39:23Z,28.7,android
E0004224,C00193,checkout,2026-07-06T03:44:13Z,28.4,android
E0004225,C00430,add_to_cart,2026-07-13T02:18:23Z,21.0,tablet
E0004226,C00555,refund_request,2026-07-11T07:33:06Z,31.0,android
E0004227,C00733,add_to_cart,2026-07-23T23:18:51Z,20.4,ios
E0004228,C00162,refund_request,2026-07-31T18:18:55Z,5.7,android
E0004229,C00579,checkout,2026-07-05T01:49:24Z,28.9,android
E0004230,C00616,support_ticket,2026-07-15T22:39:45Z,15.7,desktop
E0004231,C00340,checkout,2026-07-15T03:34:11Z,11.9,ios
E0004232,C00168,add_to_cart,2026-07-14T04:34:02Z,7.0,tablet
E0004233,C01074,refund_request,2026-07-13T11:59:49Z,3.0,android
E0004234,C00297,add_to_cart,2026-07-26T05:42:30Z,37.1,android
E0004235,C00027,add_to_cart,2026-07-22T03:40:45Z,0.0,ios
E0004236,C01068,page_view,2026-07-12T11:13:31Z,16.3,ios
E0004237,C00970,add_to_cart,2026-07-21T04:04:45Z,6.2,android
E0004238,C00663,refund_request,2026-07-16T17:46:06Z,18.7,ios
E0004239,C00646,checkout,2026-07-28T02:44:27Z,3.9,ios
E0004240,C00485,refund_request,2026-07-01T02:15:34Z,20.2,tablet
E0004241,C00137,checkout,2026-07-26T20:35:53Z,20.0,android
E0004242,C00247,add_to_cart,2026-07-03T06:48:39Z,9.4,desktop
E0004243,C00473,page_view,2026-07-12T20:02:33Z,24.7,tablet
E0004244,C00507,support_ticket,2026-07-10T09:19:43Z,0.1,desktop
E0004245,C00612,page_view,2026-07-06T21:15:42Z,3.4,tablet
E0004246,C00670,refund_request,2026-07-03T17:51:19Z,9.3,tablet
E0004247,C00233,add_to_cart,2026-07-06T09:03:42Z,12.7,ios
E0004248,C00807,support_ticket,2026-07-21T09:02:21Z,25.2,android
E0004249,C00074,page_view,2026-07-11T15:30:08Z,14.3,tablet
E0004250,C00799,refund_request,2026-07-04T16:33:14Z,12.4,tablet
E0004251,C00274,support_ticket,2026-07-13T14:20:37Z,35.1,tablet
E0004252,C00628,refund_request,2026-07-30T19:07:14Z,41.7,desktop
E0004253,C00592,checkout,2026-07-19T01:39:14Z,17.3,android
E0004254,C00070,page_view,2026-07-08T23:17:36Z,16.3,ios
E0004255,C00792,add_to_cart,2026-07-15T21:47:30Z,32.6,desktop
E0004256,C00207,refund_request,2026-07-19T17:57:23Z,26.8,desktop
E0004257,C00614,checkout,2026-07-09T22:16:37Z,37.2,android
E0004258,C00256,page_view,2026-07-01T05:52:21Z,40.4,android
E0004259,C00100,page_view,2026-07-12T21:02:18Z,34.4,ios
E0004260,C00221,page_view,2026-07-17T06:26:48Z,39.1,ios
E0004261,C00976,page_view,2026-07-25T08:00:01Z,2.9,android
E0004262,C00057,checkout,2026-07-15T05:10:49Z,38.5,ios
E0004263,C00706,support_ticket,2026-07-25T15:38:26Z,28.1,android
E0004264,C00243,support_ticket,2026-07-21T15:33:51Z,16.8,ios
E0004265,C00652,refund_request,2026-07-01T12:27:19Z,3.2,android
E0004266,C00145,page_view,2026-07-09T07:24:06Z,34.5,desktop
E0004267,C00816,refund_request,2026-07-28T13:19:21Z,38.3,tablet
E0004268,C00116,support_ticket,2026-07-29T17:28:50Z,31.5,tablet
E0004269,C00274,add_to_cart,2026-07-18T00:21:00Z,32.2,desktop
E0004270,C00419,checkout,2026-07-27T08:26:58Z,11.0,desktop
E0004271,C00552,add_to_cart,2026-07-19T17:19:00Z,25.7,android
E0004272,C00819,refund_request,2026-07-27T22:21:24Z,21.5,tablet
E0004273,C00424,add_to_cart,2026-07-24T17:50:49Z,9.8,tablet
E0004274,C00367,checkout,2026-07-30T13:29:01Z,3.0,desktop
E0004275,C00378,support_ticket,2026-07-28T23:11:20Z,8.2,android
E0004276,C01116,add_to_cart,2026-07-29T04:36:34Z,39.3,desktop
E0004277,C00214,support_ticket,2026-07-11T00:20:24Z,37.6,ios
E0004278,C01162,page_view,2026-07-09T12:53:02Z,40.3,android
E0004279,C00020,page_view,2026-07-24T14:56:42Z,5.9,android
E0004280,C00672,refund_request,2026-07-20T15:00:59Z,0.2,tablet
E0004281,C00380,refund_request,2026-07-04T11:51:35Z,41.3,ios
E0004282,C00199,refund_request,2026-07-12T23:46:54Z,39.3,android
E0004283,C00882,refund_request,2026-07-01T12:07:29Z,39.7,tablet
E0004284,C00745,checkout,2026-07-31T14:40:33Z,24.0,android
E0004285,C00330,add_to_cart,2026-07-05T23:52:53Z,28.2,ios
E0004286,C00051,refund_request,2026-07-16T23:32:18Z,2.3,desktop
E0004287,C00401,page_view,2026-07-01T19:06:52Z,31.7,ios
E0004288,C00281,page_view,2026-07-12T10:27:17Z,0.9,desktop
E0004289,C00408,support_ticket,2026-07-05T09:10:59Z,22.1,tablet
E0004290,C00352,checkout,2026-07-14T09:23:25Z,31.6,tablet
E0004291,C00903,page_view,2026-07-12T12:20:52Z,17.8,android
E0004292,C00045,support_ticket,2026-07-07T04:13:40Z,20.9,desktop
E0004293,C00494,add_to_cart,2026-07-06T12:14:14Z,38.5,android
E0004294,C00627,support_ticket,2026-07-23T07:40:51Z,1.3,tablet
E0004295,C01188,checkout,2026-07-07T19:52:46Z,29.4,tablet
E0004296,C00918,add_to_cart,2026-07-08T13:58:11Z,30.8,android
E0004297,C00378,add_to_cart,2026-07-28T20:34:29Z,4.8,android
E0004298,C00528,checkout,2026-07-15T06:39:03Z,22.0,tablet
E0004299,C01102,support_ticket,2026-07-28T08:39:17Z,8.9,desktop
E0004300,C00476,checkout,2026-07-05T20:15:34Z,34.7,desktop
E0004301,C00682,page_view,2026-07-18T04:22:37Z,31.9,tablet
E0004302,C00379,page_view,2026-07-24T22:08:48Z,10.5,desktop
E0004303,C01078,support_ticket,2026-07-26T18:36:27Z,40.5,ios
E0004304,C00790,refund_request,2026-07-08T19:10:27Z,13.0,ios
E0004305,C00752,refund_request,2026-07-30T03:42:01Z,39.3,tablet
E0004306,C00293,checkout,2026-07-19T06:55:53Z,35.8,desktop
E0004307,C01111,refund_request,2026-07-20T11:40:09Z,21.8,desktop
E0004308,C00290,checkout,2026-07-14T02:15:01Z,3.0,ios
E0004309,C00719,checkout,2026-07-23T01:41:06Z,30.6,android
E0004310,C00789,add_to_cart,2026-07-24T20:25:08Z,4.0,tablet
E0004311,C00252,checkout,2026-07-20T05:47:41Z,38.9,ios
E0004312,C00298,checkout,2026-07-29T08:09:19Z,5.9,ios
E0004313,C00331,add_to_cart,2026-07-09T05:52:31Z,22.5,android
E0004314,C00392,refund_request,2026-07-21T18:01:40Z,2.1,desktop
E0004315,C00262,refund_request,2026-07-13T05:03:38Z,12.1,ios
E0004316,C00744,refund_request,2026-07-01T06:49:50Z,33.5,desktop
E0004317,C00458,checkout,2026-07-05T16:27:20Z,23.2,ios
E0004318,C00329,checkout,2026-07-11T15:49:13Z,10.2,tablet
E0004319,C01157,checkout,2026-07-10T05:11:05Z,6.0,desktop
E0004320,C00216,add_to_cart,2026-07-11T11:07:11Z,12.2,tablet
E0004321,C00742,support_ticket,2026-07-01T23:00:20Z,9.8,ios
E0004322,C00198,support_ticket,2026-07-10T02:50:00Z,9.0,tablet
E0004323,C00799,refund_request,2026-07-20T14:30:31Z,21.2,ios
E0004324,C00424,support_ticket,2026-07-18T12:49:50Z,33.1,android
E0004325,C00971,support_ticket,2026-07-18T07:37:20Z,13.7,tablet
E0004326,C00285,support_ticket,2026-07-25T19:19:25Z,39.2,android
E0004327,C00655,page_view,2026-07-19T00:30:15Z,14.6,ios
E0004328,C01177,page_view,2026-07-16T15:51:15Z,24.1,ios
E0004329,C00390,refund_request,2026-07-30T17:13:06Z,13.0,tablet
E0004330,C00250,add_to_cart,2026-07-23T00:20:35Z,3.1,desktop
E0004331,C00030,add_to_cart,2026-07-17T23:23:43Z,41.0,tablet
E0004332,C01027,page_view,2026-07-30T18:15:22Z,30.7,ios
E0004333,C00193,checkout,2026-07-13T09:49:59Z,41.6,tablet
E0004334,C00374,add_to_cart,2026-07-01T13:01:21Z,28.7,tablet
E0004335,C00132,add_to_cart,2026-07-25T18:14:44Z,5.1,android
E0004336,C00293,page_view,2026-07-18T20:33:28Z,34.0,desktop
E0004337,C00259,add_to_cart,2026-07-05T23:26:35Z,38.0,ios
E0004338,C00409,checkout,2026-07-30T08:55:11Z,40.3,desktop
E0004339,C00593,page_view,2026-07-24T11:51:45Z,3.9,ios
E0004340,C00284,page_view,2026-07-31T16:50:09Z,27.7,desktop
E0004341,C01009,checkout,2026-07-09T09:58:51Z,10.0,android
E0004342,C01159,support_ticket,2026-07-18T22:28:28Z,22.9,ios
E0004343,C00258,add_to_cart,2026-07-07T07:00:21Z,6.3,android
E0004344,C00057,support_ticket,2026-07-30T05:36:04Z,24.1,ios
E0004345,C00508,add_to_cart,2026-07-31T20:04:29Z,1.9,tablet
E0004346,C00313,support_ticket,2026-07-08T20:16:28Z,14.0,tablet
E0004347,C00281,checkout,2026-07-27T12:54:40Z,31.7,desktop
E0004348,C01041,checkout,2026-07-05T14:10:46Z,21.0,desktop
E0004349,C00747,add_to_cart,2026-07-02T06:38:31Z,9.2,desktop
E0004350,C00581,checkout,2026-07-22T23:26:08Z,29.4,tablet
E0004351,C00640,refund_request,2026-07-09T02:13:15Z,38.0,ios
E0004352,C00503,support_ticket,2026-07-26T06:52:55Z,0.2,desktop
E0004353,C00647,support_ticket,2026-07-26T15:13:12Z,23.9,desktop
E0004354,C00248,support_ticket,2026-07-28T23:12:00Z,17.1,android
E0004355,C00369,support_ticket,2026-07-12T16:26:20Z,17.8,desktop
E0004356,C00147,add_to_cart,2026-07-30T12:03:50Z,20.5,desktop
E0004357,C00064,page_view,2026-07-17T17:47:50Z,0.1,tablet
E0004358,C00057,refund_request,2026-07-01T16:48:38Z,8.1,tablet
E0004359,C00368,refund_request,2026-07-17T10:50:23Z,25.9,ios
E0004360,C00124,checkout,2026-07-10T08:41:12Z,3.2,android
E0004361,C00659,support_ticket,2026-07-24T20:47:49Z,0.2,ios
E0004362,C01009,page_view,2026-07-28T11:32:29Z,3.3,tablet
E0004363,C00495,refund_request,2026-07-25T03:03:58Z,39.2,android
E0004364,C01135,page_view,2026-07-23T19:08:41Z,35.7,android
E0004365,C00672,checkout,2026-07-10T20:35:16Z,32.8,tablet
E0004366,C00272,checkout,2026-07-19T21:08:36Z,35.2,android
E0004367,C00672,page_view,2026-07-03T22:05:23Z,10.2,tablet
E0004368,C00145,support_ticket,2026-07-12T06:09:15Z,18.4,android
E0004369,C00400,support_ticket,2026-07-13T08:27:39Z,25.3,desktop
E0004370,C00823,checkout,2026-07-04T14:22:56Z,5.9,desktop
E0004371,C00488,checkout,2026-07-08T01:32:32Z,9.4,tablet
E0004372,C01050,refund_request,2026-07-23T01:10:28Z,4.4,tablet
E0004373,C00238,add_to_cart,2026-07-18T10:41:51Z,26.6,tablet
E0004374,C00560,refund_request,2026-07-27T20:39:25Z,2.3,tablet
E0004375,C00521,add_to_cart,2026-07-07T08:15:28Z,34.5,ios
E0004376,C00786,page_view,2026-07-22T03:08:21Z,18.6,ios
E0004377,C00321,add_to_cart,2026-07-13T12:25:04Z,31.0,android
E0004378,C01139,refund_request,2026-07-25T18:13:07Z,32.7,ios
E0004379,C01020,support_ticket,2026-07-17T16:20:20Z,37.5,desktop
E0004380,C00496,add_to_cart,2026-07-07T05:51:37Z,2.5,desktop
E0004381,C00680,refund_request,2026-07-29T00:26:25Z,22.7,ios
E0004382,C00857,page_view,2026-07-12T20:39:06Z,24.1,desktop
E0004383,C00374,add_to_cart,2026-07-17T01:50:05Z,23.8,tablet
E0004384,C00765,add_to_cart,2026-07-22T10:11:02Z,28.1,ios
E0004385,C00241,checkout,2026-07-20T08:32:21Z,9.2,android
E0004386,C00628,page_view,2026-07-16T00:04:27Z,23.2,tablet
E0004387,C00237,checkout,2026-07-30T14:11:56Z,17.1,desktop
E0004388,C00748,refund_request,2026-07-09T21:56:44Z,2.9,ios
E0004389,C00053,add_to_cart,2026-07-26T04:20:43Z,24.9,android
E0004390,C00018,refund_request,2026-07-04T16:30:31Z,40.2,ios
E0004391,C00408,refund_request,2026-07-11T21:51:14Z,24.7,desktop
E0004392,C01099,support_ticket,2026-07-01T12:47:08Z,32.3,tablet
E0004393,C00059,refund_request,2026-07-24T14:50:52Z,12.2,desktop
E0004394,C00146,checkout,2026-07-26T11:36:28Z,36.0,tablet
E0004395,C01153,refund_request,2026-07-07T02:01:36Z,12.4,android
E0004396,C00807,page_view,2026-07-17T05:09:00Z,30.7,ios
E0004397,C00934,refund_request,2026-07-02T12:47:34Z,30.8,ios
E0004398,C00583,page_view,2026-07-30T04:56:52Z,7.9,android
E0004399,C01046,support_ticket,2026-07-26T08:35:24Z,9.2,ios
E0004400,C01195,page_view,2026-07-10T08:19:52Z,24.4,android
E0004401,C00681,add_to_cart,2026-07-12T05:58:52Z,3.9,ios
E0004402,C00918,checkout,2026-07-09T01:01:56Z,16.3,android
E0004403,C00239,add_to_cart,2026-07-26T17:11:16Z,22.7,desktop
E0004404,C00306,support_ticket,2026-07-28T13:40:01Z,30.9,android
E0004405,C00279,refund_request,2026-07-06T09:01:15Z,15.8,desktop
E0004406,C00206,refund_request,2026-07-06T20:45:08Z,24.9,ios
E0004407,C00326,checkout,2026-07-13T06:00:55Z,39.2,desktop
E0004408,C00161,add_to_cart,2026-07-15T07:40:23Z,39.5,tablet
E0004409,C00308,checkout,2026-07-02T09:52:50Z,30.2,desktop
E0004410,C00399,checkout,2026-07-08T21:52:00Z,12.4,desktop
E0004411,C00377,page_view,2026-07-04T02:38:20Z,28.5,ios
E0004412,C00882,refund_request,2026-07-05T21:25:51Z,17.3,ios
E0004413,C00870,refund_request,2026-07-26T16:11:12Z,35.3,android
E0004414,C00863,support_ticket,2026-07-01T13:21:43Z,31.1,ios
E0004415,C00577,refund_request,2026-07-27T03:48:49Z,15.4,tablet
E0004416,C01018,add_to_cart,2026-07-20T06:45:25Z,36.6,android
E0004417,C00319,refund_request,2026-07-04T11:15:34Z,28.7,android
E0004418,C01005,page_view,2026-07-08T14:31:30Z,12.9,ios
E0004419,C00579,page_view,2026-07-03T13:34:04Z,35.1,desktop
E0004420,C01174,checkout,2026-07-21T12:47:15Z,36.2,desktop
E0004421,C01154,page_view,2026-07-29T18:03:03Z,35.6,desktop
E0004422,C00815,refund_request,2026-07-03T04:57:09Z,28.9,ios
E0004423,C00339,checkout,2026-07-12T13:16:42Z,26.5,android
E0004424,C00375,add_to_cart,2026-07-06T17:17:24Z,30.9,tablet
E0004425,C00065,add_to_cart,2026-07-22T16:03:41Z,34.8,android
E0004426,C00221,page_view,2026-07-02T07:37:00Z,6.9,desktop
E0004427,C00325,refund_request,2026-07-21T04:20:22Z,35.4,android
E0004428,C01180,page_view,2026-07-05T00:42:14Z,29.9,ios
E0004429,C00480,refund_request,2026-07-31T13:05:33Z,35.2,tablet
E0004430,C00343,page_view,2026-07-20T03:28:20Z,34.5,desktop
E0004431,C00979,support_ticket,2026-07-06T15:57:41Z,1.0,tablet
E0004432,C00944,add_to_cart,2026-07-27T13:04:52Z,21.2,android
E0004433,C00502,checkout,2026-07-03T02:01:46Z,37.7,android
E0004434,C00144,refund_request,2026-07-25T17:47:52Z,20.5,tablet
E0004435,C00426,page_view,2026-07-02T16:53:35Z,30.4,tablet
E0004436,C00645,support_ticket,2026-07-22T16:19:40Z,37.5,ios
E0004437,C00580,support_ticket,2026-07-12T00:11:38Z,25.5,tablet
E0004438,C00169,support_ticket,2026-07-02T14:09:44Z,27.9,ios
E0004439,C00933,checkout,2026-07-22T02:53:37Z,2.5,android
E0004440,C00553,page_view,2026-07-23T09:06:31Z,34.2,android
E0004441,C00848,checkout,2026-07-30T02:11:54Z,24.0,tablet
E0004442,C00578,refund_request,2026-07-11T03:47:47Z,34.5,android
E0004443,C00262,add_to_cart,2026-07-03T13:02:42Z,7.2,desktop
E0004444,C00233,refund_request,2026-07-12T15:18:21Z,16.3,desktop
E0004445,C00194,refund_request,2026-07-07T17:38:43Z,2.1,desktop
E0004446,C00428,refund_request,2026-07-23T20:01:23Z,32.3,android
E0004447,C00072,page_view,2026-07-09T16:22:02Z,39.3,tablet
E0004448,C00039,page_view,2026-07-30T20:07:45Z,21.2,desktop
E0004449,C00035,add_to_cart,2026-07-01T09:12:42Z,8.3,desktop
E0004450,C00861,refund_request,2026-07-27T14:22:30Z,40.1,android
E0004451,C00924,page_view,2026-07-22T09:38:17Z,20.4,tablet
E0004452,C00702,checkout,2026-07-05T19:08:01Z,6.4,android
E0004453,C00724,checkout,2026-07-15T19:48:32Z,33.5,desktop
E0004454,C00821,support_ticket,2026-07-05T13:11:13Z,20.6,android
E0004455,C00401,add_to_cart,2026-07-29T19:59:27Z,40.2,tablet
E0004456,C00840,support_ticket,2026-07-26T07:14:20Z,35.4,ios
E0004457,C00638,checkout,2026-07-18T05:36:14Z,24.1,android
E0004458,C00679,checkout,2026-07-29T23:43:02Z,30.2,tablet
E0004459,C00553,refund_request,2026-07-31T05:11:29Z,0.6,ios
E0004460,C01185,add_to_cart,2026-07-05T22:28:11Z,7.7,desktop
E0004461,C00422,checkout,2026-07-22T07:28:38Z,6.6,desktop
E0004462,C00645,support_ticket,2026-07-14T21:22:53Z,38.2,android
E0004463,C00867,checkout,2026-07-10T18:29:46Z,39.1,tablet
E0004464,C00337,add_to_cart,2026-07-10T07:26:34Z,39.2,desktop
E0004465,C00877,page_view,2026-07-28T02:08:21Z,2.6,ios
E0004466,C00511,add_to_cart,2026-07-30T11:51:47Z,35.5,tablet
E0004467,C00753,checkout,2026-07-08T10:33:34Z,35.6,android
E0004468,C01074,page_view,2026-07-02T12:08:39Z,37.1,ios
E0004469,C00521,add_to_cart,2026-07-17T05:30:41Z,10.9,android
E0004470,C00576,checkout,2026-07-03T02:58:26Z,9.1,tablet
E0004471,C00613,support_ticket,2026-07-16T11:15:08Z,36.5,android
E0004472,C00756,add_to_cart,2026-07-01T15:16:18Z,11.8,android
E0004473,C00254,support_ticket,2026-07-02T06:23:58Z,2.9,ios
E0004474,C01046,checkout,2026-07-21T15:03:35Z,25.4,desktop
E0004475,C00292,add_to_cart,2026-07-30T10:10:02Z,19.6,tablet
E0004476,C00822,refund_request,2026-07-16T17:45:06Z,10.4,desktop
E0004477,C00949,page_view,2026-07-20T08:42:36Z,36.6,ios
E0004478,C00293,refund_request,2026-07-20T18:25:36Z,3.5,android
E0004479,C01040,add_to_cart,2026-07-12T17:44:39Z,11.1,desktop
E0004480,C00025,support_ticket,2026-07-02T10:17:01Z,20.7,desktop
E0004481,C00210,support_ticket,2026-07-16T07:22:56Z,1.0,tablet
E0004482,C00618,page_view,2026-07-04T19:16:57Z,18.3,ios
E0004483,C00676,support_ticket,2026-07-13T01:37:53Z,30.0,desktop
E0004484,C01076,refund_request,2026-07-09T16:10:18Z,11.8,android
E0004485,C00207,support_ticket,2026-07-22T10:15:56Z,21.4,desktop
E0004486,C00324,refund_request,2026-07-20T10:40:57Z,40.0,android
E0004487,C01047,support_ticket,2026-07-20T10:29:18Z,37.1,tablet
E0004488,C00353,refund_request,2026-07-10T13:24:46Z,13.0,android
E0004489,C01139,checkout,2026-07-18T09:20:24Z,20.4,desktop
E0004490,C00603,add_to_cart,2026-07-13T14:31:29Z,38.8,ios
E0004491,C00905,add_to_cart,2026-07-05T11:17:52Z,6.2,desktop
E0004492,C00922,support_ticket,2026-07-22T00:36:11Z,25.5,android
E0004493,C00774,refund_request,2026-07-16T21:23:33Z,31.1,tablet
E0004494,C00801,refund_request,2026-07-01T17:07:27Z,8.5,desktop
E0004495,C00687,checkout,2026-07-07T20:55:08Z,11.8,tablet
E0004496,C01053,add_to_cart,2026-07-06T11:03:07Z,23.4,tablet
E0004497,C00665,add_to_cart,2026-07-03T01:38:00Z,41.6,tablet
E0004498,C00240,page_view,2026-07-31T02:31:24Z,8.1,ios
E0004499,C00156,refund_request,2026-07-02T03:24:44Z,1.2,tablet
E0004500,C00668,add_to_cart,2026-07-06T09:42:05Z,14.5,tablet
E0004501,C01052,checkout,2026-07-27T00:04:53Z,35.3,tablet
E0004502,C00598,support_ticket,2026-07-17T19:29:01Z,1.7,android
E0004503,C00458,page_view,2026-07-10T22:11:09Z,13.5,android
E0004504,C00160,page_view,2026-07-17T14:38:30Z,4.1,desktop
E0004505,C00549,refund_request,2026-07-24T02:53:55Z,23.0,ios
E0004506,C01185,refund_request,2026-07-15T17:58:02Z,3.0,ios
E0004507,C00696,page_view,2026-07-22T00:43:56Z,10.4,ios
E0004508,C00821,add_to_cart,2026-07-01T19:12:52Z,38.8,tablet
E0004509,C01182,support_ticket,2026-07-09T10:28:20Z,23.7,android
E0004510,C00385,checkout,2026-07-16T01:28:00Z,40.9,ios
E0004511,C00227,refund_request,2026-07-15T03:59:20Z,39.1,ios
E0004512,C00890,support_ticket,2026-07-01T00:09:21Z,25.0,android
E0004513,C00508,page_view,2026-07-31T09:23:27Z,23.5,desktop
E0004514,C00355,refund_request,2026-07-19T22:48:47Z,35.7,tablet
E0004515,C01184,add_to_cart,2026-07-20T02:56:30Z,1.7,tablet
E0004516,C01165,add_to_cart,2026-07-28T03:04:33Z,23.7,tablet
E0004517,C00737,add_to_cart,2026-07-12T09:36:52Z,24.4,tablet
E0004518,C00017,page_view,2026-07-30T01:03:25Z,38.8,tablet
E0004519,C00343,refund_request,2026-07-21T01:24:14Z,12.4,ios
E0004520,C00507,refund_request,2026-07-23T02:24:31Z,27.0,tablet
E0004521,C00833,checkout,2026-07-30T15:00:17Z,19.7,android
E0004522,C00848,add_to_cart,2026-07-19T20:36:30Z,5.6,ios
E0004523,C00248,page_view,2026-07-05T07:58:01Z,20.1,tablet
E0004524,C01145,checkout,2026-07-21T09:59:53Z,40.0,tablet
E0004525,C00198,checkout,2026-07-10T22:13:01Z,12.2,ios
E0004526,C00173,support_ticket,2026-07-04T02:03:13Z,40.2,desktop
E0004527,C01105,refund_request,2026-07-22T18:28:37Z,25.5,tablet
E0004528,C00255,refund_request,2026-07-20T13:15:07Z,41.8,tablet
E0004529,C01187,checkout,2026-07-13T11:04:43Z,10.5,ios
E0004530,C00605,checkout,2026-07-30T23:22:50Z,4.1,tablet
E0004531,C00408,checkout,2026-07-26T13:03:06Z,34.3,tablet
E0004532,C01177,page_view,2026-07-13T11:35:23Z,13.5,tablet
E0004533,C00595,refund_request,2026-07-21T09:13:23Z,8.8,tablet
E0004534,C00646,checkout,2026-07-20T18:51:40Z,16.5,ios
E0004535,C00133,checkout,2026-07-10T04:27:18Z,27.6,android
E0004536,C00092,page_view,2026-07-23T18:38:51Z,10.0,tablet
E0004537,C00095,page_view,2026-07-31T07:16:53Z,11.6,android
E0004538,C01105,page_view,2026-07-10T15:42:25Z,3.4,tablet
E0004539,C00824,support_ticket,2026-07-28T16:44:48Z,33.3,android
E0004540,C00292,checkout,2026-07-14T03:58:10Z,19.1,android
E0004541,C00564,page_view,2026-07-19T13:54:19Z,19.2,android
E0004542,C00447,refund_request,2026-07-21T05:01:18Z,7.1,android
E0004543,C00137,refund_request,2026-07-07T08:59:40Z,23.2,android
E0004544,C00349,add_to_cart,2026-07-09T16:14:11Z,10.5,ios
E0004545,C00819,page_view,2026-07-28T09:32:20Z,34.3,tablet
E0004546,C00394,checkout,2026-07-21T14:27:10Z,11.2,android
E0004547,C00341,refund_request,2026-07-09T04:15:41Z,33.9,ios
E0004548,C01069,checkout,2026-07-11T23:55:43Z,8.4,android
E0004549,C00065,support_ticket,2026-07-25T08:57:25Z,40.1,ios
E0004550,C01179,refund_request,2026-07-03T13:51:49Z,31.1,ios
E0004551,C00160,add_to_cart,2026-07-13T17:08:12Z,30.7,desktop
E0004552,C00517,checkout,2026-07-31T04:23:22Z,17.0,tablet
E0004553,C00494,checkout,2026-07-05T21:49:41Z,38.2,tablet
E0004554,C00015,checkout,2026-07-14T18:58:30Z,4.2,tablet
E0004555,C00833,add_to_cart,2026-07-04T22:43:43Z,16.4,ios
E0004556,C00682,support_ticket,2026-07-26T03:55:37Z,35.1,ios
E0004557,C00229,refund_request,2026-07-14T17:26:41Z,2.5,tablet
E0004558,C00641,page_view,2026-07-05T06:11:48Z,38.0,tablet
E0004559,C01091,checkout,2026-07-25T20:28:20Z,35.8,tablet
E0004560,C00507,add_to_cart,2026-07-18T01:32:51Z,5.4,desktop
E0004561,C00774,page_view,2026-07-21T10:18:01Z,17.9,ios
E0004562,C00686,refund_request,2026-07-12T13:09:57Z,23.0,ios
E0004563,C01105,page_view,2026-07-07T22:01:48Z,38.8,desktop
E0004564,C00476,refund_request,2026-07-12T00:51:49Z,16.1,tablet
E0004565,C01097,page_view,2026-07-15T20:47:45Z,13.8,android
E0004566,C00842,page_view,2026-07-19T00:02:38Z,2.2,tablet
E0004567,C00816,add_to_cart,2026-07-16T07:01:00Z,37.5,desktop
E0004568,C00259,page_view,2026-07-19T19:56:51Z,1.2,ios
E0004569,C00337,support_ticket,2026-07-27T22:38:32Z,11.8,tablet
E0004570,C00689,checkout,2026-07-15T17:40:09Z,32.8,desktop
E0004571,C00490,add_to_cart,2026-07-23T12:44:51Z,11.6,android
E0004572,C00557,refund_request,2026-07-12T07:26:01Z,8.9,tablet
E0004573,C01121,support_ticket,2026-07-02T15:52:19Z,12.5,ios
E0004574,C00331,support_ticket,2026-07-26T07:12:35Z,3.0,desktop
E0004575,C01165,checkout,2026-07-10T01:28:47Z,33.5,desktop
E0004576,C01148,support_ticket,2026-07-18T14:46:34Z,17.4,desktop
E0004577,C00807,page_view,2026-07-22T17:54:11Z,6.4,android
E0004578,C00484,add_to_cart,2026-07-14T10:57:47Z,18.8,ios
E0004579,C00706,add_to_cart,2026-07-27T10:08:50Z,28.3,android
E0004580,C00542,checkout,2026-07-08T10:47:42Z,39.1,android
E0004581,C00942,page_view,2026-07-30T11:00:33Z,34.5,ios
E0004582,C00396,checkout,2026-07-29T17:53:30Z,14.6,desktop
E0004583,C01185,checkout,2026-07-21T18:33:37Z,19.5,ios
E0004584,C00850,page_view,2026-07-09T20:23:12Z,40.9,ios
E0004585,C00713,checkout,2026-07-05T12:35:33Z,24.2,tablet
E0004586,C00857,page_view,2026-07-27T11:03:54Z,34.4,android
E0004587,C00371,page_view,2026-07-11T10:39:53Z,36.8,desktop
E0004588,C00092,checkout,2026-07-08T16:02:09Z,24.9,ios
E0004589,C01186,support_ticket,2026-07-07T12:36:37Z,4.0,ios
E0004590,C00358,support_ticket,2026-07-27T17:29:16Z,9.4,ios
E0004591,C00551,add_to_cart,2026-07-05T01:50:04Z,5.3,ios
E0004592,C00860,checkout,2026-07-24T20:34:50Z,16.4,android
E0004593,C00961,page_view,2026-07-23T18:46:26Z,11.7,tablet
E0004594,C00117,page_view,2026-07-25T16:03:01Z,25.2,android
E0004595,C00405,page_view,2026-07-26T10:56:17Z,19.6,desktop
E0004596,C01001,add_to_cart,2026-07-07T23:05:47Z,14.6,android
E0004597,C00335,add_to_cart,2026-07-29T16:47:04Z,41.1,desktop
E0004598,C01191,add_to_cart,2026-07-05T10:38:02Z,35.4,desktop
E0004599,C00753,checkout,2026-07-29T12:45:00Z,33.4,desktop
E0004600,C01003,checkout,2026-07-25T20:18:52Z,5.3,tablet
E0004601,C00796,page_view,2026-07-08T08:36:50Z,16.6,ios
E0004602,C00874,refund_request,2026-07-17T10:40:38Z,28.2,android
E0004603,C00616,add_to_cart,2026-07-24T05:59:56Z,1.3,desktop
E0004604,C00046,support_ticket,2026-07-01T17:04:00Z,10.7,desktop
E0004605,C01008,checkout,2026-07-10T06:41:59Z,8.5,desktop
E0004606,C00969,add_to_cart,2026-07-14T03:33:00Z,34.4,desktop
E0004607,C00035,page_view,2026-07-11T00:36:07Z,32.7,tablet
E0004608,C00997,support_ticket,2026-07-25T20:04:56Z,24.2,ios
E0004609,C00473,add_to_cart,2026-07-19T22:07:13Z,18.4,tablet
E0004610,C00999,checkout,2026-07-03T19:47:57Z,41.6,tablet
E0004611,C01157,page_view,2026-07-28T09:56:19Z,30.6,ios
E0004612,C00672,add_to_cart,2026-07-12T15:53:27Z,38.9,desktop
E0004613,C01191,checkout,2026-07-16T11:01:25Z,39.2,android
E0004614,C00282,add_to_cart,2026-07-07T21:29:20Z,26.8,tablet
E0004615,C00175,page_view,2026-07-10T18:11:48Z,21.4,android
E0004616,C00208,checkout,2026-07-17T08:00:34Z,1.2,ios
E0004617,C01077,page_view,2026-07-01T12:12:54Z,23.8,tablet
E0004618,C00960,page_view,2026-07-29T05:51:05Z,7.0,android
E0004619,C00250,refund_request,2026-07-13T16:35:49Z,31.0,desktop
E0004620,C00658,add_to_cart,2026-07-26T16:59:10Z,28.6,ios
E0004621,C00273,support_ticket,2026-07-29T19:03:20Z,1.5,tablet
E0004622,C00125,support_ticket,2026-07-15T02:55:03Z,6.6,ios
E0004623,C00700,support_ticket,2026-07-21T20:21:54Z,41.3,tablet
E0004624,C00323,add_to_cart,2026-07-31T02:39:52Z,18.5,desktop
E0004625,C00443,page_view,2026-07-26T19:00:12Z,7.2,desktop
E0004626,C00542,checkout,2026-07-23T08:05:55Z,6.4,ios
E0004627,C01107,support_ticket,2026-07-12T11:56:26Z,25.1,tablet
E0004628,C00430,support_ticket,2026-07-12T21:16:49Z,24.9,ios
E0004629,C00215,checkout,2026-07-03T20:18:24Z,4.5,tablet
E0004630,C00281,checkout,2026-07-23T09:37:46Z,30.4,tablet
E0004631,C00156,checkout,2026-07-14T01:53:00Z,0.9,desktop
E0004632,C00952,add_to_cart,2026-07-19T16:23:11Z,31.0,tablet
E0004633,C00663,page_view,2026-07-14T23:11:07Z,25.1,tablet
E0004634,C01084,add_to_cart,2026-07-10T10:34:36Z,16.3,desktop
E0004635,C00807,checkout,2026-07-16T22:18:57Z,11.6,android
E0004636,C00928,page_view,2026-07-02T17:27:36Z,30.1,tablet
E0004637,C00777,checkout,2026-07-27T11:32:49Z,15.6,desktop
E0004638,C00556,page_view,2026-07-03T15:39:51Z,34.4,tablet
E0004639,C00696,checkout,2026-07-14T06:16:26Z,16.4,android
E0004640,C00082,checkout,2026-07-09T00:29:25Z,14.4,tablet
E0004641,C00667,refund_request,2026-07-03T20:28:21Z,23.3,tablet
E0004642,C00244,add_to_cart,2026-07-02T14:16:03Z,0.3,ios
E0004643,C00113,page_view,2026-07-19T04:17:08Z,38.9,ios
E0004644,C00728,page_view,2026-07-12T05:39:27Z,24.4,android
E0004645,C00449,refund_request,2026-07-05T16:29:19Z,24.5,desktop
E0004646,C01085,support_ticket,2026-07-11T01:55:46Z,23.5,ios
E0004647,C00980,page_view,2026-07-26T09:53:14Z,24.6,tablet
E0004648,C00766,checkout,2026-07-12T08:59:02Z,22.3,ios
E0004649,C00863,checkout,2026-07-26T16:02:37Z,18.8,android
E0004650,C00990,page_view,2026-07-25T22:57:41Z,19.7,tablet
E0004651,C00913,checkout,2026-07-08T01:01:04Z,22.4,android
E0004652,C00865,page_view,2026-07-31T04:31:31Z,34.6,tablet
E0004653,C00112,page_view,2026-07-10T16:37:22Z,27.3,tablet
E0004654,C00904,checkout,2026-07-31T14:33:41Z,14.0,tablet
E0004655,C00998,support_ticket,2026-07-23T20:09:34Z,0.8,android
E0004656,C00326,refund_request,2026-07-02T09:31:01Z,19.8,android
E0004657,C00874,support_ticket,2026-07-12T16:06:56Z,20.3,ios
E0004658,C00589,checkout,2026-07-26T02:47:39Z,26.3,ios
E0004659,C00972,page_view,2026-07-08T23:03:36Z,39.6,tablet
E0004660,C00027,checkout,2026-07-20T01:20:03Z,10.2,android
E0004661,C00226,add_to_cart,2026-07-10T18:43:19Z,36.4,tablet
E0004662,C00282,page_view,2026-07-22T10:51:41Z,8.0,desktop
E0004663,C01106,support_ticket,2026-07-14T02:12:42Z,4.9,desktop
E0004664,C00633,support_ticket,2026-07-17T13:38:50Z,33.7,desktop
E0004665,C00564,support_ticket,2026-07-23T19:07:05Z,32.9,ios
E0004666,C00193,checkout,2026-07-09T19:34:59Z,13.3,android
E0004667,C00030,add_to_cart,2026-07-23T09:15:12Z,36.2,desktop
E0004668,C00017,add_to_cart,2026-07-22T06:40:27Z,41.4,android
E0004669,C00929,checkout,2026-07-09T07:08:19Z,4.4,desktop
E0004670,C00426,refund_request,2026-07-09T09:01:01Z,11.0,tablet
E0004671,C00999,support_ticket,2026-07-19T18:41:50Z,6.6,ios
E0004672,C00049,support_ticket,2026-07-25T17:53:31Z,5.9,desktop
E0004673,C00848,support_ticket,2026-07-26T00:47:32Z,41.9,ios
E0004674,C00394,refund_request,2026-07-23T13:35:18Z,15.7,ios
E0004675,C01085,refund_request,2026-07-02T08:34:48Z,26.8,ios
E0004676,C00631,refund_request,2026-07-15T15:49:54Z,9.4,desktop
E0004677,C00701,page_view,2026-07-27T15:06:30Z,10.6,desktop
E0004678,C00175,support_ticket,2026-07-26T03:48:14Z,37.4,android
E0004679,C00972,checkout,2026-07-30T06:14:14Z,31.9,ios
E0004680,C01145,refund_request,2026-07-29T22:17:19Z,18.1,desktop
E0004681,C01132,page_view,2026-07-05T00:36:14Z,36.0,tablet
E0004682,C00443,checkout,2026-07-23T21:23:19Z,20.9,desktop
E0004683,C00942,page_view,2026-07-11T17:59:14Z,21.3,tablet
E0004684,C00585,checkout,2026-07-17T04:40:12Z,37.5,tablet
E0004685,C00242,page_view,2026-07-13T22:26:54Z,29.4,ios
E0004686,C00295,refund_request,2026-07-09T05:04:25Z,4.5,ios
E0004687,C00524,refund_request,2026-07-13T09:12:08Z,41.3,desktop
E0004688,C00132,page_view,2026-07-28T15:45:53Z,8.0,tablet
E0004689,C00761,page_view,2026-07-27T09:15:47Z,15.3,tablet
E0004690,C00032,refund_request,2026-07-28T12:15:35Z,27.3,ios
E0004691,C00668,checkout,2026-07-05T06:40:13Z,26.4,tablet
E0004692,C00074,checkout,2026-07-04T04:39:00Z,3.2,desktop
E0004693,C01170,support_ticket,2026-07-10T00:58:28Z,8.6,android
E0004694,C00826,refund_request,2026-07-11T18:29:02Z,15.9,ios
E0004695,C00735,page_view,2026-07-09T16:31:01Z,15.7,desktop
E0004696,C00094,add_to_cart,2026-07-21T06:52:53Z,33.2,ios
E0004697,C00550,page_view,2026-07-25T02:59:25Z,28.6,android
E0004698,C00709,checkout,2026-07-25T10:42:42Z,14.9,tablet
E0004699,C01104,support_ticket,2026-07-05T10:50:25Z,2.1,tablet
E0004700,C00016,add_to_cart,2026-07-22T23:56:09Z,0.8,tablet
E0004701,C00128,add_to_cart,2026-07-31T11:11:37Z,34.6,ios
E0004702,C00474,page_view,2026-07-19T19:39:31Z,1.0,desktop
E0004703,C00664,checkout,2026-07-20T18:53:08Z,9.6,ios
E0004704,C00226,add_to_cart,2026-07-03T14:29:06Z,3.1,desktop
E0004705,C01005,checkout,2026-07-02T19:17:13Z,6.2,android
E0004706,C00262,refund_request,2026-07-16T07:03:57Z,37.9,ios
E0004707,C01057,checkout,2026-07-09T21:18:07Z,28.5,tablet
E0004708,C00202,support_ticket,2026-07-30T01:22:55Z,40.2,android
E0004709,C01036,page_view,2026-07-21T12:07:07Z,28.5,ios
E0004710,C00028,checkout,2026-07-05T09:04:54Z,2.2,tablet
E0004711,C00367,refund_request,2026-07-04T08:26:23Z,4.1,android
E0004712,C00124,add_to_cart,2026-07-22T15:05:07Z,30.9,desktop
E0004713,C00450,checkout,2026-07-15T11:16:18Z,8.7,android
E0004714,C00852,support_ticket,2026-07-30T09:40:33Z,16.2,desktop
E0004715,C01011,refund_request,2026-07-07T15:49:34Z,33.0,tablet
E0004716,C00972,checkout,2026-07-26T03:14:37Z,9.6,ios
E0004717,C00255,add_to_cart,2026-07-25T16:02:22Z,13.6,desktop
E0004718,C00116,support_ticket,2026-07-06T23:56:51Z,24.6,tablet
E0004719,C00408,page_view,2026-07-03T13:29:14Z,30.6,desktop
E0004720,C00267,support_ticket,2026-07-10T05:11:48Z,37.8,tablet
E0004721,C00626,page_view,2026-07-10T03:15:07Z,38.0,tablet
E0004722,C01082,refund_request,2026-07-16T07:52:04Z,18.5,android
E0004723,C00428,page_view,2026-07-01T17:41:50Z,32.0,ios
E0004724,C00432,support_ticket,2026-07-25T00:35:03Z,40.9,android
E0004725,C01033,refund_request,2026-07-17T22:59:06Z,35.8,desktop
E0004726,C00264,page_view,2026-07-06T08:04:20Z,36.4,desktop
E0004727,C00174,add_to_cart,2026-07-09T14:01:09Z,13.3,desktop
E0004728,C00092,support_ticket,2026-07-30T18:42:54Z,13.5,tablet
E0004729,C01186,add_to_cart,2026-07-30T19:37:44Z,36.4,tablet
E0004730,C01090,support_ticket,2026-07-11T18:51:21Z,19.3,desktop
E0004731,C00419,support_ticket,2026-07-12T03:03:24Z,19.2,android
E0004732,C00317,refund_request,2026-07-28T22:52:00Z,28.7,android
E0004733,C00243,page_view,2026-07-30T14:08:58Z,34.2,android
E0004734,C00381,support_ticket,2026-07-21T00:07:49Z,40.9,tablet
E0004735,C00225,support_ticket,2026-07-29T19:44:16Z,36.9,desktop
E0004736,C01044,refund_request,2026-07-06T01:38:46Z,18.7,tablet
E0004737,C00009,add_to_cart,2026-07-07T04:27:02Z,29.7,desktop
E0004738,C00245,support_ticket,2026-07-16T09:47:53Z,29.7,android
E0004739,C01141,support_ticket,2026-07-13T02:25:25Z,41.1,ios
E0004740,C00652,support_ticket,2026-07-13T02:57:43Z,18.3,ios
E0004741,C00948,refund_request,2026-07-27T19:16:26Z,39.6,ios
E0004742,C00545,page_view,2026-07-26T12:09:41Z,24.4,ios
E0004743,C00959,checkout,2026-07-28T07:11:12Z,26.5,tablet
E0004744,C00619,add_to_cart,2026-07-16T16:26:09Z,9.2,tablet
E0004745,C01200,checkout,2026-07-06T03:26:57Z,11.4,desktop
E0004746,C00906,checkout,2026-07-04T10:40:46Z,37.7,ios
E0004747,C00636,support_ticket,2026-07-18T02:50:12Z,26.0,desktop
E0004748,C00191,page_view,2026-07-11T03:45:05Z,25.8,tablet
E0004749,C00945,add_to_cart,2026-07-18T07:08:40Z,21.3,ios
E0004750,C00431,add_to_cart,2026-07-13T15:14:33Z,21.0,desktop
E0004751,C01041,support_ticket,2026-07-10T06:01:26Z,0.2,tablet
E0004752,C00042,page_view,2026-07-07T14:47:01Z,5.2,ios
E0004753,C01006,support_ticket,2026-07-22T08:35:00Z,6.4,ios
E0004754,C00382,checkout,2026-07-04T20:34:44Z,20.6,tablet
E0004755,C00301,support_ticket,2026-07-01T00:50:56Z,6.8,tablet
E0004756,C01002,page_view,2026-07-28T07:59:39Z,11.6,android
E0004757,C01040,add_to_cart,2026-07-16T01:46:04Z,20.9,desktop
E0004758,C00027,refund_request,2026-07-08T21:20:27Z,18.2,desktop
E0004759,C00420,refund_request,2026-07-12T01:58:29Z,10.6,android
E0004760,C00137,refund_request,2026-07-17T09:59:18Z,3.6,desktop
E0004761,C00573,page_view,2026-07-30T18:55:05Z,23.5,tablet
E0004762,C00123,add_to_cart,2026-07-27T10:18:27Z,40.0,android
E0004763,C01122,checkout,2026-07-13T19:47:26Z,7.1,android
E0004764,C00363,add_to_cart,2026-07-07T03:43:51Z,18.6,android
E0004765,C00347,add_to_cart,2026-07-03T06:12:03Z,0.7,desktop
E0004766,C01096,checkout,2026-07-20T10:29:26Z,26.6,desktop
E0004767,C00942,checkout,2026-07-26T08:13:58Z,40.9,ios
E0004768,C00043,support_ticket,2026-07-23T12:10:09Z,13.8,ios
E0004769,C00537,refund_request,2026-07-13T00:23:29Z,17.5,ios
E0004770,C00376,add_to_cart,2026-07-05T04:57:33Z,30.9,tablet
E0004771,C01184,add_to_cart,2026-07-21T19:30:31Z,33.5,android
E0004772,C00825,page_view,2026-07-28T08:55:06Z,17.6,desktop
E0004773,C00212,page_view,2026-07-04T06:14:31Z,25.1,ios
E0004774,C00102,support_ticket,2026-07-03T10:03:51Z,28.5,ios
E0004775,C00472,page_view,2026-07-20T04:13:04Z,24.3,ios
E0004776,C00117,checkout,2026-07-27T09:00:08Z,35.0,ios
E0004777,C00673,add_to_cart,2026-07-05T11:59:34Z,1.1,android
E0004778,C00043,checkout,2026-07-10T08:36:40Z,4.3,ios
E0004779,C00468,refund_request,2026-07-30T20:20:26Z,6.7,desktop
E0004780,C00478,checkout,2026-07-02T20:25:55Z,23.8,tablet
E0004781,C00932,refund_request,2026-07-05T03:15:47Z,0.7,ios
E0004782,C00914,page_view,2026-07-31T18:00:42Z,10.4,tablet
E0004783,C00559,support_ticket,2026-07-28T16:42:14Z,37.8,tablet
E0004784,C01163,support_ticket,2026-07-25T06:37:48Z,23.9,desktop
E0004785,C00133,page_view,2026-07-30T15:45:55Z,27.1,tablet
E0004786,C00634,checkout,2026-07-06T06:41:13Z,22.9,desktop
E0004787,C00557,checkout,2026-07-29T04:04:28Z,34.9,ios
E0004788,C00945,add_to_cart,2026-07-31T10:08:12Z,40.1,android
E0004789,C00908,support_ticket,2026-07-10T00:24:03Z,30.5,ios
E0004790,C01037,support_ticket,2026-07-14T15:02:45Z,20.4,desktop
E0004791,C00354,refund_request,2026-07-29T06:40:35Z,9.7,android
E0004792,C00305,checkout,2026-07-19T13:54:35Z,31.2,desktop
E0004793,C00484,page_view,2026-07-09T10:28:22Z,18.2,android
E0004794,C00907,add_to_cart,2026-07-11T22:48:32Z,25.1,android
E0004795,C00638,support_ticket,2026-07-21T10:05:30Z,14.2,desktop
E0004796,C00846,add_to_cart,2026-07-31T05:30:07Z,35.4,ios
E0004797,C00586,checkout,2026-07-15T17:48:04Z,36.2,android
E0004798,C00540,page_view,2026-07-30T02:56:54Z,19.8,android
E0004799,C01023,refund_request,2026-07-26T04:05:07Z,13.9,desktop
E0004800,C00373,page_view,2026-07-28T08:17:58Z,26.5,android
E0004801,C00280,support_ticket,2026-07-09T10:25:54Z,18.2,android
E0004802,C00503,refund_request,2026-07-05T14:39:36Z,2.2,ios
E0004803,C00188,support_ticket,2026-07-03T08:21:56Z,25.6,ios
E0004804,C01149,add_to_cart,2026-07-06T01:42:28Z,10.1,android
E0004805,C01089,checkout,2026-07-13T18:33:21Z,12.6,desktop
E0004806,C00173,add_to_cart,2026-07-22T15:12:29Z,28.5,tablet
E0004807,C00180,support_ticket,2026-07-10T04:27:12Z,10.1,desktop
E0004808,C00827,page_view,2026-07-25T01:31:26Z,31.1,tablet
E0004809,C00964,page_view,2026-07-08T23:07:12Z,22.4,desktop
E0004810,C00889,support_ticket,2026-07-14T12:31:30Z,15.2,ios
E0004811,C00432,checkout,2026-07-03T20:28:05Z,14.0,desktop
E0004812,C00534,support_ticket,2026-07-29T08:28:55Z,4.9,desktop
E0004813,C01001,refund_request,2026-07-17T07:27:48Z,20.1,android
E0004814,C00723,refund_request,2026-07-07T10:50:07Z,15.5,tablet
E0004815,C00181,page_view,2026-07-23T23:47:24Z,29.0,tablet
E0004816,C00689,checkout,2026-07-09T04:57:27Z,11.2,ios
E0004817,C00460,refund_request,2026-07-11T15:32:39Z,27.7,android
E0004818,C00934,add_to_cart,2026-07-07T15:03:27Z,4.8,desktop
E0004819,C00656,page_view,2026-07-09T08:36:03Z,2.2,ios
E0004820,C00414,page_view,2026-07-20T19:19:57Z,1.5,tablet
E0004821,C00398,checkout,2026-07-13T10:35:45Z,23.3,android
E0004822,C00045,checkout,2026-07-20T15:37:31Z,22.4,desktop
E0004823,C00534,add_to_cart,2026-07-04T06:07:30Z,11.4,ios
E0004824,C00746,refund_request,2026-07-16T04:01:56Z,24.4,ios
E0004825,C00657,support_ticket,2026-07-13T08:35:51Z,30.9,tablet
E0004826,C00441,checkout,2026-07-18T10:43:59Z,39.1,tablet
E0004827,C00383,page_view,2026-07-17T21:14:13Z,18.4,android
E0004828,C00491,add_to_cart,2026-07-06T11:01:48Z,30.9,desktop
E0004829,C00804,page_view,2026-07-18T09:46:28Z,18.7,tablet
E0004830,C00997,page_view,2026-07-06T19:56:44Z,7.7,desktop
E0004831,C00405,checkout,2026-07-27T13:17:11Z,10.5,desktop
E0004832,C00996,add_to_cart,2026-07-22T00:52:02Z,1.7,desktop
E0004833,C00802,support_ticket,2026-07-26T20:38:35Z,24.6,desktop
E0004834,C00417,support_ticket,2026-07-08T19:35:24Z,30.6,ios
E0004835,C01091,support_ticket,2026-07-10T06:35:57Z,31.5,android
E0004836,C00747,refund_request,2026-07-21T04:24:11Z,38.5,ios
E0004837,C00640,refund_request,2026-07-28T07:57:41Z,13.8,ios
E0004838,C00461,page_view,2026-07-23T23:45:02Z,24.3,android
E0004839,C00014,add_to_cart,2026-07-31T22:04:47Z,9.0,ios
E0004840,C00825,page_view,2026-07-03T13:49:55Z,41.8,ios
E0004841,C01064,refund_request,2026-07-28T02:31:05Z,14.7,tablet
E0004842,C00057,refund_request,2026-07-08T06:41:22Z,13.6,ios
E0004843,C00782,refund_request,2026-07-27T00:11:38Z,7.7,android
E0004844,C00560,checkout,2026-07-31T12:35:27Z,18.6,tablet
E0004845,C00269,refund_request,2026-07-02T01:31:32Z,27.0,android
E0004846,C00021,page_view,2026-07-05T18:07:02Z,30.5,desktop
E0004847,C00152,refund_request,2026-07-11T23:17:07Z,28.1,android
E0004848,C00394,checkout,2026-07-14T06:41:10Z,24.6,android
E0004849,C00388,support_ticket,2026-07-30T22:08:43Z,22.5,tablet
E0004850,C00893,add_to_cart,2026-07-21T05:54:19Z,35.3,android
E0004851,C01045,page_view,2026-07-26T07:20:38Z,16.2,desktop
E0004852,C00487,checkout,2026-07-23T18:52:23Z,31.9,ios
E0004853,C00072,page_view,2026-07-12T11:28:59Z,33.8,desktop
E0004854,C01098,refund_request,2026-07-17T15:24:39Z,27.9,desktop
E0004855,C01170,page_view,2026-07-07T03:52:41Z,37.0,ios
E0004856,C00655,page_view,2026-07-16T11:53:15Z,9.4,tablet
E0004857,C00526,page_view,2026-07-29T23:49:40Z,20.6,ios
E0004858,C00482,checkout,2026-07-19T19:27:23Z,13.7,android
E0004859,C00672,refund_request,2026-07-31T18:10:11Z,4.3,desktop
E0004860,C00915,page_view,2026-07-13T21:14:13Z,24.4,ios
E0004861,C00488,add_to_cart,2026-07-14T09:20:09Z,2.5,ios
E0004862,C00826,add_to_cart,2026-07-31T21:20:16Z,30.0,tablet
E0004863,C00412,add_to_cart,2026-07-30T13:10:52Z,1.6,android
E0004864,C00080,add_to_cart,2026-07-06T18:21:56Z,15.5,android
E0004865,C00860,refund_request,2026-07-03T03:24:38Z,26.2,android
E0004866,C00404,refund_request,2026-07-31T00:35:47Z,19.9,tablet
E0004867,C00730,support_ticket,2026-07-18T15:34:53Z,32.8,desktop
E0004868,C00270,support_ticket,2026-07-03T19:00:40Z,36.9,ios
E0004869,C00287,refund_request,2026-07-02T18:54:33Z,1.8,tablet
E0004870,C00025,page_view,2026-07-22T01:50:37Z,2.0,ios
E0004871,C00658,support_ticket,2026-07-27T09:29:00Z,28.8,ios
E0004872,C01027,checkout,2026-07-26T23:31:46Z,6.4,desktop
E0004873,C00542,checkout,2026-07-12T17:17:28Z,26.7,ios
E0004874,C00839,add_to_cart,2026-07-17T17:25:32Z,30.2,ios
E0004875,C00838,add_to_cart,2026-07-04T13:17:48Z,18.6,ios
E0004876,C00825,add_to_cart,2026-07-03T07:03:02Z,28.8,tablet
E0004877,C00935,page_view,2026-07-10T00:35:24Z,36.1,android
E0004878,C00454,support_ticket,2026-07-01T04:20:08Z,13.9,desktop
E0004879,C01007,refund_request,2026-07-01T05:11:12Z,31.6,android
E0004880,C00504,refund_request,2026-07-15T06:30:18Z,28.1,android
E0004881,C01175,support_ticket,2026-07-09T08:12:30Z,15.4,android
E0004882,C00145,checkout,2026-07-02T21:37:56Z,38.3,ios
E0004883,C00541,refund_request,2026-07-20T03:47:08Z,40.3,tablet
E0004884,C00621,page_view,2026-07-31T01:29:30Z,6.3,desktop
E0004885,C00550,add_to_cart,2026-07-17T09:12:49Z,10.7,ios
E0004886,C00852,checkout,2026-07-29T17:05:24Z,21.2,tablet
E0004887,C00630,support_ticket,2026-07-27T19:20:46Z,15.5,tablet
E0004888,C01071,support_ticket,2026-07-12T03:41:35Z,8.4,tablet
E0004889,C00886,refund_request,2026-07-22T01:53:55Z,14.2,ios
E0004890,C00034,add_to_cart,2026-07-07T08:45:29Z,23.7,desktop
E0004891,C00165,refund_request,2026-07-21T07:31:02Z,6.2,android
E0004892,C00975,add_to_cart,2026-07-08T17:25:56Z,38.9,desktop
E0004893,C00955,page_view,2026-07-19T18:44:44Z,4.8,android
E0004894,C00273,page_view,2026-07-15T14:53:10Z,15.0,android
E0004895,C00063,page_view,2026-07-27T05:27:37Z,7.9,desktop
E0004896,C00772,add_to_cart,2026-07-22T08:32:21Z,11.2,tablet
E0004897,C00766,refund_request,2026-07-26T23:54:32Z,15.9,tablet
E0004898,C00438,refund_request,2026-07-22T06:08:31Z,41.0,ios
E0004899,C00818,page_view,2026-07-13T10:45:23Z,19.9,tablet
E0004900,C00214,checkout,2026-07-24T06:26:41Z,5.1,desktop
E0004901,C00560,add_to_cart,2026-07-31T18:32:25Z,21.1,tablet
E0004902,C00451,add_to_cart,2026-07-20T13:22:04Z,1.7,desktop
E0004903,C00787,add_to_cart,2026-07-15T14:48:10Z,39.6,android
E0004904,C01146,page_view,2026-07-21T08:19:15Z,17.0,ios
E0004905,C00458,add_to_cart,2026-07-29T03:21:23Z,8.0,ios
E0004906,C00828,add_to_cart,2026-07-29T22:48:39Z,2.8,android
E0004907,C00262,page_view,2026-07-22T08:19:06Z,27.8,ios
E0004908,C00924,page_view,2026-07-17T13:15:06Z,9.0,android
E0004909,C00383,refund_request,2026-07-11T21:09:33Z,25.3,ios
E0004910,C00519,add_to_cart,2026-07-11T01:03:11Z,19.3,desktop
E0004911,C00572,support_ticket,2026-07-16T02:38:31Z,20.6,tablet
E0004912,C00572,refund_request,2026-07-19T23:24:15Z,1.6,tablet
E0004913,C00548,add_to_cart,2026-07-05T07:15:28Z,41.0,tablet
E0004914,C00149,support_ticket,2026-07-31T14:11:00Z,27.8,tablet
E0004915,C00821,add_to_cart,2026-07-10T06:54:43Z,29.8,android
E0004916,C00893,checkout,2026-07-25T21:42:30Z,23.4,tablet
E0004917,C00149,page_view,2026-07-24T20:51:03Z,13.3,android
E0004918,C00171,support_ticket,2026-07-13T09:31:02Z,31.2,android
E0004919,C00177,refund_request,2026-07-06T12:38:58Z,32.8,android
E0004920,C00862,page_view,2026-07-29T22:56:24Z,5.1,android
E0004921,C01054,support_ticket,2026-07-23T14:08:52Z,40.4,android
E0004922,C00011,refund_request,2026-07-05T13:24:45Z,17.2,tablet
E0004923,C00588,refund_request,2026-07-13T15:39:09Z,17.6,desktop
E0004924,C00436,add_to_cart,2026-07-26T19:35:19Z,29.6,tablet
E0004925,C00684,add_to_cart,2026-07-15T14:43:10Z,32.2,ios
E0004926,C01041,page_view,2026-07-14T20:45:20Z,19.1,ios
E0004927,C00464,page_view,2026-07-24T02:17:08Z,18.5,android
E0004928,C00713,page_view,2026-07-24T00:41:56Z,38.2,desktop
E0004929,C00503,refund_request,2026-07-22T11:20:45Z,34.7,android
E0004930,C00173,page_view,2026-07-15T22:23:49Z,29.1,tablet
E0004931,C00767,refund_request,2026-07-05T17:57:14Z,5.9,ios
E0004932,C00231,checkout,2026-07-18T03:11:09Z,15.3,tablet
E0004933,C00443,refund_request,2026-07-10T23:18:46Z,34.6,desktop
E0004934,C01200,add_to_cart,2026-07-20T05:27:44Z,31.9,ios
E0004935,C00493,page_view,2026-07-31T11:08:50Z,19.6,tablet
E0004936,C01173,refund_request,2026-07-06T16:34:28Z,11.2,tablet
E0004937,C00486,support_ticket,2026-07-29T21:08:49Z,31.9,android
E0004938,C01017,refund_request,2026-07-31T12:19:55Z,31.9,tablet
E0004939,C00412,checkout,2026-07-24T04:47:17Z,21.0,desktop
E0004940,C00377,page_view,2026-07-15T15:16:34Z,38.6,ios
E0004941,C00406,checkout,2026-07-08T11:57:07Z,0.1,tablet
E0004942,C00543,page_view,2026-07-08T05:16:56Z,2.3,android
E0004943,C01190,add_to_cart,2026-07-20T03:12:50Z,6.5,ios
E0004944,C01052,refund_request,2026-07-04T00:11:24Z,16.9,android
E0004945,C00115,page_view,2026-07-04T07:00:29Z,23.2,ios
E0004946,C00730,support_ticket,2026-07-28T00:06:03Z,14.4,android
E0004947,C00602,checkout,2026-07-13T16:20:50Z,28.9,tablet
E0004948,C00603,add_to_cart,2026-07-25T10:11:12Z,8.5,tablet
E0004949,C00564,support_ticket,2026-07-10T03:50:13Z,15.0,android
E0004950,C00492,support_ticket,2026-07-03T19:34:12Z,5.1,android
E0004951,C01183,refund_request,2026-07-13T22:33:06Z,6.4,ios
E0004952,C01076,support_ticket,2026-07-18T17:40:43Z,19.4,tablet
E0004953,C00730,add_to_cart,2026-07-05T11:42:32Z,8.6,android
E0004954,C00651,add_to_cart,2026-07-07T16:41:02Z,22.7,tablet
E0004955,C01149,page_view,2026-07-26T14:07:38Z,1.7,tablet
E0004956,C00467,refund_request,2026-07-25T05:32:15Z,26.9,android
E0004957,C01029,page_view,2026-07-07T23:24:59Z,4.2,android
E0004958,C01076,add_to_cart,2026-07-04T22:15:33Z,12.2,desktop
E0004959,C00023,page_view,2026-07-02T13:42:21Z,39.9,tablet
E0004960,C00078,checkout,2026-07-28T10:38:53Z,10.5,android
E0004961,C01073,add_to_cart,2026-07-18T04:07:15Z,27.8,desktop
E0004962,C00308,add_to_cart,2026-07-26T08:12:54Z,1.5,desktop
E0004963,C00788,checkout,2026-07-19T13:32:33Z,40.7,tablet
E0004964,C00747,page_view,2026-07-09T17:25:16Z,17.4,ios
E0004965,C00704,page_view,2026-07-10T05:49:57Z,37.9,ios
E0004966,C00304,refund_request,2026-07-21T01:36:37Z,22.8,android
E0004967,C00779,add_to_cart,2026-07-11T03:44:35Z,7.3,android
E0004968,C00457,refund_request,2026-07-01T03:07:32Z,11.0,ios
E0004969,C00936,checkout,2026-07-08T10:42:31Z,23.7,ios
E0004970,C00690,support_ticket,2026-07-26T17:13:10Z,12.1,tablet
E0004971,C00787,page_view,2026-07-25T23:58:20Z,30.2,tablet
E0004972,C00186,add_to_cart,2026-07-26T01:37:09Z,38.1,ios
E0004973,C00993,support_ticket,2026-07-14T06:23:08Z,23.4,ios
E0004974,C00589,support_ticket,2026-07-05T02:24:24Z,5.4,ios
E0004975,C01104,page_view,2026-07-23T02:52:52Z,37.9,android
E0004976,C00584,support_ticket,2026-07-09T03:34:26Z,39.4,desktop
E0004977,C00205,page_view,2026-07-24T18:02:09Z,40.6,ios
E0004978,C00762,refund_request,2026-07-24T08:34:50Z,1.7,android
E0004979,C00992,refund_request,2026-07-30T20:02:37Z,20.5,android
E0004980,C01116,page_view,2026-07-04T10:38:15Z,3.7,desktop
E0004981,C00851,page_view,2026-07-12T06:32:27Z,37.5,ios
E0004982,C00049,add_to_cart,2026-07-19T19:06:30Z,29.7,desktop
E0004983,C00882,page_view,2026-07-22T07:40:47Z,37.2,desktop
E0004984,C01162,page_view,2026-07-02T23:05:01Z,26.4,tablet
E0004985,C01171,refund_request,2026-07-17T06:28:49Z,2.7,android
E0004986,C00569,checkout,2026-07-04T21:21:01Z,5.9,tablet
E0004987,C01198,refund_request,2026-07-07T15:40:06Z,21.8,desktop
E0004988,C00137,support_ticket,2026-07-15T23:11:01Z,6.5,tablet
E0004989,C00165,add_to_cart,2026-07-13T14:56:50Z,2.9,tablet
E0004990,C00156,page_view,2026-07-29T15:52:12Z,26.3,tablet
E0004991,C00237,page_view,2026-07-20T09:50:46Z,18.2,android
E0004992,C00550,support_ticket,2026-07-05T10:19:58Z,31.3,ios
E0004993,C01145,page_view,2026-07-12T07:28:55Z,0.5,desktop
E0004994,C00424,checkout,2026-07-25T00:00:12Z,16.3,android
E0004995,C00959,add_to_cart,2026-07-09T06:13:26Z,17.3,android
E0004996,C00562,page_view,2026-07-16T03:50:23Z,4.0,tablet
E0004997,C00400,refund_request,2026-07-09T09:39:01Z,8.4,ios
E0004998,C00833,page_view,2026-07-26T13:48:26Z,19.9,tablet
E0004999,C00190,refund_request,2026-07-10T08:11:05Z,4.4,desktop
E0005000,C00194,refund_request,2026-07-29T04:06:30Z,10.6,tablet
E0005001,C01190,page_view,2026-07-03T13:22:24Z,7.0,desktop
E0005002,C00537,add_to_cart,2026-07-12T07:29:32Z,30.6,android
E0005003,C00063,support_ticket,2026-07-30T15:10:06Z,40.5,desktop
E0005004,C00030,add_to_cart,2026-07-29T19:10:27Z,39.0,tablet
E0005005,C00546,add_to_cart,2026-07-09T04:50:26Z,6.8,ios
E0005006,C01107,page_view,2026-07-25T03:43:27Z,14.1,tablet
E0005007,C00556,add_to_cart,2026-07-31T13:24:13Z,36.5,android
E0005008,C00601,support_ticket,2026-07-27T11:46:53Z,22.7,ios
E0005009,C00916,checkout,2026-07-18T04:19:08Z,20.3,ios
E0005010,C00689,checkout,2026-07-25T16:26:32Z,5.0,android
E0005011,C00900,checkout,2026-07-04T15:47:46Z,1.7,desktop
E0005012,C00332,refund_request,2026-07-01T01:51:46Z,25.2,tablet
E0005013,C00731,refund_request,2026-07-19T02:27:46Z,13.7,desktop
E0005014,C00662,add_to_cart,2026-07-28T09:08:56Z,34.1,desktop
E0005015,C01148,add_to_cart,2026-07-13T04:17:32Z,17.6,ios
E0005016,C01085,add_to_cart,2026-07-23T04:28:34Z,3.5,tablet
E0005017,C00336,refund_request,2026-07-22T23:45:47Z,6.8,tablet
E0005018,C00792,add_to_cart,2026-07-06T16:27:12Z,9.3,android
E0005019,C00455,page_view,2026-07-20T02:10:40Z,36.2,tablet
E0005020,C01177,refund_request,2026-07-04T10:49:02Z,1.5,android
E0005021,C01132,page_view,2026-07-29T13:40:22Z,14.5,android
E0005022,C00595,support_ticket,2026-07-04T13:06:19Z,38.3,ios
E0005023,C00575,page_view,2026-07-21T00:17:02Z,29.3,android
E0005024,C00329,add_to_cart,2026-07-20T11:57:55Z,10.5,tablet
E0005025,C00288,add_to_cart,2026-07-23T12:41:39Z,5.2,desktop
E0005026,C01137,add_to_cart,2026-07-11T21:08:30Z,33.1,ios
E0005027,C00969,checkout,2026-07-03T06:26:30Z,36.0,ios
E0005028,C00364,refund_request,2026-07-03T15:07:20Z,39.7,desktop
E0005029,C00750,refund_request,2026-07-18T04:33:35Z,27.4,android
E0005030,C00176,support_ticket,2026-07-28T15:07:19Z,17.2,tablet
E0005031,C00444,support_ticket,2026-07-29T17:18:09Z,15.1,android
E0005032,C00890,refund_request,2026-07-22T18:47:37Z,3.8,ios
E0005033,C00096,refund_request,2026-07-24T15:56:58Z,6.9,ios
E0005034,C00471,checkout,2026-07-08T01:20:37Z,8.7,android
E0005035,C00401,refund_request,2026-07-17T00:34:57Z,29.7,ios
E0005036,C00521,support_ticket,2026-07-24T21:20:05Z,39.4,android
E0005037,C00910,page_view,2026-07-20T11:52:18Z,38.0,android
E0005038,C00652,page_view,2026-07-22T22:12:55Z,11.4,ios
E0005039,C00918,support_ticket,2026-07-24T15:00:49Z,38.5,ios
E0005040,C00056,page_view,2026-07-30T14:56:46Z,40.9,desktop
E0005041,C00014,add_to_cart,2026-07-05T02:03:14Z,5.2,ios
E0005042,C00838,page_view,2026-07-30T19:56:14Z,2.9,ios
E0005043,C00852,support_ticket,2026-07-07T01:30:50Z,10.7,ios
E0005044,C00192,checkout,2026-07-10T16:17:07Z,34.9,tablet
E0005045,C01014,checkout,2026-07-01T00:12:16Z,36.8,desktop
E0005046,C00022,add_to_cart,2026-07-08T00:56:11Z,30.5,ios
E0005047,C00773,add_to_cart,2026-07-31T17:56:57Z,32.7,tablet
E0005048,C01156,page_view,2026-07-02T23:31:57Z,10.1,android
E0005049,C00572,add_to_cart,2026-07-12T18:09:36Z,9.2,android
E0005050,C00234,add_to_cart,2026-07-11T20:57:26Z,17.1,ios
E0005051,C00863,checkout,2026-07-26T01:49:25Z,0.4,desktop
E0005052,C00737,refund_request,2026-07-10T17:08:12Z,10.7,desktop
E0005053,C01095,checkout,2026-07-02T14:52:07Z,0.5,tablet
E0005054,C00150,add_to_cart,2026-07-22T12:45:41Z,15.3,ios
E0005055,C00305,add_to_cart,2026-07-29T04:30:44Z,11.0,desktop
E0005056,C01124,page_view,2026-07-06T05:34:09Z,22.4,desktop
E0005057,C00143,refund_request,2026-07-13T07:52:56Z,18.9,ios
E0005058,C00019,page_view,2026-07-28T07:36:06Z,35.9,ios
E0005059,C00509,support_ticket,2026-07-05T04:53:18Z,10.6,android
E0005060,C00293,refund_request,2026-07-24T09:55:38Z,18.7,android
E0005061,C00695,support_ticket,2026-07-31T20:57:08Z,2.9,desktop
E0005062,C00530,refund_request,2026-07-11T03:58:48Z,35.1,tablet
E0005063,C00142,support_ticket,2026-07-07T20:41:23Z,2.7,android
E0005064,C01029,support_ticket,2026-07-23T09:28:39Z,27.8,tablet
E0005065,C01091,refund_request,2026-07-22T18:01:54Z,1.2,tablet
E0005066,C00540,page_view,2026-07-23T13:56:40Z,2.5,desktop
E0005067,C00862,support_ticket,2026-07-10T03:27:35Z,19.5,ios
E0005068,C01015,refund_request,2026-07-31T18:16:18Z,1.9,android
E0005069,C00938,refund_request,2026-07-04T08:59:37Z,6.9,ios
E0005070,C00580,refund_request,2026-07-22T08:48:35Z,18.3,ios
E0005071,C00435,support_ticket,2026-07-30T14:55:28Z,40.8,tablet
E0005072,C00217,add_to_cart,2026-07-16T11:33:54Z,21.8,ios
E0005073,C00673,add_to_cart,2026-07-15T02:57:07Z,41.3,desktop
E0005074,C00255,refund_request,2026-07-09T03:26:44Z,15.6,desktop
E0005075,C00065,support_ticket,2026-07-08T11:01:38Z,39.9,tablet
E0005076,C00655,page_view,2026-07-07T03:55:41Z,13.0,android
E0005077,C00124,page_view,2026-07-31T04:32:47Z,5.7,desktop
E0005078,C00622,refund_request,2026-07-10T07:50:49Z,14.2,tablet
E0005079,C00249,add_to_cart,2026-07-05T05:42:53Z,3.0,android
E0005080,C00178,page_view,2026-07-06T02:19:25Z,10.3,desktop
E0005081,C00980,page_view,2026-07-11T21:19:34Z,0.3,ios
E0005082,C00289,support_ticket,2026-07-18T08:05:27Z,15.3,android
E0005083,C00866,checkout,2026-07-08T11:54:22Z,33.0,tablet
E0005084,C00236,refund_request,2026-07-03T12:27:20Z,27.0,desktop
E0005085,C00478,add_to_cart,2026-07-16T21:27:24Z,25.3,tablet
E0005086,C00937,checkout,2026-07-31T10:13:20Z,39.4,android
E0005087,C00336,checkout,2026-07-29T10:45:58Z,16.6,tablet
E0005088,C01108,add_to_cart,2026-07-02T00:53:31Z,11.0,tablet
E0005089,C01071,page_view,2026-07-02T16:04:44Z,31.7,android
E0005090,C00760,support_ticket,2026-07-22T15:20:15Z,40.0,tablet
E0005091,C00256,page_view,2026-07-09T11:49:11Z,2.5,ios
E0005092,C00118,support_ticket,2026-07-26T15:56:41Z,27.5,tablet
E0005093,C00617,refund_request,2026-07-31T14:38:22Z,13.1,desktop
E0005094,C00532,add_to_cart,2026-07-23T05:31:21Z,20.1,desktop
E0005095,C00343,refund_request,2026-07-26T21:51:52Z,16.9,ios
E0005096,C00217,add_to_cart,2026-07-15T13:52:46Z,3.1,desktop
E0005097,C00125,add_to_cart,2026-07-28T08:14:48Z,23.7,desktop
E0005098,C00107,support_ticket,2026-07-25T15:39:34Z,13.7,desktop
E0005099,C00294,support_ticket,2026-07-15T23:44:22Z,31.6,ios
E0005100,C00144,refund_request,2026-07-23T14:39:03Z,23.7,tablet
E0005101,C01182,refund_request,2026-07-06T23:22:52Z,30.6,ios
E0005102,C00030,page_view,2026-07-21T05:15:09Z,24.7,ios
E0005103,C00672,refund_request,2026-07-14T08:27:54Z,12.2,desktop
E0005104,C00988,support_ticket,2026-07-05T16:33:29Z,32.0,desktop
E0005105,C00599,add_to_cart,2026-07-06T08:59:59Z,26.5,ios
E0005106,C00040,page_view,2026-07-17T17:05:46Z,13.1,android
E0005107,C01021,refund_request,2026-07-05T01:58:32Z,13.1,tablet
E0005108,C01103,add_to_cart,2026-07-17T03:18:15Z,3.0,android
E0005109,C00162,checkout,2026-07-03T07:26:21Z,23.4,ios
E0005110,C00794,refund_request,2026-07-27T08:55:39Z,31.6,android
E0005111,C01087,checkout,2026-07-07T11:44:12Z,20.4,android
E0005112,C00380,add_to_cart,2026-07-01T07:34:38Z,29.0,ios
E0005113,C00145,add_to_cart,2026-07-19T07:56:26Z,10.9,desktop
E0005114,C00091,page_view,2026-07-01T01:24:05Z,14.8,desktop
E0005115,C00444,add_to_cart,2026-07-04T02:15:25Z,1.2,ios
E0005116,C00590,support_ticket,2026-07-05T08:24:28Z,6.1,android
E0005117,C00759,refund_request,2026-07-03T05:27:36Z,4.8,tablet
E0005118,C00759,support_ticket,2026-07-08T06:45:15Z,1.6,ios
E0005119,C00097,refund_request,2026-07-31T07:13:18Z,3.8,ios
E0005120,C00251,add_to_cart,2026-07-14T17:39:56Z,34.9,tablet
E0005121,C00296,refund_request,2026-07-24T11:05:25Z,12.3,desktop
E0005122,C00801,checkout,2026-07-03T07:27:10Z,11.9,ios
E0005123,C00600,page_view,2026-07-09T09:09:51Z,26.5,tablet
E0005124,C00066,checkout,2026-07-21T09:50:02Z,15.3,tablet
E0005125,C01126,refund_request,2026-07-20T16:33:35Z,7.3,android
E0005126,C00032,add_to_cart,2026-07-07T21:32:43Z,33.8,android
E0005127,C00623,page_view,2026-07-05T05:25:54Z,15.8,ios
E0005128,C01056,add_to_cart,2026-07-05T21:22:14Z,16.2,android
E0005129,C01002,checkout,2026-07-28T18:40:31Z,24.5,ios
E0005130,C01113,checkout,2026-07-04T22:08:38Z,25.5,ios
E0005131,C00774,refund_request,2026-07-14T11:11:03Z,38.8,tablet
E0005132,C01014,page_view,2026-07-31T19:00:06Z,12.3,desktop
E0005133,C00511,refund_request,2026-07-11T15:51:48Z,38.5,ios
E0005134,C01019,refund_request,2026-07-30T16:10:02Z,29.3,ios
E0005135,C00799,page_view,2026-07-22T11:44:20Z,39.2,tablet
E0005136,C00732,checkout,2026-07-03T00:49:21Z,9.4,desktop
E0005137,C00824,support_ticket,2026-07-25T16:29:47Z,31.3,ios
E0005138,C00836,page_view,2026-07-11T00:29:50Z,3.2,android
E0005139,C00069,checkout,2026-07-10T05:30:15Z,8.0,ios
E0005140,C00825,refund_request,2026-07-12T03:16:31Z,1.8,ios
E0005141,C01108,add_to_cart,2026-07-18T10:31:46Z,37.9,android
E0005142,C01140,page_view,2026-07-18T23:05:51Z,9.1,desktop
E0005143,C00211,add_to_cart,2026-07-12T13:28:08Z,6.5,ios
E0005144,C00583,refund_request,2026-07-11T03:13:42Z,20.6,ios
E0005145,C00461,add_to_cart,2026-07-05T10:58:02Z,28.7,ios
E0005146,C00425,add_to_cart,2026-07-10T14:04:18Z,34.5,desktop
E0005147,C00873,add_to_cart,2026-07-28T06:15:30Z,34.8,android
E0005148,C00398,page_view,2026-07-24T00:11:32Z,17.6,tablet
E0005149,C00475,add_to_cart,2026-07-05T20:00:01Z,33.4,desktop
E0005150,C01009,checkout,2026-07-25T01:11:59Z,20.9,android
E0005151,C00170,add_to_cart,2026-07-20T15:51:37Z,15.5,tablet
E0005152,C00469,add_to_cart,2026-07-30T12:00:04Z,16.9,android
E0005153,C00519,add_to_cart,2026-07-04T17:52:40Z,6.3,ios
E0005154,C00347,add_to_cart,2026-07-22T16:15:17Z,32.0,tablet
E0005155,C00313,refund_request,2026-07-05T13:23:12Z,6.2,android
E0005156,C00278,add_to_cart,2026-07-26T14:39:47Z,32.9,android
E0005157,C00045,refund_request,2026-07-02T09:18:13Z,15.2,android
E0005158,C00855,add_to_cart,2026-07-09T21:05:18Z,12.1,android
E0005159,C00283,checkout,2026-07-19T09:07:27Z,13.0,tablet
E0005160,C00501,refund_request,2026-07-30T21:36:42Z,13.3,tablet
E0005161,C00910,refund_request,2026-07-18T20:44:31Z,2.3,desktop
E0005162,C01070,checkout,2026-07-20T18:03:48Z,40.7,tablet
E0005163,C00780,refund_request,2026-07-05T10:08:31Z,21.5,android
E0005164,C00588,support_ticket,2026-07-10T02:54:56Z,5.4,desktop
E0005165,C01149,refund_request,2026-07-02T02:24:34Z,3.6,tablet
E0005166,C00256,support_ticket,2026-07-17T22:12:47Z,36.5,tablet
E0005167,C00802,checkout,2026-07-23T10:25:16Z,16.4,android
E0005168,C00535,add_to_cart,2026-07-08T07:37:03Z,27.3,android
E0005169,C00538,refund_request,2026-07-02T02:33:10Z,8.6,desktop
E0005170,C00022,support_ticket,2026-07-08T08:17:54Z,41.3,android
E0005171,C00737,checkout,2026-07-02T01:45:56Z,1.0,android
E0005172,C01080,refund_request,2026-07-14T11:01:27Z,22.5,tablet
E0005173,C00029,checkout,2026-07-26T12:26:47Z,11.7,desktop
E0005174,C01078,support_ticket,2026-07-12T05:31:04Z,19.2,desktop
E0005175,C01093,refund_request,2026-07-21T03:32:07Z,1.6,ios
E0005176,C00974,add_to_cart,2026-07-18T07:57:57Z,1.2,tablet
E0005177,C00415,page_view,2026-07-15T22:37:16Z,4.0,tablet
E0005178,C00939,checkout,2026-07-31T10:31:51Z,8.7,tablet
E0005179,C00331,page_view,2026-07-13T23:26:43Z,40.4,tablet
E0005180,C00293,add_to_cart,2026-07-24T18:16:51Z,19.4,tablet
E0005181,C01031,add_to_cart,2026-07-19T13:01:12Z,5.1,desktop
E0005182,C00544,support_ticket,2026-07-25T08:29:58Z,8.8,ios
E0005183,C00470,add_to_cart,2026-07-08T05:31:04Z,18.1,ios
E0005184,C01128,add_to_cart,2026-07-30T11:30:50Z,35.4,tablet
E0005185,C00160,page_view,2026-07-17T12:18:30Z,23.4,android
E0005186,C00586,refund_request,2026-07-11T12:10:19Z,9.1,desktop
E0005187,C01094,add_to_cart,2026-07-07T02:14:01Z,28.6,ios
E0005188,C00112,checkout,2026-07-01T23:23:32Z,14.4,tablet
E0005189,C00441,page_view,2026-07-14T18:37:58Z,18.0,android
E0005190,C00627,page_view,2026-07-23T17:21:11Z,41.1,ios
E0005191,C00311,refund_request,2026-07-19T13:04:38Z,6.0,android
E0005192,C00735,page_view,2026-07-15T03:49:45Z,39.9,desktop
E0005193,C00817,page_view,2026-07-06T03:27:12Z,17.8,tablet
E0005194,C00688,checkout,2026-07-06T05:26:21Z,2.8,ios
E0005195,C00075,add_to_cart,2026-07-03T16:53:48Z,24.1,desktop
E0005196,C00831,support_ticket,2026-07-12T16:51:39Z,10.0,ios
E0005197,C00006,support_ticket,2026-07-16T12:53:31Z,21.4,ios
E0005198,C01112,support_ticket,2026-07-21T07:34:11Z,18.2,tablet
E0005199,C00199,checkout,2026-07-10T14:24:31Z,2.4,tablet
E0005200,C00467,add_to_cart,2026-07-02T18:03:47Z,33.9,ios
E0005201,C00840,checkout,2026-07-24T07:59:53Z,24.6,desktop
E0005202,C00239,checkout,2026-07-25T13:00:21Z,31.9,tablet
E0005203,C00322,add_to_cart,2026-07-10T20:34:53Z,35.5,tablet
E0005204,C00365,support_ticket,2026-07-08T15:46:05Z,37.5,android
E0005205,C00396,checkout,2026-07-14T03:34:12Z,24.5,tablet
E0005206,C00265,add_to_cart,2026-07-22T05:49:58Z,8.6,tablet
E0005207,C00996,add_to_cart,2026-07-13T10:19:10Z,38.1,tablet
E0005208,C01021,page_view,2026-07-06T16:38:29Z,33.0,desktop
E0005209,C00503,support_ticket,2026-07-11T08:21:47Z,17.3,android
E0005210,C00913,refund_request,2026-07-01T13:38:13Z,18.8,ios
E0005211,C00518,support_ticket,2026-07-20T10:08:46Z,2.6,tablet
E0005212,C00523,refund_request,2026-07-27T22:49:03Z,9.8,android
E0005213,C00792,refund_request,2026-07-11T17:21:21Z,39.6,ios
E0005214,C01148,refund_request,2026-07-01T12:46:23Z,33.6,android
E0005215,C00459,page_view,2026-07-22T14:08:52Z,16.0,ios
E0005216,C00615,checkout,2026-07-11T15:53:43Z,19.2,desktop
E0005217,C01123,checkout,2026-07-15T12:25:00Z,26.2,android
E0005218,C00528,refund_request,2026-07-20T13:09:10Z,20.4,tablet
E0005219,C00315,refund_request,2026-07-07T15:29:13Z,34.1,android
E0005220,C00655,add_to_cart,2026-07-15T12:23:49Z,27.8,tablet
E0005221,C00287,refund_request,2026-07-02T16:38:33Z,25.5,ios
E0005222,C00689,page_view,2026-07-30T00:56:42Z,21.1,android
E0005223,C00794,add_to_cart,2026-07-09T08:31:27Z,17.3,desktop
E0005224,C00891,support_ticket,2026-07-15T23:59:55Z,21.6,android
E0005225,C00762,refund_request,2026-07-30T01:57:32Z,2.8,android
E0005226,C00235,refund_request,2026-07-19T02:49:37Z,29.8,android
E0005227,C01147,refund_request,2026-07-30T09:25:34Z,31.8,tablet
E0005228,C00946,checkout,2026-07-19T23:33:09Z,13.0,desktop
E0005229,C01189,page_view,2026-07-23T14:26:13Z,5.2,desktop
E0005230,C01177,checkout,2026-07-26T00:54:56Z,35.9,desktop
E0005231,C00050,page_view,2026-07-12T01:52:09Z,24.1,android
E0005232,C01148,add_to_cart,2026-07-24T12:19:59Z,18.7,ios
E0005233,C00815,support_ticket,2026-07-05T22:33:35Z,12.6,android
E0005234,C00758,refund_request,2026-07-25T00:25:34Z,8.0,tablet
E0005235,C00332,checkout,2026-07-07T03:44:12Z,22.2,tablet
E0005236,C00288,page_view,2026-07-19T16:41:14Z,10.7,android
E0005237,C00025,checkout,2026-07-22T22:46:13Z,31.3,desktop
E0005238,C00345,checkout,2026-07-11T20:29:44Z,26.8,desktop
E0005239,C00004,support_ticket,2026-07-31T17:31:01Z,16.4,ios
E0005240,C00935,add_to_cart,2026-07-27T02:44:23Z,23.3,tablet
E0005241,C00775,refund_request,2026-07-25T10:01:44Z,4.4,ios
E0005242,C00576,refund_request,2026-07-21T13:29:10Z,40.7,tablet
E0005243,C00399,support_ticket,2026-07-31T11:26:10Z,28.4,desktop
E0005244,C00984,support_ticket,2026-07-13T05:56:42Z,21.9,desktop
E0005245,C00529,add_to_cart,2026-07-11T05:52:31Z,27.1,desktop
E0005246,C00909,page_view,2026-07-06T19:47:16Z,19.2,android
E0005247,C00321,support_ticket,2026-07-24T06:48:59Z,12.6,ios
E0005248,C01070,support_ticket,2026-07-06T19:14:15Z,2.8,android
E0005249,C00062,page_view,2026-07-15T14:27:56Z,32.8,android
E0005250,C00003,add_to_cart,2026-07-30T15:59:29Z,36.4,ios
E0005251,C01049,support_ticket,2026-07-11T08:57:53Z,40.2,android
E0005252,C00802,support_ticket,2026-07-17T11:12:12Z,29.4,tablet
E0005253,C00357,checkout,2026-07-29T15:01:39Z,13.1,desktop
E0005254,C00246,support_ticket,2026-07-26T05:06:22Z,13.4,ios
E0005255,C00374,refund_request,2026-07-10T13:43:58Z,11.6,tablet
E0005256,C00737,page_view,2026-07-18T14:18:27Z,12.1,desktop
E0005257,C00904,refund_request,2026-07-05T19:57:16Z,2.0,tablet
E0005258,C00745,refund_request,2026-07-31T11:44:14Z,23.7,tablet
E0005259,C01112,page_view,2026-07-17T21:50:35Z,16.6,android
E0005260,C01022,support_ticket,2026-07-07T23:22:59Z,32.7,android
E0005261,C00375,page_view,2026-07-02T13:23:03Z,28.5,tablet
E0005262,C00960,refund_request,2026-07-22T11:52:55Z,8.4,tablet
E0005263,C00674,page_view,2026-07-11T17:18:39Z,31.7,tablet
E0005264,C00252,support_ticket,2026-07-22T05:13:13Z,23.5,tablet
E0005265,C00368,checkout,2026-07-19T11:11:05Z,11.0,ios
E0005266,C01200,support_ticket,2026-07-02T19:19:20Z,27.8,desktop
E0005267,C00519,checkout,2026-07-13T07:28:03Z,21.9,tablet
E0005268,C00616,support_ticket,2026-07-07T16:56:54Z,2.3,android
E0005269,C00982,support_ticket,2026-07-28T17:00:23Z,23.1,ios
E0005270,C00081,page_view,2026-07-04T12:02:56Z,32.9,desktop
E0005271,C00042,refund_request,2026-07-15T17:04:16Z,25.0,ios
E0005272,C00245,checkout,2026-07-15T23:28:22Z,13.9,ios
E0005273,C01175,checkout,2026-07-10T00:00:59Z,30.0,desktop
E0005274,C00476,add_to_cart,2026-07-13T11:19:04Z,32.0,ios
E0005275,C00440,page_view,2026-07-19T04:02:45Z,0.2,android
E0005276,C00672,checkout,2026-07-24T02:55:46Z,40.0,ios
E0005277,C00490,support_ticket,2026-07-09T06:00:36Z,8.3,tablet
E0005278,C00051,refund_request,2026-07-07T17:34:52Z,19.7,tablet
E0005279,C00451,checkout,2026-07-02T17:00:22Z,36.0,ios
E0005280,C01114,support_ticket,2026-07-05T02:16:46Z,23.8,desktop
E0005281,C00554,refund_request,2026-07-08T00:32:24Z,20.9,tablet
E0005282,C01172,support_ticket,2026-07-27T23:36:06Z,4.5,desktop
E0005283,C00222,checkout,2026-07-17T03:11:06Z,25.9,ios
E0005284,C01174,checkout,2026-07-28T02:39:00Z,17.7,desktop
E0005285,C00613,refund_request,2026-07-02T18:45:38Z,39.3,desktop
E0005286,C00129,checkout,2026-07-26T17:49:27Z,37.4,android
E0005287,C00534,support_ticket,2026-07-06T10:53:02Z,17.8,desktop
E0005288,C00215,support_ticket,2026-07-06T00:53:30Z,23.7,tablet
E0005289,C00189,page_view,2026-07-11T01:28:17Z,41.3,ios
E0005290,C00555,refund_request,2026-07-22T10:20:08Z,5.4,ios
E0005291,C00931,add_to_cart,2026-07-12T08:50:36Z,33.6,tablet
E0005292,C00051,support_ticket,2026-07-22T15:27:04Z,14.4,android
E0005293,C00770,support_ticket,2026-07-22T08:53:35Z,18.1,tablet
E0005294,C00255,support_ticket,2026-07-26T17:58:12Z,28.6,desktop
E0005295,C01037,refund_request,2026-07-05T11:35:39Z,19.1,android
E0005296,C01006,checkout,2026-07-04T08:37:51Z,11.0,tablet
E0005297,C01179,support_ticket,2026-07-15T03:25:03Z,35.4,android
E0005298,C00915,checkout,2026-07-11T02:20:27Z,41.1,ios
E0005299,C01179,checkout,2026-07-19T14:38:30Z,7.4,android
E0005300,C01091,add_to_cart,2026-07-29T12:27:33Z,32.1,desktop
E0005301,C00384,checkout,2026-07-30T12:22:14Z,12.2,android
E0005302,C00028,support_ticket,2026-07-31T06:44:28Z,17.9,android
E0005303,C00644,support_ticket,2026-07-13T16:10:22Z,39.1,tablet
E0005304,C00326,refund_request,2026-07-27T00:43:28Z,0.7,android
E0005305,C00635,add_to_cart,2026-07-25T13:29:54Z,10.0,tablet
E0005306,C00899,add_to_cart,2026-07-15T13:15:43Z,2.7,ios
E0005307,C00162,refund_request,2026-07-18T04:00:53Z,36.4,desktop
E0005308,C00391,refund_request,2026-07-31T21:42:19Z,21.3,tablet
E0005309,C00439,page_view,2026-07-11T23:06:14Z,31.6,ios
E0005310,C00866,add_to_cart,2026-07-05T10:58:16Z,23.4,android
E0005311,C00580,page_view,2026-07-11T15:58:39Z,7.7,desktop
E0005312,C00279,refund_request,2026-07-26T14:31:38Z,9.9,tablet
E0005313,C00772,add_to_cart,2026-07-17T19:45:07Z,32.5,tablet
E0005314,C00215,page_view,2026-07-26T11:27:23Z,15.7,ios
E0005315,C01190,checkout,2026-07-13T16:45:10Z,38.0,tablet
E0005316,C00491,page_view,2026-07-31T01:24:13Z,18.9,tablet
E0005317,C00062,page_view,2026-07-17T15:52:40Z,29.7,android
E0005318,C00804,page_view,2026-07-20T09:40:46Z,6.2,ios
E0005319,C01061,refund_request,2026-07-05T00:26:14Z,32.7,ios
E0005320,C00775,add_to_cart,2026-07-24T17:32:35Z,9.8,tablet
E0005321,C00029,refund_request,2026-07-01T20:56:06Z,1.4,tablet
E0005322,C00412,add_to_cart,2026-07-28T20:48:30Z,5.4,desktop
E0005323,C00090,support_ticket,2026-07-27T06:59:48Z,19.3,android
E0005324,C00182,refund_request,2026-07-12T23:43:58Z,41.2,desktop
E0005325,C00276,page_view,2026-07-23T11:28:26Z,39.1,tablet
E0005326,C00448,refund_request,2026-07-22T00:08:21Z,29.6,ios
E0005327,C01183,page_view,2026-07-23T23:59:28Z,25.7,tablet
E0005328,C00775,checkout,2026-07-09T21:01:10Z,19.6,desktop
E0005329,C01003,checkout,2026-07-30T16:02:58Z,9.1,ios
E0005330,C00739,page_view,2026-07-19T13:54:24Z,0.8,ios
E0005331,C00012,add_to_cart,2026-07-01T17:15:50Z,0.0,ios
E0005332,C01176,page_view,2026-07-23T07:45:48Z,30.8,ios
E0005333,C00301,add_to_cart,2026-07-30T05:12:50Z,6.8,tablet
E0005334,C00362,page_view,2026-07-16T16:41:19Z,16.1,ios
E0005335,C00099,page_view,2026-07-18T02:55:46Z,8.1,ios
E0005336,C00152,add_to_cart,2026-07-27T11:21:24Z,14.0,android
E0005337,C00592,checkout,2026-07-13T07:49:18Z,35.4,tablet
E0005338,C00283,page_view,2026-07-15T13:55:15Z,41.7,tablet
E0005339,C00300,page_view,2026-07-13T03:55:55Z,23.7,desktop
E0005340,C00620,checkout,2026-07-13T07:22:40Z,17.3,tablet
E0005341,C00733,checkout,2026-07-26T13:38:55Z,34.7,tablet
E0005342,C00516,page_view,2026-07-02T05:15:47Z,14.8,ios
E0005343,C01163,refund_request,2026-07-27T11:13:04Z,22.0,ios
E0005344,C01030,checkout,2026-07-09T02:00:58Z,9.2,android
E0005345,C01006,support_ticket,2026-07-08T07:27:41Z,7.9,desktop
E0005346,C00669,page_view,2026-07-01T07:53:47Z,21.4,tablet
E0005347,C01133,checkout,2026-07-25T02:01:07Z,29.4,android
E0005348,C00244,page_view,2026-07-12T05:10:26Z,11.7,tablet
E0005349,C00508,support_ticket,2026-07-16T08:56:31Z,24.5,desktop
E0005350,C00062,checkout,2026-07-05T01:35:00Z,40.9,android
E0005351,C00896,refund_request,2026-07-07T18:46:10Z,37.0,ios
E0005352,C00052,refund_request,2026-07-28T04:15:09Z,39.0,android
E0005353,C01082,refund_request,2026-07-05T10:02:07Z,11.7,desktop
E0005354,C00230,add_to_cart,2026-07-23T05:50:37Z,12.6,tablet
E0005355,C00505,add_to_cart,2026-07-25T07:44:40Z,25.7,android
E0005356,C00659,add_to_cart,2026-07-27T03:23:03Z,37.9,ios
E0005357,C00028,checkout,2026-07-24T19:00:49Z,20.2,android
E0005358,C00028,refund_request,2026-07-14T20:30:03Z,1.3,android
E0005359,C00144,support_ticket,2026-07-21T00:36:59Z,6.1,tablet
E0005360,C00489,refund_request,2026-07-23T09:53:41Z,33.4,ios
E0005361,C00012,add_to_cart,2026-07-18T10:16:07Z,25.3,ios
E0005362,C00479,refund_request,2026-07-23T13:08:42Z,5.4,android
E0005363,C00669,page_view,2026-07-15T06:21:10Z,1.2,android
E0005364,C01136,checkout,2026-07-21T09:59:41Z,38.3,desktop
E0005365,C00485,support_ticket,2026-07-21T22:08:08Z,37.8,tablet
E0005366,C00419,page_view,2026-07-10T05:36:23Z,21.4,android
E0005367,C00997,refund_request,2026-07-30T08:14:27Z,1.9,android
E0005368,C01125,refund_request,2026-07-01T00:06:33Z,28.8,tablet
E0005369,C00410,checkout,2026-07-31T14:42:08Z,14.0,android
E0005370,C01190,checkout,2026-07-12T23:47:57Z,11.7,desktop
E0005371,C00608,refund_request,2026-07-30T07:07:08Z,7.4,desktop
E0005372,C00309,add_to_cart,2026-07-24T23:12:42Z,17.7,ios
E0005373,C00890,add_to_cart,2026-07-24T21:05:28Z,30.5,tablet
E0005374,C00458,page_view,2026-07-27T01:21:25Z,41.0,android
E0005375,C00535,page_view,2026-07-21T05:10:26Z,7.7,android
E0005376,C00732,add_to_cart,2026-07-27T07:53:30Z,10.8,desktop
E0005377,C00387,refund_request,2026-07-24T20:10:55Z,39.7,ios
E0005378,C00910,add_to_cart,2026-07-14T21:31:09Z,15.2,desktop
E0005379,C00849,support_ticket,2026-07-08T12:39:53Z,36.8,ios
E0005380,C00662,support_ticket,2026-07-01T02:17:20Z,31.4,tablet
E0005381,C00378,add_to_cart,2026-07-27T08:08:26Z,17.3,android
E0005382,C00560,page_view,2026-07-10T09:00:38Z,7.4,android
E0005383,C01163,checkout,2026-07-15T04:26:25Z,30.4,android
E0005384,C00572,add_to_cart,2026-07-17T15:13:36Z,32.9,android
E0005385,C00836,support_ticket,2026-07-04T19:27:55Z,9.3,ios
E0005386,C00023,checkout,2026-07-29T12:48:44Z,16.2,ios
E0005387,C00695,support_ticket,2026-07-28T09:43:00Z,21.1,ios
E0005388,C00551,refund_request,2026-07-06T00:04:33Z,36.5,android
E0005389,C00634,add_to_cart,2026-07-24T15:01:44Z,40.7,desktop
E0005390,C01136,support_ticket,2026-07-10T21:02:24Z,8.4,tablet
E0005391,C01026,support_ticket,2026-07-08T00:14:43Z,41.4,ios
E0005392,C00283,checkout,2026-07-29T11:42:02Z,28.3,ios
E0005393,C00211,support_ticket,2026-07-29T15:28:14Z,5.1,ios
E0005394,C00653,checkout,2026-07-31T12:17:15Z,32.0,tablet
E0005395,C00038,checkout,2026-07-25T05:01:45Z,32.5,ios
E0005396,C00289,refund_request,2026-07-02T11:42:54Z,19.5,tablet
E0005397,C00221,refund_request,2026-07-28T06:16:33Z,36.6,android
E0005398,C00645,support_ticket,2026-07-06T07:04:35Z,25.1,desktop
E0005399,C00578,support_ticket,2026-07-08T06:50:03Z,8.6,desktop
E0005400,C01163,support_ticket,2026-07-10T10:53:17Z,14.2,tablet
E0005401,C01164,page_view,2026-07-28T08:53:11Z,8.4,tablet
E0005402,C00799,page_view,2026-07-06T19:57:09Z,13.7,ios
E0005403,C00586,add_to_cart,2026-07-18T05:02:18Z,28.8,desktop
E0005404,C00217,page_view,2026-07-19T19:06:14Z,28.3,android
E0005405,C00202,add_to_cart,2026-07-12T14:40:15Z,40.0,tablet
E0005406,C01133,checkout,2026-07-25T03:20:34Z,35.6,tablet
E0005407,C00895,checkout,2026-07-03T23:00:16Z,6.8,desktop
E0005408,C01113,page_view,2026-07-19T20:38:48Z,24.0,tablet
E0005409,C00437,support_ticket,2026-07-10T07:44:00Z,28.7,tablet
E0005410,C01049,refund_request,2026-07-03T08:10:32Z,19.6,android
E0005411,C00864,support_ticket,2026-07-17T14:56:12Z,32.7,android
E0005412,C00602,page_view,2026-07-22T19:59:29Z,21.6,desktop
E0005413,C00091,refund_request,2026-07-27T18:40:04Z,20.3,desktop
E0005414,C00834,support_ticket,2026-07-07T13:01:48Z,0.6,desktop
E0005415,C00076,refund_request,2026-07-30T09:04:40Z,4.9,android
E0005416,C00020,add_to_cart,2026-07-30T05:35:49Z,37.5,android
E0005417,C00995,checkout,2026-07-16T23:38:04Z,12.1,tablet
E0005418,C00056,page_view,2026-07-29T19:31:01Z,37.2,desktop
E0005419,C00397,support_ticket,2026-07-07T06:18:24Z,11.2,ios
E0005420,C01175,refund_request,2026-07-17T14:50:17Z,26.5,ios
E0005421,C01082,refund_request,2026-07-02T16:25:01Z,16.4,ios
E0005422,C00418,page_view,2026-07-15T09:14:47Z,31.3,desktop
E0005423,C00727,checkout,2026-07-12T03:12:56Z,27.8,tablet
E0005424,C00301,page_view,2026-07-23T11:19:34Z,38.8,android
E0005425,C00905,checkout,2026-07-27T18:32:44Z,21.6,android
E0005426,C00585,support_ticket,2026-07-05T16:47:27Z,26.3,tablet
E0005427,C00861,add_to_cart,2026-07-01T03:48:26Z,4.1,desktop
E0005428,C00676,support_ticket,2026-07-20T00:13:17Z,33.8,tablet
E0005429,C00524,page_view,2026-07-02T16:35:58Z,7.7,tablet
E0005430,C00562,add_to_cart,2026-07-19T20:48:30Z,30.6,android
E0005431,C00162,add_to_cart,2026-07-27T06:37:51Z,40.6,ios
E0005432,C00092,page_view,2026-07-25T02:51:00Z,7.7,ios
E0005433,C00528,support_ticket,2026-07-06T00:21:22Z,12.2,android
E0005434,C00943,add_to_cart,2026-07-27T16:07:28Z,23.5,desktop
E0005435,C00002,page_view,2026-07-06T17:46:49Z,34.3,ios
E0005436,C00842,refund_request,2026-07-23T16:52:25Z,21.0,android
E0005437,C00302,add_to_cart,2026-07-12T14:52:05Z,24.8,desktop
E0005438,C00138,refund_request,2026-07-01T00:09:29Z,34.6,tablet
E0005439,C00796,page_view,2026-07-26T04:57:01Z,32.9,tablet
E0005440,C01059,page_view,2026-07-23T05:10:30Z,19.6,tablet
E0005441,C00856,checkout,2026-07-01T00:10:01Z,29.2,ios
E0005442,C00580,refund_request,2026-07-09T14:03:29Z,32.1,ios
E0005443,C00565,checkout,2026-07-28T13:43:40Z,4.9,ios
E0005444,C00262,checkout,2026-07-05T03:25:43Z,38.4,desktop
E0005445,C00636,checkout,2026-07-11T10:24:12Z,41.3,desktop
E0005446,C00099,page_view,2026-07-03T21:11:21Z,0.0,desktop
E0005447,C00596,page_view,2026-07-08T07:01:26Z,41.4,tablet
E0005448,C00219,support_ticket,2026-07-16T23:38:21Z,11.6,desktop
E0005449,C00018,support_ticket,2026-07-31T23:28:12Z,36.6,tablet
E0005450,C00056,add_to_cart,2026-07-30T19:41:30Z,1.0,tablet
E0005451,C00183,support_ticket,2026-07-18T17:09:51Z,32.7,android
E0005452,C00318,page_view,2026-07-29T15:46:37Z,26.7,desktop
E0005453,C00682,checkout,2026-07-24T19:42:37Z,6.0,android
E0005454,C01033,refund_request,2026-07-16T14:17:37Z,7.5,android
E0005455,C01021,refund_request,2026-07-14T16:25:27Z,9.2,tablet
E0005456,C00850,checkout,2026-07-29T01:59:23Z,14.8,ios
E0005457,C01051,add_to_cart,2026-07-16T15:02:30Z,15.9,desktop
E0005458,C00394,refund_request,2026-07-23T08:19:22Z,16.2,ios
E0005459,C01120,page_view,2026-07-16T16:11:38Z,41.1,desktop
E0005460,C00771,checkout,2026-07-29T03:49:36Z,4.1,desktop
E0005461,C00018,support_ticket,2026-07-05T02:30:03Z,38.8,desktop
E0005462,C00978,refund_request,2026-07-20T07:35:51Z,15.8,android
E0005463,C00804,refund_request,2026-07-29T23:36:44Z,18.0,android
E0005464,C01101,add_to_cart,2026-07-03T22:23:29Z,31.3,ios
E0005465,C00939,add_to_cart,2026-07-18T04:14:20Z,12.8,desktop
E0005466,C00605,refund_request,2026-07-07T08:04:48Z,25.9,tablet
E0005467,C00696,add_to_cart,2026-07-03T07:53:25Z,36.4,tablet
E0005468,C00674,support_ticket,2026-07-21T20:28:00Z,16.4,ios
E0005469,C01042,add_to_cart,2026-07-04T01:24:59Z,22.9,android
E0005470,C01119,page_view,2026-07-29T00:54:58Z,8.0,ios
E0005471,C00210,checkout,2026-07-29T20:56:33Z,34.8,desktop
E0005472,C00683,add_to_cart,2026-07-21T00:21:06Z,3.0,android
E0005473,C00971,page_view,2026-07-17T10:09:01Z,28.5,ios
E0005474,C00784,refund_request,2026-07-29T14:31:30Z,24.8,desktop
E0005475,C01071,refund_request,2026-07-01T05:25:14Z,5.8,ios
E0005476,C00501,page_view,2026-07-11T23:54:33Z,20.4,tablet
E0005477,C00359,page_view,2026-07-28T04:44:28Z,27.8,android
E0005478,C00476,page_view,2026-07-08T00:20:57Z,0.1,tablet
E0005479,C00673,add_to_cart,2026-07-26T07:45:11Z,11.8,android
E0005480,C01041,checkout,2026-07-14T00:54:53Z,19.4,android
E0005481,C00455,add_to_cart,2026-07-04T19:51:27Z,32.3,tablet
E0005482,C00585,refund_request,2026-07-19T14:54:17Z,11.9,ios
E0005483,C00597,checkout,2026-07-19T07:29:58Z,25.0,tablet
E0005484,C01173,support_ticket,2026-07-28T20:13:20Z,24.3,android
E0005485,C00203,refund_request,2026-07-02T18:16:40Z,32.3,android
E0005486,C01133,add_to_cart,2026-07-02T22:26:12Z,13.9,android
E0005487,C00856,add_to_cart,2026-07-15T20:39:55Z,19.2,desktop
E0005488,C01200,support_ticket,2026-07-09T19:06:09Z,13.3,tablet
E0005489,C00800,refund_request,2026-07-01T13:17:49Z,14.5,ios
E0005490,C00751,refund_request,2026-07-05T02:45:37Z,22.2,desktop
E0005491,C00114,support_ticket,2026-07-12T03:53:19Z,8.6,ios
E0005492,C01136,checkout,2026-07-09T23:35:05Z,1.0,tablet
E0005493,C00375,page_view,2026-07-19T14:34:27Z,3.4,desktop
E0005494,C00378,checkout,2026-07-04T01:51:19Z,40.3,android
E0005495,C00288,add_to_cart,2026-07-21T00:51:13Z,18.7,desktop
E0005496,C00896,page_view,2026-07-03T13:47:02Z,4.4,tablet
E0005497,C00537,add_to_cart,2026-07-28T02:50:02Z,31.0,desktop
E0005498,C00126,support_ticket,2026-07-23T00:21:55Z,8.0,ios
E0005499,C00594,refund_request,2026-07-12T20:06:04Z,16.1,tablet
E0005500,C00140,page_view,2026-07-15T22:25:14Z,26.6,tablet
E0005501,C00907,refund_request,2026-07-15T14:18:04Z,24.5,android
E0005502,C00934,support_ticket,2026-07-25T11:32:49Z,25.5,ios
E0005503,C00958,support_ticket,2026-07-21T14:55:07Z,9.5,tablet
E0005504,C00408,add_to_cart,2026-07-27T00:39:13Z,34.6,tablet
E0005505,C00413,refund_request,2026-07-14T05:27:12Z,29.6,android
E0005506,C00177,support_ticket,2026-07-17T03:48:03Z,39.9,ios
E0005507,C00147,checkout,2026-07-23T11:47:24Z,23.8,desktop
E0005508,C00548,add_to_cart,2026-07-29T12:46:26Z,24.4,desktop
E0005509,C00891,support_ticket,2026-07-19T17:41:48Z,16.5,android
E0005510,C01199,page_view,2026-07-04T05:35:11Z,4.0,ios
E0005511,C00973,add_to_cart,2026-07-23T03:10:14Z,8.1,ios
E0005512,C01139,refund_request,2026-07-26T14:21:40Z,6.5,desktop
E0005513,C00951,refund_request,2026-07-16T06:58:30Z,33.9,android
E0005514,C01123,checkout,2026-07-26T13:41:59Z,13.4,desktop
E0005515,C00065,support_ticket,2026-07-02T14:07:59Z,36.4,ios
E0005516,C00261,add_to_cart,2026-07-22T13:22:56Z,30.5,android
E0005517,C00050,refund_request,2026-07-18T11:28:55Z,3.1,android
E0005518,C00010,checkout,2026-07-24T04:13:57Z,30.7,android
E0005519,C00553,add_to_cart,2026-07-16T20:43:27Z,22.8,tablet
E0005520,C00396,checkout,2026-07-19T11:31:08Z,27.6,ios
E0005521,C00511,refund_request,2026-07-31T17:35:46Z,36.5,android
E0005522,C01029,checkout,2026-07-05T18:13:15Z,38.6,tablet
E0005523,C00707,add_to_cart,2026-07-24T23:19:40Z,26.2,ios
E0005524,C00445,add_to_cart,2026-07-11T04:41:49Z,32.7,ios
E0005525,C00487,add_to_cart,2026-07-30T21:34:20Z,39.3,tablet
E0005526,C00327,checkout,2026-07-05T00:46:29Z,20.0,desktop
E0005527,C01067,refund_request,2026-07-22T01:18:57Z,35.2,android
E0005528,C00210,support_ticket,2026-07-15T13:43:25Z,23.8,desktop
E0005529,C00598,page_view,2026-07-19T14:48:22Z,7.9,desktop
E0005530,C00465,add_to_cart,2026-07-03T00:56:13Z,11.5,tablet
E0005531,C00180,support_ticket,2026-07-23T09:09:03Z,27.5,android
E0005532,C00318,page_view,2026-07-22T03:30:09Z,30.8,ios
E0005533,C00308,checkout,2026-07-21T08:23:05Z,13.3,android
E0005534,C01011,add_to_cart,2026-07-16T11:42:19Z,23.5,ios
E0005535,C00382,refund_request,2026-07-23T14:20:58Z,12.7,tablet
E0005536,C00115,support_ticket,2026-07-16T03:42:45Z,13.1,tablet
E0005537,C00365,page_view,2026-07-05T11:25:02Z,34.9,android
E0005538,C00459,checkout,2026-07-22T12:51:55Z,27.7,tablet
E0005539,C00767,checkout,2026-07-12T06:29:08Z,24.3,ios
E0005540,C00192,checkout,2026-07-09T03:20:11Z,24.0,ios
E0005541,C01175,add_to_cart,2026-07-06T21:39:27Z,41.7,tablet
E0005542,C00477,support_ticket,2026-07-03T05:12:14Z,29.5,desktop
E0005543,C00535,refund_request,2026-07-28T00:12:08Z,28.4,tablet
E0005544,C00174,add_to_cart,2026-07-01T21:00:29Z,9.4,desktop
E0005545,C00270,refund_request,2026-07-13T19:22:11Z,3.2,tablet
E0005546,C00486,checkout,2026-07-05T13:45:44Z,32.9,ios
E0005547,C00273,support_ticket,2026-07-14T12:29:06Z,31.3,android
E0005548,C00218,page_view,2026-07-03T09:42:05Z,11.1,desktop
E0005549,C01062,support_ticket,2026-07-15T02:24:50Z,24.8,tablet
E0005550,C00345,page_view,2026-07-15T04:14:17Z,34.0,desktop
E0005551,C00882,add_to_cart,2026-07-07T09:01:51Z,1.6,desktop
E0005552,C01190,add_to_cart,2026-07-19T10:48:24Z,13.9,desktop
E0005553,C00814,page_view,2026-07-01T12:09:53Z,11.0,desktop
E0005554,C01078,page_view,2026-07-03T13:44:43Z,35.8,android
E0005555,C01156,page_view,2026-07-07T04:23:23Z,2.4,desktop
E0005556,C00189,refund_request,2026-07-10T16:57:23Z,1.7,android
E0005557,C00558,add_to_cart,2026-07-19T01:08:38Z,21.4,ios
E0005558,C01151,page_view,2026-07-11T15:46:40Z,23.3,ios
E0005559,C00942,add_to_cart,2026-07-10T05:58:36Z,14.6,desktop
E0005560,C00906,support_ticket,2026-07-26T12:39:49Z,5.3,ios
E0005561,C00814,checkout,2026-07-31T11:29:04Z,27.6,ios
E0005562,C00401,add_to_cart,2026-07-13T01:04:58Z,12.5,desktop
E0005563,C00146,checkout,2026-07-13T15:14:53Z,33.1,desktop
E0005564,C00807,refund_request,2026-07-25T04:45:44Z,39.9,android
E0005565,C00807,add_to_cart,2026-07-20T12:27:57Z,11.6,desktop
E0005566,C00420,page_view,2026-07-28T05:02:13Z,37.1,android
E0005567,C00468,add_to_cart,2026-07-30T01:03:54Z,1.9,android
E0005568,C00010,checkout,2026-07-26T04:08:15Z,18.2,tablet
E0005569,C00053,refund_request,2026-07-29T19:11:20Z,0.2,ios
E0005570,C00569,checkout,2026-07-03T01:27:13Z,7.6,tablet
E0005571,C00162,refund_request,2026-07-29T14:54:38Z,26.6,android
E0005572,C00353,refund_request,2026-07-21T04:55:37Z,23.5,tablet
E0005573,C00053,page_view,2026-07-13T13:42:30Z,19.3,android
E0005574,C00569,add_to_cart,2026-07-03T02:08:18Z,17.3,ios
E0005575,C00696,support_ticket,2026-07-26T16:37:33Z,13.4,android
E0005576,C01041,support_ticket,2026-07-29T02:48:44Z,19.8,tablet
E0005577,C00984,checkout,2026-07-24T05:23:00Z,15.1,ios
E0005578,C00711,support_ticket,2026-07-24T08:28:21Z,18.7,tablet
E0005579,C00712,checkout,2026-07-09T11:16:44Z,13.5,ios
E0005580,C00467,support_ticket,2026-07-19T16:46:56Z,14.7,android
E0005581,C01162,refund_request,2026-07-16T08:12:42Z,35.6,tablet
E0005582,C01157,support_ticket,2026-07-08T07:24:32Z,20.9,ios
E0005583,C00663,support_ticket,2026-07-03T07:55:57Z,8.3,android
E0005584,C00492,support_ticket,2026-07-07T22:22:11Z,25.7,desktop
E0005585,C00699,add_to_cart,2026-07-30T04:54:00Z,14.7,android
E0005586,C00252,add_to_cart,2026-07-28T23:11:30Z,37.5,ios
E0005587,C00360,refund_request,2026-07-30T00:10:36Z,39.9,desktop
E0005588,C00364,refund_request,2026-07-05T13:40:38Z,0.0,tablet
E0005589,C00977,page_view,2026-07-01T07:39:27Z,36.1,desktop
E0005590,C00146,add_to_cart,2026-07-31T03:38:57Z,32.5,tablet
E0005591,C00400,page_view,2026-07-29T17:40:30Z,5.4,android
E0005592,C00997,support_ticket,2026-07-30T14:29:36Z,28.0,desktop
E0005593,C00587,page_view,2026-07-18T06:22:58Z,36.5,tablet
E0005594,C00178,checkout,2026-07-21T01:41:59Z,22.7,android
E0005595,C00724,page_view,2026-07-02T08:00:49Z,4.4,tablet
E0005596,C00049,add_to_cart,2026-07-24T05:02:25Z,19.5,android
E0005597,C00895,page_view,2026-07-01T08:56:24Z,7.4,tablet
E0005598,C01196,checkout,2026-07-17T07:33:23Z,16.6,android
E0005599,C00993,add_to_cart,2026-07-24T18:07:31Z,14.1,tablet
E0005600,C00401,page_view,2026-07-14T00:49:11Z,9.7,desktop
E0005601,C00680,page_view,2026-07-16T09:20:30Z,10.2,ios
E0005602,C00362,refund_request,2026-07-29T12:56:18Z,28.5,tablet
E0005603,C00951,add_to_cart,2026-07-01T23:30:49Z,36.6,tablet
E0005604,C00987,add_to_cart,2026-07-22T18:13:34Z,41.0,ios
E0005605,C00354,support_ticket,2026-07-23T07:18:51Z,24.1,android
E0005606,C00389,checkout,2026-07-04T10:35:17Z,27.8,ios
E0005607,C00912,support_ticket,2026-07-17T22:51:21Z,27.9,android
E0005608,C00618,page_view,2026-07-07T09:33:50Z,10.7,desktop
E0005609,C00758,checkout,2026-07-26T13:03:11Z,15.9,desktop
E0005610,C00926,refund_request,2026-07-24T07:02:56Z,6.2,tablet
E0005611,C00867,support_ticket,2026-07-08T21:58:46Z,25.8,android
E0005612,C00106,add_to_cart,2026-07-30T15:44:48Z,7.6,android
E0005613,C00220,support_ticket,2026-07-10T15:46:08Z,29.9,ios
E0005614,C00927,checkout,2026-07-29T05:25:17Z,38.6,tablet
E0005615,C00666,refund_request,2026-07-27T22:41:27Z,28.3,ios
E0005616,C00722,checkout,2026-07-17T05:27:05Z,10.7,ios
E0005617,C00287,refund_request,2026-07-03T14:32:04Z,28.8,ios
E0005618,C00562,refund_request,2026-07-23T15:23:51Z,18.1,ios
E0005619,C01126,refund_request,2026-07-03T05:30:14Z,33.3,desktop
E0005620,C00150,support_ticket,2026-07-29T05:26:21Z,7.0,android
E0005621,C00276,add_to_cart,2026-07-05T06:18:12Z,36.5,desktop
E0005622,C00493,refund_request,2026-07-17T07:38:46Z,1.0,desktop
E0005623,C00645,add_to_cart,2026-07-02T05:40:13Z,2.7,desktop
E0005624,C00135,page_view,2026-07-09T14:44:16Z,34.4,tablet
E0005625,C00835,page_view,2026-07-25T09:34:40Z,19.1,android
E0005626,C00049,add_to_cart,2026-07-18T06:25:39Z,34.7,ios
E0005627,C01143,add_to_cart,2026-07-08T23:29:13Z,7.9,ios
E0005628,C00742,add_to_cart,2026-07-05T04:16:28Z,5.2,ios
E0005629,C01128,page_view,2026-07-09T14:56:58Z,0.2,android
E0005630,C00097,add_to_cart,2026-07-08T03:49:06Z,35.0,ios
E0005631,C01042,refund_request,2026-07-07T15:40:35Z,21.7,desktop
E0005632,C00035,checkout,2026-07-16T08:55:30Z,34.3,tablet
E0005633,C00580,checkout,2026-07-25T19:49:17Z,26.3,android
E0005634,C01137,refund_request,2026-07-11T05:56:47Z,13.8,android
E0005635,C00490,checkout,2026-07-29T13:09:00Z,21.3,android
E0005636,C00169,checkout,2026-07-11T23:02:38Z,35.8,android
E0005637,C00115,support_ticket,2026-07-18T07:44:42Z,9.4,ios
E0005638,C01082,refund_request,2026-07-10T04:23:00Z,14.3,desktop
E0005639,C00877,checkout,2026-07-03T00:13:57Z,16.8,desktop
E0005640,C01053,support_ticket,2026-07-31T20:09:46Z,10.9,android
E0005641,C00128,checkout,2026-07-23T03:27:24Z,34.9,tablet
E0005642,C00995,page_view,2026-07-31T07:17:32Z,1.4,android
E0005643,C01046,refund_request,2026-07-22T02:22:45Z,10.0,desktop
E0005644,C00344,checkout,2026-07-04T05:10:51Z,23.3,android
E0005645,C00741,page_view,2026-07-26T05:15:58Z,18.5,desktop
E0005646,C00174,support_ticket,2026-07-29T08:25:20Z,39.2,ios
E0005647,C00683,refund_request,2026-07-30T11:05:28Z,36.0,tablet
E0005648,C00182,support_ticket,2026-07-03T05:00:40Z,35.2,ios
E0005649,C00697,add_to_cart,2026-07-21T20:29:23Z,40.9,tablet
E0005650,C00417,checkout,2026-07-08T23:57:57Z,20.0,android
E0005651,C00223,page_view,2026-07-17T05:20:19Z,0.5,android
E0005652,C00504,support_ticket,2026-07-05T01:56:13Z,25.2,ios
E0005653,C00097,support_ticket,2026-07-18T10:23:51Z,3.2,android
E0005654,C01020,add_to_cart,2026-07-02T06:58:51Z,11.2,android
E0005655,C01173,support_ticket,2026-07-11T05:35:30Z,38.4,desktop
E0005656,C00601,page_view,2026-07-24T20:26:37Z,7.2,tablet
E0005657,C00832,page_view,2026-07-16T14:13:16Z,27.0,desktop
E0005658,C00685,refund_request,2026-07-07T11:28:59Z,18.8,ios
E0005659,C01150,add_to_cart,2026-07-22T12:44:06Z,9.2,android
E0005660,C00222,support_ticket,2026-07-29T10:58:17Z,36.6,tablet
E0005661,C00813,support_ticket,2026-07-01T12:49:39Z,9.5,ios
E0005662,C00852,support_ticket,2026-07-18T04:54:58Z,8.7,ios
E0005663,C00597,add_to_cart,2026-07-13T07:55:40Z,18.7,android
E0005664,C00638,support_ticket,2026-07-14T02:17:31Z,2.2,tablet
E0005665,C00628,checkout,2026-07-16T01:02:42Z,33.3,tablet
E0005666,C00965,page_view,2026-07-01T01:41:40Z,34.0,desktop
E0005667,C00972,checkout,2026-07-06T07:44:25Z,35.6,android
E0005668,C00206,add_to_cart,2026-07-20T02:35:20Z,29.4,ios
E0005669,C00477,refund_request,2026-07-03T13:58:52Z,33.4,tablet
E0005670,C00150,support_ticket,2026-07-01T20:11:29Z,22.7,android
E0005671,C01160,support_ticket,2026-07-03T09:36:07Z,2.6,tablet
E0005672,C00325,refund_request,2026-07-29T22:05:49Z,6.0,desktop
E0005673,C00383,add_to_cart,2026-07-27T13:31:50Z,24.9,android
E0005674,C00968,checkout,2026-07-25T05:27:53Z,5.7,desktop
E0005675,C00391,page_view,2026-07-26T13:11:55Z,3.8,android
E0005676,C00916,add_to_cart,2026-07-08T02:54:17Z,6.9,android
E0005677,C00537,add_to_cart,2026-07-14T07:59:21Z,19.0,desktop
E0005678,C00678,page_view,2026-07-19T16:25:35Z,15.7,tablet
E0005679,C00799,add_to_cart,2026-07-05T09:28:03Z,22.6,desktop
E0005680,C01144,refund_request,2026-07-07T20:40:02Z,7.1,android
E0005681,C01170,checkout,2026-07-04T04:23:26Z,29.3,tablet
E0005682,C00974,support_ticket,2026-07-20T11:40:50Z,27.8,android
E0005683,C01066,add_to_cart,2026-07-02T10:20:21Z,10.9,android
E0005684,C00263,refund_request,2026-07-26T15:10:07Z,6.2,android
E0005685,C00022,checkout,2026-07-14T06:18:31Z,17.7,ios
E0005686,C00409,refund_request,2026-07-23T22:44:47Z,9.3,ios
E0005687,C00024,checkout,2026-07-25T20:55:40Z,14.5,android
E0005688,C00752,add_to_cart,2026-07-28T09:22:12Z,36.2,desktop
E0005689,C00854,support_ticket,2026-07-02T13:37:01Z,18.6,android
E0005690,C00063,add_to_cart,2026-07-17T17:07:51Z,27.9,ios
E0005691,C00651,checkout,2026-07-18T07:17:02Z,35.2,ios
E0005692,C00912,refund_request,2026-07-18T15:12:25Z,8.3,ios
E0005693,C00204,refund_request,2026-07-21T04:33:21Z,22.8,android
E0005694,C00507,checkout,2026-07-07T12:07:00Z,3.0,android
E0005695,C01087,support_ticket,2026-07-18T04:27:36Z,8.2,tablet
E0005696,C00722,add_to_cart,2026-07-13T14:40:54Z,39.4,desktop
E0005697,C00030,support_ticket,2026-07-03T01:21:12Z,14.2,desktop
E0005698,C00393,page_view,2026-07-19T00:37:41Z,21.4,desktop
E0005699,C00028,add_to_cart,2026-07-30T08:37:52Z,36.2,ios
E0005700,C00761,page_view,2026-07-19T21:50:31Z,33.0,ios
E0005701,C00958,refund_request,2026-07-24T01:44:35Z,35.7,tablet
E0005702,C00863,support_ticket,2026-07-10T02:28:28Z,25.7,android
E0005703,C00907,add_to_cart,2026-07-27T23:47:06Z,1.0,desktop
E0005704,C00306,checkout,2026-07-10T16:00:12Z,6.5,ios
E0005705,C00028,page_view,2026-07-23T18:43:31Z,33.1,desktop
E0005706,C00273,support_ticket,2026-07-23T11:10:10Z,39.4,tablet
E0005707,C00533,support_ticket,2026-07-06T20:54:20Z,24.6,android
E0005708,C00012,add_to_cart,2026-07-07T23:06:21Z,13.4,tablet
E0005709,C00436,add_to_cart,2026-07-19T13:19:13Z,40.9,tablet
E0005710,C00115,add_to_cart,2026-07-03T18:25:02Z,0.7,tablet
E0005711,C00490,support_ticket,2026-07-13T04:17:42Z,7.8,android
E0005712,C00864,support_ticket,2026-07-17T06:57:34Z,28.1,ios
E0005713,C00474,page_view,2026-07-23T05:46:23Z,1.2,android
E0005714,C00731,page_view,2026-07-12T04:37:51Z,31.6,ios
E0005715,C00120,checkout,2026-07-19T06:24:17Z,0.4,tablet
E0005716,C00855,checkout,2026-07-29T03:17:18Z,28.1,android
E0005717,C00932,page_view,2026-07-30T06:30:23Z,36.8,tablet
E0005718,C00718,add_to_cart,2026-07-23T07:30:53Z,37.1,ios
E0005719,C00860,page_view,2026-07-10T07:02:07Z,27.2,android
E0005720,C00101,page_view,2026-07-22T17:40:54Z,17.7,tablet
E0005721,C00206,support_ticket,2026-07-13T17:38:40Z,8.1,ios
E0005722,C00386,page_view,2026-07-27T17:52:32Z,14.9,desktop
E0005723,C00216,support_ticket,2026-07-23T11:44:09Z,33.8,tablet
E0005724,C00938,refund_request,2026-07-12T20:15:16Z,32.0,android
E0005725,C00518,page_view,2026-07-28T06:38:28Z,11.0,desktop
E0005726,C00503,add_to_cart,2026-07-22T20:01:35Z,22.2,desktop
E0005727,C00002,page_view,2026-07-10T11:00:32Z,24.5,ios
E0005728,C00612,refund_request,2026-07-26T23:28:30Z,33.5,android
E0005729,C00759,support_ticket,2026-07-27T23:03:45Z,2.4,ios
E0005730,C00824,page_view,2026-07-27T16:41:10Z,40.2,ios
E0005731,C00144,add_to_cart,2026-07-22T06:24:34Z,11.4,desktop
E0005732,C00592,page_view,2026-07-20T07:23:43Z,12.5,android
E0005733,C01083,refund_request,2026-07-23T01:22:40Z,2.2,desktop
E0005734,C00529,page_view,2026-07-26T04:11:19Z,25.9,ios
E0005735,C00728,refund_request,2026-07-06T06:40:12Z,14.3,android
E0005736,C00542,page_view,2026-07-27T23:08:00Z,29.7,ios
E0005737,C00038,support_ticket,2026-07-23T09:44:32Z,3.7,desktop
E0005738,C01072,refund_request,2026-07-26T06:08:08Z,20.3,android
E0005739,C00727,page_view,2026-07-26T19:53:38Z,40.0,desktop
E0005740,C01045,support_ticket,2026-07-01T18:19:33Z,2.9,tablet
E0005741,C00309,page_view,2026-07-16T10:32:07Z,0.9,tablet
E0005742,C00428,support_ticket,2026-07-28T02:44:43Z,33.0,tablet
E0005743,C01176,page_view,2026-07-16T08:08:41Z,37.8,desktop
E0005744,C01196,refund_request,2026-07-23T12:59:41Z,13.5,desktop
E0005745,C00181,add_to_cart,2026-07-28T11:54:02Z,8.0,desktop
E0005746,C01126,page_view,2026-07-19T03:50:36Z,6.6,desktop
E0005747,C00114,refund_request,2026-07-21T18:30:06Z,37.5,desktop
E0005748,C00374,refund_request,2026-07-02T11:07:23Z,4.5,desktop
E0005749,C00470,support_ticket,2026-07-26T16:27:06Z,7.9,tablet
E0005750,C01176,add_to_cart,2026-07-18T11:39:09Z,33.1,tablet
E0005751,C00567,page_view,2026-07-26T05:18:33Z,1.6,desktop
E0005752,C00632,add_to_cart,2026-07-06T04:45:38Z,12.7,android
E0005753,C00763,add_to_cart,2026-07-13T03:36:44Z,26.8,desktop
E0005754,C00704,refund_request,2026-07-02T08:38:50Z,1.2,android
E0005755,C00558,add_to_cart,2026-07-24T01:03:40Z,16.0,ios
E0005756,C01096,support_ticket,2026-07-30T00:11:52Z,5.0,tablet
E0005757,C00772,page_view,2026-07-16T00:14:24Z,8.5,desktop
E0005758,C00852,support_ticket,2026-07-07T17:37:36Z,15.6,desktop
E0005759,C00377,refund_request,2026-07-30T18:03:22Z,27.3,android
E0005760,C01003,page_view,2026-07-16T14:30:47Z,6.3,ios
E0005761,C00356,checkout,2026-07-05T14:26:48Z,33.9,desktop
E0005762,C00760,page_view,2026-07-25T16:50:32Z,8.2,ios
E0005763,C00385,support_ticket,2026-07-16T08:23:47Z,41.7,android
E0005764,C01087,support_ticket,2026-07-30T16:51:18Z,9.9,android
E0005765,C00164,checkout,2026-07-27T12:26:12Z,25.3,ios
E0005766,C00592,support_ticket,2026-07-18T13:32:58Z,30.5,ios
E0005767,C01152,support_ticket,2026-07-23T11:37:13Z,8.3,android
E0005768,C00129,page_view,2026-07-01T23:19:57Z,19.7,ios
E0005769,C00802,refund_request,2026-07-06T08:28:19Z,20.2,desktop
E0005770,C00720,checkout,2026-07-05T12:58:54Z,15.9,tablet
E0005771,C00411,add_to_cart,2026-07-29T17:30:45Z,20.8,tablet
E0005772,C01021,add_to_cart,2026-07-29T06:20:18Z,18.5,desktop
E0005773,C00601,support_ticket,2026-07-29T17:07:05Z,5.8,android
E0005774,C00142,support_ticket,2026-07-02T10:17:28Z,36.2,tablet
E0005775,C00920,add_to_cart,2026-07-27T15:30:27Z,23.4,desktop
E0005776,C00470,page_view,2026-07-27T21:03:32Z,6.2,desktop
E0005777,C00300,checkout,2026-07-28T10:12:12Z,21.6,desktop
E0005778,C00367,page_view,2026-07-09T11:25:05Z,41.2,android
E0005779,C00959,checkout,2026-07-07T12:58:27Z,11.0,ios
E0005780,C00328,page_view,2026-07-27T15:13:39Z,11.5,android
E0005781,C00446,page_view,2026-07-09T05:59:16Z,16.5,tablet
E0005782,C00002,refund_request,2026-07-03T20:32:39Z,2.5,desktop
E0005783,C00605,support_ticket,2026-07-19T05:12:27Z,7.1,ios
E0005784,C01145,checkout,2026-07-15T16:39:44Z,32.1,ios
E0005785,C00623,refund_request,2026-07-08T18:08:22Z,29.9,desktop
E0005786,C00186,refund_request,2026-07-28T05:37:46Z,18.1,desktop
E0005787,C00421,add_to_cart,2026-07-03T20:22:43Z,31.3,desktop
E0005788,C00697,page_view,2026-07-09T00:51:26Z,12.3,ios
E0005789,C00626,checkout,2026-07-16T04:51:17Z,16.1,tablet
E0005790,C01197,page_view,2026-07-01T12:11:48Z,11.7,tablet
E0005791,C00135,checkout,2026-07-14T13:53:04Z,26.5,tablet
E0005792,C00773,add_to_cart,2026-07-23T21:36:41Z,7.3,android
E0005793,C00497,refund_request,2026-07-09T04:49:26Z,11.1,tablet
E0005794,C00649,refund_request,2026-07-16T06:46:27Z,28.6,tablet
E0005795,C00329,refund_request,2026-07-30T20:54:25Z,20.7,android
E0005796,C01103,add_to_cart,2026-07-28T07:45:34Z,16.9,tablet
E0005797,C00392,checkout,2026-07-10T22:26:23Z,14.7,android
E0005798,C00719,add_to_cart,2026-07-16T12:21:35Z,22.3,android
E0005799,C00105,page_view,2026-07-29T18:20:28Z,12.0,tablet
E0005800,C00669,refund_request,2026-07-05T18:59:00Z,25.8,ios
E0005801,C00362,checkout,2026-07-19T15:47:54Z,16.3,desktop
E0005802,C01187,page_view,2026-07-23T16:38:43Z,5.0,android
E0005803,C00780,add_to_cart,2026-07-07T13:32:52Z,39.0,ios
E0005804,C01020,page_view,2026-07-09T21:15:27Z,2.6,ios
E0005805,C01123,page_view,2026-07-18T13:18:03Z,26.7,ios
E0005806,C00995,support_ticket,2026-07-31T04:02:07Z,21.7,android
E0005807,C00268,page_view,2026-07-06T03:42:08Z,16.9,desktop
E0005808,C01091,page_view,2026-07-01T13:12:22Z,30.0,ios
E0005809,C01047,support_ticket,2026-07-11T21:30:00Z,3.2,tablet
E0005810,C00953,checkout,2026-07-27T11:55:48Z,20.6,ios
E0005811,C00519,add_to_cart,2026-07-02T09:05:57Z,7.8,ios
E0005812,C00595,checkout,2026-07-10T03:00:36Z,27.3,desktop
E0005813,C00601,refund_request,2026-07-04T10:42:07Z,37.6,tablet
E0005814,C00111,checkout,2026-07-17T23:45:43Z,41.3,ios
E0005815,C00103,refund_request,2026-07-03T13:00:02Z,30.4,tablet
E0005816,C00194,page_view,2026-07-08T16:12:48Z,8.7,tablet
E0005817,C00991,add_to_cart,2026-07-29T23:48:26Z,19.7,android
E0005818,C00430,checkout,2026-07-18T07:31:03Z,20.2,ios
E0005819,C00256,checkout,2026-07-31T04:47:08Z,41.5,android
E0005820,C00294,page_view,2026-07-29T17:55:00Z,6.6,android
E0005821,C00448,support_ticket,2026-07-19T10:10:22Z,16.7,android
E0005822,C00616,checkout,2026-07-18T07:41:55Z,33.7,tablet
E0005823,C00951,refund_request,2026-07-27T23:13:07Z,39.3,desktop
E0005824,C01186,support_ticket,2026-07-02T23:21:07Z,3.0,desktop
E0005825,C01099,add_to_cart,2026-07-18T14:14:23Z,25.8,tablet
E0005826,C01153,support_ticket,2026-07-18T00:06:04Z,2.7,android
E0005827,C00949,refund_request,2026-07-29T06:38:04Z,17.3,ios
E0005828,C00061,refund_request,2026-07-10T10:42:05Z,16.8,desktop
E0005829,C01194,support_ticket,2026-07-20T16:30:38Z,0.3,android
E0005830,C00535,checkout,2026-07-15T16:16:51Z,25.4,desktop
E0005831,C00002,page_view,2026-07-05T04:08:19Z,40.9,ios
E0005832,C01146,refund_request,2026-07-15T22:26:22Z,41.8,tablet
E0005833,C00904,add_to_cart,2026-07-30T03:32:55Z,9.6,ios
E0005834,C00249,page_view,2026-07-09T03:58:07Z,2.5,ios
E0005835,C00626,refund_request,2026-07-30T22:42:45Z,19.7,desktop
E0005836,C00995,refund_request,2026-07-19T05:41:33Z,11.1,ios
E0005837,C00916,add_to_cart,2026-07-31T23:32:28Z,3.0,desktop
E0005838,C00108,support_ticket,2026-07-08T12:31:58Z,15.9,tablet
E0005839,C00918,support_ticket,2026-07-04T08:31:34Z,2.5,ios
E0005840,C00930,checkout,2026-07-26T23:11:29Z,25.2,android
E0005841,C00966,refund_request,2026-07-10T11:41:24Z,9.7,android
E0005842,C00977,refund_request,2026-07-07T12:35:46Z,36.4,desktop
E0005843,C00070,add_to_cart,2026-07-13T02:29:12Z,19.2,android
E0005844,C00458,refund_request,2026-07-21T01:00:46Z,26.9,tablet
E0005845,C00904,support_ticket,2026-07-08T01:09:19Z,11.7,tablet
E0005846,C00441,add_to_cart,2026-07-09T22:03:37Z,29.7,android
E0005847,C01190,support_ticket,2026-07-03T16:54:40Z,31.3,tablet
E0005848,C00548,checkout,2026-07-25T05:32:08Z,40.9,ios
E0005849,C00329,checkout,2026-07-15T11:08:33Z,38.0,android
E0005850,C00324,refund_request,2026-07-15T08:46:13Z,1.3,android
E0005851,C00570,add_to_cart,2026-07-06T02:41:20Z,41.6,desktop
E0005852,C00480,add_to_cart,2026-07-18T06:19:40Z,9.9,ios
E0005853,C00213,support_ticket,2026-07-08T16:04:23Z,22.8,android
E0005854,C00993,refund_request,2026-07-26T07:33:35Z,19.4,ios
E0005855,C00396,add_to_cart,2026-07-09T06:36:11Z,10.8,desktop
E0005856,C00141,add_to_cart,2026-07-25T21:30:59Z,38.6,desktop
E0005857,C00306,refund_request,2026-07-07T01:57:22Z,40.3,android
E0005858,C00156,page_view,2026-07-30T23:47:33Z,36.0,tablet
E0005859,C00023,checkout,2026-07-23T03:12:43Z,5.7,ios
E0005860,C00776,support_ticket,2026-07-23T10:28:12Z,16.6,android
E0005861,C01063,page_view,2026-07-13T09:29:53Z,35.0,desktop
E0005862,C00905,checkout,2026-07-29T00:24:46Z,41.3,desktop
E0005863,C01151,page_view,2026-07-04T16:14:57Z,30.5,desktop
E0005864,C00132,support_ticket,2026-07-13T13:55:08Z,38.6,desktop
E0005865,C00056,checkout,2026-07-26T04:42:43Z,18.8,desktop
E0005866,C01169,page_view,2026-07-02T12:08:15Z,7.9,tablet
E0005867,C01100,support_ticket,2026-07-29T21:24:51Z,19.7,android
E0005868,C01196,checkout,2026-07-27T10:12:04Z,22.5,tablet
E0005869,C00870,refund_request,2026-07-05T15:02:26Z,12.6,ios
E0005870,C00038,add_to_cart,2026-07-14T13:44:34Z,6.6,tablet
E0005871,C00274,add_to_cart,2026-07-17T22:08:55Z,1.0,tablet
E0005872,C00626,add_to_cart,2026-07-29T09:41:01Z,35.8,tablet
E0005873,C00996,checkout,2026-07-12T21:03:52Z,33.6,tablet
E0005874,C00589,checkout,2026-07-11T16:02:00Z,1.7,desktop
E0005875,C00990,checkout,2026-07-02T16:20:19Z,0.8,ios
E0005876,C00735,refund_request,2026-07-28T05:00:48Z,39.7,tablet
E0005877,C00053,support_ticket,2026-07-01T06:54:55Z,26.9,desktop
E0005878,C01025,checkout,2026-07-09T13:35:42Z,28.5,ios
E0005879,C00858,refund_request,2026-07-25T09:19:31Z,30.8,tablet
E0005880,C00374,add_to_cart,2026-07-09T11:38:18Z,18.6,ios
E0005881,C00950,page_view,2026-07-07T22:49:39Z,36.5,android
E0005882,C00184,support_ticket,2026-07-10T06:52:18Z,8.6,desktop
E0005883,C00725,add_to_cart,2026-07-03T23:28:03Z,19.9,tablet
E0005884,C00713,checkout,2026-07-25T22:54:36Z,32.3,desktop
E0005885,C00710,refund_request,2026-07-13T16:03:42Z,37.8,ios
E0005886,C00550,checkout,2026-07-05T09:17:25Z,40.5,tablet
E0005887,C00181,support_ticket,2026-07-14T14:23:26Z,5.8,tablet
E0005888,C00320,add_to_cart,2026-07-21T10:35:26Z,33.5,desktop
E0005889,C00526,support_ticket,2026-07-29T18:09:29Z,0.4,desktop
E0005890,C00248,support_ticket,2026-07-26T07:34:43Z,37.2,desktop
E0005891,C00652,refund_request,2026-07-11T23:32:46Z,23.5,desktop
E0005892,C00286,add_to_cart,2026-07-15T16:00:51Z,16.2,ios
E0005893,C00062,page_view,2026-07-31T14:28:31Z,25.1,desktop
E0005894,C01071,support_ticket,2026-07-18T17:00:29Z,2.4,tablet
E0005895,C00596,add_to_cart,2026-07-26T07:05:27Z,27.5,tablet
E0005896,C00841,add_to_cart,2026-07-28T01:34:42Z,1.5,ios
E0005897,C00017,add_to_cart,2026-07-19T23:53:30Z,25.7,desktop
E0005898,C00008,support_ticket,2026-07-03T07:50:43Z,20.8,android
E0005899,C00050,page_view,2026-07-07T11:17:02Z,35.3,ios
E0005900,C00224,refund_request,2026-07-04T17:33:52Z,24.5,tablet
E0005901,C00495,refund_request,2026-07-13T19:10:45Z,32.5,android
E0005902,C01052,refund_request,2026-07-09T02:02:40Z,2.2,ios
E0005903,C00566,support_ticket,2026-07-19T08:06:26Z,39.3,android
E0005904,C00784,add_to_cart,2026-07-15T20:13:59Z,4.1,tablet
E0005905,C00397,support_ticket,2026-07-11T06:21:42Z,33.3,ios
E0005906,C00861,page_view,2026-07-31T23:19:26Z,27.0,ios
E0005907,C00898,support_ticket,2026-07-27T15:32:30Z,31.7,ios
E0005908,C00709,refund_request,2026-07-25T20:28:50Z,13.3,tablet
E0005909,C00912,add_to_cart,2026-07-04T15:11:22Z,25.8,tablet
E0005910,C00287,checkout,2026-07-13T17:40:26Z,28.3,desktop
E0005911,C00485,refund_request,2026-07-21T12:20:14Z,41.7,tablet
E0005912,C00729,page_view,2026-07-01T00:48:43Z,3.4,ios
E0005913,C00640,add_to_cart,2026-07-08T20:25:16Z,29.2,tablet
E0005914,C00878,checkout,2026-07-07T19:23:08Z,23.7,ios
E0005915,C00790,add_to_cart,2026-07-26T00:02:00Z,25.5,ios
E0005916,C01038,refund_request,2026-07-25T19:51:52Z,2.9,tablet
E0005917,C00141,checkout,2026-07-18T09:16:55Z,5.4,ios
E0005918,C01108,page_view,2026-07-14T19:30:49Z,33.4,tablet
E0005919,C00989,support_ticket,2026-07-31T23:01:23Z,39.3,android
E0005920,C00100,add_to_cart,2026-07-23T13:23:39Z,37.5,android
E0005921,C00859,checkout,2026-07-29T23:28:29Z,1.4,android
E0005922,C00350,add_to_cart,2026-07-29T05:14:53Z,20.8,android
E0005923,C01117,add_to_cart,2026-07-20T03:09:45Z,8.2,tablet
E0005924,C00376,checkout,2026-07-16T04:25:20Z,0.4,desktop
E0005925,C00068,page_view,2026-07-01T21:01:32Z,9.0,tablet
E0005926,C01080,support_ticket,2026-07-18T19:04:14Z,36.0,ios
E0005927,C00584,checkout,2026-07-06T04:42:41Z,25.1,tablet
E0005928,C00751,support_ticket,2026-07-23T13:12:40Z,42.0,ios
E0005929,C00243,support_ticket,2026-07-22T05:57:48Z,2.7,android
E0005930,C01162,checkout,2026-07-02T02:48:06Z,38.5,ios
E0005931,C00157,refund_request,2026-07-05T13:48:50Z,15.0,tablet
E0005932,C01016,support_ticket,2026-07-31T06:16:05Z,27.7,tablet
E0005933,C00643,support_ticket,2026-07-14T08:05:48Z,0.1,ios
E0005934,C00850,refund_request,2026-07-06T10:34:21Z,3.7,tablet
E0005935,C00122,add_to_cart,2026-07-05T22:54:29Z,39.8,android
E0005936,C00940,add_to_cart,2026-07-19T08:55:54Z,11.4,tablet
E0005937,C00156,page_view,2026-07-19T04:31:50Z,13.2,android
E0005938,C01132,refund_request,2026-07-04T05:26:22Z,26.0,tablet
E0005939,C01016,checkout,2026-07-23T03:24:03Z,37.5,ios
E0005940,C00682,checkout,2026-07-01T19:15:41Z,16.1,ios
E0005941,C00998,checkout,2026-07-23T13:01:59Z,8.4,ios
E0005942,C01151,add_to_cart,2026-07-19T21:15:26Z,24.1,desktop
E0005943,C00874,checkout,2026-07-13T16:26:55Z,12.8,tablet
E0005944,C00541,page_view,2026-07-09T18:00:44Z,19.1,desktop
E0005945,C00912,support_ticket,2026-07-23T15:27:29Z,22.9,tablet
E0005946,C00842,page_view,2026-07-12T11:00:38Z,27.7,tablet
E0005947,C01175,checkout,2026-07-26T13:28:15Z,11.2,android
E0005948,C00538,add_to_cart,2026-07-13T01:32:01Z,21.0,android
E0005949,C01119,page_view,2026-07-11T13:46:50Z,19.9,android
E0005950,C01109,page_view,2026-07-18T04:19:35Z,11.4,ios
E0005951,C00248,checkout,2026-07-01T02:09:11Z,12.0,ios
E0005952,C00285,add_to_cart,2026-07-29T14:06:13Z,27.8,android
E0005953,C00345,page_view,2026-07-19T08:47:40Z,20.9,android
E0005954,C00727,add_to_cart,2026-07-19T21:57:02Z,38.9,tablet
E0005955,C00026,support_ticket,2026-07-18T19:06:23Z,37.4,ios
E0005956,C01193,add_to_cart,2026-07-19T15:31:20Z,41.6,ios
E0005957,C00204,support_ticket,2026-07-17T17:24:40Z,2.0,desktop
E0005958,C00365,refund_request,2026-07-14T19:07:56Z,40.6,desktop
E0005959,C01061,add_to_cart,2026-07-15T18:26:03Z,1.0,ios
E0005960,C00332,support_ticket,2026-07-17T17:10:11Z,21.8,desktop
E0005961,C01113,add_to_cart,2026-07-26T02:09:40Z,26.3,android
E0005962,C00904,support_ticket,2026-07-21T18:34:35Z,23.1,desktop
E0005963,C01022,refund_request,2026-07-11T19:51:51Z,6.4,desktop
E0005964,C00520,page_view,2026-07-01T06:38:24Z,22.3,ios
E0005965,C00421,add_to_cart,2026-07-15T17:56:41Z,4.3,tablet
E0005966,C00095,support_ticket,2026-07-16T11:35:07Z,33.0,desktop
E0005967,C00112,add_to_cart,2026-07-20T19:01:59Z,2.3,desktop
E0005968,C01166,refund_request,2026-07-30T00:29:04Z,14.2,ios
E0005969,C00383,add_to_cart,2026-07-08T04:12:46Z,30.5,android
E0005970,C01051,refund_request,2026-07-27T05:06:27Z,35.7,desktop
E0005971,C00644,checkout,2026-07-06T22:56:07Z,8.9,desktop
E0005972,C00837,checkout,2026-07-04T12:48:34Z,26.8,tablet
E0005973,C00770,refund_request,2026-07-25T11:51:48Z,5.5,ios
E0005974,C00098,add_to_cart,2026-07-25T03:29:48Z,24.0,tablet
E0005975,C00424,refund_request,2026-07-10T00:14:23Z,10.8,ios
E0005976,C00680,refund_request,2026-07-27T00:20:16Z,28.1,android
E0005977,C00399,add_to_cart,2026-07-31T18:27:18Z,5.8,android
E0005978,C00764,add_to_cart,2026-07-04T08:44:24Z,1.2,ios
E0005979,C01130,checkout,2026-07-09T19:55:46Z,28.9,tablet
E0005980,C00152,refund_request,2026-07-05T00:50:43Z,37.5,desktop
E0005981,C00760,support_ticket,2026-07-05T16:54:01Z,33.3,desktop
E0005982,C00235,refund_request,2026-07-31T07:44:34Z,24.9,android
E0005983,C00114,page_view,2026-07-12T21:42:20Z,24.0,tablet
E0005984,C00022,checkout,2026-07-20T12:41:38Z,34.6,tablet
E0005985,C00658,support_ticket,2026-07-07T14:08:38Z,4.2,desktop
E0005986,C00643,support_ticket,2026-07-08T03:59:09Z,33.9,ios
E0005987,C00494,support_ticket,2026-07-28T19:27:16Z,10.1,ios
E0005988,C00019,support_ticket,2026-07-24T22:38:56Z,12.3,android
E0005989,C00664,page_view,2026-07-14T22:04:00Z,25.9,ios
E0005990,C01164,refund_request,2026-07-27T08:27:54Z,16.6,android
E0005991,C00602,add_to_cart,2026-07-16T18:05:43Z,41.4,ios
E0005992,C00903,checkout,2026-07-16T11:30:10Z,28.5,ios
E0005993,C00946,add_to_cart,2026-07-28T04:11:57Z,18.6,tablet
E0005994,C00181,add_to_cart,2026-07-22T05:44:14Z,3.1,android
E0005995,C00124,checkout,2026-07-04T10:43:24Z,8.4,ios
E0005996,C00765,support_ticket,2026-07-31T02:11:38Z,31.7,tablet
E0005997,C00957,support_ticket,2026-07-06T15:09:23Z,10.5,tablet
E0005998,C01165,support_ticket,2026-07-12T00:44:32Z,10.8,desktop
E0005999,C00279,page_view,2026-07-21T13:31:16Z,28.6,ios
E0006000,C00954,page_view,2026-07-20T01:35:11Z,27.5,ios
E0006001,C00891,add_to_cart,2026-07-03T23:53:01Z,40.9,android
E0006002,C00374,add_to_cart,2026-07-07T16:44:45Z,20.5,ios
E0006003,C00013,add_to_cart,2026-07-12T14:06:40Z,22.4,ios
E0006004,C00889,refund_request,2026-07-12T01:12:17Z,36.6,tablet
E0006005,C00037,refund_request,2026-07-25T10:04:05Z,41.5,android
E0006006,C00352,support_ticket,2026-07-22T14:27:26Z,30.0,desktop
E0006007,C01180,page_view,2026-07-12T22:49:26Z,35.0,android
E0006008,C00996,refund_request,2026-07-02T00:14:59Z,39.7,ios
E0006009,C01084,support_ticket,2026-07-01T02:23:28Z,8.2,desktop
E0006010,C00025,checkout,2026-07-26T09:01:47Z,27.8,desktop
E0006011,C00675,refund_request,2026-07-01T13:28:46Z,37.3,ios
E0006012,C00249,page_view,2026-07-08T04:20:35Z,20.5,ios
E0006013,C00679,page_view,2026-07-03T20:34:47Z,12.0,ios
E0006014,C00564,checkout,2026-07-05T05:42:19Z,2.7,tablet
E0006015,C00157,add_to_cart,2026-07-28T21:24:52Z,13.0,ios
E0006016,C01005,support_ticket,2026-07-22T04:52:04Z,16.0,tablet
E0006017,C00482,refund_request,2026-07-30T20:03:32Z,5.2,ios
E0006018,C00078,page_view,2026-07-22T00:24:23Z,3.4,tablet
E0006019,C01198,page_view,2026-07-02T07:42:22Z,18.4,android
E0006020,C00481,refund_request,2026-07-04T02:16:38Z,4.1,ios
E0006021,C00744,checkout,2026-07-23T08:29:28Z,11.7,android
E0006022,C00480,support_ticket,2026-07-07T17:53:23Z,28.3,desktop
E0006023,C00883,add_to_cart,2026-07-12T20:47:37Z,34.8,desktop
E0006024,C01044,support_ticket,2026-07-25T19:28:09Z,10.4,desktop
E0006025,C00259,support_ticket,2026-07-08T05:22:41Z,1.9,android
E0006026,C00643,page_view,2026-07-11T02:48:59Z,39.4,tablet
E0006027,C01033,page_view,2026-07-19T08:04:33Z,20.5,ios
E0006028,C00641,add_to_cart,2026-07-23T05:56:14Z,8.2,tablet
E0006029,C00947,add_to_cart,2026-07-28T12:08:09Z,11.0,ios
E0006030,C01019,checkout,2026-07-29T21:46:19Z,36.8,ios
E0006031,C00469,page_view,2026-07-14T08:00:44Z,28.8,tablet
E0006032,C00186,refund_request,2026-07-24T08:53:02Z,25.2,ios
E0006033,C00600,checkout,2026-07-31T20:47:55Z,41.7,ios
E0006034,C00811,page_view,2026-07-27T05:01:20Z,3.4,android
E0006035,C00888,add_to_cart,2026-07-27T03:20:35Z,1.0,ios
E0006036,C00622,support_ticket,2026-07-10T01:53:45Z,29.8,tablet
E0006037,C01029,support_ticket,2026-07-10T23:17:49Z,26.0,desktop
E0006038,C01180,add_to_cart,2026-07-27T21:58:45Z,35.9,android
E0006039,C00719,add_to_cart,2026-07-15T08:55:09Z,2.2,android
E0006040,C00355,support_ticket,2026-07-15T06:38:55Z,37.0,ios
E0006041,C00558,support_ticket,2026-07-22T04:01:36Z,5.8,tablet
E0006042,C00338,refund_request,2026-07-26T07:59:01Z,5.4,tablet
E0006043,C00965,support_ticket,2026-07-31T04:59:49Z,30.9,android
E0006044,C00611,page_view,2026-07-28T20:42:02Z,26.9,tablet
E0006045,C01003,add_to_cart,2026-07-14T00:21:11Z,19.2,ios
E0006046,C00830,checkout,2026-07-22T04:48:24Z,33.1,tablet
E0006047,C00341,checkout,2026-07-22T22:49:06Z,17.7,android
E0006048,C00112,add_to_cart,2026-07-31T13:50:07Z,40.4,desktop
E0006049,C00146,support_ticket,2026-07-14T18:45:48Z,11.7,android
E0006050,C00036,support_ticket,2026-07-30T10:06:30Z,6.3,desktop
E0006051,C00247,support_ticket,2026-07-18T19:35:19Z,8.0,ios
E0006052,C01059,checkout,2026-07-20T12:23:41Z,18.3,ios
E0006053,C01063,page_view,2026-07-07T23:31:09Z,18.7,tablet
E0006054,C00864,page_view,2026-07-09T18:27:27Z,28.1,tablet
E0006055,C00031,checkout,2026-07-28T12:59:05Z,35.3,ios
E0006056,C00766,add_to_cart,2026-07-20T03:11:08Z,31.6,ios
E0006057,C01062,checkout,2026-07-20T18:17:19Z,5.9,desktop
E0006058,C00121,checkout,2026-07-16T08:19:37Z,10.5,desktop
E0006059,C00888,add_to_cart,2026-07-16T20:50:15Z,1.3,android
E0006060,C00945,add_to_cart,2026-07-01T00:11:37Z,33.1,ios
E0006061,C00091,refund_request,2026-07-04T20:55:20Z,25.0,ios
E0006062,C00194,page_view,2026-07-05T07:34:51Z,23.8,desktop
E0006063,C01015,page_view,2026-07-16T06:48:02Z,35.1,tablet
E0006064,C01078,support_ticket,2026-07-06T20:08:19Z,42.0,desktop
E0006065,C00525,checkout,2026-07-09T20:22:03Z,32.5,ios
E0006066,C00631,add_to_cart,2026-07-16T00:43:52Z,14.5,android
E0006067,C00613,add_to_cart,2026-07-14T08:41:02Z,40.7,android
E0006068,C00335,checkout,2026-07-08T02:39:24Z,41.3,android
E0006069,C00760,support_ticket,2026-07-03T11:02:45Z,38.6,ios
E0006070,C00974,support_ticket,2026-07-18T02:18:26Z,12.6,android
E0006071,C00474,checkout,2026-07-30T22:27:47Z,33.5,android
E0006072,C00472,add_to_cart,2026-07-06T07:21:09Z,30.2,tablet
E0006073,C00561,page_view,2026-07-14T06:13:15Z,8.9,ios
E0006074,C00687,refund_request,2026-07-01T21:33:27Z,20.4,android
E0006075,C00745,support_ticket,2026-07-20T18:34:20Z,9.6,tablet
E0006076,C00294,refund_request,2026-07-31T00:59:32Z,7.4,ios
E0006077,C00103,checkout,2026-07-11T10:37:01Z,16.4,android
E0006078,C00080,page_view,2026-07-13T07:12:10Z,39.9,desktop
E0006079,C01023,refund_request,2026-07-23T23:16:48Z,21.6,desktop
E0006080,C00462,support_ticket,2026-07-25T16:09:20Z,38.6,ios
E0006081,C00776,page_view,2026-07-14T04:11:17Z,10.2,desktop
E0006082,C00063,page_view,2026-07-19T02:58:26Z,2.1,tablet
E0006083,C00243,refund_request,2026-07-22T09:10:12Z,9.4,ios
E0006084,C00241,support_ticket,2026-07-18T02:28:22Z,0.2,ios
E0006085,C00285,page_view,2026-07-26T13:16:29Z,41.6,desktop
E0006086,C00422,add_to_cart,2026-07-01T00:35:21Z,25.7,desktop
E0006087,C00089,support_ticket,2026-07-04T09:40:51Z,14.7,android
E0006088,C00794,page_view,2026-07-05T09:31:50Z,18.0,tablet
E0006089,C00990,page_view,2026-07-18T18:38:07Z,11.1,tablet
E0006090,C00099,support_ticket,2026-07-01T18:08:46Z,0.6,desktop
E0006091,C00985,support_ticket,2026-07-08T11:57:42Z,29.6,ios
E0006092,C01051,support_ticket,2026-07-28T23:48:16Z,26.3,tablet
E0006093,C00732,support_ticket,2026-07-18T02:01:39Z,31.8,tablet
E0006094,C01184,page_view,2026-07-20T12:25:15Z,29.1,ios
E0006095,C00885,support_ticket,2026-07-17T11:26:10Z,2.9,android
E0006096,C00117,support_ticket,2026-07-26T18:13:27Z,5.9,ios
E0006097,C00308,add_to_cart,2026-07-30T18:52:01Z,17.1,ios
E0006098,C00081,checkout,2026-07-23T20:49:38Z,1.7,tablet
E0006099,C00756,support_ticket,2026-07-16T07:37:17Z,28.6,desktop
E0006100,C00599,checkout,2026-07-08T06:26:33Z,37.9,desktop
E0006101,C00796,add_to_cart,2026-07-24T09:01:25Z,20.3,android
E0006102,C00358,add_to_cart,2026-07-14T18:12:57Z,34.1,desktop
E0006103,C00529,refund_request,2026-07-19T12:56:25Z,3.5,desktop
E0006104,C00881,support_ticket,2026-07-11T16:13:12Z,21.1,ios
E0006105,C00137,checkout,2026-07-27T11:31:43Z,34.1,ios
E0006106,C00501,support_ticket,2026-07-27T10:05:06Z,39.4,tablet
E0006107,C00343,support_ticket,2026-07-15T20:36:11Z,3.5,ios
E0006108,C00759,support_ticket,2026-07-11T07:08:22Z,12.5,tablet
E0006109,C00600,add_to_cart,2026-07-20T05:50:25Z,18.0,tablet
E0006110,C00532,page_view,2026-07-14T10:42:36Z,27.8,desktop
E0006111,C00148,page_view,2026-07-02T03:49:20Z,15.2,tablet
E0006112,C00272,page_view,2026-07-19T22:16:03Z,29.9,android
E0006113,C00331,checkout,2026-07-08T21:26:47Z,23.5,android
E0006114,C00718,refund_request,2026-07-10T03:20:38Z,9.1,android
E0006115,C00979,add_to_cart,2026-07-22T03:49:10Z,19.2,ios
E0006116,C00647,refund_request,2026-07-08T16:03:03Z,22.3,android
E0006117,C00991,add_to_cart,2026-07-23T19:02:58Z,5.1,ios
E0006118,C00634,checkout,2026-07-17T17:50:31Z,22.4,desktop
E0006119,C00222,page_view,2026-07-12T08:26:51Z,19.7,ios
E0006120,C00819,support_ticket,2026-07-11T10:56:22Z,19.6,tablet
E0006121,C00807,checkout,2026-07-04T20:46:18Z,19.2,tablet
E0006122,C00359,add_to_cart,2026-07-15T14:41:26Z,35.2,ios
E0006123,C00937,refund_request,2026-07-12T03:01:59Z,33.4,android
E0006124,C00985,add_to_cart,2026-07-22T13:24:12Z,40.4,android
E0006125,C00210,add_to_cart,2026-07-09T09:41:39Z,23.0,desktop
E0006126,C00336,add_to_cart,2026-07-21T18:22:39Z,2.4,android
E0006127,C00633,add_to_cart,2026-07-04T13:02:20Z,25.2,ios
E0006128,C00144,refund_request,2026-07-02T08:03:48Z,13.7,tablet
E0006129,C00913,checkout,2026-07-02T07:24:27Z,24.6,tablet
E0006130,C00433,refund_request,2026-07-18T00:30:39Z,26.0,desktop
E0006131,C00892,page_view,2026-07-17T10:15:16Z,5.5,desktop
E0006132,C00255,checkout,2026-07-09T14:39:10Z,0.7,tablet
E0006133,C00184,checkout,2026-07-19T13:56:20Z,24.9,tablet
E0006134,C01165,checkout,2026-07-23T08:25:25Z,30.7,tablet
E0006135,C01078,checkout,2026-07-29T07:03:53Z,10.0,ios
E0006136,C00457,page_view,2026-07-14T09:12:29Z,1.2,tablet
E0006137,C00616,checkout,2026-07-23T16:05:24Z,32.4,android
E0006138,C01101,page_view,2026-07-14T19:02:49Z,39.5,desktop
E0006139,C00702,support_ticket,2026-07-06T08:25:32Z,12.0,ios
E0006140,C00788,refund_request,2026-07-08T19:16:01Z,36.8,ios
E0006141,C00703,support_ticket,2026-07-02T16:54:51Z,26.6,desktop
E0006142,C00791,add_to_cart,2026-07-19T08:55:48Z,24.5,android
E0006143,C00191,add_to_cart,2026-07-23T21:57:15Z,24.9,tablet
E0006144,C00432,refund_request,2026-07-24T14:39:11Z,17.4,ios
E0006145,C00227,support_ticket,2026-07-29T12:37:18Z,40.2,desktop
E0006146,C00211,refund_request,2026-07-11T09:09:57Z,31.8,ios
E0006147,C00570,support_ticket,2026-07-18T00:15:56Z,3.0,tablet
E0006148,C00152,page_view,2026-07-07T16:08:34Z,34.6,tablet
E0006149,C00266,support_ticket,2026-07-31T21:43:06Z,21.8,ios
E0006150,C01042,add_to_cart,2026-07-11T01:43:15Z,29.1,android
E0006151,C00139,support_ticket,2026-07-11T15:38:00Z,7.8,desktop
E0006152,C00438,support_ticket,2026-07-06T11:26:31Z,24.9,android
E0006153,C01182,page_view,2026-07-14T05:36:03Z,22.2,desktop
E0006154,C00516,page_view,2026-07-20T00:08:47Z,5.2,ios
E0006155,C00885,add_to_cart,2026-07-23T03:46:59Z,12.0,ios
E0006156,C00471,checkout,2026-07-21T07:34:17Z,29.2,ios
E0006157,C00446,support_ticket,2026-07-19T07:57:56Z,6.1,desktop
E0006158,C00985,refund_request,2026-07-17T17:18:14Z,37.9,android
E0006159,C00536,support_ticket,2026-07-27T20:04:19Z,14.1,desktop
E0006160,C00828,refund_request,2026-07-12T09:34:46Z,36.9,android
E0006161,C00118,add_to_cart,2026-07-24T01:08:27Z,20.2,tablet
E0006162,C00810,checkout,2026-07-25T21:37:37Z,17.2,desktop
E0006163,C00845,page_view,2026-07-21T23:08:07Z,36.6,desktop
E0006164,C00098,checkout,2026-07-28T13:09:29Z,37.4,android
E0006165,C00970,support_ticket,2026-07-07T10:04:57Z,34.8,desktop
E0006166,C00269,checkout,2026-07-16T09:26:48Z,19.5,android
E0006167,C00597,support_ticket,2026-07-11T13:38:46Z,7.5,ios
E0006168,C00628,checkout,2026-07-04T18:07:54Z,9.9,ios
E0006169,C00236,checkout,2026-07-18T09:16:24Z,14.6,ios
E0006170,C00213,support_ticket,2026-07-02T16:14:54Z,14.2,android
E0006171,C01012,support_ticket,2026-07-23T08:23:32Z,7.7,tablet
E0006172,C00354,page_view,2026-07-02T01:23:47Z,14.8,tablet
E0006173,C00512,page_view,2026-07-12T17:47:07Z,17.5,desktop
E0006174,C00307,support_ticket,2026-07-20T08:40:00Z,24.7,tablet
E0006175,C00985,checkout,2026-07-15T14:55:38Z,24.1,tablet
E0006176,C00755,page_view,2026-07-25T05:59:49Z,0.2,desktop
E0006177,C00256,page_view,2026-07-28T05:36:46Z,38.4,desktop
E0006178,C01121,refund_request,2026-07-02T00:04:03Z,35.6,desktop
E0006179,C00251,support_ticket,2026-07-02T13:59:24Z,20.6,ios
E0006180,C00018,support_ticket,2026-07-22T20:33:57Z,21.8,tablet
E0006181,C00866,add_to_cart,2026-07-05T10:31:44Z,12.5,android
E0006182,C00175,checkout,2026-07-20T16:19:43Z,18.1,desktop
E0006183,C00180,page_view,2026-07-23T16:13:34Z,12.3,tablet
E0006184,C00189,page_view,2026-07-14T16:17:17Z,2.6,ios
E0006185,C00951,add_to_cart,2026-07-22T18:00:01Z,25.1,android
E0006186,C00439,page_view,2026-07-27T09:54:12Z,14.3,ios
E0006187,C00630,page_view,2026-07-11T20:39:12Z,8.3,ios
E0006188,C00536,checkout,2026-07-24T10:41:16Z,21.7,android
E0006189,C00412,add_to_cart,2026-07-21T23:56:20Z,8.7,desktop
E0006190,C00528,page_view,2026-07-12T02:24:54Z,26.1,tablet
E0006191,C00226,refund_request,2026-07-29T10:36:07Z,33.1,ios
E0006192,C01193,support_ticket,2026-07-30T12:08:02Z,20.6,desktop
E0006193,C00623,checkout,2026-07-05T10:16:24Z,8.8,tablet
E0006194,C00101,support_ticket,2026-07-08T17:26:42Z,3.7,android
E0006195,C00916,support_ticket,2026-07-16T12:48:48Z,14.7,tablet
E0006196,C01029,add_to_cart,2026-07-12T21:48:07Z,28.7,desktop
E0006197,C01099,refund_request,2026-07-07T17:46:04Z,37.8,tablet
E0006198,C00025,add_to_cart,2026-07-11T00:23:22Z,32.0,android
E0006199,C00896,refund_request,2026-07-18T03:36:18Z,22.0,ios
E0006200,C00476,add_to_cart,2026-07-05T19:22:43Z,17.6,tablet
E0006201,C00709,refund_request,2026-07-29T19:00:45Z,31.3,desktop
E0006202,C00392,checkout,2026-07-04T05:01:36Z,37.6,ios
E0006203,C00459,support_ticket,2026-07-12T01:04:14Z,18.9,desktop
E0006204,C00688,refund_request,2026-07-06T15:13:22Z,22.8,android
E0006205,C01043,support_ticket,2026-07-09T15:47:58Z,38.1,desktop
E0006206,C01166,refund_request,2026-07-12T08:38:15Z,5.7,desktop
E0006207,C00169,checkout,2026-07-31T16:10:25Z,31.7,android
E0006208,C00948,refund_request,2026-07-15T04:35:16Z,18.6,desktop
E0006209,C00897,support_ticket,2026-07-04T11:15:45Z,23.1,android
E0006210,C01155,refund_request,2026-07-16T09:22:34Z,15.9,ios
E0006211,C00806,checkout,2026-07-02T15:23:36Z,34.2,ios
E0006212,C00477,refund_request,2026-07-30T22:11:20Z,14.0,android
E0006213,C00147,support_ticket,2026-07-13T09:17:09Z,15.2,android
E0006214,C00155,support_ticket,2026-07-06T16:13:56Z,33.9,desktop
E0006215,C00384,refund_request,2026-07-03T05:07:20Z,14.0,ios
E0006216,C00288,checkout,2026-07-21T18:08:33Z,10.7,ios
E0006217,C00322,add_to_cart,2026-07-07T07:45:53Z,6.6,desktop
E0006218,C00292,add_to_cart,2026-07-19T10:21:02Z,2.3,ios
E0006219,C00628,checkout,2026-07-15T11:51:05Z,26.9,desktop
E0006220,C01143,checkout,2026-07-16T11:40:58Z,17.3,android
E0006221,C01066,page_view,2026-07-02T10:22:18Z,11.0,android
E0006222,C01199,support_ticket,2026-07-31T02:58:36Z,8.0,ios
E0006223,C01071,add_to_cart,2026-07-21T16:13:16Z,38.4,desktop
E0006224,C00485,refund_request,2026-07-23T17:31:52Z,29.9,desktop
E0006225,C01130,refund_request,2026-07-18T02:07:51Z,35.8,ios
E0006226,C00559,add_to_cart,2026-07-10T03:57:24Z,22.2,ios
E0006227,C00408,page_view,2026-07-23T03:43:30Z,26.8,tablet
E0006228,C00443,support_ticket,2026-07-25T17:08:56Z,39.4,android
E0006229,C00407,refund_request,2026-07-04T21:58:36Z,5.9,tablet
E0006230,C00402,page_view,2026-07-30T00:41:33Z,17.0,tablet
E0006231,C00921,checkout,2026-07-13T11:45:39Z,27.7,ios
E0006232,C00741,support_ticket,2026-07-13T08:18:49Z,25.1,android
E0006233,C01150,checkout,2026-07-22T13:17:35Z,30.3,ios
E0006234,C00010,checkout,2026-07-24T20:11:51Z,31.6,android
E0006235,C00016,refund_request,2026-07-15T09:00:07Z,12.0,ios
E0006236,C00476,refund_request,2026-07-14T14:01:01Z,28.8,tablet
E0006237,C00630,refund_request,2026-07-29T10:41:29Z,14.2,tablet
E0006238,C00376,checkout,2026-07-26T03:01:56Z,16.3,tablet
E0006239,C00969,page_view,2026-07-22T15:38:44Z,40.2,ios
E0006240,C00072,checkout,2026-07-05T04:33:07Z,8.2,ios
E0006241,C01034,add_to_cart,2026-07-12T08:41:58Z,13.2,tablet
E0006242,C00896,refund_request,2026-07-26T23:20:14Z,19.6,desktop
E0006243,C00182,support_ticket,2026-07-24T09:01:28Z,5.6,tablet
E0006244,C00993,page_view,2026-07-15T23:47:40Z,24.5,android
E0006245,C01155,support_ticket,2026-07-09T09:54:54Z,5.9,tablet
E0006246,C00338,support_ticket,2026-07-24T20:37:31Z,13.7,tablet
E0006247,C01069,refund_request,2026-07-24T08:24:10Z,33.5,android
E0006248,C00643,checkout,2026-07-16T07:09:38Z,11.5,desktop
E0006249,C00297,add_to_cart,2026-07-29T08:31:27Z,40.5,ios
E0006250,C01043,add_to_cart,2026-07-01T10:05:12Z,11.4,tablet
E0006251,C00395,refund_request,2026-07-02T23:22:09Z,8.4,tablet
E0006252,C00286,page_view,2026-07-05T21:38:02Z,7.9,android
E0006253,C00527,page_view,2026-07-13T02:07:17Z,0.0,android
E0006254,C00152,support_ticket,2026-07-18T14:53:02Z,4.8,ios
E0006255,C00386,add_to_cart,2026-07-11T12:30:40Z,14.2,tablet
E0006256,C01186,refund_request,2026-07-22T12:17:26Z,8.0,ios
E0006257,C01102,add_to_cart,2026-07-07T11:59:09Z,35.0,ios
E0006258,C00535,page_view,2026-07-12T09:58:47Z,24.5,ios
E0006259,C00345,checkout,2026-07-04T23:40:55Z,23.6,ios
E0006260,C00135,checkout,2026-07-05T21:48:42Z,28.1,desktop
E0006261,C01193,page_view,2026-07-15T14:18:29Z,29.4,desktop
E0006262,C00320,add_to_cart,2026-07-07T13:22:41Z,29.2,ios
E0006263,C00943,support_ticket,2026-07-17T22:04:37Z,5.4,desktop
E0006264,C01020,refund_request,2026-07-02T09:44:14Z,22.5,android
E0006265,C00352,page_view,2026-07-20T20:02:59Z,17.1,tablet
E0006266,C00493,page_view,2026-07-04T21:14:57Z,10.7,desktop
E0006267,C00803,page_view,2026-07-09T00:05:33Z,29.7,android
E0006268,C00922,support_ticket,2026-07-30T01:31:26Z,26.7,tablet
E0006269,C00339,checkout,2026-07-08T21:18:11Z,5.2,android
E0006270,C00819,support_ticket,2026-07-21T06:12:22Z,8.9,tablet
E0006271,C00690,checkout,2026-07-02T15:27:32Z,22.9,desktop
E0006272,C00932,add_to_cart,2026-07-31T14:06:42Z,17.6,android
E0006273,C00255,add_to_cart,2026-07-13T14:05:14Z,34.7,tablet
E0006274,C00016,refund_request,2026-07-28T06:37:04Z,25.5,desktop
E0006275,C00542,add_to_cart,2026-07-17T15:23:08Z,31.2,desktop
E0006276,C00590,page_view,2026-07-06T09:39:07Z,5.6,desktop
E0006277,C00112,add_to_cart,2026-07-09T18:31:25Z,29.9,desktop
E0006278,C00107,support_ticket,2026-07-18T13:54:43Z,9.4,ios
E0006279,C01042,refund_request,2026-07-09T15:07:59Z,40.6,android
E0006280,C01193,support_ticket,2026-07-23T03:20:02Z,26.6,ios
E0006281,C00061,checkout,2026-07-29T19:56:16Z,16.7,ios
E0006282,C00065,page_view,2026-07-18T11:58:06Z,17.1,android
E0006283,C00294,refund_request,2026-07-05T22:07:06Z,36.9,tablet
E0006284,C00574,add_to_cart,2026-07-29T11:54:07Z,24.3,android
E0006285,C00706,refund_request,2026-07-30T04:06:46Z,1.7,ios
E0006286,C00212,refund_request,2026-07-30T15:39:20Z,24.2,tablet
E0006287,C00453,support_ticket,2026-07-02T19:36:51Z,1.9,desktop
E0006288,C00323,page_view,2026-07-16T22:00:25Z,27.3,android
E0006289,C00677,add_to_cart,2026-07-03T17:05:16Z,22.9,android
E0006290,C00029,refund_request,2026-07-28T00:18:47Z,4.2,desktop
E0006291,C00642,refund_request,2026-07-22T17:03:18Z,28.6,tablet
E0006292,C00846,page_view,2026-07-28T23:07:57Z,3.6,ios
E0006293,C01180,checkout,2026-07-20T23:43:15Z,19.7,tablet
E0006294,C00381,page_view,2026-07-02T11:25:54Z,14.7,ios
E0006295,C01165,add_to_cart,2026-07-05T23:41:38Z,28.3,ios
E0006296,C00607,checkout,2026-07-17T02:54:57Z,8.1,ios
E0006297,C00913,checkout,2026-07-05T03:18:35Z,39.9,tablet
E0006298,C01024,support_ticket,2026-07-03T03:06:39Z,36.7,ios
E0006299,C00952,refund_request,2026-07-20T04:08:24Z,35.2,tablet
E0006300,C00586,page_view,2026-07-14T10:55:26Z,13.9,tablet
E0006301,C00251,add_to_cart,2026-07-24T22:01:17Z,19.9,tablet
E0006302,C00832,refund_request,2026-07-01T08:35:00Z,0.5,ios
E0006303,C00530,add_to_cart,2026-07-13T19:12:16Z,9.1,android
E0006304,C00576,checkout,2026-07-13T11:09:07Z,35.6,android
E0006305,C01155,add_to_cart,2026-07-03T07:47:23Z,27.9,ios
E0006306,C00117,support_ticket,2026-07-07T16:11:32Z,33.7,android
E0006307,C01160,add_to_cart,2026-07-15T03:43:20Z,8.2,ios
E0006308,C00831,support_ticket,2026-07-04T03:43:10Z,4.3,desktop
E0006309,C01091,page_view,2026-07-08T23:08:34Z,16.0,android
E0006310,C00665,add_to_cart,2026-07-06T10:13:18Z,20.9,desktop
E0006311,C00393,support_ticket,2026-07-23T01:55:39Z,7.7,ios
E0006312,C00796,support_ticket,2026-07-30T00:16:49Z,7.1,android
E0006313,C00946,add_to_cart,2026-07-29T10:21:11Z,35.3,android
E0006314,C00098,refund_request,2026-07-06T22:04:09Z,30.5,android
E0006315,C01018,support_ticket,2026-07-11T11:16:34Z,17.4,ios
E0006316,C00593,support_ticket,2026-07-27T12:54:28Z,32.9,tablet
E0006317,C00077,checkout,2026-07-17T18:35:10Z,13.8,ios
E0006318,C00207,refund_request,2026-07-16T13:25:42Z,18.3,desktop
E0006319,C00418,page_view,2026-07-04T17:28:39Z,33.5,tablet
E0006320,C00639,page_view,2026-07-02T06:47:02Z,36.0,tablet
E0006321,C00902,checkout,2026-07-19T14:36:06Z,19.1,tablet
E0006322,C00615,support_ticket,2026-07-11T13:14:23Z,6.1,tablet
E0006323,C00804,add_to_cart,2026-07-26T22:12:11Z,12.1,desktop
E0006324,C00279,refund_request,2026-07-13T21:22:10Z,19.8,desktop
E0006325,C00987,refund_request,2026-07-03T06:37:58Z,31.6,tablet
E0006326,C01162,page_view,2026-07-06T15:22:42Z,19.5,ios
E0006327,C00376,refund_request,2026-07-07T09:04:06Z,7.0,desktop
E0006328,C01040,page_view,2026-07-27T23:38:26Z,34.8,ios
E0006329,C00358,support_ticket,2026-07-02T22:11:34Z,28.3,android
E0006330,C00338,page_view,2026-07-11T11:56:34Z,4.4,android
E0006331,C00027,refund_request,2026-07-29T11:04:00Z,12.0,ios
E0006332,C00327,refund_request,2026-07-22T06:14:28Z,40.5,tablet
E0006333,C01093,refund_request,2026-07-08T05:22:31Z,29.2,desktop
E0006334,C00796,add_to_cart,2026-07-04T22:13:53Z,5.9,desktop
E0006335,C00254,page_view,2026-07-25T19:34:16Z,18.8,desktop
E0006336,C00044,page_view,2026-07-27T07:37:39Z,5.1,android
E0006337,C00807,checkout,2026-07-30T14:40:10Z,23.3,desktop
E0006338,C00593,support_ticket,2026-07-21T03:51:37Z,5.1,android
E0006339,C01157,support_ticket,2026-07-13T08:50:43Z,12.8,ios
E0006340,C00321,refund_request,2026-07-12T17:46:47Z,33.6,desktop
E0006341,C00192,refund_request,2026-07-03T01:42:38Z,39.8,tablet
E0006342,C00065,add_to_cart,2026-07-06T09:35:04Z,14.7,desktop
E0006343,C00597,checkout,2026-07-07T08:47:01Z,24.1,tablet
E0006344,C00109,refund_request,2026-07-22T10:48:53Z,14.1,ios
E0006345,C00331,refund_request,2026-07-30T18:07:29Z,37.0,android
E0006346,C00457,refund_request,2026-07-29T13:01:55Z,8.4,tablet
E0006347,C00110,refund_request,2026-07-09T18:54:37Z,0.3,tablet
E0006348,C00098,support_ticket,2026-07-29T01:10:37Z,39.5,tablet
E0006349,C00708,page_view,2026-07-31T00:13:06Z,2.7,ios
E0006350,C00237,support_ticket,2026-07-04T16:07:49Z,39.3,ios
E0006351,C00132,add_to_cart,2026-07-03T17:56:03Z,21.0,tablet
E0006352,C00042,add_to_cart,2026-07-08T03:25:41Z,12.3,ios
E0006353,C01074,page_view,2026-07-26T20:29:01Z,8.8,android
E0006354,C00739,add_to_cart,2026-07-28T00:20:00Z,39.4,ios
E0006355,C00207,support_ticket,2026-07-23T15:14:43Z,39.7,tablet
E0006356,C01109,page_view,2026-07-25T23:08:59Z,21.7,tablet
E0006357,C00425,add_to_cart,2026-07-08T11:14:47Z,6.7,desktop
E0006358,C00413,add_to_cart,2026-07-07T04:16:51Z,40.3,android
E0006359,C00189,support_ticket,2026-07-13T17:31:04Z,35.0,android
E0006360,C00628,add_to_cart,2026-07-01T14:46:44Z,6.1,ios
E0006361,C00708,page_view,2026-07-08T21:30:35Z,36.6,ios
E0006362,C00909,refund_request,2026-07-01T02:12:30Z,32.0,desktop
E0006363,C00011,support_ticket,2026-07-12T06:21:12Z,21.5,desktop
E0006364,C00799,page_view,2026-07-09T22:00:14Z,24.4,ios
E0006365,C00860,add_to_cart,2026-07-17T02:40:18Z,36.5,tablet
E0006366,C00267,support_ticket,2026-07-14T00:07:19Z,25.3,ios
E0006367,C00126,page_view,2026-07-27T10:57:10Z,37.1,android
E0006368,C00411,refund_request,2026-07-08T05:40:22Z,39.1,desktop
E0006369,C00320,support_ticket,2026-07-14T13:55:50Z,40.3,ios
E0006370,C00658,add_to_cart,2026-07-03T10:46:09Z,40.7,tablet
E0006371,C01031,add_to_cart,2026-07-26T02:54:52Z,28.8,android
E0006372,C00496,refund_request,2026-07-02T20:59:23Z,19.8,desktop
E0006373,C01119,refund_request,2026-07-21T21:40:46Z,1.1,tablet
E0006374,C00966,refund_request,2026-07-01T10:08:32Z,39.6,desktop
E0006375,C00691,add_to_cart,2026-07-02T17:49:07Z,18.9,desktop
E0006376,C00034,support_ticket,2026-07-15T20:37:46Z,11.6,android
E0006377,C00489,page_view,2026-07-02T18:41:21Z,41.3,desktop
E0006378,C00095,refund_request,2026-07-06T11:38:21Z,34.1,desktop
E0006379,C00176,support_ticket,2026-07-14T08:49:35Z,39.1,android
E0006380,C00955,checkout,2026-07-31T04:21:29Z,23.2,tablet
E0006381,C00058,checkout,2026-07-17T13:17:06Z,40.2,ios
E0006382,C00632,add_to_cart,2026-07-31T05:42:08Z,18.7,desktop
E0006383,C00805,add_to_cart,2026-07-12T01:54:29Z,0.8,desktop
E0006384,C01185,add_to_cart,2026-07-30T13:03:09Z,39.1,desktop
E0006385,C00431,support_ticket,2026-07-10T02:08:10Z,22.4,tablet
E0006386,C00601,add_to_cart,2026-07-05T12:46:19Z,35.3,tablet
E0006387,C01148,page_view,2026-07-11T04:22:14Z,30.1,tablet
E0006388,C00354,page_view,2026-07-03T03:05:07Z,13.9,android
E0006389,C00822,add_to_cart,2026-07-08T19:09:53Z,13.7,desktop
E0006390,C00018,checkout,2026-07-01T05:56:22Z,3.6,android
E0006391,C00316,add_to_cart,2026-07-12T17:32:29Z,38.2,android
E0006392,C00993,page_view,2026-07-25T04:38:30Z,19.6,android
E0006393,C00669,checkout,2026-07-20T09:15:53Z,19.2,android
E0006394,C00989,support_ticket,2026-07-19T18:25:26Z,9.7,android
E0006395,C00302,support_ticket,2026-07-30T06:24:27Z,31.7,tablet
E0006396,C01065,page_view,2026-07-13T22:12:01Z,37.5,desktop
E0006397,C00946,page_view,2026-07-09T21:01:42Z,3.1,desktop
E0006398,C00361,refund_request,2026-07-24T15:49:39Z,14.2,android
E0006399,C01049,add_to_cart,2026-07-30T05:08:28Z,34.8,ios
E0006400,C00111,support_ticket,2026-07-02T02:51:38Z,39.6,desktop
E0006401,C01098,support_ticket,2026-07-21T12:44:35Z,26.8,android
E0006402,C00673,refund_request,2026-07-10T10:22:14Z,22.2,android
E0006403,C00670,support_ticket,2026-07-15T06:38:53Z,36.3,tablet
E0006404,C00188,checkout,2026-07-13T04:13:34Z,36.5,tablet
E0006405,C00741,support_ticket,2026-07-03T02:14:20Z,9.9,tablet
E0006406,C00868,support_ticket,2026-07-18T02:48:39Z,27.9,desktop
E0006407,C00883,checkout,2026-07-11T05:50:59Z,31.1,android
E0006408,C00194,refund_request,2026-07-24T02:41:36Z,27.5,ios
E0006409,C01040,page_view,2026-07-18T23:43:58Z,16.0,tablet
E0006410,C00157,refund_request,2026-07-23T00:06:14Z,11.0,ios
E0006411,C00036,checkout,2026-07-19T13:43:21Z,19.2,tablet
E0006412,C00878,page_view,2026-07-09T19:50:41Z,23.1,android
E0006413,C00698,page_view,2026-07-24T11:23:20Z,41.5,tablet
E0006414,C00046,checkout,2026-07-20T00:07:44Z,4.0,tablet
E0006415,C00382,page_view,2026-07-10T20:43:04Z,40.7,desktop
E0006416,C00901,checkout,2026-07-10T22:12:09Z,13.2,android
E0006417,C00370,page_view,2026-07-03T03:33:19Z,18.8,android
E0006418,C00202,support_ticket,2026-07-18T15:40:21Z,38.6,desktop
E0006419,C00431,page_view,2026-07-24T21:27:28Z,30.8,ios
E0006420,C00474,page_view,2026-07-16T07:17:17Z,24.5,desktop
E0006421,C00001,refund_request,2026-07-22T02:22:18Z,39.4,android
E0006422,C00736,page_view,2026-07-09T01:05:03Z,17.1,ios
E0006423,C00850,page_view,2026-07-11T08:19:05Z,10.6,android
E0006424,C00147,page_view,2026-07-01T11:54:20Z,17.4,android
E0006425,C00451,page_view,2026-07-05T15:37:14Z,19.5,desktop
E0006426,C01104,add_to_cart,2026-07-04T15:51:15Z,31.6,android
E0006427,C00262,support_ticket,2026-07-02T01:44:19Z,9.3,android
E0006428,C00280,checkout,2026-07-03T05:20:43Z,27.6,tablet
E0006429,C01031,refund_request,2026-07-26T05:40:27Z,3.9,android
E0006430,C00752,page_view,2026-07-10T16:32:19Z,19.6,ios
E0006431,C00012,add_to_cart,2026-07-09T11:03:24Z,6.9,tablet
E0006432,C00980,refund_request,2026-07-20T01:29:23Z,35.5,ios
E0006433,C01054,refund_request,2026-07-12T22:44:40Z,23.7,desktop
E0006434,C00340,add_to_cart,2026-07-06T00:12:54Z,22.9,desktop
E0006435,C00424,page_view,2026-07-25T12:00:14Z,17.7,tablet
E0006436,C00039,page_view,2026-07-12T21:13:53Z,15.8,ios
E0006437,C00493,support_ticket,2026-07-12T20:28:47Z,28.1,desktop
E0006438,C00027,page_view,2026-07-19T22:35:56Z,6.3,desktop
E0006439,C00174,checkout,2026-07-19T15:38:27Z,8.2,ios
E0006440,C01148,support_ticket,2026-07-29T20:04:49Z,0.5,ios
E0006441,C00709,add_to_cart,2026-07-10T10:42:38Z,35.9,tablet
E0006442,C00196,support_ticket,2026-07-29T20:38:42Z,7.6,ios
E0006443,C00087,refund_request,2026-07-22T15:01:29Z,31.5,android
E0006444,C01081,page_view,2026-07-29T14:30:00Z,34.5,android
E0006445,C00611,refund_request,2026-07-07T16:59:41Z,20.8,tablet
E0006446,C00287,add_to_cart,2026-07-24T16:10:01Z,20.7,tablet
E0006447,C00330,add_to_cart,2026-07-03T01:31:12Z,21.1,android
E0006448,C00074,add_to_cart,2026-07-06T16:43:09Z,11.4,desktop
E0006449,C00282,checkout,2026-07-02T22:23:25Z,22.4,tablet
E0006450,C00540,checkout,2026-07-28T22:02:58Z,4.0,tablet
E0006451,C00868,add_to_cart,2026-07-07T04:20:34Z,19.7,ios
E0006452,C00244,add_to_cart,2026-07-05T11:39:08Z,9.3,desktop
E0006453,C00210,page_view,2026-07-16T09:14:25Z,41.1,ios
E0006454,C00138,add_to_cart,2026-07-22T08:17:35Z,3.2,android
E0006455,C00713,support_ticket,2026-07-26T17:12:15Z,10.9,desktop
E0006456,C00440,refund_request,2026-07-26T07:05:01Z,8.0,desktop
E0006457,C00952,page_view,2026-07-14T09:20:51Z,0.7,ios
E0006458,C00772,refund_request,2026-07-25T20:32:04Z,8.3,tablet
E0006459,C00321,refund_request,2026-07-16T03:16:38Z,36.4,desktop
E0006460,C00984,support_ticket,2026-07-12T09:15:31Z,0.4,ios
E0006461,C00576,page_view,2026-07-13T10:20:42Z,36.5,desktop
E0006462,C00162,refund_request,2026-07-05T06:19:42Z,10.7,android
E0006463,C01012,page_view,2026-07-24T06:44:33Z,16.1,ios
E0006464,C00462,support_ticket,2026-07-05T05:12:35Z,27.7,tablet
E0006465,C00440,page_view,2026-07-25T00:37:22Z,12.7,ios
E0006466,C00323,add_to_cart,2026-07-12T17:22:54Z,3.6,android
E0006467,C00499,checkout,2026-07-09T05:29:23Z,5.3,android
E0006468,C00993,support_ticket,2026-07-10T10:39:52Z,25.6,desktop
E0006469,C00979,checkout,2026-07-10T18:37:51Z,31.3,desktop
E0006470,C00648,refund_request,2026-07-02T21:24:46Z,2.2,tablet
E0006471,C01183,page_view,2026-07-31T15:47:26Z,5.8,desktop
E0006472,C00526,add_to_cart,2026-07-16T11:50:06Z,37.9,tablet
E0006473,C00738,page_view,2026-07-05T22:37:07Z,17.3,desktop
E0006474,C01036,checkout,2026-07-03T05:57:57Z,9.1,tablet
E0006475,C00911,refund_request,2026-07-27T16:24:27Z,17.7,android
E0006476,C00502,add_to_cart,2026-07-13T10:15:18Z,26.0,ios
E0006477,C00507,page_view,2026-07-21T10:47:06Z,23.2,ios
E0006478,C00835,add_to_cart,2026-07-07T00:48:20Z,12.4,tablet
E0006479,C00453,page_view,2026-07-31T14:26:02Z,32.0,tablet
E0006480,C00558,checkout,2026-07-01T21:40:29Z,1.4,android
E0006481,C00934,support_ticket,2026-07-17T00:33:30Z,18.5,tablet
E0006482,C00822,add_to_cart,2026-07-09T21:50:13Z,22.3,ios
E0006483,C00666,refund_request,2026-07-15T21:42:09Z,22.4,ios
E0006484,C00185,checkout,2026-07-02T19:21:19Z,40.5,tablet
E0006485,C01166,checkout,2026-07-01T08:07:55Z,26.0,android
E0006486,C00991,support_ticket,2026-07-03T18:24:26Z,22.0,tablet
E0006487,C01105,checkout,2026-07-07T06:03:58Z,18.5,desktop
E0006488,C01099,refund_request,2026-07-30T05:18:47Z,11.9,tablet
E0006489,C00961,checkout,2026-07-15T20:15:33Z,1.0,ios
E0006490,C00753,refund_request,2026-07-04T10:50:21Z,20.5,tablet
E0006491,C00124,add_to_cart,2026-07-07T09:13:14Z,22.3,ios
E0006492,C00099,support_ticket,2026-07-14T22:21:28Z,21.5,tablet
E0006493,C01124,checkout,2026-07-27T03:09:31Z,13.0,desktop
E0006494,C00493,add_to_cart,2026-07-18T11:46:31Z,7.2,android
E0006495,C00650,add_to_cart,2026-07-07T21:18:07Z,10.1,ios
E0006496,C00021,page_view,2026-07-22T02:28:59Z,16.5,desktop
E0006497,C01069,checkout,2026-07-11T08:10:47Z,26.1,tablet
E0006498,C00347,refund_request,2026-07-14T12:04:43Z,14.8,ios
E0006499,C00202,checkout,2026-07-31T06:45:34Z,3.3,desktop
E0006500,C00437,checkout,2026-07-05T14:09:08Z,34.7,tablet
E0006501,C00691,page_view,2026-07-30T16:10:09Z,19.2,ios
E0006502,C01092,page_view,2026-07-14T13:34:14Z,18.3,android
E0006503,C00159,page_view,2026-07-03T01:17:41Z,37.7,tablet
E0006504,C00718,add_to_cart,2026-07-18T16:56:41Z,35.9,desktop
E0006505,C00004,checkout,2026-07-08T00:51:30Z,37.3,desktop
E0006506,C00241,refund_request,2026-07-16T22:48:19Z,24.4,ios
E0006507,C00943,add_to_cart,2026-07-14T03:24:36Z,17.4,desktop
E0006508,C00983,page_view,2026-07-02T09:16:45Z,2.7,tablet
E0006509,C00247,refund_request,2026-07-25T16:35:17Z,42.0,tablet
E0006510,C00659,refund_request,2026-07-19T04:26:34Z,0.5,android
E0006511,C01133,add_to_cart,2026-07-24T06:17:51Z,24.0,tablet
E0006512,C01173,add_to_cart,2026-07-27T07:49:39Z,32.4,ios
E0006513,C00564,checkout,2026-07-28T07:25:08Z,24.3,ios
E0006514,C01101,refund_request,2026-07-19T05:13:13Z,34.5,tablet
E0006515,C00971,checkout,2026-07-07T19:12:25Z,13.8,ios
E0006516,C01100,page_view,2026-07-29T20:06:40Z,26.7,android
E0006517,C00817,add_to_cart,2026-07-25T10:56:20Z,15.0,tablet
E0006518,C00422,page_view,2026-07-13T18:41:34Z,27.2,ios
E0006519,C00150,refund_request,2026-07-14T10:48:27Z,6.1,tablet
E0006520,C00912,support_ticket,2026-07-02T10:43:55Z,34.6,ios
E0006521,C00527,add_to_cart,2026-07-08T15:38:43Z,15.4,android
E0006522,C00254,page_view,2026-07-30T22:39:30Z,32.5,android
E0006523,C00461,refund_request,2026-07-25T09:08:35Z,5.9,tablet
E0006524,C00121,add_to_cart,2026-07-12T12:34:39Z,37.8,desktop
E0006525,C00751,checkout,2026-07-15T22:25:31Z,17.8,ios
E0006526,C00502,refund_request,2026-07-20T10:47:32Z,6.4,ios
E0006527,C00914,add_to_cart,2026-07-16T06:44:39Z,20.6,ios
E0006528,C00524,checkout,2026-07-26T13:17:31Z,16.4,tablet
E0006529,C00943,page_view,2026-07-21T05:46:41Z,27.0,desktop
E0006530,C00283,support_ticket,2026-07-19T13:11:00Z,39.2,desktop
E0006531,C00526,add_to_cart,2026-07-16T15:21:22Z,22.3,android
E0006532,C00610,checkout,2026-07-13T17:51:59Z,41.4,tablet
E0006533,C00477,support_ticket,2026-07-16T15:39:03Z,40.6,desktop
E0006534,C00399,checkout,2026-07-03T04:44:07Z,34.5,desktop
E0006535,C00375,support_ticket,2026-07-22T22:39:22Z,18.2,desktop
E0006536,C00976,refund_request,2026-07-24T18:33:59Z,23.6,ios
E0006537,C00862,refund_request,2026-07-10T23:08:36Z,18.8,ios
E0006538,C00870,support_ticket,2026-07-04T23:31:01Z,37.9,tablet
E0006539,C00861,add_to_cart,2026-07-27T00:01:03Z,36.8,ios
E0006540,C00539,refund_request,2026-07-18T22:13:31Z,13.5,tablet
E0006541,C00210,page_view,2026-07-14T16:49:56Z,23.4,desktop
E0006542,C00502,refund_request,2026-07-10T15:40:02Z,18.2,desktop
E0006543,C01119,add_to_cart,2026-07-06T06:35:08Z,31.4,ios
E0006544,C01100,checkout,2026-07-17T05:05:40Z,28.9,ios
E0006545,C00323,refund_request,2026-07-08T00:27:56Z,32.8,ios
E0006546,C00799,add_to_cart,2026-07-24T06:25:51Z,20.6,desktop
E0006547,C00650,support_ticket,2026-07-20T00:49:44Z,22.2,ios
E0006548,C00064,support_ticket,2026-07-13T18:19:05Z,31.2,android
E0006549,C00947,refund_request,2026-07-18T15:42:25Z,0.8,desktop
E0006550,C00232,refund_request,2026-07-04T11:46:34Z,20.6,ios
E0006551,C01006,support_ticket,2026-07-31T07:58:28Z,18.8,ios
E0006552,C00900,checkout,2026-07-21T19:57:14Z,39.6,desktop
E0006553,C00866,add_to_cart,2026-07-17T10:18:13Z,36.7,desktop
E0006554,C00709,page_view,2026-07-21T18:06:48Z,33.1,android
E0006555,C00419,refund_request,2026-07-15T06:49:17Z,34.1,tablet
E0006556,C00202,page_view,2026-07-10T21:48:47Z,10.4,android
E0006557,C00437,checkout,2026-07-03T01:04:35Z,19.5,tablet
E0006558,C00320,support_ticket,2026-07-25T00:17:39Z,41.4,android
E0006559,C00089,add_to_cart,2026-07-27T20:51:20Z,40.3,tablet
E0006560,C00416,checkout,2026-07-30T16:50:29Z,8.6,ios
E0006561,C01032,support_ticket,2026-07-22T07:24:38Z,0.9,desktop
E0006562,C00740,support_ticket,2026-07-10T04:48:12Z,4.8,android
E0006563,C00266,add_to_cart,2026-07-10T07:47:32Z,30.1,tablet
E0006564,C00953,checkout,2026-07-09T14:03:37Z,12.7,android
E0006565,C00865,page_view,2026-07-09T18:38:49Z,40.1,android
E0006566,C01038,support_ticket,2026-07-02T14:47:28Z,31.0,ios
E0006567,C01098,checkout,2026-07-18T22:03:53Z,35.6,desktop
E0006568,C00350,page_view,2026-07-13T20:48:58Z,15.7,tablet
E0006569,C00480,page_view,2026-07-25T07:11:33Z,16.4,ios
E0006570,C01103,refund_request,2026-07-22T19:43:28Z,36.5,tablet
E0006571,C01078,add_to_cart,2026-07-07T13:10:42Z,13.1,desktop
E0006572,C00932,refund_request,2026-07-24T05:53:14Z,9.3,ios
E0006573,C01106,checkout,2026-07-18T07:27:29Z,7.9,ios
E0006574,C00108,page_view,2026-07-09T23:49:48Z,13.7,android
E0006575,C00788,checkout,2026-07-21T10:24:18Z,19.8,ios
E0006576,C01043,add_to_cart,2026-07-17T12:58:41Z,39.7,tablet
E0006577,C00322,support_ticket,2026-07-02T19:54:43Z,0.1,android
E0006578,C00264,page_view,2026-07-18T01:08:30Z,1.4,tablet
E0006579,C00723,checkout,2026-07-25T00:42:44Z,3.4,android
E0006580,C00213,checkout,2026-07-19T04:30:58Z,20.2,android
E0006581,C00231,add_to_cart,2026-07-11T23:34:01Z,0.5,tablet
E0006582,C00717,checkout,2026-07-23T09:12:29Z,13.4,ios
E0006583,C00054,checkout,2026-07-24T08:09:11Z,1.7,tablet
E0006584,C00340,refund_request,2026-07-01T13:26:05Z,38.8,tablet
E0006585,C00274,add_to_cart,2026-07-30T09:48:16Z,0.2,desktop
E0006586,C00994,add_to_cart,2026-07-07T01:45:42Z,23.9,tablet
E0006587,C01090,page_view,2026-07-15T09:28:44Z,0.4,android
E0006588,C00264,page_view,2026-07-27T22:58:05Z,11.3,tablet
E0006589,C00677,add_to_cart,2026-07-18T11:38:00Z,22.5,android
E0006590,C01083,support_ticket,2026-07-16T23:53:59Z,25.2,ios
E0006591,C00744,checkout,2026-07-04T04:28:09Z,8.2,ios
E0006592,C00075,support_ticket,2026-07-20T23:34:07Z,27.9,ios
E0006593,C00767,page_view,2026-07-14T12:43:45Z,31.6,desktop
E0006594,C00698,support_ticket,2026-07-29T02:34:43Z,34.5,android
E0006595,C00467,page_view,2026-07-28T10:49:25Z,37.5,ios
E0006596,C00615,page_view,2026-07-14T04:59:01Z,37.6,desktop
E0006597,C00916,add_to_cart,2026-07-18T03:03:02Z,20.1,android
E0006598,C00257,refund_request,2026-07-31T11:39:25Z,14.5,ios
E0006599,C00292,add_to_cart,2026-07-04T18:20:22Z,35.6,desktop
E0006600,C01047,refund_request,2026-07-25T01:50:38Z,19.0,ios
E0006601,C00592,refund_request,2026-07-11T15:56:20Z,37.3,desktop
E0006602,C00916,support_ticket,2026-07-14T05:56:43Z,40.7,ios
E0006603,C00627,page_view,2026-07-22T20:41:28Z,24.6,desktop
E0006604,C00366,page_view,2026-07-15T20:33:22Z,26.3,tablet
E0006605,C01109,checkout,2026-07-09T23:53:08Z,17.7,ios
E0006606,C00416,add_to_cart,2026-07-27T18:29:05Z,14.7,android
E0006607,C00228,checkout,2026-07-31T23:33:36Z,26.8,desktop
E0006608,C00398,support_ticket,2026-07-06T21:22:31Z,18.9,desktop
E0006609,C00610,support_ticket,2026-07-24T07:31:30Z,15.7,ios
E0006610,C00332,support_ticket,2026-07-09T00:59:16Z,31.2,android
E0006611,C00594,checkout,2026-07-14T12:56:41Z,7.7,android
E0006612,C01053,support_ticket,2026-07-29T06:43:00Z,30.8,android
E0006613,C00365,refund_request,2026-07-01T12:19:34Z,20.5,tablet
E0006614,C01095,checkout,2026-07-08T17:13:33Z,10.5,desktop
E0006615,C00142,checkout,2026-07-02T03:39:10Z,0.4,tablet
E0006616,C00716,support_ticket,2026-07-27T07:36:52Z,30.0,android
E0006617,C00958,add_to_cart,2026-07-16T08:10:58Z,4.7,ios
E0006618,C00155,page_view,2026-07-24T17:18:27Z,41.2,android
E0006619,C00448,add_to_cart,2026-07-18T11:05:39Z,41.1,desktop
E0006620,C00680,support_ticket,2026-07-06T05:41:35Z,22.3,desktop
E0006621,C01080,checkout,2026-07-08T15:21:47Z,31.9,ios
E0006622,C00911,support_ticket,2026-07-24T04:05:27Z,19.0,android
E0006623,C00072,checkout,2026-07-12T23:32:41Z,32.1,ios
E0006624,C01009,support_ticket,2026-07-29T09:07:04Z,17.5,ios
E0006625,C01188,checkout,2026-07-14T01:10:38Z,36.8,desktop
E0006626,C00425,refund_request,2026-07-22T16:08:23Z,28.6,tablet
E0006627,C00047,page_view,2026-07-05T21:45:01Z,18.5,ios
E0006628,C00025,refund_request,2026-07-25T15:23:44Z,22.9,desktop
E0006629,C01125,page_view,2026-07-08T00:42:51Z,39.4,ios
E0006630,C01055,support_ticket,2026-07-02T08:23:50Z,33.9,desktop
E0006631,C00669,support_ticket,2026-07-04T01:49:15Z,41.5,tablet
E0006632,C00453,add_to_cart,2026-07-15T03:41:57Z,30.4,tablet
E0006633,C00710,refund_request,2026-07-31T05:09:28Z,19.8,android
E0006634,C01197,refund_request,2026-07-29T08:36:01Z,5.7,android
E0006635,C00247,refund_request,2026-07-22T23:03:58Z,42.0,android
E0006636,C01092,add_to_cart,2026-07-19T15:32:52Z,1.0,ios
E0006637,C00867,support_ticket,2026-07-15T20:33:41Z,2.0,tablet
E0006638,C00169,checkout,2026-07-07T14:00:34Z,38.0,android
E0006639,C00147,page_view,2026-07-01T00:17:43Z,10.9,tablet
E0006640,C00088,refund_request,2026-07-01T23:08:18Z,31.9,tablet
E0006641,C00045,support_ticket,2026-07-23T06:18:13Z,8.9,tablet
E0006642,C00983,checkout,2026-07-06T07:01:42Z,29.3,android
E0006643,C00194,checkout,2026-07-12T01:08:07Z,38.8,tablet
E0006644,C00082,support_ticket,2026-07-06T03:22:29Z,15.0,android
E0006645,C00514,add_to_cart,2026-07-11T11:29:19Z,34.5,android
E0006646,C01076,checkout,2026-07-27T05:00:34Z,39.1,android
E0006647,C00941,checkout,2026-07-31T05:02:08Z,38.9,tablet
E0006648,C00719,checkout,2026-07-18T12:28:19Z,15.7,desktop
E0006649,C01043,support_ticket,2026-07-13T14:30:32Z,26.9,tablet
E0006650,C01171,page_view,2026-07-26T10:06:14Z,10.8,tablet
E0006651,C00124,support_ticket,2026-07-11T23:40:28Z,9.2,ios
E0006652,C00029,add_to_cart,2026-07-17T20:24:06Z,0.6,tablet
E0006653,C00454,add_to_cart,2026-07-07T20:56:18Z,19.5,desktop
E0006654,C00700,page_view,2026-07-06T13:02:19Z,37.1,tablet
E0006655,C01130,refund_request,2026-07-16T22:29:06Z,1.2,ios
E0006656,C00420,add_to_cart,2026-07-22T04:05:14Z,7.3,android
E0006657,C01181,checkout,2026-07-09T10:55:20Z,39.7,desktop
E0006658,C00754,page_view,2026-07-19T01:24:03Z,24.9,ios
E0006659,C00508,add_to_cart,2026-07-31T17:40:47Z,32.3,ios
E0006660,C00056,support_ticket,2026-07-28T01:43:10Z,11.0,ios
E0006661,C00315,page_view,2026-07-29T21:47:25Z,1.8,ios
E0006662,C00640,refund_request,2026-07-09T04:19:14Z,35.1,desktop
E0006663,C01071,support_ticket,2026-07-10T10:18:19Z,31.4,desktop
E0006664,C00337,support_ticket,2026-07-19T13:12:09Z,16.7,ios
E0006665,C00056,refund_request,2026-07-28T00:26:48Z,0.6,tablet
E0006666,C00311,checkout,2026-07-15T00:44:50Z,21.2,ios
E0006667,C00477,refund_request,2026-07-01T02:48:01Z,25.6,tablet
E0006668,C01191,refund_request,2026-07-05T09:44:24Z,37.3,desktop
E0006669,C00185,checkout,2026-07-25T00:17:25Z,11.8,ios
E0006670,C00029,refund_request,2026-07-19T09:38:34Z,6.1,desktop
E0006671,C00305,checkout,2026-07-05T13:02:15Z,15.0,ios
E0006672,C00534,refund_request,2026-07-01T22:27:23Z,41.4,desktop
E0006673,C00760,refund_request,2026-07-29T09:52:55Z,5.7,ios
E0006674,C01174,add_to_cart,2026-07-28T08:06:12Z,25.5,android
E0006675,C00408,support_ticket,2026-07-16T19:46:20Z,10.0,android
E0006676,C00359,page_view,2026-07-02T22:36:00Z,4.8,desktop
E0006677,C01093,support_ticket,2026-07-22T08:33:37Z,29.8,ios
E0006678,C00328,add_to_cart,2026-07-11T23:35:58Z,33.4,tablet
E0006679,C00844,support_ticket,2026-07-09T12:43:19Z,5.2,ios
E0006680,C00647,refund_request,2026-07-06T06:21:59Z,8.4,desktop
E0006681,C00265,refund_request,2026-07-14T17:12:53Z,3.7,android
E0006682,C01072,support_ticket,2026-07-23T09:11:04Z,15.3,android
E0006683,C00385,refund_request,2026-07-31T10:06:12Z,7.2,android
E0006684,C00530,support_ticket,2026-07-06T14:14:17Z,37.2,desktop
E0006685,C00763,refund_request,2026-07-08T07:38:52Z,7.0,tablet
E0006686,C00131,checkout,2026-07-30T18:13:52Z,21.8,ios
E0006687,C00774,add_to_cart,2026-07-12T16:52:32Z,27.6,tablet
E0006688,C00252,page_view,2026-07-28T13:49:07Z,12.1,android
E0006689,C00967,support_ticket,2026-07-24T07:22:21Z,6.1,android
E0006690,C00481,add_to_cart,2026-07-13T11:05:23Z,0.7,desktop
E0006691,C00581,checkout,2026-07-06T23:27:10Z,18.4,android
E0006692,C00544,checkout,2026-07-23T11:17:39Z,9.6,desktop
E0006693,C00577,page_view,2026-07-25T16:55:48Z,18.9,tablet
E0006694,C00051,support_ticket,2026-07-07T00:34:30Z,33.9,desktop
E0006695,C00300,support_ticket,2026-07-12T13:48:23Z,30.5,ios
E0006696,C00145,page_view,2026-07-16T11:47:01Z,2.8,desktop
E0006697,C00523,refund_request,2026-07-27T12:18:39Z,0.9,desktop
E0006698,C00725,add_to_cart,2026-07-31T22:59:53Z,1.7,android
E0006699,C01159,add_to_cart,2026-07-07T20:59:00Z,10.4,desktop
E0006700,C00143,support_ticket,2026-07-31T05:28:27Z,30.1,ios
E0006701,C00174,support_ticket,2026-07-21T04:51:37Z,19.6,ios
E0006702,C00005,support_ticket,2026-07-04T13:25:31Z,12.1,android
E0006703,C00934,refund_request,2026-07-24T00:35:14Z,1.0,tablet
E0006704,C00153,page_view,2026-07-24T05:42:29Z,29.7,tablet
E0006705,C01097,support_ticket,2026-07-15T04:37:16Z,11.7,desktop
E0006706,C00485,page_view,2026-07-28T12:55:18Z,3.1,desktop
E0006707,C00893,add_to_cart,2026-07-19T11:59:16Z,35.2,ios
E0006708,C00645,add_to_cart,2026-07-07T23:48:25Z,37.7,android
E0006709,C00958,support_ticket,2026-07-11T23:09:22Z,37.2,ios
E0006710,C00927,page_view,2026-07-07T15:01:49Z,40.3,ios
E0006711,C00103,checkout,2026-07-11T11:22:12Z,1.8,android
E0006712,C00858,checkout,2026-07-22T04:11:49Z,4.7,ios
E0006713,C00504,add_to_cart,2026-07-21T04:19:36Z,28.7,android
E0006714,C01163,refund_request,2026-07-30T22:34:08Z,14.0,desktop
E0006715,C00960,page_view,2026-07-27T17:31:58Z,0.6,android
E0006716,C00707,refund_request,2026-07-06T22:03:50Z,27.0,tablet
E0006717,C01197,add_to_cart,2026-07-18T08:53:19Z,31.4,ios
E0006718,C01096,page_view,2026-07-22T20:42:21Z,7.3,desktop
E0006719,C00427,checkout,2026-07-15T17:48:36Z,39.5,ios
E0006720,C00357,refund_request,2026-07-25T12:06:48Z,41.6,android
E0006721,C00812,support_ticket,2026-07-16T01:43:46Z,28.1,ios
E0006722,C00671,add_to_cart,2026-07-15T16:48:34Z,1.1,tablet
E0006723,C00821,support_ticket,2026-07-01T01:39:23Z,3.1,desktop
E0006724,C00469,support_ticket,2026-07-04T00:19:13Z,24.5,tablet
E0006725,C00434,checkout,2026-07-28T19:32:59Z,26.8,ios
E0006726,C01151,support_ticket,2026-07-09T01:11:47Z,22.2,ios
E0006727,C00745,add_to_cart,2026-07-28T07:50:16Z,12.9,android
E0006728,C00086,checkout,2026-07-09T23:39:35Z,35.1,android
E0006729,C00233,page_view,2026-07-20T21:38:40Z,18.0,ios
E0006730,C00262,checkout,2026-07-13T08:03:24Z,10.2,tablet
E0006731,C00721,add_to_cart,2026-07-24T14:32:07Z,8.6,tablet
E0006732,C01098,refund_request,2026-07-21T06:09:29Z,13.5,desktop
E0006733,C00572,support_ticket,2026-07-29T18:34:47Z,22.5,desktop
E0006734,C00449,page_view,2026-07-16T11:58:40Z,33.3,android
E0006735,C00947,page_view,2026-07-20T17:23:08Z,33.9,android
E0006736,C00731,refund_request,2026-07-04T13:51:01Z,9.3,android
E0006737,C00916,page_view,2026-07-25T10:10:42Z,24.6,tablet
E0006738,C01131,refund_request,2026-07-06T11:16:52Z,33.7,desktop
E0006739,C00431,support_ticket,2026-07-23T03:16:16Z,26.6,tablet
E0006740,C00224,refund_request,2026-07-30T01:05:06Z,36.4,ios
E0006741,C00115,page_view,2026-07-06T10:52:01Z,15.1,android
E0006742,C00433,support_ticket,2026-07-09T18:21:40Z,5.5,android
E0006743,C00794,page_view,2026-07-18T00:01:43Z,32.2,tablet
E0006744,C00008,refund_request,2026-07-26T16:44:41Z,36.5,android
E0006745,C00379,add_to_cart,2026-07-16T06:20:36Z,36.8,ios
E0006746,C00714,page_view,2026-07-19T02:40:01Z,6.4,android
E0006747,C01195,support_ticket,2026-07-26T15:05:12Z,40.1,ios
E0006748,C00996,refund_request,2026-07-25T21:02:13Z,7.2,desktop
E0006749,C01138,page_view,2026-07-15T17:27:00Z,7.3,ios
E0006750,C00147,add_to_cart,2026-07-22T11:36:36Z,2.3,android
E0006751,C00231,support_ticket,2026-07-24T11:35:33Z,30.7,desktop
E0006752,C00085,page_view,2026-07-04T05:26:07Z,18.2,desktop
E0006753,C00663,add_to_cart,2026-07-29T12:33:25Z,16.9,ios
E0006754,C00782,page_view,2026-07-31T01:09:52Z,8.0,android
E0006755,C00679,add_to_cart,2026-07-01T11:05:19Z,1.0,android
E0006756,C01031,checkout,2026-07-31T04:48:58Z,26.6,android
E0006757,C00658,support_ticket,2026-07-09T00:52:57Z,20.3,ios
E0006758,C00952,support_ticket,2026-07-27T01:12:47Z,29.0,desktop
E0006759,C01090,checkout,2026-07-01T03:56:44Z,7.0,tablet
E0006760,C00444,support_ticket,2026-07-25T06:08:38Z,32.6,desktop
E0006761,C00696,refund_request,2026-07-20T13:26:49Z,29.6,desktop
E0006762,C00305,checkout,2026-07-05T20:46:36Z,12.3,desktop
E0006763,C00417,checkout,2026-07-06T20:47:40Z,18.2,android
E0006764,C01098,support_ticket,2026-07-07T16:33:03Z,41.5,android
E0006765,C00257,checkout,2026-07-11T21:12:37Z,2.0,desktop
E0006766,C00707,refund_request,2026-07-12T07:41:20Z,14.0,android
E0006767,C00205,checkout,2026-07-12T22:07:42Z,8.0,desktop
E0006768,C00825,support_ticket,2026-07-31T15:30:08Z,34.4,desktop
E0006769,C00656,page_view,2026-07-03T00:54:06Z,21.5,ios
E0006770,C00721,refund_request,2026-07-29T19:43:19Z,24.5,tablet
E0006771,C00579,support_ticket,2026-07-12T16:45:58Z,25.2,desktop
E0006772,C00502,page_view,2026-07-14T22:23:55Z,16.7,android
E0006773,C00264,checkout,2026-07-24T18:16:11Z,9.9,android
E0006774,C00638,add_to_cart,2026-07-10T12:36:21Z,3.3,tablet
E0006775,C01002,page_view,2026-07-20T13:15:19Z,37.2,android
E0006776,C01050,refund_request,2026-07-27T13:51:52Z,19.7,ios
E0006777,C00224,page_view,2026-07-13T20:22:03Z,17.1,tablet
E0006778,C00316,support_ticket,2026-07-17T22:06:01Z,38.4,tablet
E0006779,C00029,support_ticket,2026-07-06T04:25:50Z,39.4,desktop
E0006780,C00736,refund_request,2026-07-26T13:21:00Z,14.9,ios
E0006781,C00414,checkout,2026-07-03T19:08:26Z,6.6,ios
E0006782,C00154,support_ticket,2026-07-22T15:36:35Z,22.2,desktop
E0006783,C00801,page_view,2026-07-19T21:39:14Z,17.9,ios
E0006784,C00026,add_to_cart,2026-07-05T10:05:59Z,38.1,desktop
E0006785,C01164,support_ticket,2026-07-16T07:00:12Z,31.1,android
E0006786,C00551,add_to_cart,2026-07-21T09:03:02Z,14.7,tablet
E0006787,C01156,support_ticket,2026-07-01T13:22:18Z,31.9,ios
E0006788,C00344,checkout,2026-07-09T20:34:01Z,38.1,tablet
E0006789,C00443,page_view,2026-07-15T09:12:49Z,36.3,android
E0006790,C01127,checkout,2026-07-24T11:44:36Z,37.9,android
E0006791,C00286,checkout,2026-07-09T11:27:19Z,20.6,tablet
E0006792,C01034,support_ticket,2026-07-19T23:50:52Z,9.5,android
E0006793,C00328,page_view,2026-07-18T04:41:46Z,11.3,desktop
E0006794,C00484,page_view,2026-07-24T22:22:55Z,18.7,ios
E0006795,C00480,checkout,2026-07-11T17:17:51Z,27.4,tablet
E0006796,C00625,add_to_cart,2026-07-15T23:51:48Z,4.6,ios
E0006797,C01106,page_view,2026-07-10T15:39:33Z,12.5,tablet
E0006798,C00068,page_view,2026-07-11T15:36:06Z,31.7,desktop
E0006799,C00832,add_to_cart,2026-07-17T02:52:08Z,37.5,android
E0006800,C00221,add_to_cart,2026-07-07T22:27:58Z,24.6,ios
E0006801,C00951,checkout,2026-07-01T07:08:35Z,24.0,android
E0006802,C00759,page_view,2026-07-03T07:30:03Z,35.9,android
E0006803,C00464,refund_request,2026-07-30T05:13:01Z,35.9,ios
E0006804,C00703,page_view,2026-07-14T17:06:32Z,33.1,ios
E0006805,C01103,support_ticket,2026-07-04T10:22:05Z,35.0,ios
E0006806,C00892,refund_request,2026-07-23T02:51:01Z,15.1,tablet
E0006807,C00012,add_to_cart,2026-07-06T11:40:51Z,4.7,ios
E0006808,C00901,checkout,2026-07-12T02:10:56Z,17.8,ios
E0006809,C01116,checkout,2026-07-20T18:43:35Z,12.8,ios
E0006810,C00310,support_ticket,2026-07-19T18:51:28Z,23.0,tablet
E0006811,C00211,refund_request,2026-07-19T19:50:36Z,39.1,ios
E0006812,C00936,support_ticket,2026-07-08T08:18:00Z,27.6,ios
E0006813,C00923,checkout,2026-07-26T08:38:12Z,19.1,ios
E0006814,C00596,checkout,2026-07-22T03:50:08Z,33.8,ios
E0006815,C00280,refund_request,2026-07-30T02:30:28Z,33.1,android
E0006816,C00646,support_ticket,2026-07-18T10:17:30Z,32.2,android
E0006817,C00704,checkout,2026-07-19T17:49:44Z,28.9,tablet
E0006818,C00494,page_view,2026-07-13T23:09:14Z,25.2,ios
E0006819,C00120,refund_request,2026-07-03T19:18:09Z,7.3,ios
E0006820,C00091,support_ticket,2026-07-06T22:40:36Z,14.9,desktop
E0006821,C00731,checkout,2026-07-05T19:43:17Z,41.3,desktop
E0006822,C00566,support_ticket,2026-07-26T22:25:33Z,29.4,tablet
E0006823,C00639,page_view,2026-07-10T01:52:36Z,5.1,tablet
E0006824,C00279,refund_request,2026-07-27T05:12:33Z,15.5,tablet
E0006825,C00339,checkout,2026-07-23T00:36:27Z,19.7,tablet
E0006826,C00560,refund_request,2026-07-03T00:28:11Z,9.5,tablet
E0006827,C00554,checkout,2026-07-23T11:17:51Z,30.1,android
E0006828,C00913,refund_request,2026-07-17T07:28:28Z,21.8,ios
E0006829,C00290,support_ticket,2026-07-21T10:40:44Z,24.7,tablet
E0006830,C00347,page_view,2026-07-27T20:25:47Z,9.7,android
E0006831,C00972,refund_request,2026-07-29T14:22:59Z,13.6,desktop
E0006832,C00231,add_to_cart,2026-07-20T08:13:10Z,28.9,tablet
E0006833,C00224,support_ticket,2026-07-25T09:14:53Z,23.9,android
E0006834,C01033,page_view,2026-07-29T06:24:00Z,32.2,android
E0006835,C00795,refund_request,2026-07-15T21:41:02Z,12.7,tablet
E0006836,C00548,checkout,2026-07-26T04:57:32Z,30.4,android
E0006837,C00898,checkout,2026-07-18T11:02:37Z,34.1,android
E0006838,C00688,page_view,2026-07-06T09:12:01Z,39.3,ios
E0006839,C01096,refund_request,2026-07-09T03:58:23Z,7.0,ios
E0006840,C00462,refund_request,2026-07-21T06:11:09Z,21.1,ios
E0006841,C00270,refund_request,2026-07-23T06:24:21Z,16.3,ios
E0006842,C00479,checkout,2026-07-10T20:21:27Z,29.7,android
E0006843,C00125,refund_request,2026-07-18T07:43:36Z,14.2,tablet
E0006844,C01038,checkout,2026-07-10T02:59:08Z,29.5,tablet
E0006845,C01108,page_view,2026-07-10T07:08:28Z,18.1,ios
E0006846,C00496,refund_request,2026-07-26T09:28:30Z,35.8,tablet
E0006847,C00901,add_to_cart,2026-07-21T15:28:16Z,20.6,ios
E0006848,C00225,add_to_cart,2026-07-18T03:26:08Z,14.1,ios
E0006849,C00057,page_view,2026-07-18T23:23:53Z,27.4,android
E0006850,C00988,page_view,2026-07-31T09:49:14Z,8.7,ios
E0006851,C00618,support_ticket,2026-07-22T10:40:01Z,9.1,ios
E0006852,C00912,page_view,2026-07-21T03:21:53Z,0.3,android
E0006853,C00621,add_to_cart,2026-07-07T05:39:48Z,15.6,ios
E0006854,C00907,page_view,2026-07-03T09:29:33Z,31.8,desktop
E0006855,C00127,checkout,2026-07-25T05:54:32Z,20.5,ios
E0006856,C00544,page_view,2026-07-24T04:00:24Z,29.9,ios
E0006857,C00687,checkout,2026-07-09T21:49:06Z,17.4,tablet
E0006858,C01073,checkout,2026-07-19T06:05:12Z,10.3,android
E0006859,C00792,add_to_cart,2026-07-26T17:23:23Z,0.7,tablet
E0006860,C00665,checkout,2026-07-02T23:17:25Z,33.7,android
E0006861,C00865,page_view,2026-07-11T16:11:30Z,6.4,tablet
E0006862,C00859,page_view,2026-07-09T21:05:33Z,31.4,desktop
E0006863,C00393,add_to_cart,2026-07-27T23:09:11Z,16.6,android
E0006864,C00851,add_to_cart,2026-07-02T03:40:40Z,40.2,android
E0006865,C00440,checkout,2026-07-02T11:19:03Z,6.2,desktop
E0006866,C00172,add_to_cart,2026-07-16T23:06:39Z,32.7,desktop
E0006867,C00283,add_to_cart,2026-07-18T18:23:13Z,40.8,desktop
E0006868,C00742,support_ticket,2026-07-11T18:57:31Z,27.6,tablet
E0006869,C00300,support_ticket,2026-07-04T16:35:29Z,20.9,ios
E0006870,C00281,checkout,2026-07-21T08:14:03Z,3.1,tablet
E0006871,C00731,add_to_cart,2026-07-10T02:27:39Z,10.0,tablet
E0006872,C00602,refund_request,2026-07-25T16:36:10Z,31.7,desktop
E0006873,C00474,refund_request,2026-07-30T16:16:30Z,18.9,tablet
E0006874,C00747,support_ticket,2026-07-09T08:00:12Z,1.9,ios
E0006875,C00436,support_ticket,2026-07-28T09:22:04Z,2.2,tablet
E0006876,C00369,support_ticket,2026-07-02T00:32:11Z,5.8,android
E0006877,C00971,support_ticket,2026-07-14T01:47:48Z,7.8,android
E0006878,C00034,page_view,2026-07-01T11:27:02Z,19.2,ios
E0006879,C00994,support_ticket,2026-07-06T03:47:35Z,37.8,desktop
E0006880,C00527,refund_request,2026-07-20T07:39:12Z,38.7,desktop
E0006881,C01035,add_to_cart,2026-07-18T01:01:32Z,29.9,desktop
E0006882,C00398,page_view,2026-07-15T11:17:07Z,5.9,android
E0006883,C00132,support_ticket,2026-07-13T13:53:40Z,26.1,desktop
E0006884,C00439,support_ticket,2026-07-10T20:55:05Z,33.8,desktop
E0006885,C01013,refund_request,2026-07-15T19:33:13Z,16.6,ios
E0006886,C00001,refund_request,2026-07-12T14:51:20Z,20.2,android
E0006887,C01168,add_to_cart,2026-07-14T14:35:27Z,11.8,desktop
E0006888,C00001,refund_request,2026-07-10T09:51:40Z,32.9,tablet
E0006889,C00481,checkout,2026-07-11T23:45:21Z,8.9,desktop
E0006890,C00987,add_to_cart,2026-07-27T23:56:18Z,17.0,desktop
E0006891,C00029,page_view,2026-07-16T13:53:18Z,38.5,tablet
E0006892,C00413,page_view,2026-07-07T09:55:55Z,15.8,ios
E0006893,C00693,support_ticket,2026-07-19T13:20:10Z,38.5,ios
E0006894,C00497,support_ticket,2026-07-11T05:17:58Z,7.8,desktop
E0006895,C00045,support_ticket,2026-07-28T07:44:00Z,7.7,desktop
E0006896,C00841,page_view,2026-07-30T07:37:33Z,28.2,desktop
E0006897,C01192,page_view,2026-07-01T19:06:18Z,27.9,android
E0006898,C00705,support_ticket,2026-07-27T02:23:09Z,26.9,tablet
E0006899,C01097,support_ticket,2026-07-25T07:00:44Z,28.0,desktop
E0006900,C00599,support_ticket,2026-07-04T19:59:37Z,20.8,desktop
E0006901,C00661,checkout,2026-07-21T11:09:16Z,15.9,tablet
E0006902,C01077,refund_request,2026-07-27T03:29:02Z,28.9,tablet
E0006903,C00371,page_view,2026-07-17T14:00:20Z,0.1,tablet
E0006904,C01050,refund_request,2026-07-04T00:22:14Z,1.6,android
E0006905,C00355,page_view,2026-07-15T17:09:20Z,39.5,android
E0006906,C01198,checkout,2026-07-06T23:26:17Z,23.8,android
E0006907,C00518,refund_request,2026-07-13T19:22:45Z,5.0,desktop
E0006908,C01047,checkout,2026-07-11T08:11:02Z,34.5,ios
E0006909,C00810,checkout,2026-07-08T13:10:24Z,14.0,desktop
E0006910,C00287,support_ticket,2026-07-08T07:43:31Z,39.9,android
E0006911,C01035,page_view,2026-07-22T19:12:59Z,21.4,tablet
E0006912,C00939,refund_request,2026-07-28T19:14:45Z,9.3,desktop
E0006913,C00231,refund_request,2026-07-31T07:53:18Z,12.6,tablet
E0006914,C00593,page_view,2026-07-18T07:28:26Z,25.0,android
E0006915,C00064,checkout,2026-07-21T18:53:55Z,35.9,android
E0006916,C00345,add_to_cart,2026-07-21T12:09:23Z,23.7,tablet
E0006917,C00692,support_ticket,2026-07-08T15:34:34Z,2.4,ios
E0006918,C00753,refund_request,2026-07-12T18:44:18Z,1.7,tablet
E0006919,C00969,add_to_cart,2026-07-05T17:49:53Z,40.6,tablet
E0006920,C00560,support_ticket,2026-07-20T02:14:39Z,31.4,tablet
E0006921,C00547,add_to_cart,2026-07-06T04:57:37Z,32.4,ios
E0006922,C00024,support_ticket,2026-07-23T18:35:14Z,17.6,android
E0006923,C01079,support_ticket,2026-07-29T13:37:55Z,29.4,android
E0006924,C00199,checkout,2026-07-21T14:26:14Z,19.3,ios
E0006925,C00035,page_view,2026-07-08T05:43:35Z,23.1,ios
E0006926,C00122,refund_request,2026-07-22T11:45:39Z,16.2,tablet
E0006927,C00166,page_view,2026-07-14T22:37:12Z,21.5,ios
E0006928,C00833,support_ticket,2026-07-25T02:54:14Z,18.5,android
E0006929,C00390,page_view,2026-07-06T05:17:16Z,12.7,ios
E0006930,C00623,checkout,2026-07-27T09:39:19Z,27.2,tablet
E0006931,C00816,page_view,2026-07-01T12:23:13Z,28.6,ios
E0006932,C00774,add_to_cart,2026-07-03T02:01:37Z,31.5,android
E0006933,C01002,refund_request,2026-07-26T16:08:22Z,24.1,desktop
E0006934,C00417,checkout,2026-07-15T00:20:16Z,17.5,desktop
E0006935,C00264,add_to_cart,2026-07-26T22:18:57Z,20.9,ios
E0006936,C00115,page_view,2026-07-06T14:20:10Z,11.8,android
E0006937,C00226,add_to_cart,2026-07-04T22:00:37Z,39.6,tablet
E0006938,C00410,add_to_cart,2026-07-01T01:17:09Z,34.7,ios
E0006939,C00015,add_to_cart,2026-07-26T20:37:39Z,28.2,desktop
E0006940,C00634,checkout,2026-07-16T00:34:21Z,38.6,desktop
E0006941,C01005,refund_request,2026-07-26T11:34:48Z,34.6,android
E0006942,C00413,add_to_cart,2026-07-20T22:46:14Z,39.6,tablet
E0006943,C00516,support_ticket,2026-07-11T09:34:32Z,6.5,ios
E0006944,C00309,add_to_cart,2026-07-16T03:29:58Z,1.5,desktop
E0006945,C00314,checkout,2026-07-27T02:57:19Z,31.0,desktop
E0006946,C00123,add_to_cart,2026-07-07T21:44:12Z,16.6,ios
E0006947,C00707,page_view,2026-07-11T17:31:01Z,9.2,tablet
E0006948,C00867,support_ticket,2026-07-13T21:56:51Z,6.6,tablet
E0006949,C00443,refund_request,2026-07-09T02:24:09Z,19.2,android
E0006950,C01199,support_ticket,2026-07-26T19:00:18Z,12.6,desktop
E0006951,C00422,refund_request,2026-07-02T20:47:06Z,15.7,tablet
E0006952,C00881,page_view,2026-07-08T06:34:14Z,7.5,tablet
E0006953,C00578,support_ticket,2026-07-18T14:08:12Z,11.0,tablet
E0006954,C00713,support_ticket,2026-07-14T03:58:20Z,17.6,android
E0006955,C00232,support_ticket,2026-07-29T13:44:29Z,3.6,android
E0006956,C00919,page_view,2026-07-27T03:58:14Z,0.4,desktop
E0006957,C00183,refund_request,2026-07-26T13:17:50Z,20.8,android
E0006958,C01028,add_to_cart,2026-07-31T08:33:57Z,40.1,tablet
E0006959,C00580,checkout,2026-07-15T04:11:12Z,14.2,android
E0006960,C00423,page_view,2026-07-01T10:56:02Z,39.6,ios
E0006961,C00097,checkout,2026-07-19T01:58:25Z,16.4,tablet
E0006962,C00600,page_view,2026-07-03T20:14:15Z,40.7,tablet
E0006963,C00578,add_to_cart,2026-07-09T23:51:14Z,24.7,desktop
E0006964,C00802,refund_request,2026-07-29T12:08:52Z,18.2,desktop
E0006965,C00939,checkout,2026-07-06T16:02:37Z,9.4,android
E0006966,C00632,add_to_cart,2026-07-20T13:42:29Z,19.8,tablet
E0006967,C00163,refund_request,2026-07-14T22:17:31Z,31.2,ios
E0006968,C00302,support_ticket,2026-07-07T04:50:25Z,40.8,android
E0006969,C01120,page_view,2026-07-28T16:49:32Z,34.6,desktop
E0006970,C00245,checkout,2026-07-08T17:53:12Z,37.8,tablet
E0006971,C00004,checkout,2026-07-07T11:23:18Z,38.8,desktop
E0006972,C00411,checkout,2026-07-14T12:56:07Z,12.1,desktop
E0006973,C01003,checkout,2026-07-02T12:31:03Z,1.5,desktop
E0006974,C01013,page_view,2026-07-25T19:00:02Z,29.2,desktop
E0006975,C00772,page_view,2026-07-26T19:32:18Z,31.2,android
E0006976,C00470,refund_request,2026-07-27T04:18:06Z,24.6,android
E0006977,C00254,page_view,2026-07-22T09:46:32Z,40.8,tablet
E0006978,C00985,page_view,2026-07-25T02:53:50Z,8.2,android
E0006979,C00581,page_view,2026-07-17T23:48:24Z,25.7,ios
E0006980,C01166,support_ticket,2026-07-02T06:44:56Z,3.6,tablet
E0006981,C00838,support_ticket,2026-07-05T07:19:33Z,22.3,tablet
E0006982,C00322,refund_request,2026-07-19T19:35:13Z,19.0,tablet
E0006983,C00732,support_ticket,2026-07-05T07:04:33Z,7.8,tablet
E0006984,C00479,add_to_cart,2026-07-03T18:22:07Z,38.2,android
E0006985,C00308,checkout,2026-07-06T10:23:19Z,41.5,android
E0006986,C00798,refund_request,2026-07-15T13:06:41Z,17.8,desktop
E0006987,C01130,page_view,2026-07-12T15:13:24Z,19.9,ios
E0006988,C00660,add_to_cart,2026-07-17T22:43:52Z,28.4,ios
E0006989,C00571,page_view,2026-07-06T23:34:11Z,16.7,android
E0006990,C01033,refund_request,2026-07-22T19:52:27Z,28.3,tablet
E0006991,C00511,page_view,2026-07-21T21:12:26Z,14.7,android
E0006992,C00579,support_ticket,2026-07-09T05:42:39Z,7.4,ios
E0006993,C00421,checkout,2026-07-05T00:24:16Z,13.3,desktop
E0006994,C00092,refund_request,2026-07-14T08:46:56Z,31.0,tablet
E0006995,C00159,refund_request,2026-07-07T00:32:50Z,39.1,desktop
E0006996,C00403,support_ticket,2026-07-11T15:12:24Z,15.8,ios
E0006997,C00760,page_view,2026-07-27T17:55:33Z,26.6,ios
E0006998,C00503,checkout,2026-07-14T01:21:42Z,5.2,tablet
E0006999,C00132,checkout,2026-07-21T13:32:18Z,12.4,ios
E0007000,C00110,checkout,2026-07-26T18:41:38Z,8.7,android
E0007001,C00059,refund_request,2026-07-07T04:37:12Z,23.3,android
E0007002,C00426,add_to_cart,2026-07-17T10:29:31Z,5.2,ios
E0007003,C00559,checkout,2026-07-03T21:57:11Z,19.6,desktop
E0007004,C01139,checkout,2026-07-07T14:16:37Z,28.5,tablet
E0007005,C00887,page_view,2026-07-30T00:48:02Z,14.8,ios
E0007006,C00871,checkout,2026-07-11T07:06:00Z,26.5,desktop
E0007007,C00629,support_ticket,2026-07-16T00:19:20Z,26.3,tablet
E0007008,C00300,checkout,2026-07-27T15:01:54Z,35.5,desktop
E0007009,C00178,refund_request,2026-07-25T19:46:02Z,31.3,desktop
E0007010,C01050,add_to_cart,2026-07-27T17:49:07Z,20.1,android
E0007011,C00561,support_ticket,2026-07-19T18:12:57Z,33.5,ios
E0007012,C00730,add_to_cart,2026-07-01T06:31:40Z,0.5,ios
E0007013,C00014,refund_request,2026-07-05T00:02:46Z,30.6,desktop
E0007014,C00693,refund_request,2026-07-25T05:57:29Z,7.5,ios
E0007015,C01055,page_view,2026-07-30T10:50:52Z,38.0,android
E0007016,C00494,add_to_cart,2026-07-19T00:18:59Z,4.8,android
E0007017,C01053,checkout,2026-07-10T08:22:34Z,13.9,ios
E0007018,C01044,page_view,2026-07-31T02:15:45Z,18.0,ios
E0007019,C01134,add_to_cart,2026-07-01T09:48:11Z,12.4,desktop
E0007020,C00339,checkout,2026-07-06T17:53:15Z,40.2,desktop
E0007021,C00033,refund_request,2026-07-21T09:11:13Z,32.2,android
E0007022,C00313,add_to_cart,2026-07-01T14:10:10Z,26.1,tablet
E0007023,C00163,checkout,2026-07-24T02:24:16Z,17.1,android
E0007024,C01115,support_ticket,2026-07-01T17:28:08Z,11.9,android
E0007025,C00478,support_ticket,2026-07-21T18:03:15Z,21.0,android
E0007026,C01002,refund_request,2026-07-28T14:14:19Z,21.4,tablet
E0007027,C00013,add_to_cart,2026-07-28T17:07:18Z,1.7,ios
E0007028,C00411,refund_request,2026-07-21T02:09:44Z,28.4,tablet
E0007029,C01024,checkout,2026-07-14T04:48:43Z,26.6,desktop
E0007030,C00256,support_ticket,2026-07-07T07:01:43Z,36.7,desktop
E0007031,C00862,refund_request,2026-07-12T04:50:28Z,31.3,ios
E0007032,C00987,add_to_cart,2026-07-25T18:37:50Z,10.9,android
E0007033,C00520,support_ticket,2026-07-24T10:07:15Z,26.6,android
E0007034,C00682,refund_request,2026-07-09T10:15:50Z,1.2,desktop
E0007035,C00610,add_to_cart,2026-07-17T00:04:28Z,0.6,desktop
E0007036,C00094,support_ticket,2026-07-19T12:40:58Z,20.2,desktop
E0007037,C00313,support_ticket,2026-07-25T15:54:57Z,2.3,tablet
E0007038,C00064,support_ticket,2026-07-02T16:04:40Z,29.0,ios
E0007039,C00200,refund_request,2026-07-30T02:22:16Z,17.1,desktop
E0007040,C00843,refund_request,2026-07-09T11:10:18Z,16.4,desktop
E0007041,C00491,refund_request,2026-07-10T21:41:03Z,15.9,desktop
E0007042,C00835,support_ticket,2026-07-02T10:03:11Z,8.3,android
E0007043,C00011,page_view,2026-07-20T14:40:16Z,28.1,ios
E0007044,C00447,support_ticket,2026-07-11T10:08:58Z,5.6,ios
E0007045,C00290,refund_request,2026-07-22T00:58:23Z,31.5,desktop
E0007046,C00680,support_ticket,2026-07-03T21:38:17Z,6.3,ios
E0007047,C00414,support_ticket,2026-07-15T14:10:48Z,37.1,desktop
E0007048,C00836,page_view,2026-07-30T20:51:47Z,13.5,desktop
E0007049,C01042,checkout,2026-07-03T06:04:25Z,23.0,ios
E0007050,C00927,support_ticket,2026-07-01T08:48:07Z,31.1,desktop
E0007051,C01047,checkout,2026-07-25T23:03:21Z,6.2,desktop
E0007052,C00715,refund_request,2026-07-28T23:42:32Z,41.7,desktop
E0007053,C00812,support_ticket,2026-07-10T03:23:28Z,37.8,ios
E0007054,C00776,refund_request,2026-07-06T22:03:08Z,35.6,desktop
E0007055,C00882,refund_request,2026-07-05T02:41:46Z,21.0,ios
E0007056,C00755,page_view,2026-07-28T07:44:27Z,5.2,android
E0007057,C00623,support_ticket,2026-07-04T09:56:42Z,19.0,ios
E0007058,C01083,checkout,2026-07-06T23:20:28Z,28.0,ios
E0007059,C00954,support_ticket,2026-07-25T11:04:13Z,13.2,desktop
E0007060,C00854,page_view,2026-07-02T12:22:11Z,31.6,desktop
E0007061,C00422,add_to_cart,2026-07-10T15:13:09Z,25.5,desktop
E0007062,C00862,page_view,2026-07-20T14:43:21Z,26.8,tablet
E0007063,C00472,refund_request,2026-07-01T11:16:03Z,2.2,desktop
E0007064,C00058,support_ticket,2026-07-12T21:56:01Z,8.0,tablet
E0007065,C00902,checkout,2026-07-04T15:00:01Z,10.4,android
E0007066,C00852,page_view,2026-07-07T17:50:43Z,26.6,desktop
E0007067,C00603,support_ticket,2026-07-12T07:42:46Z,2.4,android
E0007068,C00343,checkout,2026-07-21T20:09:35Z,21.4,tablet
E0007069,C00039,page_view,2026-07-05T07:27:36Z,18.8,tablet
E0007070,C00641,refund_request,2026-07-26T15:09:41Z,35.6,desktop
E0007071,C00270,checkout,2026-07-07T07:54:20Z,16.3,tablet
E0007072,C00546,support_ticket,2026-07-31T21:48:41Z,36.4,android
E0007073,C00416,support_ticket,2026-07-08T03:33:31Z,18.3,ios
E0007074,C00293,checkout,2026-07-19T11:55:33Z,23.1,tablet
E0007075,C00057,refund_request,2026-07-23T23:58:27Z,26.3,ios
E0007076,C00586,page_view,2026-07-07T02:09:59Z,13.6,tablet
E0007077,C00225,page_view,2026-07-15T16:41:21Z,20.3,android
E0007078,C00763,page_view,2026-07-15T14:25:32Z,40.8,tablet
E0007079,C01075,support_ticket,2026-07-12T08:18:43Z,21.0,tablet
E0007080,C00928,support_ticket,2026-07-16T20:19:16Z,14.3,android
E0007081,C00695,support_ticket,2026-07-14T12:54:43Z,4.9,ios
E0007082,C00422,page_view,2026-07-05T02:56:25Z,12.1,android
E0007083,C00942,support_ticket,2026-07-27T18:13:37Z,21.4,android
E0007084,C00689,support_ticket,2026-07-18T09:02:53Z,2.6,desktop
E0007085,C00797,support_ticket,2026-07-05T05:32:26Z,9.1,ios
E0007086,C00835,add_to_cart,2026-07-16T07:05:28Z,17.7,ios
E0007087,C00526,add_to_cart,2026-07-31T19:29:30Z,40.7,android
E0007088,C00161,support_ticket,2026-07-09T06:00:37Z,9.4,desktop
E0007089,C00377,add_to_cart,2026-07-09T08:03:12Z,41.9,android
E0007090,C01174,page_view,2026-07-13T00:39:52Z,22.6,desktop
E0007091,C00720,refund_request,2026-07-02T12:56:14Z,8.7,android
E0007092,C00045,checkout,2026-07-06T22:29:41Z,27.7,desktop
E0007093,C00137,add_to_cart,2026-07-24T12:38:47Z,5.9,android
E0007094,C00726,support_ticket,2026-07-23T03:36:14Z,26.4,tablet
E0007095,C00725,page_view,2026-07-14T08:23:51Z,15.9,desktop
E0007096,C00783,add_to_cart,2026-07-24T13:02:01Z,36.4,android
E0007097,C00029,checkout,2026-07-10T12:29:10Z,35.9,android
E0007098,C01139,page_view,2026-07-12T23:06:30Z,7.8,tablet
E0007099,C01160,checkout,2026-07-09T02:24:33Z,37.6,ios
E0007100,C01063,refund_request,2026-07-20T15:16:53Z,25.6,desktop
E0007101,C00378,add_to_cart,2026-07-06T09:42:10Z,34.5,android
E0007102,C01131,checkout,2026-07-09T12:38:16Z,32.4,android
E0007103,C01154,support_ticket,2026-07-22T06:37:52Z,38.2,android
E0007104,C00375,support_ticket,2026-07-16T22:19:17Z,31.9,desktop
E0007105,C00940,add_to_cart,2026-07-13T07:33:56Z,18.9,android
E0007106,C00497,checkout,2026-07-11T14:23:30Z,15.3,desktop
E0007107,C00592,support_ticket,2026-07-17T02:09:45Z,14.4,android
E0007108,C01054,page_view,2026-07-09T13:41:46Z,41.6,ios
E0007109,C00236,refund_request,2026-07-20T07:29:38Z,33.1,tablet
E0007110,C00671,refund_request,2026-07-13T23:01:40Z,27.2,desktop
E0007111,C00557,add_to_cart,2026-07-04T15:12:34Z,22.8,tablet
E0007112,C00165,add_to_cart,2026-07-29T20:09:52Z,10.6,android
E0007113,C00147,checkout,2026-07-02T22:04:33Z,12.9,ios
E0007114,C00014,support_ticket,2026-07-20T19:59:11Z,1.6,ios
E0007115,C00500,page_view,2026-07-17T05:03:07Z,29.5,ios
E0007116,C00900,page_view,2026-07-13T21:11:33Z,8.8,android
E0007117,C00113,add_to_cart,2026-07-23T20:50:52Z,21.2,ios
E0007118,C01071,support_ticket,2026-07-03T19:32:29Z,39.1,tablet
E0007119,C00034,page_view,2026-07-16T10:18:22Z,4.0,tablet
E0007120,C00198,add_to_cart,2026-07-06T11:32:07Z,0.2,desktop
E0007121,C00606,page_view,2026-07-21T12:45:27Z,29.7,ios
E0007122,C01105,checkout,2026-07-28T02:27:59Z,31.5,desktop
E0007123,C00053,page_view,2026-07-31T02:40:34Z,0.3,ios
E0007124,C01123,add_to_cart,2026-07-23T03:00:41Z,8.5,tablet
E0007125,C01047,support_ticket,2026-07-07T19:17:59Z,34.1,android
E0007126,C00419,checkout,2026-07-15T08:30:19Z,22.2,ios
E0007127,C00007,support_ticket,2026-07-15T05:28:11Z,33.2,ios
E0007128,C00420,support_ticket,2026-07-31T05:00:44Z,39.0,ios
E0007129,C00437,checkout,2026-07-05T08:59:25Z,7.2,android
E0007130,C00560,checkout,2026-07-13T12:35:17Z,29.4,tablet
E0007131,C00951,support_ticket,2026-07-25T19:37:59Z,9.4,ios
E0007132,C00620,page_view,2026-07-30T23:52:58Z,15.0,ios
E0007133,C00667,checkout,2026-07-03T21:22:36Z,10.3,android
E0007134,C01047,checkout,2026-07-20T23:56:00Z,4.2,ios
E0007135,C00513,support_ticket,2026-07-03T18:40:17Z,27.1,ios
E0007136,C00290,add_to_cart,2026-07-13T01:44:25Z,30.0,ios
E0007137,C00639,refund_request,2026-07-13T23:57:41Z,21.0,desktop
E0007138,C00351,checkout,2026-07-01T10:35:42Z,11.4,tablet
E0007139,C00605,page_view,2026-07-19T00:08:12Z,6.0,android
E0007140,C00023,checkout,2026-07-31T22:39:57Z,18.5,android
E0007141,C01077,support_ticket,2026-07-31T18:17:09Z,23.0,tablet
E0007142,C00021,add_to_cart,2026-07-08T04:07:08Z,41.1,ios
E0007143,C00269,support_ticket,2026-07-02T12:41:55Z,29.9,tablet
E0007144,C00744,refund_request,2026-07-15T19:37:12Z,28.9,desktop
E0007145,C00147,support_ticket,2026-07-09T18:23:59Z,22.4,android
E0007146,C00864,add_to_cart,2026-07-03T02:56:30Z,22.4,tablet
E0007147,C01009,page_view,2026-07-12T18:49:20Z,22.0,desktop
E0007148,C00124,support_ticket,2026-07-02T18:24:58Z,8.3,android
E0007149,C00462,add_to_cart,2026-07-19T19:40:29Z,29.2,android
E0007150,C00477,add_to_cart,2026-07-08T19:36:32Z,25.0,tablet
E0007151,C00806,add_to_cart,2026-07-27T01:18:06Z,20.8,ios
E0007152,C00379,refund_request,2026-07-15T09:43:04Z,0.3,tablet
E0007153,C01034,add_to_cart,2026-07-20T18:59:04Z,6.7,android
E0007154,C01073,add_to_cart,2026-07-09T08:17:55Z,2.2,desktop
E0007155,C00501,page_view,2026-07-22T23:52:41Z,38.5,desktop
E0007156,C00974,refund_request,2026-07-24T10:26:14Z,22.9,ios
E0007157,C00208,checkout,2026-07-31T06:34:28Z,5.9,desktop
E0007158,C00396,checkout,2026-07-29T06:39:22Z,32.8,ios
E0007159,C00365,page_view,2026-07-01T11:13:06Z,28.9,android
E0007160,C00820,checkout,2026-07-31T09:16:17Z,13.4,desktop
E0007161,C00232,add_to_cart,2026-07-08T04:52:40Z,2.9,android
E0007162,C00409,support_ticket,2026-07-17T19:39:19Z,23.7,desktop
E0007163,C00211,add_to_cart,2026-07-15T07:15:17Z,25.4,ios
E0007164,C00838,support_ticket,2026-07-08T02:20:53Z,21.1,tablet
E0007165,C00870,page_view,2026-07-29T06:47:03Z,40.4,android
E0007166,C00516,support_ticket,2026-07-30T03:04:58Z,33.5,desktop
E0007167,C00997,refund_request,2026-07-27T00:24:07Z,8.5,desktop
E0007168,C00253,refund_request,2026-07-05T15:58:25Z,20.2,ios
E0007169,C00459,checkout,2026-07-13T21:08:24Z,20.9,tablet
E0007170,C00840,support_ticket,2026-07-26T18:26:00Z,17.0,tablet
E0007171,C00616,page_view,2026-07-31T23:06:41Z,9.9,tablet
E0007172,C00870,add_to_cart,2026-07-23T02:49:34Z,38.7,ios
E0007173,C00757,support_ticket,2026-07-29T01:27:11Z,29.7,desktop
E0007174,C00830,page_view,2026-07-14T23:07:32Z,5.9,android
E0007175,C00973,support_ticket,2026-07-06T21:48:54Z,17.0,tablet
E0007176,C00419,support_ticket,2026-07-15T23:34:25Z,8.8,ios
E0007177,C01026,page_view,2026-07-17T17:39:38Z,2.1,android
E0007178,C00032,checkout,2026-07-10T00:23:34Z,31.1,desktop
E0007179,C01156,checkout,2026-07-05T05:13:55Z,5.9,tablet
E0007180,C00969,support_ticket,2026-07-01T12:23:23Z,28.7,ios
E0007181,C00982,add_to_cart,2026-07-27T19:28:54Z,2.6,tablet
E0007182,C00905,add_to_cart,2026-07-25T11:35:42Z,1.4,ios
E0007183,C00773,page_view,2026-07-02T19:30:40Z,14.3,android
E0007184,C00003,support_ticket,2026-07-01T14:36:12Z,0.6,tablet
E0007185,C01038,page_view,2026-07-30T01:51:16Z,38.3,tablet
E0007186,C00648,add_to_cart,2026-07-20T20:27:34Z,24.6,desktop
E0007187,C00199,refund_request,2026-07-22T17:44:24Z,13.5,desktop
E0007188,C01036,add_to_cart,2026-07-23T07:23:27Z,27.2,android
E0007189,C00032,add_to_cart,2026-07-14T18:02:56Z,34.7,desktop
E0007190,C00391,add_to_cart,2026-07-27T03:48:16Z,36.5,android
E0007191,C00713,page_view,2026-07-07T14:19:58Z,20.2,ios
E0007192,C00949,refund_request,2026-07-15T14:33:57Z,38.4,desktop
E0007193,C00691,checkout,2026-07-24T14:42:40Z,2.2,desktop
E0007194,C00230,page_view,2026-07-28T10:26:24Z,12.1,android
E0007195,C00946,checkout,2026-07-30T03:52:35Z,16.7,android
E0007196,C01009,refund_request,2026-07-05T06:14:27Z,24.8,android
E0007197,C00843,support_ticket,2026-07-25T10:57:47Z,6.8,android
E0007198,C00670,support_ticket,2026-07-01T04:54:19Z,24.4,desktop
E0007199,C00608,add_to_cart,2026-07-28T13:40:59Z,23.0,tablet
E0007200,C00760,checkout,2026-07-18T05:15:42Z,0.3,tablet
E0007201,C00241,support_ticket,2026-07-12T01:09:35Z,20.2,desktop
E0007202,C00670,checkout,2026-07-19T21:51:42Z,0.6,android
E0007203,C01088,support_ticket,2026-07-02T11:20:18Z,3.6,android
E0007204,C01065,support_ticket,2026-07-21T16:14:04Z,24.0,desktop
E0007205,C00198,checkout,2026-07-02T00:12:59Z,37.4,desktop
E0007206,C00754,page_view,2026-07-19T00:51:17Z,35.6,desktop
E0007207,C00339,add_to_cart,2026-07-16T00:08:27Z,12.4,ios
E0007208,C00093,page_view,2026-07-27T04:44:42Z,23.6,tablet
E0007209,C01014,add_to_cart,2026-07-19T09:43:48Z,7.0,tablet
E0007210,C00537,add_to_cart,2026-07-24T21:47:05Z,1.4,desktop
E0007211,C00021,checkout,2026-07-02T11:48:20Z,4.4,android
E0007212,C00349,checkout,2026-07-29T15:12:50Z,9.1,tablet
E0007213,C00949,add_to_cart,2026-07-04T07:54:16Z,14.8,desktop
E0007214,C00090,support_ticket,2026-07-25T17:08:59Z,13.8,android
E0007215,C00047,support_ticket,2026-07-20T17:54:37Z,22.7,desktop
E0007216,C00001,refund_request,2026-07-24T14:47:50Z,19.8,tablet
E0007217,C01060,page_view,2026-07-10T18:14:39Z,8.2,android
E0007218,C01009,add_to_cart,2026-07-20T05:31:43Z,28.1,android
E0007219,C00774,refund_request,2026-07-21T09:45:30Z,14.7,ios
E0007220,C01126,page_view,2026-07-31T14:00:02Z,33.9,desktop
E0007221,C00015,add_to_cart,2026-07-03T12:18:50Z,17.9,android
E0007222,C01190,add_to_cart,2026-07-22T17:26:48Z,16.6,ios
E0007223,C00015,support_ticket,2026-07-18T15:19:01Z,1.9,ios
E0007224,C00149,refund_request,2026-07-19T20:47:49Z,35.7,tablet
E0007225,C01127,checkout,2026-07-03T02:35:23Z,11.7,tablet
E0007226,C00266,checkout,2026-07-04T22:05:49Z,21.1,tablet
E0007227,C01153,support_ticket,2026-07-25T19:53:57Z,1.0,android
E0007228,C00397,refund_request,2026-07-29T01:23:33Z,16.3,desktop
E0007229,C00557,support_ticket,2026-07-28T17:29:59Z,19.6,android
E0007230,C00513,support_ticket,2026-07-02T06:13:14Z,10.5,tablet
E0007231,C00416,refund_request,2026-07-16T22:17:08Z,6.9,tablet
E0007232,C00970,checkout,2026-07-07T07:31:10Z,17.5,android
E0007233,C00690,page_view,2026-07-01T01:01:53Z,1.4,desktop
E0007234,C01090,checkout,2026-07-07T21:55:47Z,3.3,ios
E0007235,C00116,page_view,2026-07-27T11:24:12Z,30.0,desktop
E0007236,C00981,refund_request,2026-07-19T15:48:32Z,8.9,desktop
E0007237,C00206,refund_request,2026-07-31T04:54:13Z,40.5,tablet
E0007238,C00411,page_view,2026-07-03T23:28:06Z,33.8,ios
E0007239,C00080,page_view,2026-07-29T03:39:34Z,33.9,tablet
E0007240,C01092,support_ticket,2026-07-12T20:59:16Z,11.4,ios
E0007241,C01046,checkout,2026-07-21T12:49:22Z,3.9,tablet
E0007242,C00243,page_view,2026-07-01T16:43:27Z,24.4,android
E0007243,C01115,page_view,2026-07-03T02:22:55Z,38.2,android
E0007244,C00522,checkout,2026-07-30T18:22:21Z,38.8,tablet
E0007245,C00996,checkout,2026-07-09T03:04:10Z,22.2,tablet
E0007246,C00487,page_view,2026-07-10T22:44:14Z,18.5,android
E0007247,C00931,refund_request,2026-07-20T20:26:07Z,17.5,ios
E0007248,C00001,page_view,2026-07-28T13:35:47Z,10.8,desktop
E0007249,C00237,refund_request,2026-07-12T19:26:33Z,0.9,tablet
E0007250,C00147,checkout,2026-07-07T23:19:54Z,10.6,android
E0007251,C00728,add_to_cart,2026-07-18T17:29:40Z,18.7,tablet
E0007252,C01150,add_to_cart,2026-07-10T10:02:46Z,0.6,desktop
E0007253,C00726,refund_request,2026-07-15T18:51:38Z,19.6,android
E0007254,C00981,add_to_cart,2026-07-17T16:04:27Z,0.7,desktop
E0007255,C01024,support_ticket,2026-07-21T23:26:34Z,20.2,android
E0007256,C00539,add_to_cart,2026-07-09T10:16:04Z,22.8,ios
E0007257,C00519,add_to_cart,2026-07-16T22:04:33Z,32.9,tablet
E0007258,C00438,checkout,2026-07-15T22:02:12Z,14.0,desktop
E0007259,C00069,page_view,2026-07-09T04:35:05Z,6.8,ios
E0007260,C00166,support_ticket,2026-07-09T05:22:36Z,4.5,ios
E0007261,C00548,checkout,2026-07-21T06:07:22Z,33.4,desktop
E0007262,C00392,checkout,2026-07-16T14:20:54Z,40.5,ios
E0007263,C00938,checkout,2026-07-29T00:49:48Z,4.5,android
E0007264,C00293,checkout,2026-07-28T23:23:38Z,22.2,android
E0007265,C00050,checkout,2026-07-31T04:48:43Z,17.1,desktop
E0007266,C00758,checkout,2026-07-02T07:46:49Z,5.2,tablet
E0007267,C00833,checkout,2026-07-30T21:14:45Z,18.9,ios
E0007268,C00083,checkout,2026-07-01T06:59:43Z,7.3,ios
E0007269,C00629,support_ticket,2026-07-17T22:19:05Z,6.5,desktop
E0007270,C00450,refund_request,2026-07-20T18:59:45Z,23.9,desktop
E0007271,C00824,add_to_cart,2026-07-18T20:44:49Z,36.2,tablet
E0007272,C00693,page_view,2026-07-05T10:01:16Z,26.6,android
E0007273,C00024,checkout,2026-07-17T08:21:43Z,39.3,desktop
E0007274,C01124,checkout,2026-07-04T01:49:29Z,25.2,ios
E0007275,C00785,refund_request,2026-07-25T02:14:48Z,0.9,tablet
E0007276,C00737,support_ticket,2026-07-02T23:38:01Z,20.9,ios
E0007277,C00070,add_to_cart,2026-07-11T07:18:11Z,8.9,tablet
E0007278,C00381,support_ticket,2026-07-23T21:42:14Z,4.4,android
E0007279,C00839,page_view,2026-07-27T12:26:55Z,39.4,ios
E0007280,C00850,page_view,2026-07-07T16:32:31Z,34.1,desktop
E0007281,C01003,support_ticket,2026-07-20T15:43:28Z,36.2,tablet
E0007282,C00101,refund_request,2026-07-05T01:17:09Z,20.8,tablet
E0007283,C01194,add_to_cart,2026-07-18T08:44:01Z,10.2,android
E0007284,C00249,support_ticket,2026-07-08T13:41:00Z,14.2,android
E0007285,C00546,support_ticket,2026-07-21T07:15:46Z,19.1,android
E0007286,C00392,page_view,2026-07-05T15:16:21Z,31.2,android
E0007287,C00038,add_to_cart,2026-07-01T22:35:49Z,39.2,tablet
E0007288,C01006,page_view,2026-07-22T03:46:02Z,35.2,desktop
E0007289,C00637,page_view,2026-07-28T15:48:42Z,38.3,ios
E0007290,C00643,support_ticket,2026-07-25T04:43:19Z,31.0,desktop
E0007291,C00372,add_to_cart,2026-07-19T02:03:54Z,29.8,android
E0007292,C00975,refund_request,2026-07-18T00:28:31Z,29.1,desktop
E0007293,C01087,add_to_cart,2026-07-26T13:51:35Z,5.7,desktop
E0007294,C00601,add_to_cart,2026-07-04T12:50:08Z,41.6,ios
E0007295,C00285,support_ticket,2026-07-26T09:57:48Z,19.1,android
E0007296,C00293,refund_request,2026-07-08T00:55:57Z,26.6,tablet
E0007297,C00395,checkout,2026-07-10T13:07:56Z,3.5,ios
E0007298,C00292,support_ticket,2026-07-20T23:43:22Z,19.4,tablet
E0007299,C00400,checkout,2026-07-13T12:19:47Z,3.7,desktop
E0007300,C00285,checkout,2026-07-31T18:32:29Z,21.4,ios
E0007301,C00246,support_ticket,2026-07-22T18:23:12Z,8.0,tablet
E0007302,C01091,refund_request,2026-07-14T03:16:14Z,31.3,ios
E0007303,C00519,page_view,2026-07-03T02:24:26Z,30.7,android
E0007304,C00179,support_ticket,2026-07-07T15:53:06Z,8.3,desktop
E0007305,C01062,page_view,2026-07-24T19:50:38Z,6.9,android
E0007306,C00960,add_to_cart,2026-07-08T23:54:01Z,30.8,desktop
E0007307,C00719,refund_request,2026-07-08T05:08:33Z,22.2,android
E0007308,C00277,refund_request,2026-07-22T19:06:03Z,24.7,ios
E0007309,C00019,page_view,2026-07-21T17:18:58Z,37.8,ios
E0007310,C00568,add_to_cart,2026-07-31T07:20:41Z,31.1,tablet
E0007311,C00051,add_to_cart,2026-07-16T00:16:36Z,4.5,desktop
E0007312,C00031,add_to_cart,2026-07-17T17:39:04Z,8.6,android
E0007313,C01063,refund_request,2026-07-28T00:47:27Z,3.4,ios
E0007314,C00520,refund_request,2026-07-31T07:48:35Z,19.1,android
E0007315,C00858,add_to_cart,2026-07-23T23:07:55Z,34.9,android
E0007316,C00519,page_view,2026-07-26T19:40:00Z,10.5,tablet
E0007317,C00197,page_view,2026-07-30T21:59:06Z,16.2,android
E0007318,C00758,support_ticket,2026-07-07T00:35:23Z,1.1,tablet
E0007319,C00626,page_view,2026-07-21T13:38:33Z,19.8,tablet
E0007320,C00173,add_to_cart,2026-07-28T04:04:11Z,14.2,desktop
E0007321,C00132,page_view,2026-07-16T13:02:50Z,24.4,tablet
E0007322,C00269,page_view,2026-07-09T11:29:13Z,29.4,android
E0007323,C01145,support_ticket,2026-07-02T03:16:52Z,17.1,tablet
E0007324,C00146,refund_request,2026-07-10T20:58:10Z,36.8,ios
E0007325,C01113,support_ticket,2026-07-12T09:39:51Z,2.8,desktop
E0007326,C00150,refund_request,2026-07-04T01:07:01Z,16.9,android
E0007327,C01100,page_view,2026-07-03T23:06:18Z,30.0,android
E0007328,C00478,page_view,2026-07-14T09:42:06Z,11.8,desktop
E0007329,C00160,refund_request,2026-07-03T14:27:22Z,20.4,android
E0007330,C00376,add_to_cart,2026-07-09T09:57:42Z,37.6,android
E0007331,C00677,add_to_cart,2026-07-21T17:13:50Z,33.5,desktop
E0007332,C00685,refund_request,2026-07-26T20:49:48Z,19.8,ios
E0007333,C00745,add_to_cart,2026-07-08T05:48:12Z,15.6,desktop
E0007334,C00444,add_to_cart,2026-07-02T12:09:05Z,33.8,tablet
E0007335,C01023,checkout,2026-07-30T20:05:20Z,3.0,desktop
E0007336,C00300,refund_request,2026-07-16T12:18:13Z,39.7,ios
E0007337,C00963,support_ticket,2026-07-07T18:17:31Z,5.9,ios
E0007338,C00141,support_ticket,2026-07-09T20:29:54Z,32.5,android
E0007339,C00092,checkout,2026-07-28T09:01:21Z,0.1,desktop
E0007340,C01006,refund_request,2026-07-22T03:47:21Z,37.2,ios
E0007341,C00080,support_ticket,2026-07-19T11:31:51Z,33.2,tablet
E0007342,C00134,support_ticket,2026-07-31T16:10:13Z,1.4,android
E0007343,C00410,support_ticket,2026-07-03T17:16:08Z,14.2,desktop
E0007344,C00184,add_to_cart,2026-07-01T12:57:04Z,37.1,tablet
E0007345,C01088,add_to_cart,2026-07-22T20:57:59Z,12.3,tablet
E0007346,C00895,support_ticket,2026-07-20T23:19:54Z,41.1,tablet
E0007347,C00433,checkout,2026-07-27T14:22:20Z,38.6,ios
E0007348,C00491,checkout,2026-07-02T07:53:15Z,27.3,tablet
E0007349,C00004,refund_request,2026-07-28T11:56:12Z,0.8,desktop
E0007350,C01175,support_ticket,2026-07-05T06:39:19Z,42.0,ios
E0007351,C00999,support_ticket,2026-07-04T19:55:11Z,41.5,tablet
E0007352,C00339,support_ticket,2026-07-23T12:10:52Z,29.8,ios
E0007353,C00924,checkout,2026-07-20T20:13:00Z,14.9,ios
E0007354,C00057,refund_request,2026-07-15T16:29:12Z,33.7,android
E0007355,C01066,refund_request,2026-07-25T06:24:57Z,34.9,ios
E0007356,C00505,support_ticket,2026-07-14T02:23:32Z,35.3,ios
E0007357,C00869,checkout,2026-07-30T02:52:47Z,31.7,tablet
E0007358,C00521,support_ticket,2026-07-09T00:48:27Z,4.3,desktop
E0007359,C00821,checkout,2026-07-05T04:53:47Z,24.8,android
E0007360,C00257,refund_request,2026-07-06T21:30:30Z,16.5,desktop
E0007361,C00197,add_to_cart,2026-07-14T21:10:59Z,22.2,ios
E0007362,C01155,add_to_cart,2026-07-14T17:07:45Z,19.3,android
E0007363,C00933,support_ticket,2026-07-21T00:34:31Z,41.3,ios
E0007364,C00243,refund_request,2026-07-27T15:19:09Z,8.2,ios
E0007365,C00115,refund_request,2026-07-24T21:32:47Z,12.2,android
E0007366,C00809,checkout,2026-07-05T02:24:21Z,13.8,desktop
E0007367,C00669,checkout,2026-07-08T17:17:52Z,35.0,android
E0007368,C00526,page_view,2026-07-01T18:12:02Z,8.1,desktop
E0007369,C00037,page_view,2026-07-25T01:41:50Z,38.7,android
E0007370,C00014,page_view,2026-07-19T03:07:19Z,24.3,tablet
E0007371,C00897,checkout,2026-07-18T20:01:15Z,34.1,ios
E0007372,C01127,page_view,2026-07-26T21:52:50Z,6.1,android
E0007373,C00789,add_to_cart,2026-07-31T10:30:51Z,15.6,ios
E0007374,C00092,checkout,2026-07-24T12:13:01Z,30.7,tablet
E0007375,C00551,checkout,2026-07-11T12:21:20Z,29.1,ios
E0007376,C00594,add_to_cart,2026-07-31T06:31:06Z,27.8,android
E0007377,C00368,page_view,2026-07-31T15:56:28Z,1.8,tablet
E0007378,C00108,checkout,2026-07-29T19:51:06Z,13.1,android
E0007379,C00548,support_ticket,2026-07-10T09:24:56Z,19.0,tablet
E0007380,C00522,page_view,2026-07-25T09:13:18Z,15.4,ios
E0007381,C01029,checkout,2026-07-23T11:05:17Z,9.3,android
E0007382,C00063,page_view,2026-07-07T13:38:54Z,23.8,android
E0007383,C00521,refund_request,2026-07-16T14:49:47Z,24.1,android
E0007384,C01177,support_ticket,2026-07-08T05:43:02Z,41.3,desktop
E0007385,C00195,add_to_cart,2026-07-06T02:24:26Z,26.5,ios
E0007386,C00589,checkout,2026-07-13T01:09:18Z,8.5,ios
E0007387,C00670,refund_request,2026-07-30T20:40:59Z,11.7,tablet
E0007388,C00625,refund_request,2026-07-16T09:52:41Z,7.0,android
E0007389,C00138,checkout,2026-07-29T15:05:10Z,8.3,android
E0007390,C00635,checkout,2026-07-08T01:05:05Z,40.6,android
E0007391,C01033,refund_request,2026-07-02T04:37:23Z,7.1,ios
E0007392,C00100,checkout,2026-07-07T04:50:05Z,19.9,android
E0007393,C00161,support_ticket,2026-07-01T05:09:33Z,11.7,android
E0007394,C00686,page_view,2026-07-31T08:18:02Z,25.2,android
E0007395,C00813,page_view,2026-07-19T01:57:23Z,28.5,tablet
E0007396,C00525,page_view,2026-07-11T15:02:23Z,21.7,tablet
E0007397,C01106,checkout,2026-07-14T19:09:46Z,27.1,ios
E0007398,C00941,page_view,2026-07-09T01:58:45Z,5.6,tablet
E0007399,C00845,add_to_cart,2026-07-01T19:53:27Z,40.4,desktop
E0007400,C00294,support_ticket,2026-07-22T21:48:58Z,34.2,android
E0007401,C00961,checkout,2026-07-20T14:56:06Z,1.1,desktop
E0007402,C01110,refund_request,2026-07-24T23:10:31Z,17.7,android
E0007403,C00273,checkout,2026-07-22T17:55:27Z,18.8,ios
E0007404,C00576,support_ticket,2026-07-03T02:58:47Z,9.2,android
E0007405,C00242,support_ticket,2026-07-05T06:17:45Z,36.6,ios
E0007406,C00077,refund_request,2026-07-13T01:26:51Z,34.7,desktop
E0007407,C00903,checkout,2026-07-02T15:54:17Z,26.5,android
E0007408,C00707,add_to_cart,2026-07-22T11:35:15Z,18.9,desktop
E0007409,C00712,refund_request,2026-07-28T15:17:24Z,0.8,android
E0007410,C00455,checkout,2026-07-15T07:20:45Z,8.6,tablet
E0007411,C00660,checkout,2026-07-26T10:38:31Z,39.3,android
E0007412,C00619,add_to_cart,2026-07-03T17:58:42Z,9.5,ios
E0007413,C00144,support_ticket,2026-07-16T02:27:29Z,22.0,desktop
E0007414,C00095,support_ticket,2026-07-26T10:57:26Z,4.2,ios
E0007415,C01095,checkout,2026-07-30T06:49:51Z,25.7,ios
E0007416,C00156,add_to_cart,2026-07-03T15:52:18Z,5.7,android
E0007417,C01177,refund_request,2026-07-10T11:15:13Z,35.4,android
E0007418,C01095,checkout,2026-07-14T10:08:25Z,29.5,desktop
E0007419,C00739,page_view,2026-07-21T02:04:09Z,34.6,android
E0007420,C01133,refund_request,2026-07-12T05:10:57Z,11.7,ios
E0007421,C00563,add_to_cart,2026-07-23T06:24:54Z,18.5,tablet
E0007422,C00421,add_to_cart,2026-07-18T14:41:08Z,14.1,desktop
E0007423,C00597,refund_request,2026-07-07T19:18:08Z,35.0,ios
E0007424,C00242,add_to_cart,2026-07-15T12:47:41Z,2.3,ios
E0007425,C00525,refund_request,2026-07-17T19:13:48Z,1.8,tablet
E0007426,C00243,checkout,2026-07-04T12:27:44Z,35.4,desktop
E0007427,C00620,add_to_cart,2026-07-17T04:05:21Z,18.7,tablet
E0007428,C00119,add_to_cart,2026-07-15T16:55:26Z,39.3,android
E0007429,C01109,page_view,2026-07-15T16:32:50Z,32.4,android
E0007430,C00962,checkout,2026-07-15T07:13:36Z,29.2,android
E0007431,C00150,add_to_cart,2026-07-26T18:43:09Z,0.8,tablet
E0007432,C00487,refund_request,2026-07-25T19:17:34Z,17.4,ios
E0007433,C00560,add_to_cart,2026-07-30T04:20:22Z,29.2,desktop
E0007434,C00787,refund_request,2026-07-17T06:12:46Z,15.6,desktop
E0007435,C00559,page_view,2026-07-02T12:15:32Z,1.9,android
E0007436,C00066,page_view,2026-07-19T02:37:20Z,2.4,tablet
E0007437,C01157,page_view,2026-07-11T18:24:19Z,17.2,android
E0007438,C00913,checkout,2026-07-19T08:38:02Z,21.4,desktop
E0007439,C00635,checkout,2026-07-20T17:06:26Z,10.8,android
E0007440,C00613,add_to_cart,2026-07-05T05:29:37Z,27.7,ios
E0007441,C01132,checkout,2026-07-01T03:24:32Z,39.8,android
E0007442,C01034,refund_request,2026-07-19T23:34:22Z,17.5,android
E0007443,C01196,support_ticket,2026-07-23T21:31:19Z,2.1,tablet
E0007444,C00274,checkout,2026-07-08T09:11:24Z,9.1,android
E0007445,C00980,refund_request,2026-07-01T12:33:40Z,3.5,android
E0007446,C00576,checkout,2026-07-24T22:10:49Z,1.7,tablet
E0007447,C00886,page_view,2026-07-30T14:50:20Z,18.1,desktop
E0007448,C00239,add_to_cart,2026-07-09T15:41:49Z,11.5,ios
E0007449,C00058,page_view,2026-07-28T14:48:40Z,37.8,tablet
E0007450,C00713,checkout,2026-07-20T15:15:20Z,39.0,tablet
E0007451,C00494,refund_request,2026-07-19T03:18:54Z,40.4,android
E0007452,C01158,refund_request,2026-07-19T08:39:37Z,27.3,ios
E0007453,C00237,support_ticket,2026-07-13T04:53:31Z,26.3,android
E0007454,C00833,add_to_cart,2026-07-30T04:43:23Z,6.3,tablet
E0007455,C00053,checkout,2026-07-24T11:58:00Z,10.6,tablet
E0007456,C00959,add_to_cart,2026-07-03T03:05:41Z,6.2,desktop
E0007457,C01108,support_ticket,2026-07-26T05:52:53Z,30.4,ios
E0007458,C00101,add_to_cart,2026-07-17T20:14:02Z,30.8,android
E0007459,C00457,add_to_cart,2026-07-22T02:51:39Z,26.7,ios
E0007460,C00776,page_view,2026-07-06T08:59:27Z,18.8,desktop
E0007461,C00554,checkout,2026-07-19T23:02:13Z,25.6,ios
E0007462,C00641,refund_request,2026-07-17T10:09:01Z,6.3,tablet
E0007463,C00059,refund_request,2026-07-04T17:19:07Z,32.2,tablet
E0007464,C00149,refund_request,2026-07-09T09:25:19Z,24.4,android
E0007465,C00219,checkout,2026-07-22T08:56:19Z,40.2,tablet
E0007466,C00863,checkout,2026-07-05T19:39:44Z,13.1,ios
E0007467,C00381,support_ticket,2026-07-28T10:49:52Z,3.0,android
E0007468,C00780,add_to_cart,2026-07-11T16:43:24Z,24.4,tablet
E0007469,C00467,refund_request,2026-07-28T02:21:03Z,5.9,android
E0007470,C01200,support_ticket,2026-07-15T16:32:54Z,26.5,desktop
E0007471,C00788,refund_request,2026-07-13T16:11:58Z,5.7,ios
E0007472,C00826,support_ticket,2026-07-28T01:29:32Z,6.5,android
E0007473,C00314,add_to_cart,2026-07-28T19:55:26Z,3.0,tablet
E0007474,C00819,checkout,2026-07-26T05:35:24Z,18.5,tablet
E0007475,C00470,add_to_cart,2026-07-15T11:59:33Z,27.2,tablet
E0007476,C00230,page_view,2026-07-06T12:24:45Z,4.9,tablet
E0007477,C00266,checkout,2026-07-08T04:26:24Z,11.6,android
E0007478,C00200,page_view,2026-07-11T04:59:41Z,10.4,tablet
E0007479,C00339,refund_request,2026-07-11T20:56:20Z,16.3,desktop
E0007480,C01060,page_view,2026-07-06T07:11:03Z,16.5,tablet
E0007481,C01135,add_to_cart,2026-07-11T10:04:42Z,33.0,ios
E0007482,C00763,refund_request,2026-07-13T06:59:20Z,28.6,ios
E0007483,C00959,checkout,2026-07-19T19:34:36Z,38.9,desktop
E0007484,C01078,refund_request,2026-07-18T15:04:13Z,41.5,tablet
E0007485,C00814,support_ticket,2026-07-01T05:03:14Z,25.5,tablet
E0007486,C00671,page_view,2026-07-29T22:41:01Z,3.2,ios
E0007487,C00747,page_view,2026-07-27T05:51:32Z,41.5,android
E0007488,C00010,refund_request,2026-07-16T00:49:51Z,23.7,tablet
E0007489,C00921,page_view,2026-07-17T17:22:27Z,22.3,desktop
E0007490,C00561,refund_request,2026-07-10T03:31:41Z,13.6,desktop
E0007491,C00652,refund_request,2026-07-14T03:07:41Z,9.8,desktop
E0007492,C00971,checkout,2026-07-10T03:04:41Z,12.3,android
E0007493,C00055,refund_request,2026-07-02T19:17:46Z,0.6,ios
E0007494,C00484,support_ticket,2026-07-19T08:00:22Z,37.9,ios
E0007495,C00179,add_to_cart,2026-07-11T12:00:50Z,27.9,ios
E0007496,C00242,refund_request,2026-07-07T10:28:25Z,28.7,android
E0007497,C00362,refund_request,2026-07-17T08:16:58Z,39.6,android
E0007498,C00616,add_to_cart,2026-07-07T10:02:07Z,17.0,tablet
E0007499,C01137,support_ticket,2026-07-20T04:38:27Z,25.3,ios
E0007500,C00180,support_ticket,2026-07-25T23:59:31Z,6.1,ios
E0007501,C00611,page_view,2026-07-16T12:31:27Z,11.5,android
E0007502,C00991,add_to_cart,2026-07-07T02:55:42Z,18.6,desktop
E0007503,C00487,checkout,2026-07-03T18:50:31Z,33.9,tablet
E0007504,C00932,add_to_cart,2026-07-11T20:21:53Z,33.8,ios
E0007505,C00702,add_to_cart,2026-07-22T21:40:44Z,32.2,ios
E0007506,C01102,add_to_cart,2026-07-28T00:13:01Z,16.8,android
E0007507,C00599,checkout,2026-07-24T17:40:08Z,25.8,android
E0007508,C00058,page_view,2026-07-17T09:14:48Z,15.7,desktop
E0007509,C01123,support_ticket,2026-07-13T14:36:47Z,0.7,tablet
E0007510,C00886,page_view,2026-07-24T07:28:13Z,1.1,desktop
E0007511,C00204,add_to_cart,2026-07-28T09:51:03Z,3.5,ios
E0007512,C00748,page_view,2026-07-14T13:41:38Z,9.3,android
E0007513,C00427,add_to_cart,2026-07-17T20:50:38Z,33.2,tablet
E0007514,C00648,add_to_cart,2026-07-29T23:40:21Z,26.7,android
E0007515,C00632,support_ticket,2026-07-05T03:24:40Z,7.7,android
E0007516,C00478,checkout,2026-07-24T18:45:10Z,25.1,android
E0007517,C00837,page_view,2026-07-14T17:59:27Z,10.8,tablet
E0007518,C00512,checkout,2026-07-18T23:37:22Z,15.6,desktop
E0007519,C00081,page_view,2026-07-12T16:27:39Z,16.5,desktop
E0007520,C00204,support_ticket,2026-07-26T09:38:57Z,8.2,android
E0007521,C00305,checkout,2026-07-11T02:54:22Z,12.5,ios
E0007522,C00474,page_view,2026-07-12T03:55:41Z,9.7,tablet
E0007523,C00786,page_view,2026-07-26T07:42:13Z,5.3,android
E0007524,C00131,refund_request,2026-07-11T05:31:46Z,6.1,desktop
E0007525,C00131,add_to_cart,2026-07-08T06:19:19Z,31.7,tablet
E0007526,C00663,refund_request,2026-07-05T05:21:25Z,15.2,ios
E0007527,C00239,checkout,2026-07-02T12:30:28Z,35.8,ios
E0007528,C00632,checkout,2026-07-20T22:35:28Z,28.5,tablet
E0007529,C00312,page_view,2026-07-13T21:08:27Z,16.1,android
E0007530,C00580,support_ticket,2026-07-09T23:58:07Z,40.9,desktop
E0007531,C00010,refund_request,2026-07-06T21:18:41Z,9.4,android
E0007532,C00870,refund_request,2026-07-29T09:47:44Z,21.7,tablet
E0007533,C00610,checkout,2026-07-23T22:46:07Z,5.4,tablet
E0007534,C00067,add_to_cart,2026-07-27T11:23:08Z,40.0,android
E0007535,C00055,refund_request,2026-07-17T08:10:08Z,30.7,desktop
E0007536,C01175,refund_request,2026-07-20T08:55:43Z,6.3,tablet
E0007537,C00498,page_view,2026-07-30T08:43:52Z,41.1,desktop
E0007538,C01049,support_ticket,2026-07-05T08:08:00Z,29.0,desktop
E0007539,C00915,checkout,2026-07-13T18:25:29Z,31.9,desktop
E0007540,C00194,checkout,2026-07-21T14:48:21Z,13.1,tablet
E0007541,C00390,refund_request,2026-07-19T22:27:34Z,12.2,desktop
E0007542,C00208,refund_request,2026-07-23T00:26:52Z,8.1,tablet
E0007543,C00415,checkout,2026-07-24T00:45:23Z,0.6,ios
E0007544,C00171,checkout,2026-07-09T09:44:35Z,1.0,ios
E0007545,C01137,support_ticket,2026-07-22T12:42:25Z,29.3,android
E0007546,C00913,support_ticket,2026-07-11T07:27:08Z,1.3,tablet
E0007547,C00995,refund_request,2026-07-13T19:08:38Z,27.2,desktop
E0007548,C00284,page_view,2026-07-30T01:33:11Z,23.4,ios
E0007549,C00183,add_to_cart,2026-07-07T20:17:22Z,29.2,tablet
E0007550,C00939,support_ticket,2026-07-10T17:38:59Z,14.3,ios
E0007551,C00889,refund_request,2026-07-15T03:58:24Z,1.2,android
E0007552,C01010,checkout,2026-07-05T19:11:58Z,33.2,desktop
E0007553,C00580,add_to_cart,2026-07-19T23:54:24Z,38.3,tablet
E0007554,C00990,refund_request,2026-07-05T06:58:50Z,26.3,desktop
E0007555,C01113,refund_request,2026-07-11T21:45:20Z,17.2,ios
E0007556,C00359,checkout,2026-07-25T12:28:18Z,6.4,desktop
E0007557,C00684,support_ticket,2026-07-09T05:14:20Z,22.2,android
E0007558,C00142,page_view,2026-07-30T20:15:27Z,4.2,ios
E0007559,C01137,page_view,2026-07-09T07:38:59Z,15.8,ios
E0007560,C01019,page_view,2026-07-07T05:06:52Z,26.6,ios
E0007561,C00491,checkout,2026-07-06T10:06:05Z,5.2,android
E0007562,C00589,checkout,2026-07-01T03:54:36Z,37.6,ios
E0007563,C00079,add_to_cart,2026-07-04T07:23:30Z,21.2,desktop
E0007564,C01003,refund_request,2026-07-11T23:47:30Z,12.0,android
E0007565,C00255,add_to_cart,2026-07-06T22:18:28Z,41.5,ios
E0007566,C00272,add_to_cart,2026-07-26T10:04:24Z,41.3,tablet
E0007567,C00258,page_view,2026-07-19T06:24:59Z,28.4,tablet
E0007568,C00137,page_view,2026-07-18T02:34:53Z,33.9,desktop
E0007569,C00872,checkout,2026-07-21T23:09:36Z,13.0,android
E0007570,C00658,add_to_cart,2026-07-22T06:13:32Z,15.9,desktop
E0007571,C00054,checkout,2026-07-22T18:49:57Z,2.9,desktop
E0007572,C00763,page_view,2026-07-04T20:47:23Z,30.9,ios
E0007573,C00309,refund_request,2026-07-17T07:11:51Z,1.6,tablet
E0007574,C01196,page_view,2026-07-13T09:06:53Z,10.0,tablet
E0007575,C00666,add_to_cart,2026-07-08T16:03:01Z,3.9,desktop
E0007576,C00429,support_ticket,2026-07-22T18:52:03Z,21.8,android
E0007577,C01079,add_to_cart,2026-07-20T06:33:53Z,13.1,ios
E0007578,C00308,refund_request,2026-07-04T16:49:15Z,8.9,android
E0007579,C01083,page_view,2026-07-07T13:35:39Z,19.2,desktop
E0007580,C00670,support_ticket,2026-07-17T18:17:37Z,4.8,desktop
E0007581,C00334,checkout,2026-07-13T05:19:35Z,4.1,ios
E0007582,C01150,support_ticket,2026-07-26T00:40:15Z,25.9,ios
E0007583,C00753,checkout,2026-07-19T10:20:38Z,16.6,ios
E0007584,C00704,page_view,2026-07-24T11:01:22Z,27.6,ios
E0007585,C00642,add_to_cart,2026-07-05T02:14:46Z,21.9,android
E0007586,C00639,checkout,2026-07-23T02:49:34Z,37.9,desktop
E0007587,C00206,add_to_cart,2026-07-07T20:47:39Z,5.2,tablet
E0007588,C00407,refund_request,2026-07-30T23:49:09Z,14.5,ios
E0007589,C00196,support_ticket,2026-07-20T01:25:49Z,39.3,android
E0007590,C00172,checkout,2026-07-13T01:08:29Z,41.1,ios
E0007591,C00489,page_view,2026-07-13T05:44:55Z,5.4,ios
E0007592,C01058,support_ticket,2026-07-28T11:16:29Z,38.1,ios
E0007593,C00529,support_ticket,2026-07-18T14:45:10Z,4.7,tablet
E0007594,C00188,support_ticket,2026-07-02T04:46:38Z,27.3,android
E0007595,C01006,page_view,2026-07-18T09:57:49Z,25.4,tablet
E0007596,C00755,checkout,2026-07-02T06:07:55Z,0.2,android
E0007597,C00313,page_view,2026-07-21T13:22:42Z,4.1,android
E0007598,C00560,support_ticket,2026-07-17T00:36:02Z,13.0,tablet
E0007599,C00612,refund_request,2026-07-04T12:41:44Z,2.5,android
E0007600,C00944,support_ticket,2026-07-22T16:02:58Z,4.9,tablet
E0007601,C00040,refund_request,2026-07-03T23:31:58Z,30.4,android
E0007602,C00988,page_view,2026-07-15T07:07:28Z,18.1,tablet
E0007603,C00021,page_view,2026-07-11T23:12:59Z,29.0,desktop
E0007604,C00135,checkout,2026-07-21T12:27:06Z,38.4,tablet
E0007605,C00037,page_view,2026-07-06T18:24:08Z,13.2,desktop
E0007606,C01020,page_view,2026-07-30T20:55:07Z,4.3,desktop
E0007607,C00250,refund_request,2026-07-28T19:37:11Z,5.8,android
E0007608,C00940,checkout,2026-07-26T11:09:27Z,38.8,android
E0007609,C01172,refund_request,2026-07-11T05:22:57Z,1.3,android
E0007610,C01103,page_view,2026-07-15T16:47:21Z,24.5,ios
E0007611,C00255,add_to_cart,2026-07-01T10:16:47Z,9.1,android
E0007612,C00521,checkout,2026-07-07T11:30:28Z,6.8,ios
E0007613,C00474,page_view,2026-07-27T23:16:19Z,33.5,android
E0007614,C00032,add_to_cart,2026-07-21T02:49:41Z,8.4,desktop
E0007615,C00526,checkout,2026-07-25T23:18:09Z,30.5,android
E0007616,C00110,page_view,2026-07-07T16:55:09Z,30.4,ios
E0007617,C00620,add_to_cart,2026-07-04T21:05:59Z,5.8,desktop
E0007618,C00487,page_view,2026-07-12T13:21:26Z,9.2,android
E0007619,C00654,refund_request,2026-07-16T07:57:03Z,39.1,desktop
E0007620,C00138,support_ticket,2026-07-06T15:54:01Z,11.4,tablet
E0007621,C00541,support_ticket,2026-07-06T18:16:27Z,15.2,ios
E0007622,C00525,page_view,2026-07-27T01:47:55Z,3.5,ios
E0007623,C00557,add_to_cart,2026-07-23T20:59:27Z,11.4,desktop
E0007624,C00271,support_ticket,2026-07-13T11:51:30Z,38.5,android
E0007625,C01069,checkout,2026-07-25T01:34:45Z,24.8,ios
E0007626,C00169,checkout,2026-07-11T04:47:34Z,18.0,desktop
E0007627,C00652,page_view,2026-07-14T08:07:44Z,19.7,desktop
E0007628,C00932,page_view,2026-07-25T12:01:16Z,33.1,ios
E0007629,C00924,checkout,2026-07-27T18:34:36Z,25.8,ios
E0007630,C00921,add_to_cart,2026-07-15T12:52:33Z,10.3,android
E0007631,C01132,support_ticket,2026-07-05T16:23:57Z,8.5,ios
E0007632,C00651,checkout,2026-07-09T05:43:54Z,15.9,ios
E0007633,C00686,page_view,2026-07-15T19:42:16Z,26.5,tablet
E0007634,C00941,page_view,2026-07-24T23:10:39Z,15.7,desktop
E0007635,C00249,add_to_cart,2026-07-15T07:37:22Z,3.3,ios
E0007636,C00808,support_ticket,2026-07-06T20:07:58Z,26.7,android
E0007637,C00056,page_view,2026-07-26T07:54:56Z,8.1,desktop
E0007638,C00447,add_to_cart,2026-07-21T06:07:29Z,39.7,desktop
E0007639,C00392,support_ticket,2026-07-04T00:38:28Z,3.0,ios
E0007640,C00042,refund_request,2026-07-09T06:38:16Z,10.5,android
E0007641,C01107,add_to_cart,2026-07-30T21:44:14Z,15.8,desktop
E0007642,C00790,page_view,2026-07-22T15:21:56Z,9.1,tablet
E0007643,C00614,refund_request,2026-07-05T05:05:48Z,24.2,android
E0007644,C00611,support_ticket,2026-07-14T00:05:18Z,26.4,desktop
E0007645,C00416,support_ticket,2026-07-04T16:33:37Z,28.2,ios
E0007646,C00714,refund_request,2026-07-18T11:53:08Z,36.3,desktop
E0007647,C00395,checkout,2026-07-04T23:55:22Z,35.2,desktop
E0007648,C00187,add_to_cart,2026-07-10T06:40:44Z,32.7,tablet
E0007649,C00742,page_view,2026-07-25T03:45:04Z,29.9,desktop
E0007650,C01176,page_view,2026-07-30T01:13:23Z,25.2,ios
E0007651,C00747,add_to_cart,2026-07-11T11:32:20Z,33.3,ios
E0007652,C01154,refund_request,2026-07-18T02:44:26Z,33.7,tablet
E0007653,C00117,support_ticket,2026-07-11T06:38:45Z,5.4,android
E0007654,C00369,support_ticket,2026-07-28T09:42:32Z,1.2,tablet
E0007655,C01117,add_to_cart,2026-07-07T02:45:45Z,37.8,desktop
E0007656,C00989,support_ticket,2026-07-01T01:56:02Z,7.5,desktop
E0007657,C00929,support_ticket,2026-07-30T14:09:00Z,9.5,ios
E0007658,C00281,page_view,2026-07-02T04:56:41Z,5.4,tablet
E0007659,C00296,page_view,2026-07-29T02:13:42Z,39.9,ios
E0007660,C01015,add_to_cart,2026-07-16T00:18:09Z,18.0,desktop
E0007661,C00157,support_ticket,2026-07-10T21:01:50Z,20.5,ios
E0007662,C00340,support_ticket,2026-07-07T14:14:01Z,14.2,ios
E0007663,C00233,refund_request,2026-07-30T04:58:38Z,10.1,desktop
E0007664,C01144,refund_request,2026-07-30T22:02:57Z,5.9,tablet
E0007665,C01145,add_to_cart,2026-07-17T08:22:28Z,10.0,tablet
E0007666,C00739,add_to_cart,2026-07-05T08:20:11Z,11.9,tablet
E0007667,C00532,checkout,2026-07-30T03:48:43Z,22.2,ios
E0007668,C00507,page_view,2026-07-26T12:18:36Z,32.6,desktop
E0007669,C00244,add_to_cart,2026-07-05T14:02:54Z,21.3,desktop
E0007670,C00141,page_view,2026-07-28T18:41:07Z,8.4,desktop
E0007671,C00830,add_to_cart,2026-07-24T00:55:15Z,15.0,ios
E0007672,C00882,add_to_cart,2026-07-16T15:10:56Z,0.5,ios
E0007673,C00198,checkout,2026-07-19T17:23:07Z,28.3,android
E0007674,C01132,checkout,2026-07-27T05:53:00Z,5.1,android
E0007675,C00134,support_ticket,2026-07-19T02:08:25Z,40.6,ios
E0007676,C00369,add_to_cart,2026-07-28T08:44:14Z,28.0,android
E0007677,C00772,checkout,2026-07-29T06:59:34Z,39.1,tablet
E0007678,C00176,page_view,2026-07-30T13:19:26Z,32.5,ios
E0007679,C00975,support_ticket,2026-07-31T20:12:07Z,38.1,tablet
E0007680,C00477,page_view,2026-07-22T09:42:51Z,41.8,android
E0007681,C00784,refund_request,2026-07-15T22:40:54Z,28.0,tablet
E0007682,C01095,page_view,2026-07-01T19:42:26Z,6.2,desktop
E0007683,C00812,page_view,2026-07-30T13:18:43Z,34.6,ios
E0007684,C00717,checkout,2026-07-14T00:58:50Z,26.1,tablet
E0007685,C00378,page_view,2026-07-09T09:07:46Z,29.0,android
E0007686,C00755,page_view,2026-07-31T01:42:28Z,26.7,android
E0007687,C00709,checkout,2026-07-26T03:57:21Z,34.3,desktop
E0007688,C00575,support_ticket,2026-07-29T19:30:10Z,14.8,android
E0007689,C01093,checkout,2026-07-18T01:27:33Z,12.4,ios
E0007690,C00156,support_ticket,2026-07-30T12:17:12Z,29.9,ios
E0007691,C00897,add_to_cart,2026-07-14T16:13:03Z,38.2,android
E0007692,C00775,support_ticket,2026-07-01T23:12:32Z,2.7,ios
E0007693,C00822,add_to_cart,2026-07-29T08:58:06Z,5.8,ios
E0007694,C00944,page_view,2026-07-17T12:18:31Z,32.5,android
E0007695,C00995,add_to_cart,2026-07-27T22:08:12Z,15.9,ios
E0007696,C01062,page_view,2026-07-23T07:11:08Z,3.6,ios
E0007697,C00508,add_to_cart,2026-07-11T16:20:48Z,6.5,tablet
E0007698,C00689,page_view,2026-07-11T00:34:14Z,39.8,android
E0007699,C00543,add_to_cart,2026-07-03T06:15:43Z,23.0,android
E0007700,C00444,refund_request,2026-07-29T19:05:11Z,26.7,desktop
E0007701,C00420,refund_request,2026-07-15T13:30:23Z,10.7,tablet
E0007702,C00485,refund_request,2026-07-15T19:59:46Z,18.0,android
E0007703,C00402,support_ticket,2026-07-08T06:55:16Z,17.4,android
E0007704,C01176,add_to_cart,2026-07-24T21:02:55Z,8.7,ios
E0007705,C00633,add_to_cart,2026-07-28T18:03:53Z,0.7,desktop
E0007706,C00891,refund_request,2026-07-03T07:41:37Z,34.6,desktop
E0007707,C00306,support_ticket,2026-07-11T20:16:12Z,5.9,android
E0007708,C00228,page_view,2026-07-26T02:48:05Z,36.3,desktop
E0007709,C00827,refund_request,2026-07-30T21:58:30Z,31.4,desktop
E0007710,C00456,add_to_cart,2026-07-20T13:43:26Z,15.9,ios
E0007711,C00432,checkout,2026-07-17T13:48:17Z,27.0,tablet
E0007712,C01054,checkout,2026-07-27T03:27:10Z,9.3,desktop
E0007713,C00933,page_view,2026-07-27T14:52:06Z,10.1,android
E0007714,C00961,checkout,2026-07-08T17:48:05Z,33.9,desktop
E0007715,C00688,add_to_cart,2026-07-21T17:28:14Z,35.1,tablet
E0007716,C00441,refund_request,2026-07-23T03:43:07Z,29.3,desktop
E0007717,C00075,checkout,2026-07-21T20:10:59Z,30.2,tablet
E0007718,C01047,refund_request,2026-07-12T03:40:01Z,4.6,ios
E0007719,C00194,checkout,2026-07-09T00:25:33Z,30.4,android
E0007720,C01091,add_to_cart,2026-07-15T17:08:49Z,35.5,desktop
E0007721,C00598,refund_request,2026-07-18T13:11:29Z,16.3,android
E0007722,C01181,refund_request,2026-07-31T00:32:01Z,5.3,desktop
E0007723,C00928,add_to_cart,2026-07-03T07:09:51Z,30.5,ios
E0007724,C00647,add_to_cart,2026-07-31T18:32:55Z,8.6,ios
E0007725,C00313,page_view,2026-07-10T07:04:08Z,23.4,android
E0007726,C00427,checkout,2026-07-14T04:50:39Z,28.6,android
E0007727,C00789,refund_request,2026-07-29T08:11:54Z,18.9,android
E0007728,C00243,checkout,2026-07-23T09:01:18Z,12.3,android
E0007729,C00778,refund_request,2026-07-19T00:36:07Z,16.0,android
E0007730,C00534,add_to_cart,2026-07-30T14:01:04Z,4.0,ios
E0007731,C00111,add_to_cart,2026-07-13T16:07:22Z,13.9,ios
E0007732,C00511,page_view,2026-07-08T02:08:29Z,37.9,android
E0007733,C00570,page_view,2026-07-13T09:05:37Z,25.9,ios
E0007734,C00739,page_view,2026-07-15T22:14:37Z,35.9,android
E0007735,C00311,page_view,2026-07-24T05:59:04Z,30.8,android
E0007736,C00367,page_view,2026-07-07T05:26:12Z,14.6,desktop
E0007737,C01138,support_ticket,2026-07-21T20:45:14Z,28.4,android
E0007738,C00517,add_to_cart,2026-07-03T15:05:40Z,23.0,android
E0007739,C00210,add_to_cart,2026-07-15T00:16:29Z,2.4,android
E0007740,C01021,refund_request,2026-07-06T19:39:03Z,20.5,android
E0007741,C00047,add_to_cart,2026-07-27T21:38:56Z,31.4,desktop
E0007742,C00712,page_view,2026-07-18T06:12:01Z,9.0,tablet
E0007743,C00876,support_ticket,2026-07-17T08:09:31Z,0.3,ios
E0007744,C01085,add_to_cart,2026-07-14T00:07:52Z,9.3,tablet
E0007745,C00289,add_to_cart,2026-07-12T09:53:50Z,19.9,tablet
E0007746,C00631,checkout,2026-07-21T00:07:55Z,25.1,tablet
E0007747,C00766,refund_request,2026-07-05T03:26:38Z,26.6,android
E0007748,C00070,support_ticket,2026-07-07T22:58:50Z,3.0,tablet
E0007749,C00124,add_to_cart,2026-07-01T14:20:25Z,29.6,desktop
E0007750,C00966,support_ticket,2026-07-27T03:56:50Z,26.9,desktop
E0007751,C00058,refund_request,2026-07-06T01:40:39Z,1.2,android
E0007752,C00406,support_ticket,2026-07-24T21:05:36Z,21.3,ios
E0007753,C00438,add_to_cart,2026-07-26T12:46:41Z,41.5,desktop
E0007754,C00957,refund_request,2026-07-16T05:19:41Z,7.3,ios
E0007755,C01008,page_view,2026-07-16T06:18:03Z,21.8,ios
E0007756,C00316,page_view,2026-07-16T01:22:41Z,30.3,ios
E0007757,C00624,page_view,2026-07-09T05:33:55Z,16.6,android
E0007758,C00935,support_ticket,2026-07-17T10:34:56Z,1.7,tablet
E0007759,C01030,add_to_cart,2026-07-03T17:22:10Z,14.5,desktop
E0007760,C00176,page_view,2026-07-15T04:19:29Z,27.7,ios
E0007761,C00854,checkout,2026-07-07T04:09:23Z,9.9,android
E0007762,C00057,refund_request,2026-07-31T02:18:21Z,12.0,desktop
E0007763,C00362,support_ticket,2026-07-03T14:53:43Z,8.5,android
E0007764,C00609,support_ticket,2026-07-09T08:45:19Z,3.8,ios
E0007765,C00647,checkout,2026-07-06T19:07:23Z,14.2,tablet
E0007766,C00026,refund_request,2026-07-01T15:47:50Z,22.9,ios
E0007767,C01195,checkout,2026-07-07T06:38:08Z,11.7,desktop
E0007768,C00757,add_to_cart,2026-07-27T19:57:23Z,10.7,desktop
E0007769,C00082,checkout,2026-07-01T11:07:25Z,14.2,desktop
E0007770,C00814,page_view,2026-07-27T03:41:17Z,13.7,desktop
E0007771,C00348,refund_request,2026-07-08T20:08:15Z,30.9,desktop
E0007772,C00246,page_view,2026-07-12T09:50:13Z,8.8,desktop
E0007773,C00945,refund_request,2026-07-21T08:02:02Z,26.5,android
E0007774,C00279,add_to_cart,2026-07-10T06:16:42Z,15.5,tablet
E0007775,C00369,add_to_cart,2026-07-03T09:35:14Z,20.5,android
E0007776,C00541,add_to_cart,2026-07-04T19:57:25Z,27.6,tablet
E0007777,C00858,add_to_cart,2026-07-19T19:34:45Z,26.1,tablet
E0007778,C00635,page_view,2026-07-24T12:38:53Z,17.1,tablet
E0007779,C00971,support_ticket,2026-07-02T23:09:38Z,33.3,android
E0007780,C00633,checkout,2026-07-05T10:18:29Z,35.5,ios
E0007781,C01124,page_view,2026-07-28T14:02:57Z,26.1,ios
E0007782,C00698,page_view,2026-07-13T20:32:12Z,40.0,tablet
E0007783,C00953,support_ticket,2026-07-07T18:43:40Z,17.0,android
E0007784,C00327,add_to_cart,2026-07-14T10:13:26Z,11.2,android
E0007785,C00073,refund_request,2026-07-20T10:03:26Z,33.4,ios
E0007786,C00203,add_to_cart,2026-07-18T16:15:01Z,33.6,android
E0007787,C01094,support_ticket,2026-07-10T09:03:36Z,18.4,ios
E0007788,C01124,page_view,2026-07-24T11:26:53Z,28.3,android
E0007789,C00557,checkout,2026-07-02T18:49:01Z,23.5,desktop
E0007790,C00945,add_to_cart,2026-07-14T16:21:53Z,35.6,ios
E0007791,C00094,checkout,2026-07-17T13:40:54Z,29.5,ios
E0007792,C00158,page_view,2026-07-17T03:33:48Z,14.7,android
E0007793,C01160,page_view,2026-07-30T23:27:20Z,5.4,tablet
E0007794,C00323,page_view,2026-07-20T19:59:46Z,16.9,android
E0007795,C01026,add_to_cart,2026-07-17T22:24:16Z,2.3,tablet
E0007796,C00871,support_ticket,2026-07-14T21:46:14Z,12.6,tablet
E0007797,C01025,checkout,2026-07-09T19:35:51Z,11.0,desktop
E0007798,C00248,page_view,2026-07-01T15:47:27Z,35.1,android
E0007799,C01173,add_to_cart,2026-07-16T02:15:23Z,9.4,ios
E0007800,C00082,checkout,2026-07-17T01:57:56Z,14.9,android
E0007801,C01011,support_ticket,2026-07-16T22:32:07Z,6.4,desktop
E0007802,C00620,checkout,2026-07-10T09:19:29Z,32.3,desktop
E0007803,C00382,add_to_cart,2026-07-06T12:13:54Z,13.3,ios
E0007804,C00034,refund_request,2026-07-08T00:01:05Z,20.2,tablet
E0007805,C00660,add_to_cart,2026-07-13T21:25:22Z,7.5,tablet
E0007806,C01171,checkout,2026-07-20T06:43:31Z,3.0,desktop
E0007807,C00236,support_ticket,2026-07-11T04:35:15Z,31.8,desktop
E0007808,C00771,page_view,2026-07-03T08:29:36Z,6.9,ios
E0007809,C00914,support_ticket,2026-07-26T13:10:40Z,7.1,ios
E0007810,C00249,checkout,2026-07-15T21:11:34Z,24.3,ios
E0007811,C00429,page_view,2026-07-14T03:04:03Z,12.5,desktop
E0007812,C00973,checkout,2026-07-28T14:21:41Z,39.8,desktop
E0007813,C00782,add_to_cart,2026-07-27T00:29:00Z,36.2,desktop
E0007814,C00631,checkout,2026-07-28T04:40:55Z,34.1,android
E0007815,C00233,checkout,2026-07-19T18:17:09Z,17.0,desktop
E0007816,C00634,page_view,2026-07-13T19:03:23Z,11.5,tablet
E0007817,C00953,support_ticket,2026-07-02T04:45:41Z,25.2,android
E0007818,C01067,checkout,2026-07-31T13:47:11Z,18.2,desktop
E0007819,C00430,refund_request,2026-07-01T22:17:16Z,12.2,tablet
E0007820,C01062,support_ticket,2026-07-18T23:14:18Z,34.3,desktop
E0007821,C00110,support_ticket,2026-07-24T11:25:19Z,17.8,ios
E0007822,C00250,checkout,2026-07-18T22:40:13Z,9.3,ios
E0007823,C01161,add_to_cart,2026-07-26T19:24:49Z,8.7,android
E0007824,C00211,support_ticket,2026-07-11T21:11:51Z,4.9,desktop
E0007825,C00584,refund_request,2026-07-20T16:20:25Z,39.5,android
E0007826,C00957,checkout,2026-07-12T08:01:45Z,29.1,desktop
E0007827,C00267,checkout,2026-07-21T02:37:25Z,33.6,android
E0007828,C00929,page_view,2026-07-05T18:51:26Z,30.8,tablet
E0007829,C00071,add_to_cart,2026-07-26T10:21:39Z,27.1,desktop
E0007830,C00431,support_ticket,2026-07-12T05:01:57Z,27.5,desktop
E0007831,C00472,refund_request,2026-07-24T09:41:22Z,5.7,desktop
E0007832,C01056,add_to_cart,2026-07-05T02:19:30Z,23.9,desktop
E0007833,C00861,checkout,2026-07-28T15:27:56Z,17.7,desktop
E0007834,C00012,refund_request,2026-07-14T10:38:26Z,33.4,desktop
E0007835,C00207,checkout,2026-07-05T18:12:15Z,30.9,desktop
E0007836,C00280,support_ticket,2026-07-16T10:27:32Z,12.4,desktop
E0007837,C00988,refund_request,2026-07-13T18:02:14Z,32.6,desktop
E0007838,C00661,refund_request,2026-07-20T05:57:34Z,8.4,ios
E0007839,C00857,checkout,2026-07-29T10:16:39Z,14.8,android
E0007840,C00552,checkout,2026-07-17T12:27:44Z,35.7,tablet
E0007841,C01120,checkout,2026-07-31T09:57:38Z,27.5,ios
E0007842,C00649,page_view,2026-07-30T07:35:11Z,30.9,ios
E0007843,C00743,refund_request,2026-07-26T07:56:57Z,27.9,android
E0007844,C00696,refund_request,2026-07-14T19:36:47Z,23.7,tablet
E0007845,C00195,add_to_cart,2026-07-18T17:42:59Z,6.1,desktop
E0007846,C00262,page_view,2026-07-14T17:50:58Z,22.0,ios
E0007847,C01137,support_ticket,2026-07-28T17:21:02Z,1.3,ios
E0007848,C00196,checkout,2026-07-28T10:45:57Z,9.8,desktop
E0007849,C01188,checkout,2026-07-10T04:08:40Z,34.9,tablet
E0007850,C00705,add_to_cart,2026-07-18T10:46:37Z,28.6,ios
E0007851,C00690,page_view,2026-07-14T22:13:16Z,24.6,ios
E0007852,C00249,checkout,2026-07-24T21:35:14Z,4.0,desktop
E0007853,C00291,add_to_cart,2026-07-22T06:41:01Z,19.3,tablet
E0007854,C00271,refund_request,2026-07-25T15:19:17Z,17.9,tablet
E0007855,C00886,refund_request,2026-07-16T12:59:00Z,34.6,desktop
E0007856,C00034,add_to_cart,2026-07-17T01:51:46Z,13.5,ios
E0007857,C00478,checkout,2026-07-24T18:47:38Z,30.1,android
E0007858,C00890,page_view,2026-07-01T04:40:28Z,32.6,desktop
E0007859,C00207,support_ticket,2026-07-16T20:59:19Z,40.8,android
E0007860,C00211,refund_request,2026-07-14T17:24:49Z,40.3,ios
E0007861,C00853,checkout,2026-07-30T17:19:26Z,12.9,ios
E0007862,C00622,refund_request,2026-07-28T14:10:45Z,4.4,tablet
E0007863,C00327,checkout,2026-07-25T08:45:16Z,34.9,android
E0007864,C01187,add_to_cart,2026-07-26T04:10:53Z,34.0,tablet
E0007865,C00312,page_view,2026-07-08T08:28:03Z,3.1,desktop
E0007866,C01135,refund_request,2026-07-15T06:57:00Z,12.5,desktop
E0007867,C00587,support_ticket,2026-07-31T01:20:52Z,35.8,android
E0007868,C01061,support_ticket,2026-07-30T08:31:40Z,35.3,android
E0007869,C00258,refund_request,2026-07-07T20:55:17Z,17.2,desktop
E0007870,C00795,add_to_cart,2026-07-01T14:49:12Z,34.2,ios
E0007871,C00445,add_to_cart,2026-07-04T05:18:18Z,33.4,desktop
E0007872,C01177,add_to_cart,2026-07-23T19:34:36Z,2.7,desktop
E0007873,C00551,add_to_cart,2026-07-10T17:09:45Z,27.2,tablet
E0007874,C00336,page_view,2026-07-30T20:59:37Z,33.1,android
E0007875,C00300,checkout,2026-07-23T21:31:55Z,2.4,tablet
E0007876,C00717,add_to_cart,2026-07-27T06:11:51Z,34.1,tablet
E0007877,C01182,refund_request,2026-07-12T09:02:18Z,8.2,desktop
E0007878,C00066,refund_request,2026-07-13T22:40:47Z,30.5,android
E0007879,C01106,add_to_cart,2026-07-27T21:19:33Z,7.4,desktop
E0007880,C00787,refund_request,2026-07-10T18:42:12Z,37.2,ios
E0007881,C00271,checkout,2026-07-07T22:35:18Z,19.4,android
E0007882,C00112,add_to_cart,2026-07-06T02:02:59Z,34.4,tablet
E0007883,C00404,refund_request,2026-07-11T15:24:25Z,16.8,android
E0007884,C00067,checkout,2026-07-15T20:12:30Z,41.1,desktop
E0007885,C01085,page_view,2026-07-30T06:52:49Z,38.0,desktop
E0007886,C00470,checkout,2026-07-01T05:07:04Z,5.6,desktop
E0007887,C01137,refund_request,2026-07-02T14:28:02Z,29.7,desktop
E0007888,C00335,checkout,2026-07-03T04:28:12Z,21.7,tablet
E0007889,C00455,add_to_cart,2026-07-15T04:19:58Z,24.5,ios
E0007890,C01186,refund_request,2026-07-01T14:25:23Z,8.7,android
E0007891,C00087,refund_request,2026-07-10T01:35:21Z,6.9,ios
E0007892,C00911,page_view,2026-07-02T06:45:33Z,18.5,ios
E0007893,C00924,support_ticket,2026-07-29T05:16:24Z,34.3,android
E0007894,C00721,page_view,2026-07-01T19:12:02Z,31.6,desktop
E0007895,C01044,checkout,2026-07-18T21:03:22Z,19.6,desktop
E0007896,C00448,support_ticket,2026-07-01T05:08:55Z,40.7,ios
E0007897,C00935,checkout,2026-07-09T13:14:27Z,26.9,ios
E0007898,C00495,checkout,2026-07-17T21:51:58Z,37.5,tablet
E0007899,C00124,page_view,2026-07-19T14:31:11Z,19.8,ios
E0007900,C00139,refund_request,2026-07-07T01:52:58Z,24.5,ios
E0007901,C00004,checkout,2026-07-21T15:03:30Z,30.3,tablet
E0007902,C00768,support_ticket,2026-07-24T13:48:06Z,24.0,desktop
E0007903,C00555,support_ticket,2026-07-26T09:11:26Z,34.6,android
E0007904,C00053,checkout,2026-07-28T12:09:10Z,42.0,ios
E0007905,C00603,checkout,2026-07-28T18:21:09Z,2.3,ios
E0007906,C00360,support_ticket,2026-07-15T05:41:27Z,27.4,android
E0007907,C00174,page_view,2026-07-11T05:22:46Z,14.6,android
E0007908,C00732,support_ticket,2026-07-27T20:41:02Z,35.1,desktop
E0007909,C00099,add_to_cart,2026-07-15T11:41:38Z,39.6,android
E0007910,C00719,checkout,2026-07-28T18:48:12Z,39.6,desktop
E0007911,C00241,refund_request,2026-07-31T12:09:51Z,29.2,android
E0007912,C00786,checkout,2026-07-19T07:05:50Z,23.3,android
E0007913,C01040,add_to_cart,2026-07-20T22:29:58Z,37.6,ios
E0007914,C00079,support_ticket,2026-07-14T08:19:45Z,20.9,ios
E0007915,C00544,support_ticket,2026-07-11T04:34:58Z,23.7,desktop
E0007916,C00611,page_view,2026-07-20T07:56:54Z,15.8,desktop
E0007917,C00680,refund_request,2026-07-14T12:56:19Z,21.8,desktop
E0007918,C00284,add_to_cart,2026-07-12T06:58:01Z,41.3,android
E0007919,C00568,checkout,2026-07-24T11:24:32Z,39.2,desktop
E0007920,C00452,support_ticket,2026-07-06T21:50:16Z,30.7,ios
E0007921,C00566,page_view,2026-07-23T07:46:31Z,13.9,desktop
E0007922,C01090,add_to_cart,2026-07-16T21:28:44Z,9.3,desktop
E0007923,C00871,page_view,2026-07-08T02:34:08Z,27.7,ios
E0007924,C01078,support_ticket,2026-07-01T14:59:19Z,25.9,tablet
E0007925,C00394,checkout,2026-07-23T19:19:21Z,7.3,tablet
E0007926,C00291,refund_request,2026-07-04T03:08:43Z,12.8,android
E0007927,C00329,checkout,2026-07-31T08:20:28Z,3.5,desktop
E0007928,C00792,page_view,2026-07-31T13:50:13Z,29.2,desktop
E0007929,C00765,add_to_cart,2026-07-17T21:31:38Z,15.1,tablet
E0007930,C00157,refund_request,2026-07-24T18:49:10Z,3.9,android
E0007931,C00465,add_to_cart,2026-07-15T01:24:59Z,22.7,desktop
E0007932,C00215,support_ticket,2026-07-24T20:58:24Z,5.3,ios
E0007933,C00270,checkout,2026-07-13T23:32:03Z,7.6,desktop
E0007934,C00816,refund_request,2026-07-28T08:37:40Z,6.0,android
E0007935,C00928,page_view,2026-07-22T00:07:53Z,32.1,ios
E0007936,C00281,refund_request,2026-07-14T00:45:38Z,16.7,desktop
E0007937,C00711,add_to_cart,2026-07-17T22:01:01Z,29.7,tablet
E0007938,C00133,page_view,2026-07-30T21:52:20Z,16.2,tablet
E0007939,C00611,page_view,2026-07-26T13:50:04Z,34.9,android
E0007940,C00974,checkout,2026-07-31T09:22:09Z,28.7,tablet
E0007941,C01169,support_ticket,2026-07-23T14:42:13Z,6.6,android
E0007942,C00533,support_ticket,2026-07-15T23:41:22Z,25.4,ios
E0007943,C00431,refund_request,2026-07-05T04:43:59Z,2.6,tablet
E0007944,C00576,refund_request,2026-07-31T21:15:38Z,22.5,tablet
E0007945,C00207,checkout,2026-07-01T17:56:50Z,23.3,desktop
E0007946,C01174,add_to_cart,2026-07-02T03:35:36Z,0.5,desktop
E0007947,C00494,page_view,2026-07-29T02:00:00Z,11.9,desktop
E0007948,C01007,page_view,2026-07-09T01:43:58Z,6.2,android
E0007949,C00961,refund_request,2026-07-24T00:57:15Z,13.0,ios
E0007950,C01013,page_view,2026-07-07T19:29:18Z,1.3,desktop
E0007951,C00395,add_to_cart,2026-07-22T03:33:04Z,6.3,ios
E0007952,C00931,page_view,2026-07-29T01:51:07Z,15.7,android
E0007953,C00494,add_to_cart,2026-07-12T10:23:29Z,20.7,android
E0007954,C00362,support_ticket,2026-07-26T21:27:14Z,0.3,desktop
E0007955,C00301,support_ticket,2026-07-29T18:24:14Z,1.4,ios
E0007956,C01108,checkout,2026-07-29T14:24:30Z,19.7,android
E0007957,C00815,checkout,2026-07-12T20:49:36Z,21.0,desktop
E0007958,C01116,support_ticket,2026-07-20T23:03:25Z,4.4,ios
E0007959,C00956,add_to_cart,2026-07-08T02:51:58Z,28.3,android
E0007960,C00091,checkout,2026-07-07T00:16:51Z,16.9,ios
E0007961,C01173,add_to_cart,2026-07-01T09:13:50Z,39.5,android
E0007962,C00824,page_view,2026-07-15T13:01:33Z,1.9,android
E0007963,C00944,checkout,2026-07-28T22:47:56Z,20.5,ios
E0007964,C00143,refund_request,2026-07-01T08:21:12Z,3.9,ios
E0007965,C00527,add_to_cart,2026-07-06T23:29:25Z,38.8,android
E0007966,C00627,checkout,2026-07-30T15:09:03Z,17.4,ios
E0007967,C00002,support_ticket,2026-07-19T10:12:44Z,28.5,tablet
E0007968,C00208,support_ticket,2026-07-24T01:53:02Z,30.2,ios
E0007969,C00186,support_ticket,2026-07-09T06:08:54Z,33.2,android
E0007970,C00150,add_to_cart,2026-07-02T12:42:11Z,13.8,ios
E0007971,C00743,add_to_cart,2026-07-26T21:48:25Z,13.0,android
E0007972,C00816,refund_request,2026-07-24T06:51:32Z,8.9,ios
E0007973,C00065,support_ticket,2026-07-13T01:45:01Z,18.3,tablet
E0007974,C00983,checkout,2026-07-01T06:26:01Z,31.4,tablet
E0007975,C00079,page_view,2026-07-16T09:38:07Z,34.1,ios
E0007976,C01188,page_view,2026-07-19T23:43:24Z,31.2,android
E0007977,C00830,refund_request,2026-07-28T03:33:00Z,12.6,android
E0007978,C00147,refund_request,2026-07-09T00:43:23Z,27.2,desktop
E0007979,C00850,page_view,2026-07-05T06:28:33Z,2.0,android
E0007980,C00219,page_view,2026-07-12T10:39:56Z,19.6,android
E0007981,C00835,support_ticket,2026-07-31T15:39:24Z,36.7,tablet
E0007982,C00167,support_ticket,2026-07-05T23:18:20Z,4.6,ios
E0007983,C00464,checkout,2026-07-19T08:57:49Z,32.5,android
E0007984,C00542,page_view,2026-07-08T07:01:56Z,25.4,ios
E0007985,C00666,refund_request,2026-07-04T21:58:20Z,23.4,desktop
E0007986,C00176,add_to_cart,2026-07-23T06:21:59Z,24.7,tablet
E0007987,C01155,add_to_cart,2026-07-25T16:56:30Z,30.2,android
E0007988,C00167,page_view,2026-07-04T12:45:15Z,14.8,tablet
E0007989,C00852,checkout,2026-07-07T05:46:44Z,8.7,tablet
E0007990,C00564,refund_request,2026-07-03T21:51:22Z,7.7,ios
E0007991,C00501,support_ticket,2026-07-12T07:39:26Z,4.6,ios
E0007992,C00540,page_view,2026-07-06T10:52:36Z,9.9,android
E0007993,C00602,add_to_cart,2026-07-28T15:46:19Z,26.8,tablet
E0007994,C01108,support_ticket,2026-07-06T02:26:45Z,9.5,tablet
E0007995,C00188,add_to_cart,2026-07-17T15:13:42Z,37.1,desktop
E0007996,C01075,support_ticket,2026-07-21T05:00:33Z,34.4,ios
E0007997,C00420,refund_request,2026-07-09T19:51:18Z,15.5,android
E0007998,C00526,checkout,2026-07-05T09:18:27Z,3.5,android
E0007999,C00772,page_view,2026-07-01T11:28:58Z,19.3,ios
E0008000,C00506,refund_request,2026-07-14T10:31:28Z,11.9,desktop
E0008001,C00722,refund_request,2026-07-08T11:06:41Z,38.7,tablet
E0008002,C01116,add_to_cart,2026-07-14T01:55:01Z,23.9,desktop
E0008003,C00892,add_to_cart,2026-07-26T05:53:34Z,33.9,android
E0008004,C00015,checkout,2026-07-23T02:11:27Z,33.2,ios
E0008005,C00669,support_ticket,2026-07-03T10:46:31Z,13.0,desktop
E0008006,C00898,support_ticket,2026-07-01T14:18:56Z,41.7,tablet
E0008007,C00487,page_view,2026-07-02T23:15:51Z,41.6,ios
E0008008,C00873,support_ticket,2026-07-08T02:54:14Z,20.0,android
E0008009,C00060,refund_request,2026-07-23T03:55:10Z,35.9,desktop
E0008010,C00294,page_view,2026-07-15T00:59:32Z,18.1,desktop
E0008011,C00318,refund_request,2026-07-09T18:47:01Z,25.1,ios
E0008012,C00908,refund_request,2026-07-01T03:01:14Z,30.1,android
E0008013,C01082,checkout,2026-07-22T21:53:11Z,26.0,android
E0008014,C00665,support_ticket,2026-07-09T09:10:32Z,39.1,android
E0008015,C00706,checkout,2026-07-03T17:15:28Z,42.0,android
E0008016,C00072,add_to_cart,2026-07-27T12:17:58Z,33.9,android
E0008017,C00353,add_to_cart,2026-07-28T19:53:58Z,6.8,android
E0008018,C00221,page_view,2026-07-28T18:11:39Z,0.8,tablet
E0008019,C00199,add_to_cart,2026-07-30T02:34:29Z,16.1,ios
E0008020,C00368,refund_request,2026-07-02T17:35:10Z,8.0,tablet
E0008021,C00281,refund_request,2026-07-04T10:22:10Z,14.0,desktop
E0008022,C00319,support_ticket,2026-07-22T23:46:56Z,24.3,ios
E0008023,C00684,support_ticket,2026-07-11T19:05:44Z,21.7,tablet
E0008024,C00321,page_view,2026-07-01T14:36:55Z,2.4,tablet
E0008025,C00976,checkout,2026-07-20T23:18:21Z,37.5,android
E0008026,C00020,refund_request,2026-07-24T21:05:52Z,29.6,android
E0008027,C00641,checkout,2026-07-06T08:32:43Z,33.7,desktop
E0008028,C00253,refund_request,2026-07-30T07:42:30Z,4.5,tablet
E0008029,C00582,checkout,2026-07-31T16:51:04Z,30.6,tablet
E0008030,C00081,checkout,2026-07-21T13:12:41Z,33.9,desktop
E0008031,C00978,page_view,2026-07-01T16:57:03Z,27.4,android
E0008032,C00805,page_view,2026-07-03T09:56:00Z,13.5,ios
E0008033,C00996,support_ticket,2026-07-19T08:29:49Z,22.5,tablet
E0008034,C00084,add_to_cart,2026-07-20T23:54:02Z,7.9,tablet
E0008035,C00024,support_ticket,2026-07-17T14:13:19Z,35.1,android
E0008036,C00482,add_to_cart,2026-07-10T01:31:58Z,27.6,desktop
E0008037,C00355,refund_request,2026-07-26T04:02:54Z,26.8,desktop
E0008038,C00027,add_to_cart,2026-07-14T05:28:20Z,2.1,android
E0008039,C00954,refund_request,2026-07-08T14:21:36Z,22.5,ios
E0008040,C01140,refund_request,2026-07-07T21:42:15Z,6.9,android
E0008041,C00697,support_ticket,2026-07-10T11:51:45Z,23.9,tablet
E0008042,C00884,checkout,2026-07-17T08:09:29Z,41.1,desktop
E0008043,C00551,refund_request,2026-07-25T18:01:43Z,16.7,ios
E0008044,C00534,page_view,2026-07-26T14:37:33Z,36.2,ios
E0008045,C00347,support_ticket,2026-07-07T18:03:26Z,7.6,desktop
E0008046,C01161,page_view,2026-07-19T22:36:28Z,11.8,tablet
E0008047,C00611,refund_request,2026-07-25T08:51:08Z,11.6,android
E0008048,C01034,support_ticket,2026-07-20T04:47:04Z,3.7,ios
E0008049,C00011,page_view,2026-07-27T02:11:26Z,36.9,ios
E0008050,C00455,add_to_cart,2026-07-12T08:50:47Z,14.9,desktop
E0008051,C00576,checkout,2026-07-05T15:11:00Z,1.1,desktop
E0008052,C00992,support_ticket,2026-07-24T00:43:42Z,30.8,desktop
E0008053,C00517,checkout,2026-07-27T07:22:15Z,14.1,desktop
E0008054,C00116,checkout,2026-07-28T14:00:06Z,28.2,ios
E0008055,C00596,support_ticket,2026-07-05T23:49:39Z,4.2,ios
E0008056,C00040,refund_request,2026-07-30T19:44:52Z,2.1,ios
E0008057,C00606,checkout,2026-07-06T22:01:42Z,19.4,ios
E0008058,C00030,refund_request,2026-07-06T02:17:28Z,25.4,desktop
E0008059,C00598,refund_request,2026-07-02T04:52:28Z,25.2,desktop
E0008060,C00807,page_view,2026-07-23T01:07:13Z,18.8,ios
E0008061,C00878,support_ticket,2026-07-14T13:20:31Z,23.4,android
E0008062,C00253,support_ticket,2026-07-13T15:05:04Z,6.8,tablet
E0008063,C00427,page_view,2026-07-06T13:14:29Z,4.0,android
E0008064,C00540,support_ticket,2026-07-01T20:30:10Z,33.9,tablet
E0008065,C00435,add_to_cart,2026-07-20T13:58:00Z,36.4,tablet
E0008066,C00250,support_ticket,2026-07-15T19:57:02Z,9.0,tablet
E0008067,C00617,page_view,2026-07-22T21:33:09Z,39.6,desktop
E0008068,C01022,refund_request,2026-07-06T08:54:15Z,5.7,desktop
E0008069,C00754,refund_request,2026-07-25T13:45:34Z,18.7,tablet
E0008070,C00741,page_view,2026-07-22T06:29:51Z,32.6,desktop
E0008071,C00757,page_view,2026-07-10T08:26:51Z,33.3,desktop
E0008072,C00545,add_to_cart,2026-07-14T21:54:42Z,23.8,ios
E0008073,C00471,add_to_cart,2026-07-31T05:30:52Z,8.9,desktop
E0008074,C00611,add_to_cart,2026-07-02T14:44:19Z,28.9,android
E0008075,C00450,add_to_cart,2026-07-11T04:30:55Z,5.2,desktop
E0008076,C00768,support_ticket,2026-07-06T16:54:38Z,21.5,ios
E0008077,C00733,page_view,2026-07-26T13:09:00Z,37.9,ios
E0008078,C00070,support_ticket,2026-07-16T14:37:48Z,30.1,android
E0008079,C01027,add_to_cart,2026-07-19T11:54:40Z,32.1,tablet
E0008080,C00881,checkout,2026-07-19T10:04:55Z,16.4,tablet
E0008081,C00595,refund_request,2026-07-13T05:33:46Z,11.4,ios
E0008082,C00406,add_to_cart,2026-07-08T12:13:30Z,25.5,android
E0008083,C00968,refund_request,2026-07-03T20:04:34Z,10.6,android
E0008084,C00508,support_ticket,2026-07-28T20:39:33Z,36.4,tablet
E0008085,C00018,add_to_cart,2026-07-15T04:05:52Z,15.7,ios
E0008086,C01182,checkout,2026-07-13T06:54:55Z,4.3,ios
E0008087,C01173,page_view,2026-07-29T00:55:10Z,18.1,tablet
E0008088,C00662,support_ticket,2026-07-30T14:39:34Z,14.8,ios
E0008089,C00136,page_view,2026-07-12T08:30:48Z,6.0,android
E0008090,C00030,refund_request,2026-07-05T03:54:39Z,25.6,desktop
E0008091,C00615,checkout,2026-07-17T16:01:53Z,27.3,ios
E0008092,C00284,page_view,2026-07-14T00:19:25Z,3.7,tablet
E0008093,C00673,checkout,2026-07-29T23:52:17Z,0.5,ios
E0008094,C00568,refund_request,2026-07-23T11:13:23Z,2.4,ios
E0008095,C01149,page_view,2026-07-11T23:49:33Z,15.9,android
E0008096,C00232,add_to_cart,2026-07-24T06:26:52Z,24.4,ios
E0008097,C01076,checkout,2026-07-29T08:07:22Z,9.0,tablet
E0008098,C00543,refund_request,2026-07-27T22:35:29Z,31.3,desktop
E0008099,C00343,add_to_cart,2026-07-28T05:35:29Z,19.0,android
E0008100,C01175,checkout,2026-07-16T20:53:58Z,35.4,tablet
E0008101,C00404,checkout,2026-07-08T06:02:10Z,28.9,tablet
E0008102,C00808,refund_request,2026-07-09T09:02:56Z,15.6,tablet
E0008103,C00247,add_to_cart,2026-07-14T09:27:42Z,12.3,tablet
E0008104,C01114,checkout,2026-07-21T12:15:59Z,36.0,tablet
E0008105,C00195,add_to_cart,2026-07-04T22:00:39Z,27.4,desktop
E0008106,C00988,add_to_cart,2026-07-10T01:08:37Z,25.2,ios
E0008107,C00760,checkout,2026-07-24T16:22:05Z,36.4,ios
E0008108,C00394,add_to_cart,2026-07-28T04:16:56Z,19.1,tablet
E0008109,C00106,page_view,2026-07-19T19:35:18Z,6.2,desktop
E0008110,C00544,page_view,2026-07-18T15:07:18Z,21.3,ios
E0008111,C00383,support_ticket,2026-07-27T09:38:14Z,9.4,ios
E0008112,C00262,checkout,2026-07-27T14:04:44Z,4.7,desktop
E0008113,C00050,page_view,2026-07-25T22:53:26Z,15.4,ios
E0008114,C00047,refund_request,2026-07-26T17:44:06Z,36.1,ios
E0008115,C01106,page_view,2026-07-12T00:22:29Z,28.7,tablet
E0008116,C00091,add_to_cart,2026-07-04T18:28:06Z,7.5,tablet
E0008117,C00298,refund_request,2026-07-14T22:27:45Z,30.8,desktop
E0008118,C00099,checkout,2026-07-10T06:48:46Z,36.3,android
E0008119,C00989,refund_request,2026-07-18T04:40:47Z,35.1,desktop
E0008120,C00146,add_to_cart,2026-07-29T18:51:20Z,13.1,ios
E0008121,C00272,support_ticket,2026-07-21T18:27:20Z,26.7,ios
E0008122,C00246,refund_request,2026-07-15T11:32:08Z,35.2,ios
E0008123,C00073,support_ticket,2026-07-25T05:43:07Z,21.3,android
E0008124,C00481,checkout,2026-07-25T12:54:27Z,12.5,desktop
E0008125,C00538,checkout,2026-07-24T14:35:44Z,35.0,desktop
E0008126,C00978,add_to_cart,2026-07-22T09:07:59Z,6.8,ios
E0008127,C00235,page_view,2026-07-19T02:43:48Z,13.0,ios
E0008128,C00295,page_view,2026-07-06T01:50:56Z,28.6,desktop
E0008129,C00802,page_view,2026-07-11T14:29:47Z,30.7,android
E0008130,C00602,support_ticket,2026-07-31T11:49:56Z,18.1,desktop
E0008131,C01192,add_to_cart,2026-07-22T12:02:03Z,36.6,desktop
E0008132,C01186,support_ticket,2026-07-04T05:41:13Z,8.9,desktop
E0008133,C01139,refund_request,2026-07-12T06:32:02Z,25.6,android
E0008134,C01109,page_view,2026-07-15T11:45:00Z,20.0,ios
E0008135,C01160,refund_request,2026-07-08T11:29:27Z,12.3,tablet
E0008136,C00542,checkout,2026-07-23T18:36:19Z,20.0,android
E0008137,C00180,refund_request,2026-07-17T05:58:25Z,28.6,desktop
E0008138,C00927,support_ticket,2026-07-19T06:07:51Z,17.6,tablet
E0008139,C00313,support_ticket,2026-07-08T19:46:35Z,16.1,tablet
E0008140,C00811,refund_request,2026-07-11T04:20:22Z,9.8,ios
E0008141,C00997,refund_request,2026-07-22T04:57:24Z,10.4,tablet
E0008142,C00409,support_ticket,2026-07-18T20:07:16Z,16.9,ios
E0008143,C00598,checkout,2026-07-24T15:42:53Z,28.7,ios
E0008144,C01148,support_ticket,2026-07-10T10:27:10Z,40.1,desktop
E0008145,C00511,checkout,2026-07-23T17:34:29Z,1.7,desktop
E0008146,C00452,page_view,2026-07-26T13:05:23Z,8.5,ios
E0008147,C00269,add_to_cart,2026-07-29T21:44:08Z,41.1,android
E0008148,C00071,refund_request,2026-07-06T09:40:15Z,8.1,ios
E0008149,C00187,refund_request,2026-07-16T05:40:15Z,17.3,android
E0008150,C00112,add_to_cart,2026-07-13T09:29:50Z,14.9,android
E0008151,C00399,checkout,2026-07-22T02:44:19Z,30.4,desktop
E0008152,C01171,add_to_cart,2026-07-11T20:29:05Z,41.4,ios
E0008153,C00910,add_to_cart,2026-07-22T22:08:18Z,5.6,android
E0008154,C00053,support_ticket,2026-07-14T09:41:22Z,20.2,desktop
E0008155,C01104,refund_request,2026-07-27T18:22:38Z,20.1,android
E0008156,C00179,checkout,2026-07-16T04:17:09Z,18.6,ios
E0008157,C00228,checkout,2026-07-11T01:10:58Z,16.6,tablet
E0008158,C00554,support_ticket,2026-07-21T19:04:23Z,34.8,ios
E0008159,C00297,refund_request,2026-07-07T12:53:26Z,28.5,ios
E0008160,C00175,refund_request,2026-07-07T18:00:08Z,14.9,tablet
E0008161,C00586,add_to_cart,2026-07-01T12:23:13Z,27.8,tablet
E0008162,C00223,page_view,2026-07-12T18:08:24Z,20.4,desktop
E0008163,C00888,refund_request,2026-07-24T02:26:13Z,37.8,desktop
E0008164,C00126,refund_request,2026-07-16T10:05:10Z,0.4,android
E0008165,C00108,add_to_cart,2026-07-23T13:28:53Z,34.5,ios
E0008166,C01008,checkout,2026-07-13T21:28:17Z,3.8,ios
E0008167,C00347,support_ticket,2026-07-08T15:13:44Z,16.2,android
E0008168,C01031,page_view,2026-07-01T13:35:59Z,12.4,android
E0008169,C00494,add_to_cart,2026-07-25T17:00:40Z,7.9,desktop
E0008170,C01075,add_to_cart,2026-07-05T17:04:53Z,3.6,desktop
E0008171,C00878,support_ticket,2026-07-24T07:13:57Z,6.8,ios
E0008172,C00477,page_view,2026-07-13T17:18:09Z,28.3,desktop
E0008173,C00480,page_view,2026-07-30T08:35:27Z,13.7,ios
E0008174,C00778,checkout,2026-07-05T03:20:57Z,4.3,desktop
E0008175,C00816,checkout,2026-07-25T05:17:47Z,16.6,ios
E0008176,C00731,add_to_cart,2026-07-31T14:50:45Z,40.4,desktop
E0008177,C00999,page_view,2026-07-21T05:59:40Z,25.0,android
E0008178,C00089,refund_request,2026-07-16T05:24:20Z,10.0,ios
E0008179,C01169,add_to_cart,2026-07-03T14:23:07Z,19.2,desktop
E0008180,C01075,refund_request,2026-07-08T12:46:40Z,25.3,ios
E0008181,C00891,support_ticket,2026-07-24T09:38:40Z,11.5,desktop
E0008182,C01145,add_to_cart,2026-07-14T14:53:20Z,0.0,ios
E0008183,C00262,support_ticket,2026-07-02T08:57:23Z,15.4,ios
E0008184,C01095,page_view,2026-07-02T07:49:00Z,22.5,ios
E0008185,C00312,checkout,2026-07-05T19:55:02Z,33.3,tablet
E0008186,C00412,page_view,2026-07-06T00:04:28Z,19.5,ios
E0008187,C00279,page_view,2026-07-15T19:54:08Z,33.6,desktop
E0008188,C00780,refund_request,2026-07-28T10:40:17Z,27.3,ios
E0008189,C00756,checkout,2026-07-29T20:23:02Z,1.2,desktop
E0008190,C00617,checkout,2026-07-23T07:04:28Z,12.0,ios
E0008191,C00369,checkout,2026-07-05T02:49:34Z,37.3,desktop
E0008192,C00662,add_to_cart,2026-07-20T08:54:52Z,38.8,ios
E0008193,C00888,checkout,2026-07-25T20:45:49Z,23.7,ios
E0008194,C00005,add_to_cart,2026-07-13T00:46:35Z,36.3,android
E0008195,C00438,checkout,2026-07-15T23:15:35Z,24.7,android
E0008196,C00884,add_to_cart,2026-07-09T00:36:23Z,36.2,desktop
E0008197,C01133,add_to_cart,2026-07-25T09:30:58Z,32.1,android
E0008198,C00857,support_ticket,2026-07-07T19:14:57Z,39.4,android
E0008199,C00655,checkout,2026-07-13T00:04:33Z,37.6,android
E0008200,C01160,page_view,2026-07-29T08:11:24Z,39.2,tablet
E0008201,C00236,refund_request,2026-07-12T13:56:34Z,14.4,ios
E0008202,C00009,add_to_cart,2026-07-29T09:53:12Z,12.1,tablet
E0008203,C00616,support_ticket,2026-07-06T00:57:17Z,31.2,ios
E0008204,C00730,support_ticket,2026-07-06T16:08:18Z,26.4,desktop
E0008205,C00769,page_view,2026-07-21T23:00:48Z,4.6,android
E0008206,C00555,support_ticket,2026-07-21T14:58:07Z,16.1,ios
E0008207,C01152,refund_request,2026-07-20T21:56:19Z,0.6,desktop
E0008208,C00608,page_view,2026-07-21T11:56:49Z,41.7,desktop
E0008209,C00723,refund_request,2026-07-16T13:34:29Z,6.6,android
E0008210,C01166,support_ticket,2026-07-12T21:40:08Z,20.8,ios
E0008211,C01193,checkout,2026-07-22T07:03:36Z,0.2,android
E0008212,C01000,page_view,2026-07-01T20:45:02Z,16.1,ios
E0008213,C00508,checkout,2026-07-02T07:01:44Z,6.7,android
E0008214,C00497,page_view,2026-07-30T23:31:59Z,18.3,android
E0008215,C00473,add_to_cart,2026-07-18T10:45:49Z,15.5,tablet
E0008216,C00628,add_to_cart,2026-07-04T20:25:20Z,8.2,ios
E0008217,C00222,add_to_cart,2026-07-26T16:29:33Z,7.1,android
E0008218,C00617,add_to_cart,2026-07-11T05:54:18Z,30.6,desktop
E0008219,C00378,refund_request,2026-07-30T20:01:47Z,9.0,tablet
E0008220,C00984,support_ticket,2026-07-16T18:42:49Z,10.1,tablet
E0008221,C00698,support_ticket,2026-07-07T04:44:17Z,37.2,android
E0008222,C01034,checkout,2026-07-10T11:06:19Z,20.1,android
E0008223,C00345,refund_request,2026-07-19T01:31:45Z,37.2,tablet
E0008224,C00421,refund_request,2026-07-27T06:12:30Z,6.4,android
E0008225,C01020,add_to_cart,2026-07-18T13:49:37Z,23.9,desktop
E0008226,C00222,add_to_cart,2026-07-02T15:45:46Z,31.2,android
E0008227,C01135,page_view,2026-07-02T19:14:43Z,34.8,tablet
E0008228,C00931,refund_request,2026-07-30T11:57:05Z,9.9,desktop
E0008229,C00979,page_view,2026-07-24T10:18:10Z,40.1,desktop
E0008230,C00172,refund_request,2026-07-24T00:56:46Z,25.1,ios
E0008231,C00348,support_ticket,2026-07-13T21:51:33Z,26.5,tablet
E0008232,C00559,refund_request,2026-07-22T03:31:36Z,18.3,ios
E0008233,C00112,add_to_cart,2026-07-15T00:04:14Z,30.8,desktop
E0008234,C00093,refund_request,2026-07-18T02:43:28Z,31.6,desktop
E0008235,C01037,checkout,2026-07-12T03:05:56Z,26.3,ios
E0008236,C00290,refund_request,2026-07-16T16:55:07Z,38.4,ios
E0008237,C00438,page_view,2026-07-14T07:08:13Z,12.0,android
E0008238,C00253,support_ticket,2026-07-10T12:32:24Z,27.7,android
E0008239,C00939,page_view,2026-07-21T16:03:32Z,16.4,ios
E0008240,C00264,page_view,2026-07-22T15:17:06Z,1.0,desktop
E0008241,C00322,support_ticket,2026-07-24T20:47:41Z,5.7,android
E0008242,C00810,checkout,2026-07-18T08:33:02Z,14.0,android
E0008243,C00798,support_ticket,2026-07-13T05:14:57Z,12.7,tablet
E0008244,C00277,page_view,2026-07-16T02:08:37Z,14.7,ios
E0008245,C00561,page_view,2026-07-09T04:17:56Z,0.3,desktop
E0008246,C01171,page_view,2026-07-30T08:13:04Z,12.4,ios
E0008247,C00126,support_ticket,2026-07-26T00:12:52Z,26.4,desktop
E0008248,C00709,checkout,2026-07-21T12:30:01Z,24.2,android
E0008249,C00615,support_ticket,2026-07-29T20:47:28Z,23.9,tablet
E0008250,C00355,refund_request,2026-07-26T08:19:56Z,32.6,ios
E0008251,C00952,add_to_cart,2026-07-30T10:55:24Z,24.5,desktop
E0008252,C00010,checkout,2026-07-05T06:20:08Z,20.3,tablet
E0008253,C00773,support_ticket,2026-07-02T06:34:05Z,40.2,android
E0008254,C00853,add_to_cart,2026-07-23T02:18:54Z,31.0,ios
E0008255,C00014,add_to_cart,2026-07-13T14:04:43Z,22.3,ios
E0008256,C01153,add_to_cart,2026-07-07T17:58:52Z,39.9,tablet
E0008257,C00930,add_to_cart,2026-07-05T08:43:06Z,17.0,ios
E0008258,C00486,support_ticket,2026-07-15T23:59:49Z,0.0,android
E0008259,C00654,page_view,2026-07-10T08:40:52Z,33.2,ios
E0008260,C00901,add_to_cart,2026-07-12T17:07:17Z,24.2,ios
E0008261,C01023,checkout,2026-07-06T11:48:37Z,5.9,ios
E0008262,C01167,checkout,2026-07-09T14:54:08Z,40.6,android
E0008263,C00408,support_ticket,2026-07-14T04:57:34Z,31.5,android
E0008264,C00566,support_ticket,2026-07-03T18:05:09Z,40.9,ios
E0008265,C00806,support_ticket,2026-07-01T03:39:34Z,12.0,tablet
E0008266,C00477,support_ticket,2026-07-16T20:14:20Z,23.7,tablet
E0008267,C01150,checkout,2026-07-30T11:32:11Z,8.1,ios
E0008268,C00399,page_view,2026-07-11T08:08:25Z,39.7,ios
E0008269,C00277,refund_request,2026-07-30T01:34:04Z,40.8,android
E0008270,C01030,page_view,2026-07-13T11:02:50Z,10.1,android
E0008271,C01039,add_to_cart,2026-07-31T11:20:58Z,35.9,ios
E0008272,C00603,support_ticket,2026-07-19T16:45:30Z,6.2,tablet
E0008273,C00742,page_view,2026-07-14T18:29:41Z,2.0,desktop
E0008274,C00323,refund_request,2026-07-07T12:13:34Z,29.5,android
E0008275,C01184,checkout,2026-07-15T03:42:57Z,11.9,desktop
E0008276,C00129,add_to_cart,2026-07-24T06:54:11Z,35.0,android
E0008277,C00348,support_ticket,2026-07-31T22:00:40Z,34.7,desktop
E0008278,C00792,add_to_cart,2026-07-26T04:34:42Z,37.5,ios
E0008279,C01163,add_to_cart,2026-07-28T00:24:29Z,16.1,android
E0008280,C00818,checkout,2026-07-29T08:25:31Z,39.7,ios
E0008281,C00636,page_view,2026-07-09T20:29:31Z,22.4,ios
E0008282,C00858,refund_request,2026-07-02T20:00:48Z,0.6,ios
E0008283,C00815,support_ticket,2026-07-22T15:11:48Z,22.9,android
E0008284,C00511,support_ticket,2026-07-24T09:37:10Z,12.8,ios
E0008285,C00417,refund_request,2026-07-19T05:04:23Z,32.3,desktop
E0008286,C01048,refund_request,2026-07-31T19:00:07Z,37.8,tablet
E0008287,C00596,checkout,2026-07-07T11:04:57Z,33.7,android
E0008288,C00158,page_view,2026-07-19T23:56:16Z,30.9,tablet
E0008289,C00988,page_view,2026-07-03T16:50:19Z,13.5,desktop
E0008290,C01008,checkout,2026-07-17T06:46:48Z,24.7,ios
E0008291,C01075,page_view,2026-07-15T14:50:19Z,2.8,desktop
E0008292,C01101,page_view,2026-07-06T09:14:45Z,15.6,ios
E0008293,C00342,page_view,2026-07-29T06:26:26Z,16.7,android
E0008294,C00423,checkout,2026-07-31T15:36:33Z,4.9,desktop
E0008295,C00702,add_to_cart,2026-07-14T22:08:39Z,9.7,android
E0008296,C00066,checkout,2026-07-15T13:13:57Z,30.3,tablet
E0008297,C00051,page_view,2026-07-21T11:06:58Z,24.1,ios
E0008298,C00526,refund_request,2026-07-13T20:38:48Z,36.5,android
E0008299,C01006,refund_request,2026-07-21T10:03:53Z,9.0,android
E0008300,C00423,add_to_cart,2026-07-11T11:49:13Z,29.7,desktop
E0008301,C00154,page_view,2026-07-06T08:26:01Z,17.1,android
E0008302,C00633,checkout,2026-07-10T01:44:20Z,32.6,tablet
E0008303,C00950,add_to_cart,2026-07-23T03:46:01Z,22.7,tablet
E0008304,C00807,add_to_cart,2026-07-29T08:53:37Z,8.9,android
E0008305,C00255,support_ticket,2026-07-12T15:03:42Z,39.1,desktop
E0008306,C00029,checkout,2026-07-20T10:32:03Z,15.0,desktop
E0008307,C01039,refund_request,2026-07-04T02:34:32Z,22.8,android
E0008308,C00059,support_ticket,2026-07-10T02:33:45Z,29.2,desktop
E0008309,C00509,page_view,2026-07-07T01:40:10Z,26.2,ios
E0008310,C00433,checkout,2026-07-18T08:13:25Z,20.7,desktop
E0008311,C00013,page_view,2026-07-04T11:33:54Z,40.4,ios
E0008312,C00722,page_view,2026-07-15T22:24:36Z,11.4,desktop
E0008313,C01093,support_ticket,2026-07-22T17:04:01Z,33.9,ios
E0008314,C00249,add_to_cart,2026-07-11T17:35:19Z,4.7,ios
E0008315,C00832,checkout,2026-07-20T12:57:01Z,13.6,android
E0008316,C01053,support_ticket,2026-07-20T05:35:38Z,1.2,tablet
E0008317,C00633,refund_request,2026-07-27T03:46:47Z,32.5,ios
E0008318,C00704,support_ticket,2026-07-24T20:17:43Z,34.8,ios
E0008319,C00573,refund_request,2026-07-15T11:51:45Z,8.5,tablet
E0008320,C00133,page_view,2026-07-25T14:17:15Z,22.1,desktop
E0008321,C00252,page_view,2026-07-01T00:43:01Z,2.0,tablet
E0008322,C00634,refund_request,2026-07-23T13:43:13Z,40.3,android
E0008323,C00209,support_ticket,2026-07-06T21:11:26Z,35.1,tablet
E0008324,C00405,checkout,2026-07-29T09:13:00Z,13.0,tablet
E0008325,C00431,add_to_cart,2026-07-04T21:34:21Z,15.7,desktop
E0008326,C00269,support_ticket,2026-07-11T20:05:05Z,11.0,tablet
E0008327,C00054,page_view,2026-07-14T22:23:24Z,33.9,ios
E0008328,C00858,page_view,2026-07-10T06:32:43Z,37.5,android
E0008329,C00698,refund_request,2026-07-30T00:44:23Z,7.8,ios
E0008330,C00471,page_view,2026-07-24T06:22:36Z,7.2,ios
E0008331,C01022,refund_request,2026-07-20T03:35:05Z,17.0,android
E0008332,C00348,page_view,2026-07-13T22:56:42Z,20.2,ios
E0008333,C00363,refund_request,2026-07-09T09:56:46Z,2.5,android
E0008334,C00464,support_ticket,2026-07-16T20:43:35Z,10.1,android
E0008335,C01075,support_ticket,2026-07-16T00:17:42Z,5.0,android
E0008336,C00146,refund_request,2026-07-02T08:40:05Z,6.5,desktop
E0008337,C01083,checkout,2026-07-21T20:24:10Z,34.2,desktop
E0008338,C00817,page_view,2026-07-20T05:50:19Z,0.9,desktop
E0008339,C00659,add_to_cart,2026-07-28T17:44:10Z,35.3,android
E0008340,C00189,support_ticket,2026-07-24T19:21:46Z,26.4,tablet
E0008341,C00328,refund_request,2026-07-09T10:52:25Z,5.3,android
E0008342,C00575,add_to_cart,2026-07-20T13:40:25Z,10.7,tablet
E0008343,C00702,checkout,2026-07-01T12:18:00Z,3.1,android
E0008344,C00654,checkout,2026-07-01T01:50:30Z,28.4,tablet
E0008345,C00618,refund_request,2026-07-15T06:51:37Z,38.5,tablet
E0008346,C00916,page_view,2026-07-02T01:50:41Z,3.3,desktop
E0008347,C00213,support_ticket,2026-07-22T03:41:07Z,15.4,android
E0008348,C00692,add_to_cart,2026-07-13T16:37:29Z,7.3,android
E0008349,C00880,add_to_cart,2026-07-13T09:44:54Z,28.7,ios
E0008350,C00816,page_view,2026-07-12T16:49:26Z,2.5,ios
E0008351,C00387,refund_request,2026-07-07T00:09:36Z,28.3,android
E0008352,C00244,add_to_cart,2026-07-21T08:50:27Z,6.2,tablet
E0008353,C00001,refund_request,2026-07-05T05:42:01Z,40.7,android
E0008354,C00658,page_view,2026-07-24T13:50:53Z,26.8,android
E0008355,C00170,checkout,2026-07-05T08:49:36Z,7.3,tablet
E0008356,C00769,support_ticket,2026-07-28T16:01:52Z,35.8,tablet
E0008357,C00666,page_view,2026-07-10T20:30:15Z,3.4,android
E0008358,C00150,page_view,2026-07-17T18:53:21Z,33.7,ios
E0008359,C00865,refund_request,2026-07-23T20:29:58Z,2.6,android
E0008360,C00821,support_ticket,2026-07-05T14:43:59Z,29.5,desktop
E0008361,C00822,add_to_cart,2026-07-31T16:53:09Z,16.2,android
E0008362,C00043,page_view,2026-07-28T15:36:56Z,2.1,ios
E0008363,C00723,page_view,2026-07-27T17:39:05Z,29.4,tablet
E0008364,C00128,support_ticket,2026-07-16T15:03:18Z,30.8,android
E0008365,C00477,page_view,2026-07-04T12:48:23Z,39.3,desktop
E0008366,C00136,page_view,2026-07-14T21:34:58Z,14.4,android
E0008367,C00186,refund_request,2026-07-21T19:49:28Z,2.8,ios
E0008368,C00664,page_view,2026-07-10T17:10:31Z,15.8,ios
E0008369,C00778,add_to_cart,2026-07-24T08:23:38Z,9.1,ios
E0008370,C00882,refund_request,2026-07-19T17:03:35Z,30.8,android
E0008371,C01005,page_view,2026-07-20T09:46:27Z,11.5,ios
E0008372,C00801,add_to_cart,2026-07-02T01:56:54Z,39.5,ios
E0008373,C01044,page_view,2026-07-06T18:30:38Z,0.6,ios
E0008374,C00483,add_to_cart,2026-07-08T17:11:42Z,35.4,desktop
E0008375,C00724,add_to_cart,2026-07-20T12:57:18Z,29.5,tablet
E0008376,C00454,refund_request,2026-07-02T06:29:50Z,6.7,desktop
E0008377,C00952,page_view,2026-07-16T00:09:17Z,19.2,desktop
E0008378,C00963,support_ticket,2026-07-14T12:47:37Z,6.6,desktop
E0008379,C00655,page_view,2026-07-27T05:29:19Z,38.4,android
E0008380,C00953,support_ticket,2026-07-13T10:57:54Z,34.1,desktop
E0008381,C00362,add_to_cart,2026-07-27T08:50:08Z,23.8,desktop
E0008382,C00257,refund_request,2026-07-14T05:34:29Z,38.8,desktop
E0008383,C01170,refund_request,2026-07-18T01:43:57Z,41.1,android
E0008384,C00272,page_view,2026-07-20T11:00:06Z,6.7,tablet
E0008385,C01145,checkout,2026-07-11T04:11:40Z,28.8,android
E0008386,C00389,checkout,2026-07-15T15:09:35Z,17.7,desktop
E0008387,C01100,add_to_cart,2026-07-31T21:54:20Z,13.2,desktop
E0008388,C00918,checkout,2026-07-16T18:55:51Z,13.3,android
E0008389,C00368,checkout,2026-07-11T13:56:30Z,37.9,desktop
E0008390,C00112,page_view,2026-07-04T08:03:07Z,39.7,android
E0008391,C00572,support_ticket,2026-07-09T18:50:45Z,9.7,desktop
E0008392,C00549,checkout,2026-07-16T13:50:23Z,1.8,tablet
E0008393,C00649,page_view,2026-07-02T15:52:14Z,22.7,android
E0008394,C00253,checkout,2026-07-07T16:15:18Z,3.7,android
E0008395,C00118,support_ticket,2026-07-14T10:13:47Z,20.4,desktop
E0008396,C00560,add_to_cart,2026-07-31T03:52:16Z,0.1,desktop
E0008397,C00795,add_to_cart,2026-07-07T07:16:22Z,2.4,ios
E0008398,C00325,add_to_cart,2026-07-31T23:04:00Z,27.3,tablet
E0008399,C00781,page_view,2026-07-17T14:36:30Z,39.6,ios
E0008400,C00541,page_view,2026-07-07T00:27:57Z,20.3,desktop
E0008401,C00894,refund_request,2026-07-21T02:14:31Z,27.0,tablet
E0008402,C00441,refund_request,2026-07-05T14:52:09Z,25.8,ios
E0008403,C00932,checkout,2026-07-20T14:04:21Z,16.2,tablet
E0008404,C00863,refund_request,2026-07-12T15:15:34Z,2.1,ios
E0008405,C00532,add_to_cart,2026-07-27T00:29:31Z,20.4,ios
E0008406,C00351,add_to_cart,2026-07-27T22:01:59Z,4.8,desktop
E0008407,C00972,add_to_cart,2026-07-06T23:26:06Z,17.0,desktop
E0008408,C00085,refund_request,2026-07-28T21:42:38Z,11.8,tablet
E0008409,C00822,page_view,2026-07-19T07:16:24Z,29.5,ios
E0008410,C00523,add_to_cart,2026-07-26T22:30:32Z,27.0,android
E0008411,C00545,refund_request,2026-07-24T23:57:16Z,26.2,tablet
E0008412,C00513,checkout,2026-07-29T07:53:55Z,13.5,android
E0008413,C00698,checkout,2026-07-24T18:18:19Z,23.2,tablet
E0008414,C00472,add_to_cart,2026-07-14T09:29:35Z,16.3,desktop
E0008415,C00707,checkout,2026-07-12T11:55:05Z,6.4,tablet
E0008416,C00580,add_to_cart,2026-07-11T21:08:33Z,29.3,tablet
E0008417,C00012,refund_request,2026-07-31T04:36:18Z,20.9,desktop
E0008418,C01091,add_to_cart,2026-07-25T13:44:59Z,1.3,desktop
E0008419,C00874,page_view,2026-07-21T11:12:38Z,8.6,desktop
E0008420,C01042,support_ticket,2026-07-17T03:16:50Z,6.9,tablet
E0008421,C00552,page_view,2026-07-08T02:33:56Z,3.4,desktop
E0008422,C00070,refund_request,2026-07-10T00:59:49Z,41.3,ios
E0008423,C00149,checkout,2026-07-02T09:11:13Z,2.3,ios
E0008424,C00170,checkout,2026-07-22T17:01:54Z,7.9,desktop
E0008425,C00458,refund_request,2026-07-07T02:20:52Z,35.5,tablet
E0008426,C00020,page_view,2026-07-16T21:50:47Z,22.5,android
E0008427,C00972,checkout,2026-07-29T00:02:25Z,12.7,android
E0008428,C01144,page_view,2026-07-03T03:19:29Z,22.9,ios
E0008429,C00722,refund_request,2026-07-01T12:05:30Z,31.8,android
E0008430,C00142,support_ticket,2026-07-22T22:32:05Z,19.6,tablet
E0008431,C00864,support_ticket,2026-07-24T01:04:05Z,28.5,desktop
E0008432,C00049,refund_request,2026-07-01T22:14:09Z,0.1,desktop
E0008433,C00976,add_to_cart,2026-07-07T20:55:49Z,12.0,tablet
E0008434,C00524,checkout,2026-07-26T08:33:21Z,21.1,android
E0008435,C00072,checkout,2026-07-17T00:58:12Z,19.7,ios
E0008436,C00162,support_ticket,2026-07-25T08:55:14Z,0.1,desktop
E0008437,C00019,page_view,2026-07-29T08:35:22Z,41.8,android
E0008438,C00459,add_to_cart,2026-07-06T11:33:30Z,24.6,android
E0008439,C01120,support_ticket,2026-07-22T19:51:47Z,26.6,tablet
E0008440,C00150,support_ticket,2026-07-07T12:02:59Z,37.0,tablet
E0008441,C00153,page_view,2026-07-12T13:33:54Z,15.7,desktop
E0008442,C00478,refund_request,2026-07-08T20:34:57Z,39.3,ios
E0008443,C00088,page_view,2026-07-04T10:55:47Z,28.3,android
E0008444,C00090,checkout,2026-07-21T05:17:03Z,30.9,android
E0008445,C00111,checkout,2026-07-23T12:38:59Z,40.4,desktop
E0008446,C00763,page_view,2026-07-16T07:28:26Z,24.7,desktop
E0008447,C01025,refund_request,2026-07-09T12:08:00Z,5.8,ios
E0008448,C00395,support_ticket,2026-07-05T00:28:57Z,27.6,tablet
E0008449,C00460,support_ticket,2026-07-14T21:57:45Z,12.5,ios
E0008450,C01113,add_to_cart,2026-07-18T00:17:12Z,5.4,ios
E0008451,C00148,page_view,2026-07-31T05:57:31Z,28.7,tablet
E0008452,C00903,checkout,2026-07-23T14:36:49Z,26.2,ios
E0008453,C00673,add_to_cart,2026-07-22T02:59:45Z,16.6,tablet
E0008454,C00563,page_view,2026-07-17T17:15:05Z,39.9,desktop
E0008455,C01162,add_to_cart,2026-07-17T20:05:45Z,34.3,android
E0008456,C00699,page_view,2026-07-17T02:48:46Z,16.9,tablet
E0008457,C00597,checkout,2026-07-07T09:19:48Z,28.3,android
E0008458,C00489,add_to_cart,2026-07-22T09:12:48Z,25.8,desktop
E0008459,C00926,support_ticket,2026-07-19T16:23:03Z,12.9,ios
E0008460,C00246,checkout,2026-07-16T07:39:22Z,30.5,ios
E0008461,C00928,refund_request,2026-07-01T20:14:45Z,41.6,ios
E0008462,C00389,add_to_cart,2026-07-05T21:16:22Z,12.3,tablet
E0008463,C00759,refund_request,2026-07-02T10:04:59Z,36.6,desktop
E0008464,C00817,refund_request,2026-07-29T19:47:27Z,18.7,ios
E0008465,C00171,support_ticket,2026-07-17T04:27:16Z,24.4,android
E0008466,C00663,support_ticket,2026-07-05T07:27:16Z,27.5,android
E0008467,C00272,page_view,2026-07-25T07:10:28Z,9.1,ios
E0008468,C00401,support_ticket,2026-07-22T16:33:23Z,11.5,android
E0008469,C00806,add_to_cart,2026-07-10T04:14:10Z,37.0,desktop
E0008470,C00469,checkout,2026-07-03T08:49:49Z,27.8,android
E0008471,C00717,checkout,2026-07-18T04:16:19Z,11.0,android
E0008472,C00229,add_to_cart,2026-07-19T16:48:07Z,14.3,tablet
E0008473,C01188,support_ticket,2026-07-16T17:11:15Z,33.3,ios
E0008474,C00446,support_ticket,2026-07-30T10:57:07Z,3.3,tablet
E0008475,C00671,support_ticket,2026-07-25T19:44:01Z,16.9,ios
E0008476,C00875,page_view,2026-07-07T05:43:38Z,41.3,android
E0008477,C00247,add_to_cart,2026-07-15T09:24:53Z,6.0,android
E0008478,C01071,support_ticket,2026-07-16T16:54:45Z,18.4,ios
E0008479,C00926,support_ticket,2026-07-13T12:06:57Z,4.6,desktop
E0008480,C01144,refund_request,2026-07-08T17:23:06Z,34.8,desktop
E0008481,C00165,support_ticket,2026-07-29T15:50:02Z,18.9,ios
E0008482,C00861,checkout,2026-07-22T16:03:58Z,5.5,desktop
E0008483,C00313,page_view,2026-07-05T19:54:54Z,33.7,tablet
E0008484,C01035,checkout,2026-07-13T08:51:59Z,23.8,android
E0008485,C00090,checkout,2026-07-07T20:07:43Z,27.3,desktop
E0008486,C00538,add_to_cart,2026-07-02T00:25:01Z,16.2,desktop
E0008487,C00682,page_view,2026-07-23T23:32:13Z,9.5,tablet
E0008488,C01102,page_view,2026-07-05T19:55:31Z,16.2,android
E0008489,C00035,support_ticket,2026-07-22T19:22:49Z,19.8,tablet
E0008490,C01046,refund_request,2026-07-02T18:19:29Z,25.0,desktop
E0008491,C00020,page_view,2026-07-02T15:03:49Z,21.3,desktop
E0008492,C00398,page_view,2026-07-11T00:53:36Z,25.7,ios
E0008493,C00971,support_ticket,2026-07-01T20:01:02Z,36.1,android
E0008494,C01103,refund_request,2026-07-29T12:16:51Z,19.1,desktop
E0008495,C00855,refund_request,2026-07-19T03:46:42Z,30.9,android
E0008496,C00634,refund_request,2026-07-10T20:16:18Z,16.1,android
E0008497,C00362,checkout,2026-07-21T00:12:47Z,1.6,tablet
E0008498,C00783,support_ticket,2026-07-26T07:17:09Z,33.9,android
E0008499,C00363,add_to_cart,2026-07-27T14:04:36Z,13.5,tablet
E0008500,C00062,checkout,2026-07-15T18:47:35Z,23.2,tablet
E0008501,C00727,refund_request,2026-07-29T13:24:35Z,29.6,desktop
E0008502,C00853,support_ticket,2026-07-02T04:09:27Z,18.5,android
E0008503,C00506,support_ticket,2026-07-09T18:26:09Z,36.4,desktop
E0008504,C00525,page_view,2026-07-13T20:40:15Z,10.5,android
E0008505,C00531,refund_request,2026-07-19T16:55:26Z,40.1,tablet
E0008506,C00595,page_view,2026-07-06T13:49:12Z,38.4,android
E0008507,C00866,support_ticket,2026-07-19T12:20:32Z,28.3,tablet
E0008508,C00924,checkout,2026-07-17T15:27:14Z,11.1,desktop
E0008509,C01024,add_to_cart,2026-07-01T04:58:03Z,6.4,desktop
E0008510,C00628,checkout,2026-07-15T13:34:53Z,35.8,desktop
E0008511,C00587,page_view,2026-07-01T21:49:29Z,14.5,android
E0008512,C00541,refund_request,2026-07-03T21:52:42Z,10.1,ios
E0008513,C00844,page_view,2026-07-18T03:35:00Z,8.5,tablet
E0008514,C00603,refund_request,2026-07-28T15:05:00Z,36.1,android
E0008515,C00876,checkout,2026-07-27T06:13:02Z,5.7,android
E0008516,C00057,support_ticket,2026-07-10T01:07:11Z,31.5,desktop
E0008517,C01043,checkout,2026-07-18T20:23:24Z,30.1,tablet
E0008518,C00901,refund_request,2026-07-06T10:16:52Z,32.9,ios
E0008519,C00809,page_view,2026-07-02T00:35:28Z,34.0,android
E0008520,C00538,support_ticket,2026-07-04T06:27:39Z,8.5,tablet
E0008521,C01190,page_view,2026-07-07T18:20:19Z,38.4,android
E0008522,C00847,refund_request,2026-07-11T01:58:43Z,6.0,tablet
E0008523,C00523,refund_request,2026-07-11T00:50:44Z,38.4,desktop
E0008524,C00604,refund_request,2026-07-17T00:47:35Z,33.6,tablet
E0008525,C01016,add_to_cart,2026-07-15T21:07:45Z,10.3,desktop
E0008526,C00445,refund_request,2026-07-07T20:23:14Z,22.1,desktop
E0008527,C00534,refund_request,2026-07-21T15:40:24Z,31.6,desktop
E0008528,C00283,support_ticket,2026-07-11T22:01:36Z,0.6,ios
E0008529,C00876,page_view,2026-07-25T00:15:31Z,12.7,tablet
E0008530,C00331,refund_request,2026-07-14T23:12:43Z,18.6,tablet
E0008531,C00165,checkout,2026-07-13T00:49:39Z,13.6,ios
E0008532,C00001,refund_request,2026-07-02T02:46:51Z,33.5,tablet
E0008533,C01042,page_view,2026-07-27T22:34:07Z,25.0,android
E0008534,C01108,page_view,2026-07-09T05:26:55Z,3.6,tablet
E0008535,C00982,refund_request,2026-07-16T23:59:49Z,37.3,tablet
E0008536,C00476,support_ticket,2026-07-01T07:43:04Z,16.2,desktop
E0008537,C00794,support_ticket,2026-07-13T11:55:42Z,20.5,tablet
E0008538,C00582,page_view,2026-07-15T10:55:17Z,9.2,ios
E0008539,C01063,checkout,2026-07-08T08:38:55Z,12.6,ios
E0008540,C00910,page_view,2026-07-06T19:30:18Z,22.1,ios
E0008541,C00406,page_view,2026-07-13T13:01:03Z,1.2,tablet
E0008542,C00645,add_to_cart,2026-07-02T21:33:53Z,39.1,tablet
E0008543,C00281,support_ticket,2026-07-03T02:10:29Z,17.0,ios
E0008544,C00825,checkout,2026-07-23T19:44:37Z,34.0,desktop
E0008545,C00818,support_ticket,2026-07-07T04:40:12Z,38.0,ios
E0008546,C00970,page_view,2026-07-30T08:02:58Z,19.7,ios
E0008547,C00129,support_ticket,2026-07-25T01:09:07Z,27.6,desktop
E0008548,C01005,add_to_cart,2026-07-26T21:58:50Z,41.5,android
E0008549,C00107,refund_request,2026-07-09T20:26:32Z,34.4,android
E0008550,C00969,page_view,2026-07-03T04:10:42Z,30.5,android
E0008551,C00436,page_view,2026-07-19T22:09:06Z,15.9,tablet
E0008552,C00594,support_ticket,2026-07-29T10:35:46Z,15.6,android
E0008553,C01096,add_to_cart,2026-07-29T19:35:07Z,3.1,ios
E0008554,C01003,add_to_cart,2026-07-17T09:06:56Z,30.9,ios
E0008555,C00454,refund_request,2026-07-14T18:43:50Z,18.7,ios
E0008556,C00061,support_ticket,2026-07-13T00:01:34Z,24.6,tablet
E0008557,C00839,add_to_cart,2026-07-09T04:44:49Z,18.4,desktop
E0008558,C01191,page_view,2026-07-01T02:35:57Z,13.4,tablet
E0008559,C00527,checkout,2026-07-08T14:23:43Z,20.4,desktop
E0008560,C01107,add_to_cart,2026-07-14T22:16:27Z,2.0,tablet
E0008561,C00897,checkout,2026-07-01T14:42:45Z,35.8,desktop
E0008562,C00584,checkout,2026-07-15T19:22:42Z,3.2,android
E0008563,C00768,refund_request,2026-07-01T20:49:58Z,18.7,desktop
E0008564,C00303,add_to_cart,2026-07-15T10:23:26Z,11.7,ios
E0008565,C00034,checkout,2026-07-17T10:20:55Z,3.0,desktop
E0008566,C01016,checkout,2026-07-25T08:33:55Z,1.4,ios
E0008567,C00720,add_to_cart,2026-07-11T01:00:12Z,25.2,ios
E0008568,C00232,add_to_cart,2026-07-06T03:55:14Z,15.7,desktop
E0008569,C00272,refund_request,2026-07-04T10:34:17Z,5.5,android
E0008570,C00812,checkout,2026-07-25T07:35:36Z,14.3,tablet
E0008571,C00057,support_ticket,2026-07-30T18:33:01Z,35.0,tablet
E0008572,C00480,support_ticket,2026-07-04T05:35:59Z,16.1,desktop
E0008573,C00407,support_ticket,2026-07-17T00:31:10Z,34.2,desktop
E0008574,C00809,page_view,2026-07-13T15:26:18Z,32.8,tablet
E0008575,C01121,support_ticket,2026-07-04T16:28:53Z,9.9,tablet
E0008576,C00078,page_view,2026-07-14T01:32:16Z,41.4,desktop
E0008577,C00222,checkout,2026-07-06T12:49:55Z,13.4,ios
E0008578,C00819,refund_request,2026-07-05T08:38:45Z,41.6,tablet
E0008579,C00704,checkout,2026-07-18T16:19:51Z,30.9,tablet
E0008580,C01024,page_view,2026-07-27T13:01:25Z,1.4,android
E0008581,C00491,checkout,2026-07-20T00:28:21Z,15.2,desktop
E0008582,C00827,page_view,2026-07-30T22:29:04Z,34.5,android
E0008583,C00147,refund_request,2026-07-19T15:37:05Z,10.2,tablet
E0008584,C01197,page_view,2026-07-01T14:56:58Z,26.6,ios
E0008585,C00095,add_to_cart,2026-07-16T01:14:19Z,13.3,ios
E0008586,C00921,refund_request,2026-07-07T07:52:52Z,29.6,ios
E0008587,C00543,support_ticket,2026-07-04T16:11:32Z,18.8,tablet
E0008588,C00146,add_to_cart,2026-07-30T16:06:41Z,22.7,desktop
E0008589,C00697,refund_request,2026-07-26T20:48:38Z,30.7,android
E0008590,C00970,page_view,2026-07-27T02:46:04Z,12.0,ios
E0008591,C00976,checkout,2026-07-16T23:19:21Z,31.0,ios
E0008592,C00475,add_to_cart,2026-07-08T04:51:33Z,29.0,ios
E0008593,C00328,refund_request,2026-07-11T10:59:19Z,11.0,tablet
E0008594,C00375,page_view,2026-07-15T07:06:38Z,11.2,android
E0008595,C00486,page_view,2026-07-24T00:15:56Z,24.9,tablet
E0008596,C00937,refund_request,2026-07-29T20:09:07Z,32.7,ios
E0008597,C00862,support_ticket,2026-07-26T12:08:37Z,34.2,desktop
E0008598,C00021,refund_request,2026-07-29T12:59:11Z,30.4,android
E0008599,C00699,checkout,2026-07-23T07:22:05Z,2.5,tablet
E0008600,C00403,checkout,2026-07-23T19:38:01Z,20.0,desktop
E0008601,C00765,support_ticket,2026-07-22T21:13:32Z,36.1,desktop
E0008602,C00776,page_view,2026-07-05T12:15:32Z,35.1,ios
E0008603,C00187,support_ticket,2026-07-31T05:53:24Z,40.1,tablet
E0008604,C00337,add_to_cart,2026-07-15T05:45:00Z,39.0,tablet
E0008605,C01138,add_to_cart,2026-07-20T07:25:33Z,5.5,tablet
E0008606,C00006,refund_request,2026-07-03T05:51:58Z,30.7,android
E0008607,C01098,add_to_cart,2026-07-15T07:29:30Z,13.9,tablet
E0008608,C00868,support_ticket,2026-07-03T05:30:45Z,22.8,android
E0008609,C00206,refund_request,2026-07-16T04:53:47Z,16.4,ios
E0008610,C01150,checkout,2026-07-06T21:41:09Z,11.7,ios
E0008611,C00296,page_view,2026-07-24T10:06:06Z,17.3,android
E0008612,C00497,add_to_cart,2026-07-23T03:59:38Z,37.8,ios
E0008613,C00761,refund_request,2026-07-07T21:11:47Z,35.4,desktop
E0008614,C00467,add_to_cart,2026-07-06T19:21:58Z,37.8,ios
E0008615,C00644,add_to_cart,2026-07-23T14:38:13Z,6.2,desktop
E0008616,C00325,refund_request,2026-07-17T05:37:47Z,4.6,ios
E0008617,C00221,refund_request,2026-07-19T00:04:44Z,12.6,tablet
E0008618,C00026,support_ticket,2026-07-28T11:12:18Z,14.0,desktop
E0008619,C00910,checkout,2026-07-23T01:22:00Z,11.4,desktop
E0008620,C00814,checkout,2026-07-04T00:22:44Z,27.9,ios
E0008621,C00348,support_ticket,2026-07-07T21:47:01Z,33.6,android
E0008622,C00101,support_ticket,2026-07-03T10:40:17Z,33.8,desktop
E0008623,C00534,refund_request,2026-07-15T17:21:58Z,5.4,tablet
E0008624,C00527,support_ticket,2026-07-26T10:02:49Z,28.6,ios
E0008625,C01197,support_ticket,2026-07-08T03:01:54Z,41.7,ios
E0008626,C00573,page_view,2026-07-12T15:49:01Z,24.5,android
E0008627,C00960,refund_request,2026-07-01T12:01:33Z,26.7,desktop
E0008628,C00922,support_ticket,2026-07-15T03:13:12Z,3.2,ios
E0008629,C00712,checkout,2026-07-11T02:04:33Z,1.7,tablet
E0008630,C00952,add_to_cart,2026-07-19T05:08:28Z,20.7,ios
E0008631,C00392,page_view,2026-07-22T22:54:07Z,11.4,tablet
E0008632,C01051,add_to_cart,2026-07-13T02:40:50Z,40.6,ios
E0008633,C00094,add_to_cart,2026-07-28T22:57:24Z,27.5,tablet
E0008634,C00647,page_view,2026-07-03T02:40:03Z,5.6,ios
E0008635,C00468,page_view,2026-07-13T21:03:59Z,4.5,android
E0008636,C00446,checkout,2026-07-23T09:05:24Z,29.5,ios
E0008637,C00775,page_view,2026-07-09T03:44:37Z,19.4,android
E0008638,C00565,add_to_cart,2026-07-16T07:12:23Z,39.9,desktop
E0008639,C00474,refund_request,2026-07-28T13:23:44Z,9.2,tablet
E0008640,C00754,support_ticket,2026-07-25T13:47:52Z,34.5,tablet
E0008641,C00190,add_to_cart,2026-07-15T14:13:12Z,33.6,ios
E0008642,C00827,page_view,2026-07-12T08:19:32Z,6.8,ios
E0008643,C01200,support_ticket,2026-07-25T20:35:51Z,3.9,android
E0008644,C00674,checkout,2026-07-03T05:43:32Z,12.7,ios
E0008645,C00299,page_view,2026-07-30T19:54:47Z,12.3,desktop
E0008646,C00197,add_to_cart,2026-07-05T02:54:50Z,21.0,tablet
E0008647,C00388,support_ticket,2026-07-24T01:26:23Z,1.0,android
E0008648,C00894,refund_request,2026-07-01T20:45:09Z,33.2,android
E0008649,C00042,checkout,2026-07-28T01:58:29Z,22.2,tablet
E0008650,C01104,support_ticket,2026-07-25T02:51:40Z,7.4,ios
E0008651,C00413,page_view,2026-07-02T08:52:44Z,11.5,ios
E0008652,C00708,page_view,2026-07-11T03:18:31Z,40.5,ios
E0008653,C00902,refund_request,2026-07-28T21:19:51Z,40.2,tablet
E0008654,C00982,refund_request,2026-07-10T17:52:58Z,13.6,tablet
E0008655,C00901,support_ticket,2026-07-31T08:27:35Z,15.4,android
E0008656,C00195,page_view,2026-07-29T09:27:17Z,37.3,android
E0008657,C01111,support_ticket,2026-07-21T00:40:27Z,39.9,ios
E0008658,C00723,page_view,2026-07-01T23:48:16Z,27.7,android
E0008659,C00029,page_view,2026-07-31T19:58:48Z,38.9,ios
E0008660,C00990,refund_request,2026-07-31T06:52:30Z,7.0,tablet
E0008661,C00059,refund_request,2026-07-22T18:26:50Z,9.1,ios
E0008662,C00226,checkout,2026-07-12T01:42:41Z,20.9,ios
E0008663,C00500,refund_request,2026-07-25T21:42:17Z,17.4,tablet
E0008664,C00130,checkout,2026-07-26T10:58:05Z,16.6,desktop
E0008665,C00147,support_ticket,2026-07-27T17:26:07Z,36.4,tablet
E0008666,C00968,add_to_cart,2026-07-24T10:56:01Z,34.3,android
E0008667,C00606,page_view,2026-07-04T16:34:12Z,37.3,tablet
E0008668,C00394,page_view,2026-07-19T05:37:52Z,21.3,desktop
E0008669,C00829,checkout,2026-07-13T03:13:53Z,7.1,tablet
E0008670,C00197,checkout,2026-07-17T23:16:43Z,5.0,tablet
E0008671,C00542,refund_request,2026-07-15T18:53:01Z,24.1,desktop
E0008672,C00115,support_ticket,2026-07-31T04:37:38Z,14.0,ios
E0008673,C00173,refund_request,2026-07-07T02:36:53Z,23.0,tablet
E0008674,C00393,page_view,2026-07-10T16:30:06Z,17.3,android
E0008675,C00757,add_to_cart,2026-07-11T13:29:44Z,12.5,tablet
E0008676,C00303,page_view,2026-07-26T10:00:47Z,8.5,ios
E0008677,C00741,refund_request,2026-07-06T00:07:04Z,29.3,tablet
E0008678,C00417,checkout,2026-07-29T00:09:09Z,5.4,android
E0008679,C01035,checkout,2026-07-18T17:29:50Z,1.0,android
E0008680,C00043,support_ticket,2026-07-26T22:09:53Z,36.8,tablet
E0008681,C00387,support_ticket,2026-07-05T15:16:26Z,21.1,tablet
E0008682,C00076,refund_request,2026-07-12T01:29:31Z,9.8,ios
E0008683,C01057,add_to_cart,2026-07-23T11:26:30Z,15.1,android
E0008684,C00051,support_ticket,2026-07-22T11:15:16Z,22.1,ios
E0008685,C00488,support_ticket,2026-07-21T07:05:37Z,39.7,android
E0008686,C00911,support_ticket,2026-07-02T02:33:48Z,36.0,ios
E0008687,C00537,add_to_cart,2026-07-10T10:57:23Z,17.2,tablet
E0008688,C00957,refund_request,2026-07-15T10:10:23Z,9.2,android
E0008689,C00195,refund_request,2026-07-12T20:26:28Z,4.0,android
E0008690,C00312,add_to_cart,2026-07-07T01:01:34Z,26.8,tablet
E0008691,C00542,checkout,2026-07-18T10:38:37Z,34.6,tablet
E0008692,C00414,add_to_cart,2026-07-18T23:58:14Z,30.5,ios
E0008693,C00642,page_view,2026-07-31T03:19:05Z,17.0,android
E0008694,C00023,add_to_cart,2026-07-20T11:24:03Z,6.7,android
E0008695,C00206,support_ticket,2026-07-07T13:44:51Z,28.4,tablet
E0008696,C00974,checkout,2026-07-09T12:47:23Z,36.7,desktop
E0008697,C00408,support_ticket,2026-07-06T02:25:38Z,4.2,ios
E0008698,C00349,add_to_cart,2026-07-07T12:35:03Z,3.9,ios
E0008699,C00540,page_view,2026-07-30T20:40:12Z,26.2,android
E0008700,C00246,add_to_cart,2026-07-06T01:34:12Z,35.3,ios
E0008701,C00452,page_view,2026-07-15T03:50:14Z,6.6,desktop
E0008702,C00587,support_ticket,2026-07-09T13:01:21Z,13.1,ios
E0008703,C00424,refund_request,2026-07-19T16:06:04Z,40.3,android
E0008704,C01040,add_to_cart,2026-07-22T10:09:39Z,1.5,android
E0008705,C01016,checkout,2026-07-17T22:33:49Z,6.7,tablet
E0008706,C00153,add_to_cart,2026-07-20T18:01:04Z,41.2,tablet
E0008707,C00929,page_view,2026-07-05T16:14:49Z,37.4,android
E0008708,C00850,refund_request,2026-07-30T05:53:52Z,33.6,tablet
E0008709,C00324,refund_request,2026-07-26T19:34:36Z,39.3,ios
E0008710,C00783,refund_request,2026-07-01T22:38:59Z,7.6,desktop
E0008711,C00316,refund_request,2026-07-14T05:32:44Z,38.8,android
E0008712,C00208,page_view,2026-07-14T11:49:05Z,40.7,tablet
E0008713,C00548,page_view,2026-07-07T04:57:15Z,12.3,tablet
E0008714,C00032,checkout,2026-07-28T01:43:04Z,18.7,tablet
E0008715,C00761,page_view,2026-07-26T18:29:37Z,38.2,android
E0008716,C00344,refund_request,2026-07-20T14:13:29Z,25.1,android
E0008717,C00680,support_ticket,2026-07-14T14:44:39Z,11.9,android
E0008718,C00506,checkout,2026-07-01T09:25:17Z,14.5,tablet
E0008719,C01150,support_ticket,2026-07-07T13:35:26Z,27.1,desktop
E0008720,C00514,page_view,2026-07-30T12:20:44Z,40.7,desktop
E0008721,C00260,checkout,2026-07-08T02:50:06Z,19.0,android
E0008722,C00869,support_ticket,2026-07-17T01:51:25Z,40.2,android
E0008723,C00129,support_ticket,2026-07-04T21:28:17Z,34.7,tablet
E0008724,C00237,page_view,2026-07-19T03:19:37Z,36.9,android
E0008725,C00448,add_to_cart,2026-07-05T23:37:29Z,11.0,ios
E0008726,C00515,checkout,2026-07-27T21:26:26Z,6.2,android
E0008727,C00738,refund_request,2026-07-22T14:03:07Z,3.5,ios
E0008728,C00403,add_to_cart,2026-07-26T22:36:13Z,7.4,tablet
E0008729,C00063,refund_request,2026-07-09T11:14:16Z,17.5,tablet
E0008730,C00950,checkout,2026-07-14T08:17:35Z,29.4,ios
E0008731,C00764,add_to_cart,2026-07-11T11:40:48Z,12.7,ios
E0008732,C00203,checkout,2026-07-26T04:14:32Z,33.0,desktop
E0008733,C00077,checkout,2026-07-02T10:44:49Z,9.5,tablet
E0008734,C01165,page_view,2026-07-02T04:31:31Z,19.0,desktop
E0008735,C00637,checkout,2026-07-27T12:21:11Z,3.5,android
E0008736,C01028,checkout,2026-07-14T02:19:40Z,39.1,android
E0008737,C00448,checkout,2026-07-30T22:07:40Z,22.9,tablet
E0008738,C00372,checkout,2026-07-24T19:28:17Z,9.2,desktop
E0008739,C00536,support_ticket,2026-07-22T02:22:46Z,30.5,ios
E0008740,C01186,refund_request,2026-07-01T09:41:49Z,12.2,desktop
E0008741,C00244,support_ticket,2026-07-13T11:15:10Z,14.4,android
E0008742,C00796,checkout,2026-07-22T15:39:16Z,8.6,tablet
E0008743,C00795,page_view,2026-07-12T11:06:31Z,10.9,desktop
E0008744,C00420,refund_request,2026-07-02T01:03:07Z,26.4,android
E0008745,C00968,add_to_cart,2026-07-02T23:02:45Z,17.1,android
E0008746,C00549,checkout,2026-07-13T18:33:21Z,27.0,ios
E0008747,C00796,refund_request,2026-07-16T12:32:44Z,4.7,android
E0008748,C00331,page_view,2026-07-09T12:16:12Z,20.7,desktop
E0008749,C00206,page_view,2026-07-21T22:34:09Z,17.3,desktop
E0008750,C00401,checkout,2026-07-30T20:44:58Z,24.0,android
E0008751,C00503,refund_request,2026-07-13T23:55:53Z,22.0,android
E0008752,C01074,add_to_cart,2026-07-02T05:26:22Z,7.7,android
E0008753,C00583,page_view,2026-07-07T19:44:30Z,23.6,desktop
E0008754,C00486,refund_request,2026-07-03T11:26:55Z,7.3,tablet
E0008755,C00981,support_ticket,2026-07-02T17:10:35Z,35.7,android
E0008756,C00653,add_to_cart,2026-07-14T04:14:39Z,29.4,tablet
E0008757,C00032,support_ticket,2026-07-09T01:02:35Z,33.9,desktop
E0008758,C01038,refund_request,2026-07-28T14:35:39Z,10.6,android
E0008759,C00965,checkout,2026-07-29T09:43:09Z,12.6,tablet
E0008760,C00314,checkout,2026-07-30T23:45:21Z,27.7,desktop
E0008761,C00233,checkout,2026-07-21T04:54:11Z,37.2,desktop
E0008762,C00375,support_ticket,2026-07-20T16:19:10Z,30.3,android
E0008763,C01154,refund_request,2026-07-05T01:34:28Z,40.9,ios
E0008764,C01121,page_view,2026-07-08T19:12:07Z,3.7,desktop
E0008765,C00681,support_ticket,2026-07-05T22:59:13Z,36.8,tablet
E0008766,C00124,checkout,2026-07-23T02:20:52Z,10.5,ios
E0008767,C00320,refund_request,2026-07-23T09:19:06Z,35.7,desktop
E0008768,C00020,page_view,2026-07-20T15:10:21Z,42.0,android
E0008769,C00625,checkout,2026-07-14T11:26:59Z,1.7,ios
E0008770,C00071,checkout,2026-07-19T12:38:25Z,6.5,ios
E0008771,C00947,page_view,2026-07-05T01:43:44Z,13.9,ios
E0008772,C01189,add_to_cart,2026-07-24T02:40:23Z,17.7,android
E0008773,C00344,refund_request,2026-07-18T04:35:22Z,39.5,android
E0008774,C01121,page_view,2026-07-30T17:32:49Z,27.4,desktop
E0008775,C00291,support_ticket,2026-07-10T07:50:26Z,34.4,tablet
E0008776,C00390,add_to_cart,2026-07-03T15:23:41Z,30.6,android
E0008777,C00933,support_ticket,2026-07-18T09:45:05Z,15.0,ios
E0008778,C00551,checkout,2026-07-05T23:48:40Z,22.5,tablet
E0008779,C00758,checkout,2026-07-20T15:39:42Z,8.3,tablet
E0008780,C00153,support_ticket,2026-07-05T16:52:04Z,21.0,desktop
E0008781,C00587,support_ticket,2026-07-05T06:13:48Z,38.9,android
E0008782,C01155,support_ticket,2026-07-03T16:29:13Z,24.8,android
E0008783,C00980,checkout,2026-07-14T09:19:29Z,41.6,desktop
E0008784,C00932,page_view,2026-07-21T04:06:31Z,17.0,tablet
E0008785,C01083,add_to_cart,2026-07-04T05:34:11Z,18.4,android
E0008786,C00494,add_to_cart,2026-07-09T03:03:10Z,41.5,desktop
E0008787,C01095,add_to_cart,2026-07-08T06:42:50Z,39.4,android
E0008788,C00660,page_view,2026-07-13T21:02:17Z,7.8,ios
E0008789,C00944,add_to_cart,2026-07-13T22:22:25Z,3.0,desktop
E0008790,C00159,checkout,2026-07-25T15:37:15Z,41.6,android
E0008791,C00008,checkout,2026-07-22T19:28:49Z,23.8,desktop
E0008792,C00772,checkout,2026-07-29T21:46:37Z,3.5,ios
E0008793,C00993,page_view,2026-07-31T16:52:12Z,2.6,ios
E0008794,C00931,support_ticket,2026-07-19T13:02:56Z,29.3,ios
E0008795,C00062,support_ticket,2026-07-03T14:02:12Z,36.2,desktop
E0008796,C00494,checkout,2026-07-31T00:41:00Z,34.5,tablet
E0008797,C01158,checkout,2026-07-18T18:09:43Z,15.7,android
E0008798,C00883,add_to_cart,2026-07-17T11:38:08Z,21.9,desktop
E0008799,C00877,checkout,2026-07-11T13:43:08Z,5.3,desktop
E0008800,C00681,add_to_cart,2026-07-08T19:26:09Z,3.0,desktop
E0008801,C00352,page_view,2026-07-10T01:41:47Z,12.3,tablet
E0008802,C00022,checkout,2026-07-01T09:51:21Z,0.1,android
E0008803,C00248,add_to_cart,2026-07-28T03:19:31Z,0.5,tablet
E0008804,C00259,page_view,2026-07-21T04:45:26Z,20.2,android
E0008805,C00329,checkout,2026-07-22T07:40:20Z,11.8,tablet
E0008806,C00418,add_to_cart,2026-07-30T12:21:26Z,1.6,ios
E0008807,C01092,refund_request,2026-07-13T22:54:11Z,26.7,android
E0008808,C00154,refund_request,2026-07-19T03:57:59Z,41.8,desktop
E0008809,C00052,checkout,2026-07-05T12:08:31Z,22.4,android
E0008810,C00491,add_to_cart,2026-07-09T19:15:05Z,38.9,desktop
E0008811,C00857,page_view,2026-07-14T09:30:45Z,35.6,desktop
E0008812,C00978,add_to_cart,2026-07-25T18:22:51Z,15.3,tablet
E0008813,C00157,refund_request,2026-07-25T14:12:54Z,28.5,desktop
E0008814,C00093,support_ticket,2026-07-24T22:20:01Z,9.5,ios
E0008815,C00448,refund_request,2026-07-13T11:33:44Z,28.3,ios
E0008816,C00367,checkout,2026-07-20T01:08:23Z,10.1,tablet
E0008817,C00875,checkout,2026-07-12T22:55:35Z,25.5,tablet
E0008818,C00905,refund_request,2026-07-01T17:06:19Z,19.8,ios
E0008819,C00722,support_ticket,2026-07-01T04:21:22Z,35.7,ios
E0008820,C00295,checkout,2026-07-03T14:11:34Z,29.4,desktop
E0008821,C00448,checkout,2026-07-07T08:15:52Z,35.1,desktop
E0008822,C01165,support_ticket,2026-07-25T12:22:58Z,28.7,android
E0008823,C00312,page_view,2026-07-20T12:58:08Z,17.2,desktop
E0008824,C00508,refund_request,2026-07-06T09:28:47Z,31.9,ios
E0008825,C00337,checkout,2026-07-19T16:07:44Z,42.0,android
E0008826,C00915,checkout,2026-07-08T10:30:57Z,26.4,android
E0008827,C00700,add_to_cart,2026-07-12T01:02:40Z,19.6,desktop
E0008828,C00728,support_ticket,2026-07-13T04:56:23Z,27.1,tablet
E0008829,C00410,add_to_cart,2026-07-07T06:24:07Z,38.3,android
E0008830,C00197,add_to_cart,2026-07-10T09:11:07Z,39.1,desktop
E0008831,C01138,support_ticket,2026-07-08T15:04:19Z,29.5,ios
E0008832,C00408,add_to_cart,2026-07-04T02:39:14Z,22.3,tablet
E0008833,C00666,add_to_cart,2026-07-05T02:12:16Z,13.8,android
E0008834,C01070,page_view,2026-07-24T13:36:14Z,14.8,android
E0008835,C00051,page_view,2026-07-12T04:27:31Z,21.4,android
E0008836,C00109,refund_request,2026-07-27T12:29:57Z,25.1,android
E0008837,C01163,checkout,2026-07-22T06:02:53Z,6.1,android
E0008838,C00361,add_to_cart,2026-07-12T11:58:59Z,40.8,ios
E0008839,C00735,page_view,2026-07-31T00:39:53Z,12.7,desktop
E0008840,C00327,support_ticket,2026-07-07T17:42:24Z,32.9,desktop
E0008841,C01051,refund_request,2026-07-17T12:33:56Z,32.4,ios
E0008842,C01038,support_ticket,2026-07-04T01:19:27Z,16.3,ios
E0008843,C00483,checkout,2026-07-30T01:44:20Z,7.4,ios
E0008844,C00607,refund_request,2026-07-23T23:46:22Z,38.9,desktop
E0008845,C01123,support_ticket,2026-07-05T09:07:20Z,30.6,tablet
E0008846,C00740,page_view,2026-07-31T20:57:20Z,5.6,ios
E0008847,C00669,checkout,2026-07-22T18:24:46Z,17.6,android
E0008848,C00781,refund_request,2026-07-24T03:25:37Z,34.1,android
E0008849,C00987,checkout,2026-07-10T07:42:57Z,19.0,desktop
E0008850,C00711,refund_request,2026-07-10T04:46:00Z,18.7,tablet
E0008851,C01029,refund_request,2026-07-06T08:27:00Z,31.9,android
E0008852,C00141,add_to_cart,2026-07-01T03:26:23Z,31.2,desktop
E0008853,C00030,refund_request,2026-07-01T22:54:31Z,29.7,android
E0008854,C00585,add_to_cart,2026-07-22T18:49:18Z,19.3,ios
E0008855,C01122,add_to_cart,2026-07-01T19:41:48Z,5.8,desktop
E0008856,C00891,support_ticket,2026-07-21T05:08:03Z,23.7,ios
E0008857,C00156,page_view,2026-07-18T03:21:51Z,12.3,android
E0008858,C01180,add_to_cart,2026-07-22T18:49:44Z,27.0,tablet
E0008859,C00288,checkout,2026-07-11T17:45:09Z,40.8,android
E0008860,C00580,page_view,2026-07-01T20:27:49Z,7.8,tablet
E0008861,C00805,checkout,2026-07-25T11:15:57Z,38.2,android
E0008862,C01083,page_view,2026-07-29T19:45:16Z,41.3,tablet
E0008863,C00637,add_to_cart,2026-07-20T22:45:53Z,32.0,android
E0008864,C00211,refund_request,2026-07-13T07:29:32Z,19.7,android
E0008865,C00774,add_to_cart,2026-07-05T13:55:14Z,10.0,android
E0008866,C00556,support_ticket,2026-07-17T02:00:52Z,10.8,android
E0008867,C00258,add_to_cart,2026-07-04T22:03:19Z,26.8,tablet
E0008868,C00192,add_to_cart,2026-07-12T20:09:14Z,4.2,tablet
E0008869,C00042,page_view,2026-07-20T09:24:26Z,4.4,ios
E0008870,C00355,page_view,2026-07-04T11:33:07Z,37.9,desktop
E0008871,C00043,page_view,2026-07-28T01:20:19Z,16.3,desktop
E0008872,C00809,add_to_cart,2026-07-16T20:41:59Z,33.5,desktop
E0008873,C00534,page_view,2026-07-09T05:12:55Z,12.7,android
E0008874,C00183,support_ticket,2026-07-31T05:21:26Z,3.3,android
E0008875,C00951,checkout,2026-07-31T05:07:17Z,17.0,tablet
E0008876,C01117,checkout,2026-07-21T02:09:06Z,23.8,tablet
E0008877,C00860,refund_request,2026-07-26T17:27:59Z,6.6,desktop
E0008878,C00585,refund_request,2026-07-10T13:12:15Z,9.2,desktop
E0008879,C00830,refund_request,2026-07-12T01:32:47Z,34.5,tablet
E0008880,C00748,page_view,2026-07-03T15:02:50Z,33.1,android
E0008881,C00281,checkout,2026-07-23T06:38:17Z,8.1,tablet
E0008882,C01181,checkout,2026-07-02T23:05:24Z,4.8,tablet
E0008883,C01143,add_to_cart,2026-07-08T13:17:40Z,2.4,ios
E0008884,C00676,refund_request,2026-07-03T08:56:46Z,36.9,ios
E0008885,C00521,refund_request,2026-07-17T21:14:16Z,23.2,tablet
E0008886,C00239,page_view,2026-07-10T06:39:40Z,34.5,android
E0008887,C00450,add_to_cart,2026-07-07T21:02:34Z,24.7,desktop
E0008888,C00655,checkout,2026-07-15T13:58:46Z,12.0,desktop
E0008889,C00853,checkout,2026-07-04T06:24:12Z,13.5,desktop
E0008890,C00296,support_ticket,2026-07-04T22:54:00Z,28.2,android
E0008891,C00094,refund_request,2026-07-20T15:32:27Z,14.1,desktop
E0008892,C00173,refund_request,2026-07-13T14:10:29Z,0.8,android
E0008893,C00152,page_view,2026-07-21T12:15:05Z,9.8,tablet
E0008894,C00509,refund_request,2026-07-17T12:33:05Z,34.7,desktop
E0008895,C00871,add_to_cart,2026-07-28T04:17:52Z,33.1,desktop
E0008896,C01186,support_ticket,2026-07-04T08:43:59Z,35.0,ios
E0008897,C00059,refund_request,2026-07-11T03:54:03Z,17.7,tablet
E0008898,C00333,add_to_cart,2026-07-29T03:33:03Z,5.8,android
E0008899,C00132,checkout,2026-07-31T09:07:14Z,30.9,tablet
E0008900,C00131,support_ticket,2026-07-05T21:54:28Z,11.8,android
E0008901,C00159,checkout,2026-07-29T10:56:35Z,32.2,ios
E0008902,C00924,page_view,2026-07-04T03:57:10Z,32.4,desktop
E0008903,C00413,checkout,2026-07-21T20:02:22Z,40.5,tablet
E0008904,C01024,page_view,2026-07-19T15:29:16Z,5.0,tablet
E0008905,C00502,refund_request,2026-07-01T06:05:33Z,15.5,desktop
E0008906,C00326,checkout,2026-07-04T11:53:01Z,25.3,ios
E0008907,C00955,page_view,2026-07-10T12:42:32Z,28.9,desktop
E0008908,C00373,refund_request,2026-07-02T18:53:42Z,1.8,tablet
E0008909,C01154,page_view,2026-07-04T00:37:58Z,22.2,tablet
E0008910,C00319,checkout,2026-07-23T19:03:19Z,5.0,android
E0008911,C01094,add_to_cart,2026-07-14T00:08:58Z,9.0,tablet
E0008912,C00762,refund_request,2026-07-22T02:31:30Z,19.1,ios
E0008913,C01151,page_view,2026-07-29T00:09:45Z,17.4,ios
E0008914,C00719,support_ticket,2026-07-10T20:04:51Z,38.6,ios
E0008915,C00783,support_ticket,2026-07-04T04:37:47Z,26.2,ios
E0008916,C00495,support_ticket,2026-07-05T18:26:29Z,6.7,android
E0008917,C00538,add_to_cart,2026-07-29T23:44:12Z,15.8,tablet
E0008918,C00353,checkout,2026-07-01T22:00:41Z,32.9,android
E0008919,C00012,page_view,2026-07-19T05:23:26Z,11.8,tablet
E0008920,C00328,add_to_cart,2026-07-07T10:24:28Z,21.5,android
E0008921,C00152,support_ticket,2026-07-06T09:05:57Z,11.4,android
E0008922,C00479,refund_request,2026-07-25T00:12:05Z,35.0,desktop
E0008923,C00656,support_ticket,2026-07-07T10:28:57Z,12.7,ios
E0008924,C00415,page_view,2026-07-23T02:06:41Z,39.1,ios
E0008925,C00209,page_view,2026-07-23T12:15:54Z,3.7,tablet
E0008926,C00691,add_to_cart,2026-07-05T09:10:33Z,15.0,android
E0008927,C00375,checkout,2026-07-07T13:43:19Z,40.1,ios
E0008928,C00786,page_view,2026-07-29T02:57:39Z,38.0,ios
E0008929,C00984,page_view,2026-07-09T10:55:47Z,11.5,android
E0008930,C00230,support_ticket,2026-07-12T10:09:04Z,33.0,tablet
E0008931,C00189,refund_request,2026-07-03T11:20:50Z,41.6,android
E0008932,C00695,checkout,2026-07-09T05:52:29Z,35.8,desktop
E0008933,C00562,refund_request,2026-07-29T21:32:03Z,24.2,tablet
E0008934,C00202,add_to_cart,2026-07-19T03:29:10Z,33.4,desktop
E0008935,C00841,checkout,2026-07-14T13:07:20Z,5.1,desktop
E0008936,C00781,refund_request,2026-07-15T18:02:31Z,0.8,android
E0008937,C00059,support_ticket,2026-07-25T18:35:45Z,24.5,desktop
E0008938,C00123,checkout,2026-07-20T18:19:30Z,36.6,desktop
E0008939,C00479,page_view,2026-07-08T22:48:40Z,16.5,tablet
E0008940,C00234,add_to_cart,2026-07-07T13:25:13Z,30.8,tablet
E0008941,C00207,checkout,2026-07-12T13:05:49Z,29.5,android
E0008942,C01176,refund_request,2026-07-20T18:09:58Z,7.6,desktop
E0008943,C00842,checkout,2026-07-12T04:13:18Z,26.2,android
E0008944,C00135,page_view,2026-07-03T16:51:51Z,5.1,tablet
E0008945,C00523,support_ticket,2026-07-20T01:02:17Z,38.4,tablet
E0008946,C00693,refund_request,2026-07-07T08:20:16Z,5.3,android
E0008947,C00691,page_view,2026-07-30T07:54:01Z,27.2,android
E0008948,C00001,add_to_cart,2026-07-03T00:41:16Z,26.7,android
E0008949,C00580,support_ticket,2026-07-08T22:14:54Z,30.9,ios
E0008950,C00624,refund_request,2026-07-12T15:07:39Z,14.7,tablet
E0008951,C01065,page_view,2026-07-07T12:47:12Z,3.7,tablet
E0008952,C00340,checkout,2026-07-18T12:51:02Z,3.8,android
E0008953,C00793,page_view,2026-07-20T08:56:40Z,23.5,desktop
E0008954,C00201,checkout,2026-07-21T14:39:29Z,37.5,ios
E0008955,C00751,page_view,2026-07-27T07:24:57Z,39.2,android
E0008956,C00879,add_to_cart,2026-07-26T03:21:16Z,28.6,desktop
E0008957,C00944,refund_request,2026-07-25T14:05:09Z,31.9,ios
E0008958,C00766,support_ticket,2026-07-23T23:09:03Z,9.7,android
E0008959,C00086,add_to_cart,2026-07-19T14:12:29Z,22.9,android
E0008960,C00040,checkout,2026-07-25T23:42:05Z,31.4,android
E0008961,C01071,add_to_cart,2026-07-25T02:56:16Z,26.8,tablet
E0008962,C00581,support_ticket,2026-07-04T07:54:22Z,29.5,desktop
E0008963,C01120,add_to_cart,2026-07-01T22:16:05Z,31.6,tablet
E0008964,C00753,page_view,2026-07-28T19:55:04Z,39.7,ios
E0008965,C00742,support_ticket,2026-07-06T18:58:35Z,6.6,ios
E0008966,C00121,page_view,2026-07-08T05:07:11Z,39.4,desktop
E0008967,C00999,support_ticket,2026-07-05T05:04:06Z,9.3,desktop
E0008968,C00077,checkout,2026-07-30T20:15:02Z,12.7,ios
E0008969,C00829,add_to_cart,2026-07-14T03:49:53Z,1.1,tablet
E0008970,C00035,add_to_cart,2026-07-16T06:52:36Z,10.3,ios
E0008971,C00011,support_ticket,2026-07-11T04:43:10Z,40.8,desktop
E0008972,C00875,support_ticket,2026-07-08T22:46:55Z,1.5,tablet
E0008973,C01189,checkout,2026-07-05T22:14:21Z,15.6,android
E0008974,C00949,page_view,2026-07-08T14:13:20Z,14.5,ios
E0008975,C01037,support_ticket,2026-07-09T10:24:09Z,34.0,desktop
E0008976,C00095,support_ticket,2026-07-17T10:00:31Z,13.1,desktop
E0008977,C00893,page_view,2026-07-25T04:15:35Z,1.8,tablet
E0008978,C00716,support_ticket,2026-07-16T02:00:45Z,29.1,ios
E0008979,C00604,refund_request,2026-07-07T16:21:00Z,39.2,android
E0008980,C00244,checkout,2026-07-12T17:15:39Z,7.4,tablet
E0008981,C00291,checkout,2026-07-01T03:32:42Z,16.5,ios
E0008982,C00374,support_ticket,2026-07-21T22:26:13Z,37.3,ios
E0008983,C00397,refund_request,2026-07-04T02:51:06Z,5.9,android
E0008984,C00216,support_ticket,2026-07-30T07:15:20Z,31.4,ios
E0008985,C00451,support_ticket,2026-07-21T15:26:15Z,41.5,desktop
E0008986,C01008,support_ticket,2026-07-29T03:04:32Z,13.8,android
E0008987,C00200,support_ticket,2026-07-25T19:50:51Z,9.0,ios
E0008988,C01047,refund_request,2026-07-29T09:03:24Z,29.9,tablet
E0008989,C00479,checkout,2026-07-31T15:39:55Z,28.6,tablet
E0008990,C00938,page_view,2026-07-21T21:01:48Z,30.0,android
E0008991,C00659,support_ticket,2026-07-05T16:03:34Z,13.1,desktop
E0008992,C00153,checkout,2026-07-26T14:27:01Z,40.7,tablet
E0008993,C00921,add_to_cart,2026-07-20T07:02:24Z,5.0,tablet
E0008994,C00421,support_ticket,2026-07-22T15:09:04Z,29.6,android
E0008995,C00432,support_ticket,2026-07-20T14:26:08Z,40.2,android
E0008996,C00713,support_ticket,2026-07-26T11:58:47Z,21.2,ios
E0008997,C00586,checkout,2026-07-11T21:31:02Z,19.4,desktop
E0008998,C00138,support_ticket,2026-07-10T03:59:31Z,12.1,ios
E0008999,C00165,checkout,2026-07-23T17:22:40Z,9.7,ios
E0009000,C00583,page_view,2026-07-29T15:57:59Z,9.0,desktop
