order_id,customer_id,order_ts,channel,amount_eur,items,status
O000001,C00978,2026-07-03T14:58:33Z,web,243.40,1,completed
O000002,C00582,2026-07-07T10:28:04Z,partner,104.45,5,completed
O000003,C00481,2026-07-28T05:10:17Z,partner,226.55,1,completed
O000004,C00418,2026-07-22T13:49:33Z,web,278.48,6,completed
O000005,C00427,2026-07-09T10:50:37Z,web,454.07,5,completed
O000006,C00916,2026-07-04T00:13:29Z,partner,126.84,6,completed
O000007,C00388,2026-07-03T02:44:43Z,store,471.27,2,completed
O000008,C00127,2026-07-10T13:02:20Z,store,144.84,6,completed
O000009,C00214,2026-07-20T06:23:08Z,partner,95.46,6,completed
O000010,C01035,2026-07-11T19:33:04Z,web,265.62,4,completed
O000011,C00921,2026-07-12T10:26:17Z,web,414.26,1,completed
O000012,C00710,2026-07-30T06:02:51Z,partner,393.64,1,completed
O000013,C00438,2026-07-06T09:26:32Z,store,320.72,2,completed
O000014,C00986,2026-07-14T15:57:14Z,partner,340.00,4,completed
O000015,C00070,2026-07-18T09:21:54Z,mobile,290.58,5,completed
O000016,C00909,2026-07-14T23:43:53Z,mobile,18.55,1,completed
O000017,C00013,2026-07-20T11:31:26Z,partner,464.85,4,completed
O000018,C00942,2026-07-08T10:51:36Z,partner,208.68,1,completed
O000019,C00820,2026-07-26T15:18:36Z,web,106.91,4,completed
O000020,C00083,2026-07-03T23:29:24Z,partner,474.09,1,completed
O000021,C00625,2026-07-15T05:32:50Z,partner,473.90,3,completed
O000022,C00450,2026-07-30T18:48:36Z,web,115.88,5,completed
O000023,C00533,2026-07-31T13:05:31Z,partner,122.14,4,completed
O000024,C00080,2026-07-25T06:34:55Z,partner,129.35,1,refunded
O000025,C01044,2026-07-15T16:56:12Z,partner,464.72,1,completed
O000026,C00195,2026-07-24T18:34:54Z,mobile,337.33,3,completed
O000027,C00283,2026-07-24T16:21:02Z,partner,352.72,5,completed
O000028,C00807,2026-07-25T20:31:02Z,mobile,353.05,2,completed
O000029,C00384,2026-07-27T01:45:05Z,store,48.06,2,completed
O000030,C01095,2026-07-19T04:00:50Z,web,460.16,4,completed
O000031,C00319,2026-07-14T17:50:28Z,web,6.50,6,completed
O000032,C00065,2026-07-27T18:19:17Z,store,22.42,3,completed
O000033,C00050,2026-07-28T19:23:04Z,store,469.50,5,completed
O000034,C00549,2026-07-02T11:23:12Z,mobile,113.94,1,completed
O000035,C00069,2026-07-25T20:55:21Z,web,199.49,4,completed
O000036,C01108,2026-07-14T01:08:37Z,partner,249.06,4,completed
O000037,C00719,2026-07-22T20:03:49Z,partner,334.54,6,completed
O000038,C00671,2026-07-10T18:01:27Z,store,229.57,4,completed
O000039,C00833,2026-07-12T16:07:43Z,mobile,464.07,2,completed
O000040,C00951,2026-07-20T13:59:08Z,store,36.51,3,completed
O000041,C00284,2026-07-14T14:52:38Z,web,132.08,1,completed
O000042,C00937,2026-07-05T20:21:13Z,mobile,86.47,5,completed
O000043,C00803,2026-07-19T21:06:49Z,mobile,16.02,3,completed
O000044,C01150,2026-07-14T19:40:36Z,mobile,493.92,6,completed
O000045,C00978,2026-07-10T23:01:17Z,store,94.75,2,completed
O000046,C01167,2026-07-03T14:46:16Z,web,103.63,4,completed
O000047,C00484,2026-07-10T00:58:57Z,partner,194.01,4,completed
O000048,C00633,2026-07-10T17:26:17Z,partner,101.36,2,completed
O000049,C00300,2026-07-02T11:53:21Z,mobile,61.02,6,completed
O000050,C00115,2026-07-23T12:39:17Z,partner,14.28,1,completed
O000051,C00478,2026-07-18T15:47:56Z,mobile,128.98,3,completed
O000052,C00144,2026-07-27T09:12:51Z,web,90.91,5,completed
O000053,C00649,2026-07-13T22:43:03Z,partner,188.35,5,completed
O000054,C01156,2026-07-18T22:34:33Z,mobile,310.93,6,refunded
O000055,C00669,2026-07-24T17:49:18Z,partner,216.66,6,completed
O000056,C01078,2026-07-03T21:11:31Z,store,454.43,5,completed
O000057,C00011,2026-07-27T17:24:36Z,mobile,453.09,1,refunded
O000058,C00641,2026-07-30T07:53:02Z,store,135.94,4,completed
O000059,C01124,2026-07-05T17:03:46Z,store,413.16,4,completed
O000060,C00897,2026-07-27T01:30:30Z,web,282.63,1,completed
O000061,C00372,2026-07-22T18:10:12Z,partner,66.73,3,completed
O000062,C00693,2026-07-09T23:44:47Z,partner,200.38,1,completed
O000063,C00449,2026-07-30T17:39:07Z,store,244.97,6,refunded
O000064,C00385,2026-07-12T10:06:44Z,partner,419.11,4,completed
O000065,C00332,2026-07-01T09:13:02Z,mobile,337.17,3,completed
O000066,C00278,2026-07-01T13:34:34Z,partner,408.62,2,completed
O000067,C00144,2026-07-09T16:06:18Z,partner,352.98,3,completed
O000068,C00624,2026-07-22T10:15:23Z,store,312.74,2,completed
O000069,C00592,2026-07-04T08:36:30Z,web,370.34,5,completed
O000070,C00651,2026-07-02T22:13:57Z,web,255.36,5,completed
O000071,C00785,2026-07-17T06:30:42Z,store,227.50,5,completed
O000072,C00424,2026-07-06T15:46:13Z,web,239.79,3,completed
O000073,C00634,2026-07-02T23:52:30Z,web,73.42,1,completed
O000074,C00363,2026-07-28T20:36:01Z,store,48.73,4,refunded
O000075,C01080,2026-07-31T17:22:55Z,web,422.39,2,refunded
O000076,C00095,2026-07-27T03:06:14Z,store,377.87,2,completed
O000077,C00537,2026-07-06T18:42:47Z,mobile,152.96,3,completed
O000078,C00713,2026-07-01T06:35:16Z,mobile,432.23,3,completed
O000079,C00889,2026-07-09T15:19:22Z,store,54.49,3,refunded
O000080,C00247,2026-07-17T06:15:02Z,mobile,494.47,5,completed
O000081,C00510,2026-07-21T05:01:31Z,mobile,161.77,5,completed
O000082,C01008,2026-07-23T14:47:36Z,partner,77.43,3,completed
O000083,C01074,2026-07-05T11:40:54Z,store,219.71,1,completed
O000084,C00174,2026-07-01T01:58:30Z,store,79.27,2,refunded
O000085,C00597,2026-07-16T18:49:20Z,web,394.57,3,completed
O000086,C00811,2026-07-26T04:10:36Z,store,14.90,3,completed
O000087,C01117,2026-07-28T09:38:40Z,partner,482.34,2,completed
O000088,C00542,2026-07-16T18:02:20Z,web,197.30,4,completed
O000089,C00924,2026-07-09T00:31:53Z,web,473.63,4,completed
O000090,C00777,2026-07-04T05:15:27Z,store,411.77,1,completed
O000091,C00226,2026-07-02T15:22:27Z,mobile,347.74,5,completed
O000092,C01081,2026-07-19T07:14:34Z,partner,303.75,1,completed
O000093,C00233,2026-07-27T03:36:13Z,store,449.10,4,completed
O000094,C00099,2026-07-20T13:08:37Z,web,256.69,2,completed
O000095,C00779,2026-07-23T21:57:36Z,web,73.72,1,completed
O000096,C01108,2026-07-06T14:02:35Z,web,469.55,3,completed
O000097,C00474,2026-07-08T16:34:39Z,mobile,43.54,3,completed
O000098,C01129,2026-07-27T15:20:46Z,partner,418.50,4,completed
O000099,C00975,2026-07-11T19:38:13Z,web,308.84,6,completed
O000100,C00854,2026-07-11T00:37:53Z,store,490.28,5,refunded
O000101,C00828,2026-07-08T21:56:36Z,web,334.44,2,completed
O000102,C00870,2026-07-02T00:04:05Z,partner,399.97,3,completed
O000103,C00621,2026-07-04T10:09:10Z,web,16.43,3,completed
O000104,C00737,2026-07-10T22:17:32Z,store,29.31,2,completed
O000105,C00304,2026-07-09T03:59:06Z,store,201.46,4,completed
O000106,C00813,2026-07-06T06:50:27Z,mobile,350.77,3,completed
O000107,C01022,2026-07-28T03:02:00Z,partner,102.57,3,completed
O000108,C00292,2026-07-02T17:07:51Z,mobile,347.27,6,completed
O000109,C00917,2026-07-31T20:26:17Z,mobile,484.07,4,completed
O000110,C00199,2026-07-27T03:42:44Z,partner,180.22,3,completed
O000111,C00937,2026-07-13T02:55:14Z,store,321.81,6,refunded
O000112,C00800,2026-07-21T06:17:32Z,mobile,467.80,1,completed
O000113,C00652,2026-07-09T23:35:17Z,mobile,421.24,6,completed
O000114,C00388,2026-07-04T01:00:55Z,partner,430.50,2,completed
O000115,C00427,2026-07-04T17:57:18Z,store,379.00,3,completed
O000116,C00744,2026-07-04T06:20:10Z,mobile,345.76,6,completed
O000117,C00930,2026-07-07T14:03:27Z,store,171.13,2,completed
O000118,C00582,2026-07-12T11:30:19Z,mobile,490.59,3,completed
O000119,C00821,2026-07-03T03:55:48Z,web,119.82,4,completed
O000120,C01129,2026-07-03T22:14:48Z,store,249.47,1,completed
O000121,C00589,2026-07-24T16:37:29Z,mobile,299.97,3,completed
O000122,C00060,2026-07-09T03:57:26Z,store,267.91,1,completed
O000123,C00657,2026-07-11T12:04:54Z,mobile,7.33,3,completed
O000124,C00611,2026-07-02T12:35:00Z,store,141.08,6,completed
O000125,C00054,2026-07-16T23:58:03Z,mobile,429.64,2,completed
O000126,C00292,2026-07-18T05:10:41Z,mobile,187.19,6,completed
O000127,C00660,2026-07-09T05:04:44Z,web,156.81,5,completed
O000128,C00121,2026-07-02T16:07:10Z,web,45.76,4,completed
O000129,C00897,2026-07-13T23:34:57Z,web,99.72,3,completed
O000130,C01150,2026-07-01T12:14:16Z,web,282.21,3,refunded
O000131,C01180,2026-07-10T03:58:43Z,partner,264.65,1,completed
O000132,C00937,2026-07-06T02:33:06Z,web,28.05,4,refunded
O000133,C00788,2026-07-04T01:20:50Z,web,53.89,6,completed
O000134,C00664,2026-07-25T11:02:21Z,store,182.99,6,refunded
O000135,C00411,2026-07-25T08:37:43Z,web,340.83,3,completed
O000136,C01098,2026-07-15T21:15:20Z,partner,48.12,1,completed
O000137,C00728,2026-07-31T16:33:14Z,store,386.13,5,completed
O000138,C00385,2026-07-10T23:28:10Z,mobile,465.90,3,completed
O000139,C00715,2026-07-15T11:35:45Z,mobile,291.83,6,completed
O000140,C00264,2026-07-29T01:40:36Z,partner,291.66,5,refunded
O000141,C00225,2026-07-09T14:35:43Z,partner,496.77,1,completed
O000142,C00021,2026-07-12T20:52:18Z,web,260.18,4,completed
O000143,C00668,2026-07-15T20:56:26Z,web,164.36,2,completed
O000144,C00089,2026-07-23T06:32:53Z,partner,156.37,2,refunded
O000145,C00219,2026-07-14T08:00:26Z,mobile,45.00,2,completed
O000146,C00431,2026-07-14T19:03:36Z,web,415.36,1,completed
O000147,C00260,2026-07-18T22:41:18Z,store,155.92,3,completed
O000148,C00552,2026-07-09T03:55:49Z,partner,378.67,4,completed
O000149,C00414,2026-07-17T11:09:58Z,store,39.71,3,completed
O000150,C01126,2026-07-27T21:51:22Z,partner,226.20,2,completed
O000151,C00239,2026-07-30T11:26:56Z,store,166.16,5,completed
O000152,C01062,2026-07-11T19:23:55Z,store,151.41,3,completed
O000153,C00518,2026-07-15T16:06:55Z,web,275.57,6,completed
O000154,C00278,2026-07-18T01:05:11Z,web,408.08,2,completed
O000155,C00917,2026-07-31T23:41:37Z,store,257.04,2,completed
O000156,C00068,2026-07-18T06:42:41Z,partner,204.58,4,completed
O000157,C01172,2026-07-18T18:54:24Z,partner,202.22,1,refunded
O000158,C01055,2026-07-08T05:26:47Z,store,237.62,4,completed
O000159,C00274,2026-07-21T19:32:31Z,web,320.32,6,completed
O000160,C00203,2026-07-10T22:40:55Z,mobile,307.43,4,completed
O000161,C00493,2026-07-08T18:43:28Z,mobile,324.13,6,completed
O000162,C00469,2026-07-07T07:01:44Z,partner,380.84,3,completed
O000163,C01170,2026-07-09T23:55:48Z,store,415.63,2,completed
O000164,C00445,2026-07-27T04:05:53Z,store,200.15,2,completed
O000165,C00433,2026-07-06T18:28:44Z,partner,459.73,4,completed
O000166,C00259,2026-07-03T06:20:47Z,web,268.50,3,completed
O000167,C00165,2026-07-31T20:55:21Z,mobile,365.25,5,completed
O000168,C00151,2026-07-09T21:04:57Z,mobile,76.25,5,completed
O000169,C00045,2026-07-19T15:53:44Z,partner,395.11,6,refunded
O000170,C00613,2026-07-03T18:09:57Z,web,251.01,4,completed
O000171,C00035,2026-07-17T21:49:27Z,store,229.21,1,completed
O000172,C00532,2026-07-01T06:27:14Z,web,35.62,4,completed
O000173,C01019,2026-07-27T14:07:51Z,partner,154.47,2,completed
O000174,C00221,2026-07-01T15:38:45Z,web,244.44,6,completed
O000175,C00457,2026-07-29T16:32:01Z,store,104.06,6,completed
O000176,C00903,2026-07-03T18:54:37Z,web,412.61,6,completed
O000177,C00056,2026-07-30T04:37:56Z,store,486.69,4,completed
O000178,C00272,2026-07-01T02:03:14Z,web,102.68,6,completed
O000179,C00999,2026-07-05T22:14:04Z,web,114.94,5,completed
O000180,C00602,2026-07-02T20:15:02Z,mobile,84.16,3,completed
O000181,C00157,2026-07-10T19:53:01Z,store,246.09,1,completed
O000182,C01051,2026-07-09T14:14:01Z,mobile,9.17,6,completed
O000183,C00207,2026-07-23T23:38:14Z,partner,473.45,6,completed
O000184,C00042,2026-07-29T23:08:59Z,partner,477.08,2,completed
O000185,C00572,2026-07-12T05:47:09Z,partner,113.96,3,completed
O000186,C00340,2026-07-07T20:57:26Z,mobile,82.85,5,completed
O000187,C00095,2026-07-17T19:25:00Z,partner,159.38,4,completed
O000188,C00174,2026-07-24T04:15:35Z,web,456.64,4,completed
O000189,C00141,2026-07-28T00:45:41Z,web,104.07,4,completed
O000190,C00438,2026-07-22T00:55:15Z,mobile,105.44,4,completed
O000191,C00799,2026-07-09T04:56:00Z,web,292.82,1,completed
O000192,C00471,2026-07-23T02:40:18Z,store,471.74,3,completed
O000193,C00019,2026-07-28T02:19:36Z,web,427.70,1,completed
O000194,C01160,2026-07-14T04:53:18Z,mobile,174.37,5,completed
O000195,C00451,2026-07-21T22:38:26Z,mobile,493.93,4,completed
O000196,C01152,2026-07-27T03:04:32Z,mobile,223.47,5,completed
O000197,C00975,2026-07-31T20:51:12Z,web,454.00,6,completed
O000198,C00076,2026-07-13T09:42:51Z,store,202.53,3,completed
O000199,C01119,2026-07-21T16:54:40Z,store,17.62,6,refunded
O000200,C00857,2026-07-25T10:08:32Z,store,339.81,1,completed
O000201,C00862,2026-07-10T19:07:27Z,partner,235.32,1,completed
O000202,C00748,2026-07-27T18:16:18Z,web,206.38,1,completed
O000203,C00421,2026-07-22T23:37:09Z,web,353.93,3,completed
O000204,C00975,2026-07-12T14:26:08Z,store,184.35,5,completed
O000205,C00575,2026-07-29T23:47:30Z,web,179.48,3,completed
O000206,C00624,2026-07-29T01:27:33Z,mobile,61.92,6,completed
O000207,C00632,2026-07-31T06:12:42Z,web,225.77,5,completed
O000208,C00278,2026-07-21T01:54:29Z,web,324.40,6,completed
O000209,C00655,2026-07-07T01:09:55Z,partner,158.66,3,completed
O000210,C00168,2026-07-04T04:32:47Z,web,252.74,2,completed
O000211,C00382,2026-07-24T20:49:20Z,store,75.02,2,completed
O000212,C00859,2026-07-08T21:04:17Z,web,78.37,1,completed
O000213,C00508,2026-07-11T05:41:20Z,store,81.19,6,completed
O000214,C00009,2026-07-18T00:34:14Z,store,189.44,1,completed
O000215,C00316,2026-07-12T06:43:32Z,mobile,455.21,3,completed
O000216,C00106,2026-07-26T04:38:30Z,mobile,178.05,4,completed
O000217,C00478,2026-07-16T06:53:27Z,mobile,303.23,5,completed
O000218,C00515,2026-07-25T10:13:20Z,store,129.29,6,completed
O000219,C00547,2026-07-13T18:58:23Z,store,27.09,6,completed
O000220,C01072,2026-07-01T12:15:47Z,web,446.66,1,completed
O000221,C00891,2026-07-03T18:18:41Z,partner,413.15,4,completed
O000222,C01143,2026-07-08T20:16:12Z,web,241.82,5,completed
O000223,C00111,2026-07-02T19:05:51Z,partner,471.41,5,completed
O000224,C01163,2026-07-29T12:44:35Z,partner,192.90,2,completed
O000225,C00532,2026-07-23T09:14:31Z,mobile,242.19,4,completed
O000226,C00773,2026-07-09T21:51:52Z,mobile,82.47,3,completed
O000227,C00690,2026-07-07T20:46:04Z,partner,438.10,1,completed
O000228,C00283,2026-07-11T19:33:43Z,store,49.02,5,completed
O000229,C00688,2026-07-21T07:44:28Z,web,418.37,6,completed
O000230,C00902,2026-07-12T03:43:07Z,partner,304.29,4,completed
O000231,C01040,2026-07-18T04:59:43Z,store,194.00,6,completed
O000232,C00813,2026-07-05T00:06:14Z,mobile,84.66,4,refunded
O000233,C00672,2026-07-14T17:21:27Z,store,148.58,5,completed
O000234,C01016,2026-07-26T16:33:29Z,store,292.72,2,completed
O000235,C00404,2026-07-13T23:59:37Z,web,275.34,1,completed
O000236,C00114,2026-07-24T18:18:19Z,web,425.78,5,completed
O000237,C00647,2026-07-31T07:45:32Z,store,106.62,1,completed
O000238,C00087,2026-07-09T07:04:08Z,partner,165.13,3,completed
O000239,C00202,2026-07-18T20:39:40Z,mobile,460.23,4,completed
O000240,C00239,2026-07-12T21:27:28Z,partner,104.95,3,completed
O000241,C00380,2026-07-01T07:17:34Z,partner,347.12,1,completed
O000242,C00457,2026-07-04T07:56:26Z,mobile,308.45,1,completed
O000243,C00063,2026-07-03T09:05:21Z,partner,64.79,3,completed
O000244,C00304,2026-07-03T10:01:07Z,web,248.12,6,completed
O000245,C00570,2026-07-13T03:22:05Z,partner,310.70,2,completed
O000246,C00136,2026-07-20T22:14:37Z,store,129.25,5,completed
O000247,C00262,2026-07-02T23:04:44Z,mobile,115.17,2,completed
O000248,C00529,2026-07-08T05:20:43Z,partner,474.26,5,completed
O000249,C00296,2026-07-24T16:27:05Z,mobile,149.68,4,completed
O000250,C00657,2026-07-21T07:27:10Z,mobile,9.91,2,completed
O000251,C00491,2026-07-02T03:51:37Z,store,329.54,1,completed
O000252,C01015,2026-07-13T00:21:52Z,partner,469.40,5,completed
O000253,C00712,2026-07-18T04:16:12Z,web,111.06,6,completed
O000254,C00967,2026-07-23T08:09:31Z,web,122.59,3,completed
O000255,C00039,2026-07-12T03:52:13Z,store,191.05,2,completed
O000256,C01062,2026-07-13T20:28:47Z,partner,264.91,4,refunded
O000257,C01113,2026-07-04T14:56:08Z,partner,305.17,1,completed
O000258,C00762,2026-07-20T11:11:03Z,store,478.51,6,completed
O000259,C00997,2026-07-03T00:06:17Z,partner,178.16,3,completed
O000260,C01026,2026-07-21T19:54:09Z,store,425.12,4,completed
O000261,C00058,2026-07-06T16:04:40Z,partner,19.21,3,completed
O000262,C01119,2026-07-11T21:05:36Z,partner,6.51,5,completed
O000263,C00611,2026-07-07T18:41:59Z,partner,249.80,5,completed
O000264,C00394,2026-07-08T16:10:01Z,mobile,420.70,1,completed
O000265,C00069,2026-07-10T12:12:30Z,mobile,99.77,1,completed
O000266,C00866,2026-07-22T03:16:31Z,web,121.12,4,completed
O000267,C00504,2026-07-13T12:46:54Z,mobile,285.64,6,refunded
O000268,C00115,2026-07-31T20:12:43Z,mobile,91.80,3,completed
O000269,C00176,2026-07-15T03:12:19Z,mobile,331.63,1,completed
O000270,C00588,2026-07-23T04:09:23Z,web,217.57,6,refunded
O000271,C00138,2026-07-22T07:21:17Z,partner,42.37,2,completed
O000272,C01079,2026-07-19T17:12:15Z,mobile,256.04,5,completed
O000273,C00398,2026-07-24T02:01:11Z,partner,212.69,5,completed
O000274,C00405,2026-07-13T20:00:01Z,store,323.39,5,completed
O000275,C00088,2026-07-17T04:59:29Z,mobile,323.13,1,completed
O000276,C01040,2026-07-20T15:22:49Z,store,198.39,2,completed
O000277,C00082,2026-07-01T09:28:07Z,mobile,172.52,5,completed
O000278,C00181,2026-07-22T03:41:17Z,mobile,351.96,2,completed
O000279,C01012,2026-07-24T03:15:44Z,partner,194.80,2,completed
O000280,C01003,2026-07-12T05:12:35Z,partner,394.77,5,completed
O000281,C00045,2026-07-02T15:22:18Z,web,184.59,2,completed
O000282,C00442,2026-07-23T21:05:18Z,mobile,210.62,4,completed
O000283,C00479,2026-07-16T03:27:18Z,store,481.94,3,completed
O000284,C00733,2026-07-28T17:18:48Z,partner,380.04,4,completed
O000285,C00635,2026-07-24T01:32:38Z,store,206.60,5,refunded
O000286,C01163,2026-07-26T23:09:38Z,store,223.59,1,completed
O000287,C00526,2026-07-16T07:29:50Z,web,451.77,6,completed
O000288,C00041,2026-07-20T22:37:07Z,mobile,292.66,1,completed
O000289,C00256,2026-07-17T22:57:12Z,store,435.39,5,completed
O000290,C00485,2026-07-21T10:25:16Z,mobile,211.78,2,completed
O000291,C00377,2026-07-09T14:03:39Z,mobile,31.20,3,completed
O000292,C00665,2026-07-04T04:12:41Z,mobile,13.89,5,completed
O000293,C01094,2026-07-10T23:22:03Z,partner,221.63,1,completed
O000294,C00030,2026-07-30T11:26:53Z,partner,248.84,1,completed
O000295,C00934,2026-07-17T19:01:33Z,partner,222.47,5,completed
O000296,C00427,2026-07-22T21:50:13Z,partner,43.40,3,completed
O000297,C01093,2026-07-21T16:09:32Z,web,24.17,1,completed
O000298,C00421,2026-07-26T07:57:57Z,web,485.57,3,completed
O000299,C01112,2026-07-04T14:16:05Z,store,495.62,5,completed
O000300,C00630,2026-07-14T20:12:55Z,mobile,141.48,1,completed
O000301,C00871,2026-07-14T23:54:46Z,web,154.04,5,completed
O000302,C00554,2026-07-27T19:35:51Z,mobile,281.69,1,completed
O000303,C00753,2026-07-04T18:27:50Z,mobile,246.68,6,completed
O000304,C00301,2026-07-04T09:13:14Z,partner,38.70,3,completed
O000305,C01128,2026-07-30T08:28:30Z,store,422.33,6,completed
O000306,C00184,2026-07-05T12:18:30Z,partner,208.24,2,completed
O000307,C00630,2026-07-24T04:19:13Z,partner,115.99,6,completed
O000308,C00288,2026-07-04T00:40:01Z,web,51.17,3,completed
O000309,C00660,2026-07-13T08:53:25Z,mobile,93.82,5,completed
O000310,C00514,2026-07-31T06:43:31Z,web,361.13,3,completed
O000311,C00202,2026-07-31T14:15:45Z,partner,44.16,4,completed
O000312,C00581,2026-07-12T14:09:08Z,store,381.94,6,completed
O000313,C00817,2026-07-06T04:09:27Z,web,214.96,6,completed
O000314,C00694,2026-07-18T05:26:21Z,web,70.18,1,completed
O000315,C00838,2026-07-10T21:48:34Z,partner,183.38,5,completed
O000316,C01027,2026-07-22T15:14:00Z,mobile,7.39,6,completed
O000317,C00631,2026-07-28T12:12:40Z,store,406.86,2,completed
O000318,C00521,2026-07-07T18:17:09Z,mobile,309.32,3,completed
O000319,C00983,2026-07-02T01:23:16Z,store,36.64,5,completed
O000320,C00906,2026-07-07T16:35:17Z,store,444.95,4,completed
O000321,C00239,2026-07-25T10:34:00Z,mobile,380.84,6,completed
O000322,C00349,2026-07-09T20:34:53Z,store,488.79,2,completed
O000323,C00789,2026-07-26T18:05:53Z,mobile,217.91,2,completed
O000324,C00695,2026-07-05T04:34:55Z,partner,114.07,2,completed
O000325,C01161,2026-07-26T04:48:24Z,store,107.56,3,completed
O000326,C01089,2026-07-06T21:11:51Z,web,337.90,4,completed
O000327,C00817,2026-07-25T08:25:56Z,mobile,181.33,5,completed
O000328,C00023,2026-07-11T18:41:34Z,partner,114.98,3,completed
O000329,C00518,2026-07-20T19:27:08Z,store,35.93,5,completed
O000330,C00880,2026-07-14T22:49:03Z,web,222.34,3,completed
O000331,C00861,2026-07-20T08:21:56Z,web,19.01,6,completed
O000332,C00928,2026-07-16T09:47:23Z,partner,194.10,1,completed
O000333,C01056,2026-07-05T09:06:19Z,partner,286.64,4,completed
O000334,C00550,2026-07-23T15:27:56Z,mobile,264.16,3,refunded
O000335,C00502,2026-07-20T15:26:47Z,partner,80.19,2,completed
O000336,C00241,2026-07-24T06:44:39Z,mobile,120.47,5,completed
O000337,C00655,2026-07-15T07:31:23Z,store,332.90,5,refunded
O000338,C00933,2026-07-08T16:38:33Z,partner,121.62,6,completed
O000339,C00014,2026-07-07T22:42:30Z,mobile,137.69,4,completed
O000340,C00639,2026-07-12T11:24:30Z,mobile,372.46,6,completed
O000341,C01120,2026-07-31T12:23:57Z,partner,329.03,1,completed
O000342,C00081,2026-07-17T07:35:11Z,partner,63.42,5,completed
O000343,C00375,2026-07-22T22:57:39Z,mobile,219.25,4,completed
O000344,C00732,2026-07-26T18:33:59Z,partner,85.11,2,completed
O000345,C01189,2026-07-23T03:36:26Z,web,66.02,5,completed
O000346,C00628,2026-07-31T00:54:56Z,store,359.84,3,refunded
O000347,C00061,2026-07-01T21:09:34Z,mobile,376.81,6,completed
O000348,C00387,2026-07-17T23:26:10Z,web,340.87,5,completed
O000349,C00705,2026-07-18T07:25:46Z,partner,341.63,1,completed
O000350,C00229,2026-07-18T22:13:16Z,partner,71.92,5,completed
O000351,C01100,2026-07-17T14:14:05Z,partner,345.26,2,completed
O000352,C00827,2026-07-09T00:27:56Z,store,116.77,5,completed
O000353,C00345,2026-07-11T10:51:29Z,partner,321.42,4,completed
O000354,C00989,2026-07-01T17:31:01Z,mobile,31.07,6,completed
O000355,C00110,2026-07-10T17:23:33Z,store,396.00,4,completed
O000356,C00022,2026-07-14T17:06:11Z,partner,242.60,5,completed
O000357,C00207,2026-07-16T23:50:59Z,mobile,485.64,3,completed
O000358,C00813,2026-07-06T17:24:49Z,store,126.71,6,completed
O000359,C00866,2026-07-17T07:26:18Z,web,437.82,4,completed
O000360,C00204,2026-07-19T18:06:48Z,store,139.73,3,completed
O000361,C00321,2026-07-24T19:17:48Z,store,153.28,2,completed
O000362,C00971,2026-07-28T19:14:15Z,web,184.99,3,refunded
O000363,C00711,2026-07-03T11:56:46Z,mobile,482.41,1,completed
O000364,C01183,2026-07-21T11:51:04Z,mobile,437.55,6,completed
O000365,C01061,2026-07-30T22:20:31Z,partner,420.71,3,completed
O000366,C00841,2026-07-07T20:55:17Z,mobile,321.33,1,completed
O000367,C00740,2026-07-10T19:12:48Z,web,60.99,3,completed
O000368,C00376,2026-07-07T07:47:32Z,partner,490.49,2,completed
O000369,C00737,2026-07-18T01:37:18Z,mobile,147.99,5,completed
O000370,C00778,2026-07-24T19:57:16Z,web,432.91,6,completed
O000371,C00561,2026-07-25T17:14:33Z,store,261.98,6,refunded
O000372,C01018,2026-07-28T14:23:17Z,web,426.39,5,completed
O000373,C01182,2026-07-12T18:23:02Z,mobile,101.69,4,completed
O000374,C00815,2026-07-02T22:40:47Z,partner,240.97,6,completed
O000375,C01078,2026-07-07T07:33:10Z,partner,159.96,4,completed
O000376,C00852,2026-07-25T05:53:14Z,web,116.71,4,completed
O000377,C00368,2026-07-19T11:29:11Z,web,134.64,1,refunded
O000378,C00982,2026-07-31T19:19:20Z,partner,329.68,3,completed
O000379,C00370,2026-07-13T11:03:31Z,store,106.23,4,completed
O000380,C01136,2026-07-22T21:03:16Z,store,410.06,6,completed
O000381,C00470,2026-07-01T13:13:07Z,web,71.38,4,refunded
O000382,C00939,2026-07-30T14:28:02Z,partner,369.08,1,completed
O000383,C00213,2026-07-19T11:12:30Z,store,243.57,3,completed
O000384,C00382,2026-07-06T23:34:01Z,web,494.13,5,completed
O000385,C00476,2026-07-13T04:29:19Z,web,381.65,1,completed
O000386,C00199,2026-07-12T04:02:45Z,web,144.94,5,completed
O000387,C00117,2026-07-14T22:46:57Z,web,140.39,3,completed
O000388,C00006,2026-07-09T14:11:49Z,web,25.73,5,completed
O000389,C01044,2026-07-18T11:54:03Z,mobile,236.10,5,refunded
O000390,C01029,2026-07-12T05:08:55Z,store,46.93,2,completed
O000391,C00677,2026-07-18T05:27:38Z,web,270.70,3,completed
O000392,C01037,2026-07-28T23:53:59Z,partner,56.01,1,completed
O000393,C00222,2026-07-17T11:09:11Z,web,310.54,1,completed
O000394,C00700,2026-07-31T02:39:00Z,mobile,321.21,1,completed
O000395,C00901,2026-07-23T18:38:56Z,partner,406.71,1,completed
O000396,C00985,2026-07-23T11:53:23Z,web,224.91,5,completed
O000397,C00053,2026-07-28T10:30:09Z,web,499.73,1,completed
O000398,C00677,2026-07-16T18:21:09Z,web,29.68,3,completed
O000399,C00257,2026-07-31T16:27:39Z,mobile,175.46,1,completed
O000400,C00450,2026-07-08T18:20:22Z,store,306.55,5,completed
O000401,C00051,2026-07-22T20:38:27Z,web,174.53,3,completed
O000402,C01131,2026-07-20T08:53:35Z,mobile,382.55,5,completed
O000403,C00873,2026-07-30T23:12:40Z,partner,79.95,6,completed
O000404,C00704,2026-07-15T15:27:18Z,web,419.76,4,completed
O000405,C01040,2026-07-20T06:55:29Z,store,448.19,1,completed
O000406,C01012,2026-07-03T08:19:45Z,mobile,47.79,3,completed
O000407,C00228,2026-07-31T13:58:33Z,partner,320.28,4,completed
O000408,C01122,2026-07-11T21:22:31Z,mobile,285.44,5,completed
O000409,C00384,2026-07-30T12:30:22Z,web,148.34,2,completed
O000410,C01181,2026-07-01T06:44:28Z,mobile,249.71,3,completed
O000411,C00830,2026-07-29T04:22:55Z,store,424.89,2,completed
O000412,C00879,2026-07-01T11:00:18Z,store,266.87,2,completed
O000413,C01090,2026-07-16T05:54:28Z,partner,114.52,4,completed
O000414,C00077,2026-07-23T02:34:08Z,partner,88.94,1,completed
O000415,C00716,2026-07-27T23:19:36Z,store,358.54,2,completed
O000416,C00390,2026-07-25T08:10:58Z,web,124.88,5,completed
O000417,C00866,2026-07-05T07:27:58Z,mobile,280.34,3,completed
O000418,C00101,2026-07-15T15:58:39Z,web,285.43,6,completed
O000419,C00707,2026-07-22T12:38:14Z,store,266.78,4,completed
O000420,C00912,2026-07-25T03:46:45Z,store,93.34,1,completed
O000421,C00465,2026-07-15T08:03:24Z,store,272.33,5,completed
O000422,C01086,2026-07-06T20:58:24Z,web,38.19,3,completed
O000423,C01188,2026-07-14T13:03:10Z,partner,438.56,5,completed
O000424,C00743,2026-07-11T16:08:23Z,partner,387.52,1,refunded
O000425,C01061,2026-07-05T18:01:26Z,web,390.95,1,completed
O000426,C00476,2026-07-20T17:32:35Z,web,468.74,1,refunded
O000427,C01026,2026-07-22T22:06:01Z,store,437.59,3,completed
O000428,C00969,2026-07-27T12:07:33Z,store,41.93,5,completed
O000429,C00974,2026-07-31T11:22:22Z,web,343.56,6,completed
O000430,C01178,2026-07-31T14:42:13Z,web,242.37,3,completed
O000431,C01197,2026-07-29T16:22:36Z,web,72.40,3,completed
O000432,C00872,2026-07-07T23:03:58Z,store,242.34,4,completed
O000433,C00775,2026-07-09T12:52:01Z,web,236.25,5,completed
O000434,C00666,2026-07-26T16:02:58Z,web,74.55,4,completed
O000435,C00688,2026-07-01T21:24:01Z,web,12.10,1,completed
O000436,C00312,2026-07-23T20:00:04Z,partner,490.01,1,completed
O000437,C00961,2026-07-24T17:02:57Z,mobile,158.34,2,completed
O000438,C00196,2026-07-27T19:29:18Z,web,355.02,5,completed
O000439,C00194,2026-07-12T13:04:08Z,web,462.85,5,completed
O000440,C01023,2026-07-03T03:22:29Z,mobile,208.74,3,completed
O000441,C00592,2026-07-13T11:19:49Z,mobile,421.81,6,completed
O000442,C00008,2026-07-08T13:55:15Z,store,392.88,3,completed
O000443,C00165,2026-07-02T22:55:33Z,partner,206.68,4,completed
O000444,C00449,2026-07-11T16:24:52Z,store,307.08,4,completed
O000445,C01116,2026-07-20T19:58:03Z,mobile,57.34,2,completed
O000446,C00423,2026-07-25T02:51:58Z,partner,236.70,2,completed
O000447,C00029,2026-07-17T06:51:24Z,web,11.72,6,completed
O000448,C00275,2026-07-12T20:56:18Z,mobile,344.74,2,completed
O000449,C00669,2026-07-01T01:19:53Z,store,256.80,6,completed
O000450,C00587,2026-07-30T02:01:07Z,partner,178.24,3,completed
O000451,C00286,2026-07-03T04:26:16Z,store,249.36,3,completed
O000452,C01135,2026-07-11T12:34:37Z,web,30.40,3,completed
O000453,C00002,2026-07-19T23:25:12Z,partner,340.71,5,completed
O000454,C01057,2026-07-06T01:53:02Z,partner,92.76,2,completed
O000455,C00315,2026-07-29T03:54:47Z,mobile,26.75,1,completed
O000456,C00860,2026-07-17T04:19:14Z,store,311.24,2,completed
O000457,C00505,2026-07-25T07:19:44Z,partner,308.37,2,completed
O000458,C00255,2026-07-17T03:23:03Z,store,27.83,5,refunded
O000459,C00972,2026-07-14T00:49:28Z,mobile,225.48,1,completed
O000460,C00605,2026-07-26T01:01:23Z,partner,64.23,5,refunded
O000461,C01188,2026-07-19T03:59:43Z,mobile,372.91,3,completed
O000462,C00954,2026-07-22T03:33:00Z,mobile,212.07,2,completed
O000463,C00029,2026-07-19T17:23:38Z,partner,76.73,5,completed
O000464,C00574,2026-07-08T13:02:15Z,mobile,94.99,1,completed
O000465,C01136,2026-07-21T11:23:59Z,partner,456.46,4,completed
O000466,C01049,2026-07-13T22:08:08Z,store,488.89,2,completed
O000467,C00253,2026-07-04T14:23:30Z,mobile,475.35,5,completed
O000468,C00286,2026-07-11T10:02:17Z,web,469.02,4,refunded
O000469,C00666,2026-07-04T16:54:58Z,mobile,280.61,4,completed
O000470,C00399,2026-07-05T06:21:59Z,partner,489.40,5,completed
O000471,C00844,2026-07-09T22:30:43Z,mobile,65.77,1,completed
O000472,C00910,2026-07-17T06:21:59Z,web,356.22,3,completed
O000473,C00890,2026-07-24T04:53:05Z,mobile,364.75,6,completed
O000474,C00221,2026-07-12T01:21:25Z,store,163.62,4,completed
O000475,C00256,2026-07-04T04:26:11Z,mobile,436.07,4,completed
O000476,C01064,2026-07-10T12:15:38Z,store,164.42,4,completed
O000477,C01108,2026-07-06T22:06:26Z,store,116.81,6,completed
O000478,C00436,2026-07-05T15:13:42Z,store,270.87,4,completed
O000479,C00252,2026-07-28T00:33:49Z,web,147.64,3,completed
O000480,C01031,2026-07-25T07:22:21Z,web,221.58,3,completed
O000481,C00560,2026-07-10T02:23:00Z,partner,92.50,3,completed
O000482,C00552,2026-07-31T04:26:25Z,partner,229.29,4,completed
O000483,C00797,2026-07-09T05:36:46Z,mobile,61.78,5,completed
O000484,C00541,2026-07-25T22:13:02Z,store,14.45,4,completed
O000485,C00892,2026-07-26T09:14:53Z,partner,405.02,3,completed
O000486,C00603,2026-07-01T02:11:27Z,store,16.68,1,completed
O000487,C00523,2026-07-27T18:31:18Z,partner,15.97,5,completed
O000488,C00374,2026-07-19T22:59:53Z,web,205.78,2,completed
O000489,C01026,2026-07-08T23:00:14Z,partner,493.50,1,completed
O000490,C00572,2026-07-08T11:42:02Z,partner,76.63,6,completed
O000491,C00751,2026-07-27T11:14:07Z,web,492.28,4,completed
O000492,C00347,2026-07-17T06:45:46Z,store,20.45,4,completed
O000493,C00908,2026-07-01T18:07:01Z,web,359.55,3,completed
O000494,C00559,2026-07-28T21:53:11Z,partner,137.94,2,completed
O000495,C00485,2026-07-28T04:32:55Z,mobile,41.94,4,completed
O000496,C00308,2026-07-24T11:59:16Z,store,34.45,2,completed
O000497,C01163,2026-07-10T19:25:53Z,mobile,172.23,5,completed
O000498,C00194,2026-07-31T08:53:11Z,web,387.10,2,completed
O000499,C00993,2026-07-01T23:09:19Z,web,287.09,3,completed
O000500,C00051,2026-07-07T07:41:42Z,partner,94.37,2,completed
O000501,C00281,2026-07-04T16:25:22Z,web,169.85,4,completed
O000502,C01144,2026-07-09T23:46:56Z,partner,73.48,3,completed
O000503,C00960,2026-07-27T02:44:31Z,store,11.85,2,completed
O000504,C00726,2026-07-19T22:03:50Z,partner,407.23,4,completed
O000505,C00437,2026-07-10T21:19:44Z,web,343.49,6,completed
O000506,C00847,2026-07-28T08:10:32Z,mobile,181.13,4,completed
O000507,C00723,2026-07-25T22:12:46Z,mobile,353.38,4,completed
O000508,C01189,2026-07-25T11:30:40Z,store,42.36,5,completed
O000509,C00081,2026-07-21T11:33:12Z,partner,404.78,4,refunded
O000510,C00017,2026-07-26T16:57:03Z,partner,195.35,1,completed
O000511,C00469,2026-07-04T22:00:19Z,web,294.33,5,completed
O000512,C00591,2026-07-12T19:32:59Z,partner,39.40,2,completed
O000513,C00056,2026-07-29T04:47:31Z,web,443.60,4,completed
O000514,C01004,2026-07-11T06:18:24Z,mobile,40.47,4,completed
O000515,C00708,2026-07-21T20:17:37Z,web,25.83,6,completed
O000516,C00516,2026-07-21T00:23:13Z,mobile,177.42,1,completed
O000517,C00954,2026-07-08T17:36:21Z,partner,270.64,1,completed
O000518,C00794,2026-07-30T21:42:15Z,web,244.82,2,completed
O000519,C00572,2026-07-29T20:45:34Z,store,270.37,5,completed
O000520,C00182,2026-07-12T11:58:40Z,store,231.97,4,completed
O000521,C00861,2026-07-01T09:08:48Z,mobile,53.75,4,completed
O000522,C01036,2026-07-18T00:13:17Z,store,382.80,1,completed
O000523,C00848,2026-07-06T14:58:10Z,store,302.72,3,completed
O000524,C00964,2026-07-27T12:43:21Z,store,71.81,2,completed
O000525,C01034,2026-07-20T23:11:47Z,web,48.71,1,completed
O000526,C00221,2026-07-01T02:11:26Z,store,17.26,3,completed
O000527,C00433,2026-07-09T20:47:21Z,partner,69.37,3,completed
O000528,C00222,2026-07-21T00:01:43Z,store,414.10,5,refunded
O000529,C00842,2026-07-23T17:41:52Z,mobile,252.38,2,completed
O000530,C00402,2026-07-08T14:52:05Z,partner,299.38,1,completed
O000531,C00028,2026-07-21T03:29:49Z,store,410.16,4,completed
O000532,C01146,2026-07-07T00:46:49Z,partner,441.49,1,completed
O000533,C00606,2026-07-06T11:56:01Z,partner,233.24,1,completed
O000534,C00834,2026-07-01T02:17:28Z,partner,304.25,1,completed
O000535,C00231,2026-07-24T21:28:35Z,partner,366.53,5,completed
O000536,C00156,2026-07-03T05:26:07Z,mobile,366.89,6,completed
O000537,C00636,2026-07-11T13:25:24Z,web,491.56,4,completed
O000538,C00195,2026-07-03T21:11:21Z,web,284.93,2,completed
O000539,C00381,2026-07-03T00:26:59Z,store,252.76,2,completed
O000540,C00761,2026-07-31T08:16:32Z,store,12.11,6,completed
O000541,C00250,2026-07-15T20:47:57Z,web,111.20,5,completed
O000542,C00028,2026-07-16T21:33:09Z,store,375.45,1,completed
O000543,C00444,2026-07-25T21:15:08Z,partner,389.10,4,completed
O000544,C00916,2026-07-18T13:26:49Z,partner,310.27,1,completed
O000545,C01033,2026-07-16T18:36:17Z,partner,93.61,3,completed
O000546,C00953,2026-07-27T16:25:27Z,web,457.59,6,completed
O000547,C00070,2026-07-18T23:23:21Z,web,259.45,6,completed
O000548,C00058,2026-07-20T12:22:35Z,partner,167.50,5,completed
O000549,C00450,2026-07-11T09:10:30Z,store,66.38,5,completed
O000550,C01174,2026-07-20T16:54:38Z,partner,78.04,5,completed
O000551,C00656,2026-07-03T03:00:54Z,web,257.82,1,completed
O000552,C00747,2026-07-19T19:43:19Z,partner,428.36,3,completed
O000553,C00804,2026-07-29T18:58:36Z,partner,217.38,3,completed
O000554,C00469,2026-07-29T22:23:29Z,partner,113.75,4,completed
O000555,C00237,2026-07-09T05:20:18Z,partner,116.08,4,completed
O000556,C00096,2026-07-11T19:36:50Z,web,291.97,2,completed
O000557,C00508,2026-07-28T20:52:39Z,partner,433.99,6,completed
O000558,C00469,2026-07-01T04:05:52Z,mobile,33.78,3,completed
O000559,C00316,2026-07-17T21:55:06Z,web,458.09,6,completed
O000560,C01103,2026-07-01T04:25:50Z,store,277.93,5,completed
O000561,C00683,2026-07-21T08:00:21Z,web,40.83,3,completed
O000562,C00173,2026-07-26T10:09:01Z,partner,68.36,6,completed
O000563,C00711,2026-07-19T12:30:35Z,partner,13.90,6,completed
O000564,C00513,2026-07-08T05:08:01Z,mobile,211.58,1,completed
O000565,C00673,2026-07-29T11:58:52Z,mobile,10.96,2,completed
O000566,C00794,2026-07-15T11:13:23Z,web,21.90,3,completed
O000567,C01156,2026-07-01T19:33:22Z,mobile,380.76,2,completed
O000568,C00532,2026-07-09T20:34:01Z,store,448.46,3,completed
O000569,C00455,2026-07-04T05:49:51Z,mobile,386.00,6,completed
O000570,C00894,2026-07-16T14:54:17Z,mobile,122.60,4,completed
O000571,C00384,2026-07-14T11:58:35Z,store,448.35,6,completed
O000572,C00272,2026-07-27T08:34:16Z,web,88.69,5,completed
O000573,C00808,2026-07-09T18:24:02Z,store,189.27,6,completed
O000574,C00397,2026-07-07T09:27:42Z,mobile,425.92,4,completed
O000575,C00625,2026-07-15T06:59:51Z,store,59.53,1,completed
O000576,C00018,2026-07-29T15:39:33Z,mobile,412.26,3,refunded
O000577,C00751,2026-07-05T14:06:45Z,partner,267.22,5,completed
O000578,C01042,2026-07-03T03:53:19Z,web,96.04,2,completed
O000579,C01173,2026-07-15T14:05:01Z,store,299.72,2,completed
O000580,C00687,2026-07-19T10:04:37Z,web,160.85,4,completed
O000581,C00383,2026-07-27T23:23:38Z,web,115.89,1,completed
O000582,C00535,2026-07-07T14:04:44Z,web,276.17,5,refunded
O000583,C01103,2026-07-04T21:26:22Z,web,417.87,1,completed
O000584,C00885,2026-07-24T02:51:01Z,mobile,461.17,2,refunded
O000585,C00594,2026-07-12T16:51:06Z,web,194.59,5,completed
O000586,C00214,2026-07-04T22:25:14Z,partner,465.28,3,completed
O000587,C00720,2026-07-23T07:04:35Z,mobile,401.21,5,completed
O000588,C00659,2026-07-15T19:36:10Z,partner,400.17,6,completed
O000589,C00146,2026-07-29T05:46:51Z,mobile,158.97,1,completed
O000590,C00988,2026-07-08T18:27:20Z,partner,109.60,3,completed
O000591,C00596,2026-07-22T13:08:50Z,web,403.36,1,completed
O000592,C00864,2026-07-08T02:30:28Z,store,203.14,4,completed
O000593,C00548,2026-07-29T07:30:46Z,mobile,292.52,4,completed
O000594,C01000,2026-07-24T17:41:48Z,mobile,208.60,1,completed
O000595,C00287,2026-07-05T14:11:05Z,web,361.29,5,completed
O000596,C00209,2026-07-06T05:11:04Z,store,474.46,5,completed
O000597,C00802,2026-07-11T03:36:29Z,store,366.63,2,completed
O000598,C00970,2026-07-16T11:49:56Z,mobile,279.15,5,completed
O000599,C00639,2026-07-10T01:03:52Z,partner,65.31,6,completed
O000600,C00830,2026-07-08T05:12:33Z,mobile,474.51,5,completed
O000601,C00050,2026-07-18T14:27:28Z,store,41.66,3,completed
O000602,C00572,2026-07-01T04:13:57Z,partner,233.14,3,completed
O000603,C01039,2026-07-10T17:27:32Z,store,302.66,2,completed
O000604,C00622,2026-07-15T03:39:14Z,store,215.51,5,completed
O000605,C00927,2026-07-19T20:17:07Z,store,212.64,5,completed
O000606,C01104,2026-07-09T19:46:35Z,mobile,497.27,2,completed
O000607,C00231,2026-07-20T08:22:13Z,web,345.75,5,completed
O000608,C01145,2026-07-06T09:14:53Z,partner,173.49,6,completed
O000609,C00327,2026-07-05T09:00:46Z,mobile,240.36,4,completed
O000610,C00821,2026-07-28T01:18:57Z,store,230.76,3,completed
O000611,C00652,2026-07-30T17:25:33Z,partner,292.53,3,refunded
O000612,C00974,2026-07-20T09:11:34Z,web,196.59,2,refunded
O000613,C00269,2026-07-29T06:54:44Z,web,488.91,3,completed
O000614,C00787,2026-07-02T09:40:15Z,web,84.24,4,completed
O000615,C00270,2026-07-23T16:15:24Z,mobile,196.83,1,completed
O000616,C00600,2026-07-13T20:21:27Z,partner,169.53,4,completed
O000617,C00382,2026-07-23T17:36:20Z,store,155.17,6,completed
O000618,C01183,2026-07-03T03:42:45Z,mobile,461.72,1,completed
O000619,C00579,2026-07-05T10:02:49Z,mobile,345.08,3,completed
O000620,C01024,2026-07-16T22:39:45Z,mobile,321.04,3,completed
O000621,C00179,2026-07-16T13:11:17Z,web,224.38,1,completed
O000622,C00686,2026-07-06T01:10:58Z,mobile,447.99,4,completed
O000623,C00988,2026-07-31T01:23:49Z,web,108.11,2,completed
O000624,C01061,2026-07-16T10:40:01Z,web,77.07,5,completed
O000625,C00174,2026-07-01T08:53:00Z,mobile,115.50,4,completed
O000626,C00794,2026-07-07T19:22:11Z,web,379.00,1,completed
O000627,C00663,2026-07-16T18:44:46Z,web,224.95,2,completed
O000628,C00586,2026-07-17T02:44:27Z,web,94.82,1,completed
O000629,C00108,2026-07-23T06:34:28Z,store,411.67,1,completed
O000630,C00708,2026-07-27T21:28:17Z,web,106.87,2,completed
O000631,C00792,2026-07-26T05:44:23Z,mobile,13.46,6,refunded
O000632,C00705,2026-07-18T23:17:25Z,store,208.69,2,completed
O000633,C00814,2026-07-01T04:30:09Z,store,134.12,5,completed
O000634,C00103,2026-07-28T13:44:43Z,store,166.72,2,completed
O000635,C00233,2026-07-06T09:23:03Z,partner,154.15,1,completed
O000636,C01149,2026-07-21T09:02:21Z,partner,235.17,2,completed
O000637,C00778,2026-07-05T12:08:20Z,store,55.84,4,completed
O000638,C00668,2026-07-22T05:17:47Z,mobile,117.77,6,completed
O000639,C00742,2026-07-11T20:45:57Z,partner,330.29,5,completed
O000640,C01193,2026-07-08T16:35:29Z,mobile,41.55,4,completed
O000641,C00401,2026-07-13T05:03:04Z,store,152.42,4,completed
O000642,C00548,2026-07-04T15:14:53Z,store,253.21,5,completed
O000643,C00207,2026-07-19T18:44:57Z,mobile,320.75,5,completed
O000644,C00542,2026-07-16T22:16:37Z,store,178.01,1,completed
O000645,C00262,2026-07-02T21:21:57Z,mobile,186.66,1,refunded
O000646,C00055,2026-07-29T07:49:00Z,partner,95.76,1,completed
O000647,C00971,2026-07-14T22:02:47Z,store,97.23,3,refunded
O000648,C00084,2026-07-01T11:27:02Z,mobile,119.77,2,completed
O000649,C00162,2026-07-29T19:35:54Z,partner,318.98,3,completed
O000650,C00781,2026-07-10T04:55:37Z,partner,431.74,3,refunded
O000651,C00652,2026-07-01T17:30:27Z,mobile,42.97,3,completed
O000652,C00169,2026-07-04T07:24:06Z,store,292.02,6,completed
O000653,C00662,2026-07-20T07:21:54Z,store,462.13,1,completed
O000654,C00566,2026-07-23T20:45:49Z,partner,117.85,3,refunded
O000655,C00001,2026-07-12T18:35:51Z,mobile,242.82,3,completed
O000656,C00315,2026-07-31T14:35:27Z,mobile,369.62,2,refunded
O000657,C00467,2026-07-19T20:40:46Z,store,178.40,3,completed
O000658,C00918,2026-07-31T08:12:42Z,store,411.77,2,completed
O000659,C00367,2026-07-30T09:32:29Z,web,40.23,4,completed
O000660,C01102,2026-07-10T23:11:20Z,web,207.75,6,completed
O000661,C00236,2026-07-12T14:34:56Z,partner,174.30,2,completed
O000662,C00420,2026-07-01T09:53:12Z,mobile,484.08,2,completed
O000663,C00045,2026-07-28T23:17:44Z,web,95.48,4,completed
O000664,C00168,2026-07-22T07:37:33Z,partner,322.07,1,completed
O000665,C00977,2026-07-01T02:18:39Z,mobile,429.97,4,completed
O000666,C00461,2026-07-04T03:38:57Z,store,457.48,6,completed
O000667,C00882,2026-07-01T16:30:07Z,mobile,473.14,5,completed
O000668,C00596,2026-07-20T14:40:33Z,partner,246.93,1,completed
O000669,C01166,2026-07-12T20:53:40Z,web,249.73,1,completed
O000670,C00650,2026-07-31T07:03:36Z,web,170.10,1,completed
O000671,C01050,2026-07-04T18:02:22Z,web,24.01,3,completed
O000672,C00026,2026-07-10T17:09:20Z,store,209.62,2,completed
O000673,C01196,2026-07-17T10:17:33Z,mobile,200.28,3,completed
O000674,C00443,2026-07-26T18:07:31Z,mobile,436.78,3,completed
O000675,C00045,2026-07-07T19:11:13Z,partner,251.72,4,completed
O000676,C00402,2026-07-13T12:14:14Z,store,154.04,5,completed
O000677,C00378,2026-07-30T16:51:01Z,store,110.51,6,completed
O000678,C01047,2026-07-26T18:42:49Z,web,383.33,2,completed
O000679,C00231,2026-07-31T17:17:53Z,mobile,153.84,6,completed
O000680,C00138,2026-07-16T07:28:26Z,partner,147.02,4,refunded
O000681,C00912,2026-07-17T21:55:51Z,mobile,333.67,2,completed
O000682,C00182,2026-07-16T09:33:50Z,mobile,290.22,5,completed
O000683,C00682,2026-07-18T01:11:22Z,partner,381.33,5,completed
O000684,C00048,2026-07-10T22:08:48Z,web,362.31,5,completed
O000685,C00931,2026-07-30T14:27:57Z,web,122.23,4,completed
O000686,C00218,2026-07-26T10:18:10Z,store,315.11,5,completed
O000687,C00024,2026-07-23T22:46:35Z,web,212.41,2,completed
O000688,C01023,2026-07-28T13:37:55Z,partner,235.45,5,completed
O000689,C00722,2026-07-17T10:14:27Z,web,131.44,1,completed
O000690,C00880,2026-07-08T14:32:04Z,partner,55.19,5,completed
O000691,C00789,2026-07-24T09:51:25Z,web,52.62,6,completed
O000692,C00614,2026-07-07T05:47:41Z,store,66.62,6,completed
O000693,C00438,2026-07-14T03:19:08Z,web,146.49,2,completed
O000694,C01043,2026-07-07T12:32:24Z,partner,166.56,4,completed
O000695,C00816,2026-07-01T01:32:23Z,web,341.76,2,completed
O000696,C00345,2026-07-20T02:01:37Z,partner,137.47,5,completed
O000697,C00835,2026-07-25T03:22:34Z,partner,230.12,3,completed
O000698,C00401,2026-07-02T06:25:39Z,store,113.88,2,completed
O000699,C01157,2026-07-10T11:13:11Z,web,75.56,4,completed
O000700,C00337,2026-07-06T11:07:11Z,mobile,470.09,1,completed
O000701,C01171,2026-07-30T00:20:13Z,web,151.10,1,completed
O000702,C01001,2026-07-04T00:12:52Z,partner,334.37,5,completed
O000703,C00634,2026-07-16T12:01:34Z,mobile,460.36,4,completed
O000704,C00947,2026-07-26T11:34:48Z,store,151.04,4,completed
O000705,C01137,2026-07-11T18:14:56Z,store,167.36,3,completed
O000706,C00700,2026-07-13T13:09:00Z,partner,132.24,3,completed
O000707,C01177,2026-07-16T00:38:51Z,mobile,289.12,1,completed
O000708,C00885,2026-07-11T17:13:06Z,mobile,451.05,5,completed
O000709,C00014,2026-07-13T08:35:04Z,partner,267.65,1,completed
O000710,C00480,2026-07-30T17:58:52Z,store,428.50,1,completed
O000711,C00443,2026-07-09T17:06:24Z,web,230.84,3,completed
O000712,C01188,2026-07-31T19:00:18Z,mobile,274.49,1,completed
O000713,C01046,2026-07-22T18:06:22Z,store,122.89,5,completed
O000714,C00691,2026-07-09T05:10:51Z,partner,243.37,5,completed
O000715,C00259,2026-07-05T06:58:26Z,partner,452.63,1,completed
O000716,C00504,2026-07-11T08:55:11Z,store,286.38,5,completed
O000717,C00566,2026-07-03T20:45:05Z,web,487.09,2,refunded
O000718,C01006,2026-07-21T03:39:34Z,mobile,420.83,3,completed
O000719,C01028,2026-07-31T05:20:33Z,store,477.68,6,completed
O000720,C00655,2026-07-15T04:11:12Z,mobile,169.35,1,completed
O000721,C00504,2026-07-05T22:02:56Z,web,302.43,1,completed
O000722,C01166,2026-07-03T10:23:51Z,web,252.30,1,completed
O000723,C00313,2026-07-08T23:51:16Z,mobile,170.57,6,completed
O000724,C00706,2026-07-08T12:54:40Z,store,252.62,1,completed
O000725,C00742,2026-07-14T04:46:29Z,partner,28.34,4,completed
O000726,C00771,2026-07-09T12:13:34Z,partner,244.44,3,completed
O000727,C00163,2026-07-14T16:57:17Z,partner,372.93,1,completed
O000728,C01085,2026-07-08T04:50:25Z,store,148.18,6,completed
O000729,C00813,2026-07-01T19:32:49Z,partner,116.78,2,completed
O000730,C01071,2026-07-22T04:54:58Z,web,6.49,3,completed
O000731,C00369,2026-07-12T22:40:26Z,mobile,214.86,4,completed
O000732,C00347,2026-07-04T12:03:50Z,mobile,263.86,4,refunded
O000733,C00858,2026-07-02T19:50:00Z,store,12.09,1,completed
O000734,C00973,2026-07-22T15:11:48Z,partner,156.52,5,completed
O000735,C00470,2026-07-27T14:10:18Z,web,294.61,3,completed
O000736,C00091,2026-07-07T09:46:32Z,store,436.95,5,completed
O000737,C00150,2026-07-01T21:50:11Z,mobile,272.91,3,completed
O000738,C00963,2026-07-30T09:36:07Z,web,485.74,6,completed
O000739,C01135,2026-07-23T02:49:08Z,partner,425.57,2,completed
O000740,C00637,2026-07-18T20:35:16Z,store,404.19,4,completed
O000741,C01075,2026-07-15T03:36:50Z,mobile,38.36,4,completed
O000742,C00109,2026-07-29T09:14:45Z,mobile,64.63,6,completed
O000743,C00308,2026-07-06T10:26:23Z,mobile,494.03,3,completed
O000744,C00724,2026-07-21T13:06:41Z,mobile,294.25,3,completed
O000745,C00799,2026-07-05T05:24:28Z,web,271.04,4,completed
O000746,C00867,2026-07-30T20:40:02Z,web,240.22,1,completed
O000747,C00238,2026-07-18T09:26:41Z,store,318.96,5,completed
O000748,C00808,2026-07-15T20:39:25Z,web,444.66,2,completed
O000749,C00423,2026-07-11T06:28:49Z,web,354.65,4,completed
O000750,C00179,2026-07-04T08:26:01Z,mobile,137.13,2,completed
O000751,C00092,2026-07-14T17:20:46Z,store,369.79,5,completed
O000752,C00934,2026-07-05T00:32:50Z,store,337.64,3,completed
O000753,C00752,2026-07-28T05:24:22Z,web,432.20,4,refunded
O000754,C01119,2026-07-23T13:37:01Z,mobile,212.48,4,refunded
O000755,C00857,2026-07-12T02:51:39Z,web,289.07,4,completed
O000756,C00355,2026-07-10T01:50:05Z,partner,381.07,5,completed
O000757,C00509,2026-07-07T04:02:40Z,web,313.30,2,completed
O000758,C00652,2026-07-12T08:13:25Z,mobile,263.68,1,refunded
O000759,C00559,2026-07-03T13:54:57Z,web,235.67,4,completed
O000760,C00489,2026-07-30T14:16:37Z,partner,455.50,6,completed
O000761,C00030,2026-07-03T19:02:21Z,web,172.30,5,completed
O000762,C00134,2026-07-11T00:37:41Z,partner,264.31,6,refunded
O000763,C00408,2026-07-11T15:52:51Z,web,296.66,4,refunded
O000764,C01014,2026-07-29T12:47:08Z,store,399.94,5,refunded
O000765,C00704,2026-07-24T20:52:17Z,partner,415.11,1,completed
O000766,C00736,2026-07-15T11:51:45Z,web,480.36,5,completed
O000767,C00730,2026-07-01T07:15:31Z,partner,10.37,2,completed
O000768,C00878,2026-07-01T00:02:46Z,partner,266.25,5,completed
O000769,C00273,2026-07-23T23:29:10Z,web,468.79,6,completed
O000770,C01004,2026-07-14T20:54:20Z,partner,208.44,2,refunded
O000771,C01195,2026-07-10T02:21:19Z,store,292.73,3,completed
O000772,C00397,2026-07-18T05:58:52Z,web,52.19,2,completed
O000773,C00054,2026-07-14T00:56:23Z,mobile,404.64,2,completed
O000774,C00224,2026-07-23T06:32:43Z,store,130.96,6,completed
O000775,C00033,2026-07-21T17:23:11Z,web,384.93,3,refunded
O000776,C00453,2026-07-09T14:10:10Z,partner,426.46,5,completed
O000777,C00120,2026-07-19T09:16:24Z,mobile,10.25,6,completed
O000778,C00578,2026-07-23T03:17:18Z,partner,201.95,6,completed
O000779,C00308,2026-07-02T12:23:52Z,store,360.69,4,completed
O000780,C00613,2026-07-11T21:52:00Z,mobile,359.54,1,completed
O000781,C00146,2026-07-02T15:20:40Z,web,81.77,5,completed
O000782,C00506,2026-07-28T20:24:10Z,store,363.55,4,completed
O000783,C00256,2026-07-07T20:19:01Z,partner,437.42,4,completed
O000784,C00889,2026-07-23T04:50:28Z,partner,82.56,5,completed
O000785,C00938,2026-07-12T15:50:15Z,mobile,382.30,3,completed
O000786,C00152,2026-07-14T06:38:28Z,mobile,286.10,5,completed
O000787,C01005,2026-07-08T00:35:31Z,partner,157.33,1,completed
O000788,C00019,2026-07-15T13:34:04Z,store,257.24,5,completed
O000789,C00618,2026-07-15T19:15:51Z,partner,458.21,6,refunded
O000790,C00070,2026-07-24T01:50:41Z,web,340.84,5,completed
O000791,C00200,2026-07-30T16:07:22Z,mobile,207.01,4,completed
O000792,C00757,2026-07-22T11:10:18Z,mobile,367.89,2,completed
O000793,C01083,2026-07-23T16:03:22Z,partner,30.52,5,completed
O000794,C00073,2026-07-14T04:11:19Z,partner,9.20,1,completed
O000795,C00325,2026-07-21T16:12:20Z,mobile,421.80,3,completed
O000796,C00161,2026-07-31T00:42:14Z,partner,20.35,6,completed
O000797,C00658,2026-07-24T02:33:50Z,store,321.19,2,completed
O000798,C00579,2026-07-05T08:49:36Z,web,408.47,6,completed
O000799,C00836,2026-07-30T00:52:51Z,store,164.45,4,completed
O000800,C00607,2026-07-27T06:04:25Z,partner,66.51,1,completed
O000801,C00428,2026-07-28T19:07:44Z,partner,393.97,6,completed
O000802,C00076,2026-07-31T08:08:41Z,store,299.90,5,completed
O000803,C00645,2026-07-22T23:41:19Z,partner,447.28,1,completed
O000804,C01081,2026-07-15T00:11:38Z,partner,469.15,1,completed
O000805,C00723,2026-07-27T03:44:39Z,web,351.18,5,completed
O000806,C01073,2026-07-04T15:03:18Z,partner,232.72,1,completed
O000807,C00623,2026-07-04T19:23:56Z,partner,228.44,1,completed
O000808,C00687,2026-07-28T23:20:28Z,partner,81.65,5,completed
O000809,C00567,2026-07-26T01:13:18Z,partner,23.94,5,completed
O000810,C00451,2026-07-17T04:45:38Z,mobile,178.91,3,completed
O000811,C00194,2026-07-07T14:44:38Z,partner,30.15,4,completed
O000812,C00765,2026-07-12T20:01:23Z,store,235.07,2,refunded
O000813,C00801,2026-07-02T09:02:56Z,store,471.10,1,completed
O000814,C00142,2026-07-27T18:30:38Z,web,19.39,2,completed
O000815,C00852,2026-07-07T04:42:50Z,partner,318.05,4,completed
O000816,C01145,2026-07-16T07:42:46Z,web,191.99,4,completed
O000817,C01003,2026-07-16T03:35:30Z,store,79.16,1,completed
O000818,C00550,2026-07-10T14:26:48Z,store,269.23,5,completed
O000819,C00821,2026-07-05T20:32:11Z,web,247.82,2,completed
O000820,C00467,2026-07-11T19:59:27Z,store,453.13,5,completed
O000821,C00362,2026-07-27T05:20:50Z,web,285.42,4,completed
O000822,C00723,2026-07-07T05:34:29Z,store,284.78,4,completed
O000823,C00057,2026-07-23T17:57:58Z,mobile,314.92,2,completed
O000824,C00018,2026-07-16T02:09:59Z,mobile,476.98,3,completed
O000825,C00802,2026-07-06T16:21:28Z,mobile,242.66,4,completed
O000826,C00506,2026-07-19T12:58:54Z,mobile,448.43,6,completed
O000827,C00867,2026-07-10T12:45:29Z,store,465.63,6,completed
O000828,C00408,2026-07-09T07:26:34Z,store,252.79,6,completed
O000829,C00112,2026-07-04T03:21:03Z,web,472.92,3,completed
O000830,C01036,2026-07-15T18:50:45Z,web,315.46,4,completed
O000831,C00689,2026-07-18T20:23:02Z,store,35.49,4,completed
O000832,C01059,2026-07-21T05:32:26Z,web,109.32,4,completed
O000833,C00367,2026-07-09T02:28:25Z,web,490.75,3,completed
O000834,C00582,2026-07-25T12:58:27Z,mobile,71.14,6,completed
O000835,C00756,2026-07-01T05:39:16Z,mobile,143.53,3,refunded
O000836,C01199,2026-07-07T06:23:58Z,web,5.72,4,completed
O000837,C00781,2026-07-17T01:35:36Z,partner,471.82,2,completed
O000838,C00203,2026-07-14T00:27:57Z,mobile,343.79,4,completed
O000839,C00137,2026-07-24T05:31:38Z,store,74.89,3,completed
O000840,C01047,2026-07-19T03:36:14Z,partner,389.07,3,completed
O000841,C00421,2026-07-03T09:51:22Z,partner,373.76,4,completed
O000842,C00060,2026-07-19T00:51:26Z,mobile,16.55,3,completed
O000843,C00210,2026-07-16T20:17:22Z,store,17.19,6,completed
O000844,C00224,2026-07-16T19:16:57Z,mobile,60.46,3,completed
O000845,C00085,2026-07-28T15:53:42Z,partner,143.49,6,completed
O000846,C00208,2026-07-22T07:16:24Z,partner,90.32,5,completed
O000847,C01131,2026-07-09T12:32:38Z,mobile,386.35,3,completed
O000848,C01144,2026-07-30T06:37:52Z,store,216.52,3,completed
O000849,C01103,2026-07-28T07:17:45Z,partner,204.01,5,completed
O000850,C00663,2026-07-11T22:26:23Z,mobile,209.75,3,completed
O000851,C00603,2026-07-13T08:35:31Z,mobile,461.82,1,completed
O000852,C00412,2026-07-24T11:17:52Z,web,280.88,5,completed
O000853,C00012,2026-07-31T14:11:36Z,mobile,251.22,4,completed
O000854,C00467,2026-07-29T13:44:59Z,web,335.08,4,completed
O000855,C00557,2026-07-04T04:38:12Z,partner,273.33,6,completed
O000856,C00337,2026-07-05T20:09:52Z,mobile,232.67,1,completed
O000857,C01123,2026-07-18T01:33:18Z,web,319.38,1,completed
O000858,C01182,2026-07-26T04:02:07Z,partner,211.23,2,completed
O000859,C00156,2026-07-02T16:08:24Z,partner,18.69,6,completed
O000860,C00253,2026-07-18T09:42:05Z,mobile,436.78,6,completed
O000861,C00020,2026-07-16T01:53:50Z,store,270.09,3,completed
O000862,C00590,2026-07-26T00:02:25Z,mobile,193.73,1,completed
O000863,C00198,2026-07-06T07:29:32Z,web,7.19,4,completed
O000864,C00117,2026-07-16T12:45:27Z,partner,63.57,6,completed
O000865,C00111,2026-07-17T11:59:45Z,partner,491.69,1,completed
O000866,C00815,2026-07-03T13:00:02Z,partner,468.02,2,completed
O000867,C00821,2026-07-01T04:48:12Z,store,462.41,5,completed
O000868,C00975,2026-07-31T10:28:20Z,partner,182.30,4,completed
O000869,C00072,2026-07-17T11:00:58Z,web,236.86,2,completed
O000870,C01187,2026-07-05T08:55:14Z,web,372.07,6,refunded
O000871,C00437,2026-07-05T14:22:59Z,mobile,90.26,3,completed
O000872,C00672,2026-07-15T12:35:17Z,partner,466.77,5,completed
O000873,C00951,2026-07-27T15:59:13Z,web,468.51,4,refunded
O000874,C01057,2026-07-31T23:21:07Z,web,279.86,4,completed
O000875,C00737,2026-07-12T05:23:36Z,store,292.08,6,completed
O000876,C00122,2026-07-01T01:03:25Z,store,396.24,5,completed
O000877,C00090,2026-07-21T09:14:17Z,web,368.92,3,completed
O000878,C00481,2026-07-03T12:38:59Z,store,348.32,4,completed
O000879,C00351,2026-07-01T11:26:35Z,partner,139.91,6,completed
O000880,C00162,2026-07-16T00:08:12Z,web,167.79,6,refunded
O000881,C01146,2026-07-15T15:57:26Z,mobile,497.49,6,completed
O000882,C00357,2026-07-24T03:32:55Z,web,13.47,2,completed
O000883,C00173,2026-07-04T23:07:03Z,web,478.20,4,completed
O000884,C00856,2026-07-29T18:28:37Z,partner,415.09,4,completed
O000885,C00673,2026-07-22T06:07:59Z,store,200.45,6,completed
O000886,C00085,2026-07-15T17:15:05Z,store,254.40,4,completed
O000887,C01009,2026-07-12T02:45:49Z,mobile,263.72,4,refunded
O000888,C00980,2026-07-04T18:24:58Z,web,250.98,4,completed
O000889,C00966,2026-07-10T16:29:41Z,mobile,119.82,3,completed
O000890,C00738,2026-07-26T12:35:46Z,store,337.21,3,refunded
O000891,C00133,2026-07-10T11:12:27Z,mobile,329.86,3,completed
O000892,C00008,2026-07-03T18:38:51Z,web,377.67,6,completed
O000893,C00389,2026-07-05T06:53:16Z,mobile,149.84,6,refunded
O000894,C00849,2026-07-20T10:04:59Z,store,344.78,6,completed
O000895,C00974,2026-07-24T19:27:26Z,web,274.34,1,completed
O000896,C00547,2026-07-06T06:34:28Z,web,278.28,6,completed
O000897,C00324,2026-07-15T15:22:46Z,web,20.63,2,completed
O000898,C00261,2026-07-15T02:41:20Z,store,342.87,4,completed
O000899,C00349,2026-07-09T07:40:14Z,web,128.33,2,completed
O000900,C00084,2026-07-22T09:32:20Z,store,414.43,4,completed
O000901,C00717,2026-07-18T11:10:16Z,mobile,134.20,2,completed
O000902,C00310,2026-07-06T16:48:07Z,mobile,445.76,4,completed
O000903,C00870,2026-07-29T04:15:47Z,web,480.95,3,completed
O000904,C01147,2026-07-14T03:04:58Z,store,281.51,6,completed
O000905,C00023,2026-07-23T09:07:12Z,partner,72.50,2,completed
O000906,C01180,2026-07-21T10:28:12Z,mobile,194.18,3,completed
O000907,C00494,2026-07-05T11:53:49Z,partner,454.93,5,completed
O000908,C00485,2026-07-01T18:58:30Z,web,479.57,1,completed
O000909,C01144,2026-07-08T17:43:23Z,web,414.91,4,completed
O000910,C01103,2026-07-05T15:50:02Z,mobile,99.36,5,completed
O000911,C00830,2026-07-14T01:58:07Z,partner,75.00,2,completed
O000912,C01087,2026-07-26T21:48:54Z,mobile,431.77,3,completed
O000913,C01196,2026-07-27T13:25:12Z,web,270.48,6,completed
O000914,C00782,2026-07-23T15:02:26Z,mobile,17.79,3,refunded
O000915,C00686,2026-07-12T17:34:09Z,store,276.16,2,completed
O000916,C00169,2026-07-29T22:01:48Z,store,262.90,3,completed
O000917,C00035,2026-07-22T20:49:22Z,store,238.90,6,completed
O000918,C00960,2026-07-28T18:19:29Z,partner,352.20,1,refunded
O000919,C00773,2026-07-02T01:49:30Z,partner,173.60,2,refunded
O000920,C01073,2026-07-01T14:36:12Z,web,405.52,6,completed
O000921,C00053,2026-07-01T20:16:54Z,store,322.06,4,completed
O000922,C00547,2026-07-27T13:35:42Z,partner,87.04,5,completed
O000923,C00490,2026-07-23T07:31:44Z,store,141.50,2,completed
O000924,C00777,2026-07-15T07:26:01Z,web,396.55,1,completed
O000925,C00783,2026-07-26T20:19:17Z,web,404.83,2,completed
O000926,C00246,2026-07-10T14:04:36Z,mobile,485.17,3,refunded
O000927,C00949,2026-07-15T19:35:33Z,store,457.34,4,completed
O000928,C00499,2026-07-18T14:42:40Z,web,356.76,6,completed
O000929,C00550,2026-07-05T10:24:17Z,mobile,482.32,5,completed
O000930,C01042,2026-07-05T14:23:26Z,web,421.17,5,completed
O000931,C00542,2026-07-08T14:26:47Z,partner,466.22,3,completed
O000932,C00195,2026-07-25T11:00:33Z,store,107.28,6,completed
O000933,C00866,2026-07-19T21:30:20Z,partner,338.69,6,completed
O000934,C00671,2026-07-24T15:27:14Z,mobile,355.32,1,completed
O000935,C00241,2026-07-12T23:03:09Z,partner,243.02,4,completed
O000936,C00693,2026-07-18T21:51:42Z,web,246.82,1,completed
O000937,C00596,2026-07-26T08:18:05Z,mobile,329.14,6,completed
O000938,C00288,2026-07-22T01:34:42Z,web,86.38,4,refunded
O000939,C01186,2026-07-07T21:30:36Z,partner,52.20,1,completed
O000940,C01018,2026-07-10T17:29:16Z,web,25.51,1,completed
O000941,C00057,2026-07-10T20:04:07Z,web,376.14,5,completed
O000942,C00700,2026-07-27T20:23:24Z,partner,401.37,2,completed
O000943,C00537,2026-07-24T06:52:47Z,web,22.08,5,refunded
O000944,C00719,2026-07-01T11:48:20Z,web,226.91,6,completed
O000945,C00784,2026-07-15T04:50:13Z,store,53.84,5,completed
O000946,C01099,2026-07-11T06:21:42Z,store,41.74,6,completed
O000947,C01191,2026-07-05T07:26:38Z,web,422.74,5,completed
O000948,C00649,2026-07-20T12:45:00Z,store,297.06,5,completed
O000949,C01016,2026-07-15T07:52:07Z,store,125.95,4,completed
O000950,C00738,2026-07-12T20:23:14Z,partner,365.42,5,completed
O000951,C00774,2026-07-21T16:24:45Z,partner,178.18,2,completed
O000952,C00036,2026-07-30T14:00:02Z,store,365.99,1,refunded
O000953,C00640,2026-07-08T07:50:25Z,mobile,348.74,6,completed
O000954,C00531,2026-07-23T19:23:08Z,partner,10.91,5,completed
O000955,C00035,2026-07-11T01:00:36Z,web,390.41,6,completed
O000956,C01021,2026-07-26T20:04:56Z,partner,62.82,4,completed
O000957,C01108,2026-07-09T03:13:26Z,store,47.48,5,completed
O000958,C00953,2026-07-26T23:59:49Z,store,482.00,1,completed
O000959,C00397,2026-07-29T17:04:23Z,partner,197.45,4,completed
O000960,C01112,2026-07-15T17:29:59Z,mobile,244.68,1,completed
O000961,C00350,2026-07-29T05:14:14Z,store,250.13,3,completed
O000962,C00360,2026-07-29T03:09:45Z,web,404.84,4,completed
O000963,C00208,2026-07-17T10:20:00Z,partner,19.31,1,refunded
O000964,C00040,2026-07-28T12:12:54Z,partner,450.48,6,completed
O000965,C00281,2026-07-03T20:05:10Z,mobile,205.31,2,completed
O000966,C00717,2026-07-22T19:44:37Z,store,276.13,2,completed
O000967,C00206,2026-07-31T16:12:54Z,web,482.71,5,completed
O000968,C00044,2026-07-11T23:28:06Z,store,57.91,6,completed
O000969,C00157,2026-07-05T15:34:48Z,store,182.12,6,completed
O000970,C01187,2026-07-27T06:16:05Z,partner,436.08,3,completed
O000971,C00443,2026-07-26T02:48:00Z,web,90.01,5,completed
O000972,C00698,2026-07-14T08:05:55Z,web,55.31,3,completed
O000973,C00594,2026-07-29T22:26:35Z,store,189.19,3,completed
O000974,C00326,2026-07-29T19:35:07Z,web,93.49,4,completed
O000975,C00487,2026-07-10T02:56:44Z,web,223.32,3,completed
O000976,C00868,2026-07-25T20:26:07Z,mobile,30.00,6,refunded
O000977,C00682,2026-07-01T14:47:15Z,partner,195.27,2,completed
O000978,C00527,2026-07-26T13:01:59Z,web,65.42,4,completed
O000979,C01084,2026-07-10T06:26:34Z,partner,196.86,5,completed
O000980,C00535,2026-07-21T22:18:57Z,mobile,228.12,1,completed
O000981,C00897,2026-07-01T10:36:42Z,store,426.53,4,completed
O000982,C00656,2026-07-16T19:22:42Z,web,234.10,1,completed
O000983,C01024,2026-07-21T19:58:26Z,partner,243.42,2,completed
O000984,C00470,2026-07-14T10:16:04Z,partner,18.69,3,completed
O000985,C01119,2026-07-11T01:33:46Z,store,239.39,3,completed
O000986,C00041,2026-07-29T04:19:35Z,mobile,33.09,1,completed
O000987,C00113,2026-07-19T03:11:17Z,web,463.59,2,completed
O000988,C00128,2026-07-19T05:39:27Z,partner,147.14,1,completed
O000989,C00812,2026-07-25T11:19:35Z,partner,173.55,6,completed
O000990,C01113,2026-07-02T18:33:01Z,store,409.01,1,completed
O000991,C00293,2026-07-28T14:59:23Z,partner,266.40,3,completed
O000992,C00637,2026-07-02T04:48:43Z,mobile,338.62,1,completed
O000993,C00365,2026-07-14T18:49:07Z,store,483.35,5,completed
O000994,C00285,2026-07-28T18:26:03Z,web,39.12,4,completed
O000995,C00865,2026-07-31T04:11:31Z,partner,412.26,6,completed
O000996,C00186,2026-07-03T16:37:22Z,partner,377.88,6,completed
O000997,C00704,2026-07-18T13:41:19Z,store,369.53,5,completed
O000998,C00185,2026-07-27T13:01:25Z,web,139.38,4,completed
O000999,C00024,2026-07-17T11:21:21Z,partner,468.13,5,completed
O001000,C00581,2026-07-30T01:49:29Z,partner,65.50,5,completed
O001001,C00112,2026-07-20T05:48:01Z,store,32.45,4,completed
O001002,C00761,2026-07-31T00:29:04Z,mobile,33.52,2,completed
O001003,C00226,2026-07-10T05:46:43Z,mobile,434.32,6,completed
O001004,C00125,2026-07-08T10:51:41Z,web,270.44,3,completed
O001005,C00146,2026-07-30T05:42:06Z,partner,272.82,4,completed
O001006,C00768,2026-07-18T20:48:38Z,partner,237.56,6,completed
O001007,C00101,2026-07-05T18:04:17Z,web,250.22,5,completed
O001008,C00382,2026-07-31T08:44:01Z,web,200.66,2,completed
O001009,C00680,2026-07-27T16:00:20Z,mobile,335.95,3,completed
O001010,C00313,2026-07-11T18:27:18Z,web,166.69,1,completed
O001011,C00426,2026-07-09T17:24:01Z,web,134.95,6,completed
O001012,C01120,2026-07-26T18:41:50Z,web,67.39,5,refunded
O001013,C00862,2026-07-26T21:31:08Z,partner,408.39,5,completed
O001014,C00952,2026-07-01T12:59:11Z,partner,167.45,5,completed
O001015,C00372,2026-07-19T08:05:03Z,store,356.64,3,completed
O001016,C00766,2026-07-26T00:28:31Z,partner,320.33,5,completed
O001017,C00658,2026-07-07T20:35:08Z,partner,55.05,4,completed
O001018,C01003,2026-07-17T03:59:09Z,store,122.55,6,completed
O001019,C00972,2026-07-30T10:16:14Z,web,381.14,1,completed
O001020,C00761,2026-07-30T22:17:19Z,mobile,278.79,1,completed
O001021,C00006,2026-07-03T14:14:51Z,store,366.67,3,completed
O001022,C00474,2026-07-29T07:29:30Z,mobile,393.29,1,completed
O001023,C00285,2026-07-31T12:45:32Z,mobile,257.36,2,completed
O001024,C01071,2026-07-07T18:23:12Z,web,479.31,3,completed
O001025,C00181,2026-07-22T06:14:44Z,web,41.70,3,completed
O001026,C00496,2026-07-04T10:43:24Z,web,78.81,6,completed
O001027,C00132,2026-07-28T04:38:45Z,store,99.25,5,completed
O001028,C00196,2026-07-20T09:15:47Z,mobile,485.39,6,refunded
O001029,C00644,2026-07-23T06:35:38Z,web,78.09,4,completed
O001030,C00819,2026-07-09T05:37:47Z,web,35.48,4,completed
O001031,C00019,2026-07-21T01:44:18Z,store,450.35,1,completed
O001032,C00246,2026-07-15T07:20:41Z,partner,380.21,3,refunded
O001033,C00013,2026-07-12T06:36:06Z,partner,268.96,1,completed
O001034,C00799,2026-07-23T01:12:17Z,store,443.20,5,refunded
O001035,C00550,2026-07-25T01:05:59Z,mobile,342.61,2,completed
O001036,C00547,2026-07-19T10:42:42Z,mobile,491.75,1,completed
O001037,C00527,2026-07-26T20:25:02Z,store,342.33,1,completed
O001038,C01134,2026-07-31T03:01:54Z,store,57.51,3,completed
O001039,C00758,2026-07-07T19:01:35Z,mobile,18.11,5,completed
O001040,C00028,2026-07-17T13:38:33Z,mobile,385.23,6,completed
O001041,C00249,2026-07-08T01:11:20Z,partner,247.06,1,completed
O001042,C00050,2026-07-18T20:34:47Z,mobile,115.93,1,completed
O001043,C00262,2026-07-16T16:19:03Z,store,451.99,1,completed
O001044,C00488,2026-07-28T21:18:07Z,partner,419.17,6,completed
O001045,C00094,2026-07-28T09:55:57Z,mobile,329.62,6,completed
O001046,C00148,2026-07-17T02:40:03Z,web,16.14,3,completed
O001047,C01100,2026-07-03T01:59:06Z,mobile,359.15,3,completed
O001048,C00119,2026-07-13T09:42:06Z,mobile,324.62,1,completed
O001049,C00744,2026-07-23T11:22:29Z,mobile,143.23,2,completed
O001050,C01142,2026-07-13T17:53:23Z,partner,284.16,3,completed
O001051,C01011,2026-07-07T19:37:49Z,partner,393.43,6,completed
O001052,C00567,2026-07-26T03:14:37Z,web,111.71,5,completed
O001053,C00827,2026-07-12T01:22:19Z,partner,84.90,1,completed
O001054,C01126,2026-07-31T20:35:51Z,web,173.01,1,completed
O001055,C00300,2026-07-16T17:32:18Z,web,472.39,2,completed
O001056,C01082,2026-07-25T18:17:31Z,web,85.97,2,completed
O001057,C01019,2026-07-29T11:54:46Z,mobile,439.04,1,completed
O001058,C00029,2026-07-13T08:00:44Z,partner,419.95,5,completed
O001059,C00432,2026-07-25T21:02:35Z,web,487.04,3,completed
O001060,C00948,2026-07-27T22:59:06Z,store,339.16,2,completed
O001061,C00413,2026-07-02T01:20:52Z,partner,140.89,1,completed
O001062,C00030,2026-07-19T03:18:31Z,store,42.91,6,completed
O001063,C01088,2026-07-22T07:51:57Z,store,150.24,5,completed
O001064,C01041,2026-07-24T23:19:54Z,store,376.42,6,completed
O001065,C00719,2026-07-15T08:20:55Z,web,30.86,3,completed
O001066,C01066,2026-07-10T06:38:55Z,store,6.38,5,completed
O001067,C00243,2026-07-30T00:36:08Z,store,408.34,2,completed
O001068,C01199,2026-07-10T00:07:49Z,store,402.71,6,completed
O001069,C00990,2026-07-31T17:16:52Z,partner,87.94,6,completed
O001070,C00770,2026-07-02T18:26:50Z,web,8.36,3,completed
O001071,C00057,2026-07-15T16:41:29Z,web,402.17,3,completed
O001072,C00850,2026-07-28T06:24:57Z,store,58.34,3,completed
O001073,C00112,2026-07-31T09:32:50Z,web,481.13,5,completed
O001074,C01042,2026-07-04T18:45:48Z,mobile,219.89,6,refunded
O001075,C00545,2026-07-26T02:30:09Z,partner,292.37,2,completed
O001076,C00709,2026-07-25T07:11:12Z,partner,441.63,4,completed
O001077,C00829,2026-07-13T10:09:13Z,store,88.11,6,completed
O001078,C00534,2026-07-06T23:16:43Z,web,378.45,3,completed
O001079,C00933,2026-07-21T21:01:34Z,partner,492.15,1,completed
O001080,C00742,2026-07-07T15:19:09Z,web,76.21,5,completed
O001081,C01062,2026-07-20T13:47:17Z,mobile,75.02,5,completed
O001082,C00494,2026-07-04T08:19:37Z,web,280.64,3,completed
O001083,C01041,2026-07-10T20:15:01Z,mobile,7.13,5,completed
O001084,C00231,2026-07-02T14:47:01Z,web,42.40,5,completed
O001085,C00417,2026-07-29T14:00:09Z,web,68.75,2,completed
O001086,C00681,2026-07-27T17:29:50Z,web,128.76,5,refunded
O001087,C01127,2026-07-26T03:53:52Z,store,76.59,2,completed
O001088,C00333,2026-07-21T10:30:51Z,mobile,36.26,5,completed
O001089,C00631,2026-07-16T05:01:43Z,store,175.75,3,completed
O001090,C00433,2026-07-16T08:41:02Z,store,249.91,2,completed
O001091,C00137,2026-07-17T15:24:59Z,mobile,47.06,4,completed
O001092,C00053,2026-07-15T18:55:05Z,partner,406.49,6,completed
O001093,C00537,2026-07-10T07:27:57Z,mobile,207.36,6,completed
O001094,C00957,2026-07-25T10:10:23Z,web,154.70,3,completed
O001095,C01029,2026-07-23T10:28:05Z,mobile,114.42,2,completed
O001096,C00021,2026-07-02T13:38:54Z,partner,228.51,3,completed
O001097,C00745,2026-07-20T19:47:34Z,mobile,117.90,6,completed
O001098,C00872,2026-07-08T00:59:32Z,web,85.04,2,completed
O001099,C00537,2026-07-13T15:01:23Z,mobile,211.08,1,completed
O001100,C00243,2026-07-10T04:57:33Z,partner,426.80,5,completed
O001101,C00974,2026-07-09T12:31:47Z,mobile,438.06,5,completed
O001102,C01104,2026-07-11T02:25:38Z,web,92.39,2,completed
O001103,C00635,2026-07-08T14:03:05Z,web,483.81,3,refunded
O001104,C00816,2026-07-27T04:37:23Z,web,106.07,2,completed
O001105,C00241,2026-07-18T20:05:28Z,mobile,7.68,1,completed
O001106,C00189,2026-07-08T13:16:29Z,store,287.87,1,completed
O001107,C00043,2026-07-10T14:21:36Z,partner,55.48,1,completed
O001108,C00814,2026-07-13T20:20:26Z,web,332.12,1,completed
O001109,C01016,2026-07-17T10:55:33Z,store,83.83,5,completed
O001110,C00318,2026-07-04T18:01:04Z,store,381.88,1,completed
O001111,C00845,2026-07-01T05:49:53Z,mobile,480.77,5,completed
O001112,C01080,2026-07-08T21:48:58Z,store,138.37,4,completed
O001113,C00732,2026-07-18T22:06:01Z,partner,379.36,6,completed
O001114,C00219,2026-07-31T12:25:15Z,partner,117.26,4,completed
O001115,C00557,2026-07-29T10:10:04Z,mobile,415.92,1,completed
O001116,C00263,2026-07-25T10:08:12Z,store,131.90,2,completed
O001117,C00032,2026-07-28T09:03:43Z,web,225.00,6,completed
O001118,C00048,2026-07-20T18:29:37Z,store,150.61,4,completed
O001119,C00707,2026-07-22T05:29:35Z,mobile,227.40,4,completed
O001120,C00892,2026-07-19T15:17:24Z,web,213.46,3,completed
O001121,C00358,2026-07-14T08:45:12Z,store,406.43,4,completed
O001122,C00775,2026-07-14T12:56:25Z,web,260.03,3,completed
O001123,C00846,2026-07-31T05:12:30Z,web,421.95,1,completed
O001124,C00628,2026-07-16T17:48:04Z,store,211.64,6,completed
O001125,C00129,2026-07-04T22:54:28Z,mobile,414.08,6,completed
O001126,C00102,2026-07-07T03:19:37Z,store,158.62,1,completed
O001127,C01177,2026-07-10T15:29:15Z,web,422.67,3,completed
O001128,C00522,2026-07-29T10:08:25Z,partner,309.19,4,completed
O001129,C00148,2026-07-02T01:09:49Z,mobile,184.41,6,completed
O001130,C00211,2026-07-08T22:16:03Z,partner,236.93,2,completed
O001131,C01089,2026-07-13T10:47:33Z,mobile,153.17,4,completed
O001132,C00403,2026-07-05T15:12:29Z,partner,408.63,2,completed
O001133,C00203,2026-07-26T10:12:14Z,partner,394.51,5,refunded
O001134,C00636,2026-07-02T10:44:49Z,web,402.42,1,completed
O001135,C00243,2026-07-04T12:31:27Z,partner,421.78,4,completed
O001136,C00433,2026-07-17T04:05:21Z,mobile,428.71,3,completed
O001137,C00819,2026-07-11T22:26:56Z,mobile,236.55,6,completed
O001138,C00656,2026-07-21T20:46:18Z,mobile,401.64,3,completed
O001139,C00723,2026-07-07T16:26:50Z,web,187.28,5,completed
O001140,C00023,2026-07-05T23:47:24Z,partner,411.17,2,completed
O001141,C00244,2026-07-13T23:27:15Z,web,174.80,3,completed
O001142,C00657,2026-07-21T15:39:16Z,web,390.19,3,completed
O001143,C00559,2026-07-02T02:31:15Z,partner,27.29,3,completed
O001144,C00062,2026-07-02T02:37:20Z,web,404.30,2,completed
O001145,C00913,2026-07-02T09:19:24Z,mobile,295.27,5,completed
O001146,C00772,2026-07-12T00:30:39Z,partner,266.71,4,completed
O001147,C00534,2026-07-04T06:16:07Z,partner,139.50,2,completed
O001148,C00793,2026-07-20T04:01:56Z,partner,80.77,3,completed
O001149,C00401,2026-07-30T14:51:44Z,store,287.72,3,completed
O001150,C00878,2026-07-13T23:55:53Z,partner,162.99,1,completed
O001151,C00274,2026-07-08T10:22:11Z,mobile,111.78,3,refunded
O001152,C00883,2026-07-26T12:33:40Z,web,205.40,5,completed
O001153,C01101,2026-07-14T04:49:02Z,store,470.97,5,completed
O001154,C01020,2026-07-19T08:25:32Z,mobile,103.49,2,completed
O001155,C00996,2026-07-22T06:01:52Z,web,25.15,4,completed
O001156,C01081,2026-07-21T20:38:35Z,partner,331.17,2,completed
O001157,C00965,2026-07-29T14:24:43Z,web,154.05,6,completed
O001158,C00712,2026-07-09T23:45:21Z,partner,313.03,4,completed
O001159,C00237,2026-07-13T21:11:53Z,partner,315.49,2,completed
O001160,C00396,2026-07-22T04:43:23Z,web,481.00,5,refunded
O001161,C00570,2026-07-18T23:00:15Z,store,40.70,5,completed
O001162,C00106,2026-07-04T16:08:34Z,store,461.93,6,completed
O001163,C01064,2026-07-28T17:06:31Z,web,177.78,6,completed
O001164,C00880,2026-07-02T06:41:22Z,mobile,62.11,6,completed
O001165,C00020,2026-07-20T04:38:10Z,mobile,499.91,3,completed
O001166,C00712,2026-07-17T11:26:59Z,web,115.57,4,refunded
O001167,C00641,2026-07-17T15:25:09Z,web,78.99,5,completed
O001168,C00872,2026-07-02T17:19:07Z,store,495.20,2,completed
O001169,C00471,2026-07-21T10:19:34Z,mobile,349.15,2,completed
O001170,C01129,2026-07-12T07:57:56Z,web,360.70,4,completed
O001171,C00893,2026-07-21T07:14:54Z,mobile,421.30,3,completed
O001172,C00086,2026-07-27T07:20:38Z,mobile,346.40,5,completed
O001173,C00933,2026-07-18T21:23:45Z,web,182.07,1,completed
O001174,C00578,2026-07-15T23:48:40Z,partner,457.53,4,completed
O001175,C00788,2026-07-13T15:42:11Z,store,71.98,1,completed
O001176,C01058,2026-07-22T01:29:32Z,web,246.78,6,completed
O001177,C00970,2026-07-07T22:26:04Z,store,415.03,5,completed
O001178,C00710,2026-07-07T09:26:48Z,mobile,198.84,2,completed
O001179,C00672,2026-07-31T15:46:10Z,web,55.24,4,completed
O001180,C00141,2026-07-24T21:14:13Z,partner,102.30,3,completed
O001181,C00494,2026-07-09T08:09:03Z,web,493.82,5,completed
O001182,C00406,2026-07-29T06:42:50Z,store,174.78,3,completed
O001183,C01060,2026-07-06T00:17:11Z,web,198.94,5,completed
O001184,C00442,2026-07-30T10:04:42Z,store,70.51,3,completed
O001185,C00307,2026-07-20T23:20:40Z,web,296.10,5,completed
O001186,C00681,2026-07-26T14:55:38Z,partner,449.47,5,completed
O001187,C00270,2026-07-03T23:49:00Z,partner,439.44,2,completed
O001188,C00729,2026-07-08T18:54:33Z,web,467.11,5,refunded
O001189,C00062,2026-07-03T20:37:02Z,web,431.99,4,completed
O001190,C00589,2026-07-13T00:41:00Z,store,428.59,4,completed
O001191,C00921,2026-07-17T03:43:22Z,mobile,267.24,5,completed
O001192,C00763,2026-07-15T03:31:41Z,mobile,366.72,3,completed
O001193,C00180,2026-07-23T03:41:13Z,partner,150.23,5,completed
O001194,C00087,2026-07-05T16:17:17Z,web,27.32,5,completed
O001195,C00935,2026-07-10T00:01:35Z,mobile,430.96,3,refunded
O001196,C01084,2026-07-12T04:20:08Z,mobile,264.86,1,completed
O001197,C00259,2026-07-21T04:12:45Z,mobile,243.12,3,completed
O001198,C00620,2026-07-09T07:40:20Z,mobile,489.33,6,completed
O001199,C00616,2026-07-07T08:26:02Z,web,205.47,6,completed
O001200,C01094,2026-07-30T04:38:27Z,partner,68.34,5,completed
O001201,C01193,2026-07-30T23:31:08Z,web,247.39,4,completed
O001202,C00640,2026-07-17T10:16:24Z,web,413.76,2,completed
O001203,C00852,2026-07-29T10:42:05Z,mobile,254.39,5,completed
O001204,C00968,2026-07-17T19:20:46Z,mobile,429.05,3,completed
O001205,C00157,2026-07-25T16:35:12Z,store,340.62,5,completed
O001206,C01080,2026-07-03T22:20:01Z,web,18.88,3,completed
O001207,C00599,2026-07-24T13:44:40Z,web,309.23,2,completed
O001208,C00178,2026-07-02T09:14:48Z,mobile,365.68,3,completed
O001209,C00709,2026-07-29T14:47:00Z,store,373.82,5,completed
O001210,C00566,2026-07-11T05:01:36Z,store,88.77,3,completed
O001211,C00063,2026-07-27T01:14:27Z,partner,97.67,4,completed
O001212,C00267,2026-07-20T08:32:21Z,mobile,434.95,6,completed
O001213,C01165,2026-07-25T21:32:22Z,store,343.03,3,completed
O001214,C00162,2026-07-09T12:58:08Z,mobile,342.05,2,completed
O001215,C00478,2026-07-24T11:47:45Z,web,300.70,2,completed
O001216,C00145,2026-07-22T17:59:27Z,mobile,382.17,4,completed
O001217,C01155,2026-07-16T15:22:22Z,partner,192.82,1,refunded
O001218,C00560,2026-07-21T15:23:36Z,store,89.02,6,completed
O001219,C01146,2026-07-21T04:20:19Z,mobile,205.28,1,completed
O001220,C00358,2026-07-12T03:21:23Z,web,68.70,6,completed
O001221,C01138,2026-07-08T19:39:04Z,mobile,352.65,2,completed
O001222,C00400,2026-07-11T02:39:14Z,partner,385.83,1,completed
O001223,C00131,2026-07-08T05:16:19Z,mobile,378.22,6,completed
O001224,C00724,2026-07-18T05:21:25Z,mobile,25.77,1,completed
O001225,C00628,2026-07-15T12:28:51Z,web,322.27,4,completed
O001226,C00718,2026-07-30T11:40:58Z,mobile,133.42,1,completed
O001227,C00548,2026-07-05T09:18:15Z,mobile,487.93,6,completed
O001228,C01170,2026-07-04T14:11:00Z,partner,446.59,2,completed
O001229,C00327,2026-07-07T21:43:42Z,mobile,393.18,5,completed
O001230,C00854,2026-07-28T12:33:56Z,store,66.19,1,completed
O001231,C00067,2026-07-27T07:27:23Z,web,475.97,3,completed
O001232,C00891,2026-07-02T08:10:08Z,partner,255.05,4,completed
O001233,C00443,2026-07-25T22:43:08Z,store,469.73,3,completed
O001234,C00874,2026-07-11T21:58:36Z,web,437.50,6,completed
O001235,C00011,2026-07-05T16:33:24Z,store,207.90,5,completed
O001236,C00911,2026-07-16T15:39:09Z,mobile,310.44,5,completed
O001237,C00987,2026-07-10T14:19:42Z,store,229.03,4,completed
O001238,C00867,2026-07-19T04:46:00Z,mobile,434.12,2,completed
O001239,C00415,2026-07-24T10:00:45Z,mobile,12.30,1,completed
O001240,C00530,2026-07-05T09:44:35Z,web,17.29,5,completed
O001241,C00630,2026-07-29T16:25:41Z,mobile,172.41,5,completed
O001242,C00553,2026-07-10T03:01:56Z,mobile,415.19,5,completed
O001243,C00767,2026-07-05T15:44:57Z,web,74.76,1,completed
O001244,C00669,2026-07-06T03:11:09Z,mobile,431.24,2,completed
O001245,C01180,2026-07-22T07:46:49Z,partner,323.38,6,completed
O001246,C00560,2026-07-08T17:45:09Z,store,208.00,1,completed
O001247,C01010,2026-07-05T11:49:11Z,store,396.77,5,completed
O001248,C00320,2026-07-15T23:54:24Z,store,451.67,1,completed
O001249,C00338,2026-07-24T23:50:37Z,partner,165.89,6,completed
O001250,C00915,2026-07-28T08:24:10Z,store,152.83,3,completed
O001251,C00377,2026-07-15T03:38:16Z,partner,460.32,2,completed
O001252,C00636,2026-07-11T11:57:07Z,web,434.97,2,completed
O001253,C00258,2026-07-04T06:56:03Z,mobile,320.58,6,completed
O001254,C00242,2026-07-05T20:09:14Z,web,438.87,4,refunded
O001255,C00491,2026-07-06T09:26:06Z,web,66.28,2,refunded
O001256,C00663,2026-07-16T03:54:36Z,store,22.58,1,completed
O001257,C00386,2026-07-11T09:30:30Z,partner,171.88,6,completed
O001258,C00957,2026-07-31T12:17:26Z,web,110.11,2,completed
O001259,C00564,2026-07-10T23:09:50Z,web,182.09,3,completed
O001260,C01180,2026-07-13T19:34:12Z,web,147.10,3,completed
O001261,C01117,2026-07-21T13:06:09Z,web,285.82,6,completed
O001262,C00804,2026-07-23T17:27:59Z,web,305.88,2,completed
O001263,C00658,2026-07-22T04:15:13Z,partner,191.99,5,completed
O001264,C00649,2026-07-02T18:49:57Z,web,313.40,1,completed
O001265,C01020,2026-07-02T18:23:44Z,web,270.67,2,completed
O001266,C00233,2026-07-10T20:02:59Z,mobile,497.97,1,completed
O001267,C01076,2026-07-04T05:57:15Z,partner,148.53,5,refunded
O001268,C00111,2026-07-01T13:42:21Z,store,385.28,6,completed
O001269,C00521,2026-07-17T15:53:14Z,mobile,278.55,6,completed
O001270,C00148,2026-07-07T06:39:40Z,store,131.80,2,completed
O001271,C01083,2026-07-07T00:34:35Z,partner,231.33,4,completed
O001272,C01163,2026-07-18T18:17:37Z,web,356.65,3,completed
O001273,C00255,2026-07-13T07:35:05Z,web,414.34,6,completed
O001274,C00806,2026-07-01T06:37:04Z,partner,315.35,4,completed
O001275,C00779,2026-07-11T09:08:44Z,partner,90.90,3,refunded
O001276,C00789,2026-07-12T03:07:32Z,mobile,50.89,2,completed
O001277,C00509,2026-07-17T17:31:33Z,web,414.11,4,completed
O001278,C00269,2026-07-23T04:17:52Z,store,329.57,1,completed
O001279,C00407,2026-07-30T17:59:49Z,web,176.46,1,completed
O001280,C01088,2026-07-06T01:25:49Z,store,142.08,3,completed
O001281,C00065,2026-07-18T03:29:58Z,web,206.43,3,completed
O001282,C00882,2026-07-08T22:07:06Z,store,441.05,6,completed
O001283,C00584,2026-07-09T21:07:34Z,mobile,469.29,4,completed
O001284,C00135,2026-07-06T18:02:09Z,store,92.42,5,completed
O001285,C00413,2026-07-21T13:50:02Z,mobile,482.06,5,completed
O001286,C00054,2026-07-27T15:29:16Z,web,465.15,1,completed
O001287,C00313,2026-07-21T02:33:22Z,partner,53.45,2,completed
O001288,C01071,2026-07-15T00:36:02Z,mobile,398.63,1,completed
O001289,C00642,2026-07-22T16:44:03Z,mobile,342.27,5,completed
O001290,C00052,2026-07-22T23:07:57Z,web,21.20,4,completed
O001291,C01171,2026-07-17T17:15:28Z,store,36.40,2,completed
O001292,C00516,2026-07-15T21:21:01Z,web,485.41,2,completed
O001293,C00762,2026-07-22T16:06:31Z,partner,230.11,1,completed
O001294,C00231,2026-07-30T00:09:45Z,mobile,73.00,2,completed
O001295,C01020,2026-07-30T01:51:55Z,web,56.05,4,completed
O001296,C00752,2026-07-07T19:37:11Z,web,209.11,6,completed
O001297,C00586,2026-07-14T03:27:55Z,mobile,168.67,6,completed
O001298,C00452,2026-07-07T22:01:17Z,mobile,459.68,1,completed
O001299,C00424,2026-07-25T14:00:00Z,web,197.65,3,completed
O001300,C00260,2026-07-25T06:13:26Z,mobile,242.29,4,completed
O001301,C00152,2026-07-06T20:23:05Z,store,138.82,2,completed
O001302,C00799,2026-07-13T00:12:05Z,store,348.36,2,completed
O001303,C00526,2026-07-25T11:57:18Z,web,364.84,3,completed
O001304,C00126,2026-07-03T16:55:09Z,partner,90.98,1,completed
O001305,C01091,2026-07-08T02:59:08Z,partner,193.79,3,completed
O001306,C00428,2026-07-18T10:13:18Z,mobile,274.54,5,completed
O001307,C00063,2026-07-30T22:39:10Z,web,481.99,4,completed
O001308,C00328,2026-07-01T19:10:27Z,store,394.89,2,completed
O001309,C00230,2026-07-12T20:26:09Z,web,394.34,6,completed
O001310,C00872,2026-07-05T11:20:50Z,store,234.07,2,completed
O001311,C00271,2026-07-13T20:29:51Z,partner,458.42,3,completed
O001312,C00649,2026-07-28T01:34:45Z,partner,88.22,2,completed
O001313,C00207,2026-07-16T19:34:25Z,partner,220.33,4,completed
O001314,C00145,2026-07-11T17:28:39Z,store,389.36,1,completed
O001315,C00332,2026-07-01T18:02:51Z,store,301.87,5,completed
O001316,C00737,2026-07-19T02:27:46Z,mobile,258.58,6,completed
O001317,C00479,2026-07-08T03:56:48Z,partner,199.61,6,completed
O001318,C00347,2026-07-07T13:25:13Z,partner,452.43,3,completed
O001319,C00686,2026-07-15T02:49:42Z,mobile,317.81,6,completed
O001320,C00196,2026-07-25T23:10:39Z,mobile,351.94,3,completed
O001321,C00376,2026-07-07T14:22:04Z,web,87.51,5,completed
O001322,C00145,2026-07-27T23:38:26Z,store,27.69,1,completed
O001323,C01132,2026-07-29T04:34:40Z,mobile,175.53,2,completed
O001324,C01135,2026-07-16T13:06:19Z,store,15.94,4,completed
O001325,C00001,2026-07-03T06:02:41Z,mobile,319.39,2,completed
O001326,C01158,2026-07-15T22:14:54Z,partner,123.48,3,completed
O001327,C00790,2026-07-22T02:39:21Z,store,112.73,6,completed
O001328,C00945,2026-07-16T05:05:48Z,partner,145.21,3,completed
O001329,C00044,2026-07-27T02:18:37Z,partner,65.02,3,completed
O001330,C00672,2026-07-21T14:40:10Z,partner,299.17,4,completed
O001331,C00176,2026-07-28T20:37:07Z,mobile,208.11,6,completed
O001332,C01007,2026-07-12T17:18:09Z,mobile,137.34,5,completed
O001333,C00944,2026-07-25T19:37:05Z,web,381.54,1,completed
O001334,C01138,2026-07-20T23:09:03Z,web,199.13,4,completed
O001335,C00747,2026-07-11T04:29:32Z,mobile,397.81,1,completed
O001336,C00848,2026-07-30T02:44:26Z,store,446.46,3,completed
O001337,C00331,2026-07-30T15:45:07Z,mobile,440.55,2,completed
O001338,C00843,2026-07-12T13:01:55Z,web,465.36,2,completed
O001339,C00918,2026-07-24T21:37:00Z,store,459.04,1,completed
O001340,C00215,2026-07-02T14:56:46Z,store,296.84,1,refunded
O001341,C00121,2026-07-08T01:14:07Z,web,469.12,5,completed
O001342,C01123,2026-07-26T05:04:06Z,web,356.05,6,completed
O001343,C01015,2026-07-16T06:02:18Z,web,216.67,5,completed
O001344,C00998,2026-07-05T21:01:50Z,mobile,19.23,2,completed
O001345,C00739,2026-07-28T05:01:20Z,web,469.21,2,completed
O001346,C01166,2026-07-06T15:14:43Z,store,476.67,5,completed
O001347,C01156,2026-07-02T03:59:31Z,store,123.92,3,completed
O001348,C00286,2026-07-15T18:09:36Z,web,175.33,3,completed
O001349,C01037,2026-07-09T23:26:24Z,web,406.15,5,completed
O001350,C01000,2026-07-03T10:00:31Z,mobile,308.61,5,completed
O001351,C00244,2026-07-05T06:35:02Z,store,256.17,4,completed
O001352,C00014,2026-07-04T18:41:07Z,web,254.09,5,completed
O001353,C00011,2026-07-12T22:15:21Z,web,258.55,5,completed
O001354,C00213,2026-07-21T22:00:14Z,partner,86.66,4,completed
O001355,C00143,2026-07-13T16:18:52Z,store,227.42,2,completed
O001356,C00145,2026-07-01T07:36:06Z,store,56.58,1,completed
O001357,C00216,2026-07-30T21:18:15Z,mobile,375.64,2,completed
O001358,C01117,2026-07-12T15:26:15Z,store,291.57,6,completed
O001359,C00176,2026-07-30T01:32:19Z,mobile,388.48,1,completed
O001360,C01004,2026-07-26T20:12:07Z,store,436.88,5,completed
O001361,C00496,2026-07-02T17:51:59Z,mobile,238.65,4,completed
O001362,C00817,2026-07-29T21:40:46Z,web,456.46,1,completed
O001363,C00540,2026-07-23T03:32:56Z,partner,33.99,4,completed
O001364,C00990,2026-07-23T03:27:35Z,mobile,18.98,6,completed
O001365,C00921,2026-07-20T06:18:02Z,mobile,63.51,5,completed
O001366,C01181,2026-07-11T15:09:04Z,partner,243.93,4,completed
O001367,C00709,2026-07-26T10:08:57Z,mobile,409.70,4,completed
O001368,C01167,2026-07-15T19:30:10Z,mobile,246.66,4,completed
O001369,C00058,2026-07-17T11:33:17Z,web,478.47,1,completed
O001370,C00347,2026-07-17T05:42:08Z,mobile,374.67,3,completed
O001371,C00065,2026-07-08T21:29:01Z,partner,475.62,6,completed
O001372,C00079,2026-07-17T03:55:41Z,mobile,182.61,6,completed
O001373,C00217,2026-07-05T12:47:08Z,partner,161.62,4,completed
O001374,C01010,2026-07-10T19:20:57Z,web,107.31,3,completed
O001375,C01062,2026-07-23T01:17:11Z,web,47.77,1,completed
O001376,C00294,2026-07-14T16:20:48Z,web,445.23,2,completed
O001377,C00018,2026-07-01T13:14:56Z,mobile,47.69,3,completed
O001378,C00301,2026-07-09T17:32:29Z,store,187.94,5,completed
O001379,C00236,2026-07-03T15:30:27Z,mobile,323.78,4,completed
O001380,C00305,2026-07-13T21:27:24Z,partner,412.66,6,completed
O001381,C00523,2026-07-14T05:20:56Z,mobile,465.20,2,completed
O001382,C00905,2026-07-15T23:23:53Z,web,461.71,2,refunded
O001383,C00633,2026-07-28T06:47:03Z,store,13.49,5,completed
O001384,C00907,2026-07-23T07:41:37Z,store,327.14,3,completed
O001385,C01049,2026-07-30T06:12:08Z,mobile,415.06,2,refunded
O001386,C00970,2026-07-03T02:51:38Z,store,346.01,4,completed
O001387,C00617,2026-07-31T17:35:38Z,mobile,159.89,4,completed
O001388,C00456,2026-07-14T05:31:21Z,mobile,281.03,5,completed
O001389,C01070,2026-07-20T20:52:24Z,web,235.45,2,completed
O001390,C01043,2026-07-18T18:04:37Z,store,56.36,2,completed
O001391,C00961,2026-07-08T13:43:48Z,web,404.01,4,completed
O001392,C00391,2026-07-18T17:28:14Z,store,494.49,5,completed
O001393,C00194,2026-07-24T17:07:41Z,partner,328.79,1,completed
O001394,C00207,2026-07-27T23:43:58Z,mobile,436.79,5,completed
O001395,C00030,2026-07-21T02:14:15Z,web,296.66,1,completed
O001396,C00870,2026-07-18T08:27:54Z,mobile,366.77,1,completed
O001397,C00832,2026-07-27T13:29:45Z,partner,96.25,3,completed
O001398,C01187,2026-07-11T23:37:02Z,partner,21.25,1,completed
O001399,C00928,2026-07-03T07:19:09Z,store,364.97,1,completed
O001400,C00376,2026-07-17T18:32:55Z,web,85.40,2,completed
O001401,C00370,2026-07-03T01:08:33Z,mobile,227.10,3,completed
O001402,C01012,2026-07-06T15:40:21Z,store,330.06,5,completed
O001403,C01087,2026-07-07T10:28:44Z,web,245.69,3,refunded
O001404,C00351,2026-07-10T07:34:38Z,partner,5.10,4,completed
O001405,C00376,2026-07-12T22:26:15Z,partner,14.51,1,completed
O001406,C00489,2026-07-02T02:21:42Z,web,188.03,2,completed
O001407,C00511,2026-07-08T00:07:08Z,mobile,451.95,3,completed
O001408,C00174,2026-07-15T09:05:37Z,partner,125.01,3,completed
O001409,C01104,2026-07-04T05:37:51Z,mobile,377.28,2,refunded
O001410,C01187,2026-07-07T01:44:19Z,web,156.26,1,completed
O001411,C00251,2026-07-14T08:43:39Z,store,416.31,6,completed
O001412,C00812,2026-07-08T11:05:25Z,mobile,314.80,1,completed
O001413,C00399,2026-07-17T11:10:17Z,web,144.16,3,refunded
O001414,C00197,2026-07-13T20:37:48Z,partner,32.12,3,completed
O001415,C00047,2026-07-27T08:52:38Z,store,374.74,5,completed
O001416,C00210,2026-07-19T06:12:01Z,web,452.37,4,completed
O001417,C00424,2026-07-25T03:31:00Z,web,213.79,6,completed
O001418,C00159,2026-07-02T21:13:53Z,mobile,124.00,3,completed
O001419,C01002,2026-07-28T11:47:40Z,partner,293.34,1,completed
O001420,C00718,2026-07-29T22:08:38Z,partner,76.76,3,completed
O001421,C00559,2026-07-20T04:03:55Z,store,484.57,6,completed
O001422,C00013,2026-07-26T02:17:35Z,mobile,215.67,5,completed
O001423,C00966,2026-07-27T21:09:56Z,store,321.83,5,completed
O001424,C00837,2026-07-02T01:40:39Z,web,244.93,5,completed
O001425,C01081,2026-07-29T02:36:30Z,web,411.57,3,completed
O001426,C00939,2026-07-16T16:59:41Z,mobile,399.61,5,completed
O001427,C00836,2026-07-11T04:01:29Z,store,42.92,2,completed
O001428,C00624,2026-07-02T05:30:15Z,web,35.38,3,completed
O001429,C00188,2026-07-23T06:31:02Z,web,278.91,6,completed
O001430,C00640,2026-07-13T18:54:26Z,partner,474.93,1,completed
O001431,C01030,2026-07-03T05:43:22Z,web,175.91,4,completed
O001432,C00188,2026-07-05T04:19:29Z,partner,72.50,2,completed
O001433,C00210,2026-07-16T03:23:14Z,mobile,488.98,1,completed
O001434,C00378,2026-07-04T08:17:35Z,web,154.17,5,completed
O001435,C00873,2026-07-28T04:15:15Z,partner,414.98,3,completed
O001436,C00109,2026-07-11T00:11:32Z,mobile,397.41,1,completed
O001437,C01040,2026-07-11T00:01:47Z,partner,399.28,6,completed
O001438,C00236,2026-07-03T23:29:16Z,partner,75.08,2,completed
O001439,C00757,2026-07-27T08:49:57Z,mobile,130.86,4,refunded
O001440,C00483,2026-07-03T11:07:25Z,mobile,356.17,6,completed
O001441,C00162,2026-07-05T16:17:19Z,partner,131.67,2,completed
O001442,C00177,2026-07-27T06:44:33Z,mobile,106.47,1,completed
O001443,C00278,2026-07-26T05:35:39Z,store,392.78,3,refunded
O001444,C00759,2026-07-02T09:18:13Z,mobile,138.20,2,completed
O001445,C01085,2026-07-12T02:18:17Z,mobile,296.19,2,completed
O001446,C00152,2026-07-13T10:18:49Z,store,211.38,4,completed
O001447,C00858,2026-07-19T07:48:34Z,store,312.87,6,completed
O001448,C00065,2026-07-17T12:38:53Z,mobile,390.82,1,completed
O001449,C01183,2026-07-31T03:38:47Z,mobile,73.21,4,completed
O001450,C00374,2026-07-14T11:50:06Z,store,468.61,1,completed
O001451,C01149,2026-07-02T14:07:24Z,partner,47.44,6,completed
O001452,C01142,2026-07-07T22:12:47Z,store,380.69,5,completed
O001453,C00545,2026-07-13T10:16:23Z,mobile,119.66,3,completed
O001454,C00744,2026-07-10T01:39:25Z,web,226.61,5,completed
O001455,C00203,2026-07-18T04:41:15Z,web,401.56,3,completed
O001456,C01182,2026-07-29T09:03:36Z,mobile,29.04,5,completed
O001457,C00558,2026-07-01T10:53:40Z,mobile,21.38,3,completed
O001458,C00983,2026-07-25T00:33:30Z,mobile,394.64,2,completed
O001459,C01078,2026-07-12T20:13:31Z,web,231.58,4,completed
O001460,C00845,2026-07-29T03:32:07Z,web,81.09,4,completed
O001461,C00400,2026-07-11T23:57:01Z,store,235.70,3,completed
O001462,C00745,2026-07-29T06:05:49Z,store,392.07,3,completed
O001463,C01026,2026-07-17T04:55:24Z,mobile,32.15,6,completed
O001464,C01155,2026-07-23T21:46:14Z,mobile,393.27,2,completed
O001465,C00961,2026-07-15T14:51:15Z,partner,16.65,2,completed
O001466,C00941,2026-07-20T10:50:21Z,mobile,488.51,2,completed
O001467,C00470,2026-07-08T05:14:31Z,web,218.59,1,completed
O001468,C00427,2026-07-30T11:30:50Z,store,468.40,4,completed
O001469,C00638,2026-07-05T07:30:33Z,mobile,165.81,3,completed
O001470,C00205,2026-07-17T07:13:32Z,web,456.17,2,completed
O001471,C00034,2026-07-08T16:01:01Z,web,242.75,6,completed
O001472,C00411,2026-07-18T21:25:22Z,web,394.45,4,completed
O001473,C00347,2026-07-14T17:31:04Z,partner,179.47,2,completed
O001474,C00702,2026-07-06T06:45:34Z,web,322.83,1,completed
O001475,C00735,2026-07-15T03:08:49Z,store,475.32,4,completed
O001476,C00204,2026-07-22T03:27:12Z,mobile,455.04,2,completed
O001477,C00286,2026-07-18T10:21:03Z,web,43.28,1,completed
O001478,C01078,2026-07-22T19:34:35Z,mobile,347.78,6,completed
O001479,C00782,2026-07-27T05:00:29Z,web,431.43,4,completed
O001480,C00611,2026-07-17T04:40:55Z,store,162.51,4,completed
O001481,C00943,2026-07-14T07:09:24Z,partner,210.63,4,refunded
O001482,C00075,2026-07-26T09:16:45Z,web,397.96,5,completed
O001483,C00840,2026-07-24T14:17:59Z,store,295.21,4,completed
O001484,C00521,2026-07-07T13:00:21Z,store,472.24,2,completed
O001485,C01036,2026-07-09T13:53:50Z,store,121.36,2,completed
O001486,C00926,2026-07-21T02:53:28Z,mobile,168.28,3,completed
O001487,C00250,2026-07-18T13:55:40Z,web,115.03,2,completed
O001488,C00246,2026-07-30T19:24:49Z,web,217.33,2,completed
O001489,C01100,2026-07-29T04:51:06Z,partner,319.94,3,completed
O001490,C00417,2026-07-22T10:56:20Z,mobile,399.66,3,completed
O001491,C00913,2026-07-01T16:34:38Z,web,226.66,1,completed
O001492,C00962,2026-07-14T10:08:46Z,web,381.11,6,completed
O001493,C01112,2026-07-23T19:03:13Z,mobile,180.14,4,completed
O001494,C00440,2026-07-23T08:56:12Z,web,478.31,4,completed
O001495,C00472,2026-07-24T19:23:41Z,mobile,72.24,4,completed
O001496,C00458,2026-07-28T02:19:30Z,partner,329.69,6,completed
O001497,C00751,2026-07-15T10:56:25Z,partner,214.65,1,completed
O001498,C00770,2026-07-13T10:47:32Z,web,90.16,3,completed
O001499,C00315,2026-07-07T17:39:29Z,web,407.22,3,completed
O001500,C00356,2026-07-17T12:23:49Z,partner,393.94,1,completed
O001501,C00827,2026-07-25T15:33:36Z,web,478.42,4,completed
O001502,C01122,2026-07-01T17:30:26Z,mobile,332.17,3,completed
O001503,C00552,2026-07-17T09:30:27Z,partner,426.11,6,completed
O001504,C00616,2026-07-29T09:57:38Z,partner,30.36,6,completed
O001505,C00399,2026-07-03T14:11:44Z,web,411.77,4,completed
O001506,C01132,2026-07-10T22:39:22Z,mobile,291.76,5,completed
O001507,C00946,2026-07-19T13:59:33Z,web,157.85,5,completed
O001508,C00176,2026-07-31T14:26:13Z,web,363.84,6,completed
O001509,C00030,2026-07-17T21:56:51Z,partner,181.35,1,refunded
O001510,C01052,2026-07-02T03:34:26Z,store,478.49,2,completed
O001511,C01188,2026-07-10T10:10:08Z,partner,416.63,6,completed
O001512,C00359,2026-07-19T10:46:37Z,partner,24.96,3,completed
O001513,C01119,2026-07-06T05:16:35Z,web,374.90,2,completed
O001514,C00705,2026-07-29T05:05:40Z,partner,124.71,2,completed
O001515,C00025,2026-07-22T11:56:46Z,web,373.58,4,completed
O001516,C00512,2026-07-09T20:29:44Z,partner,273.01,6,refunded
O001517,C00887,2026-07-26T12:01:23Z,web,431.77,5,completed
O001518,C00892,2026-07-03T09:33:47Z,store,324.47,5,completed
O001519,C00890,2026-07-01T02:11:40Z,mobile,388.97,4,completed
O001520,C01164,2026-07-06T20:59:19Z,store,239.70,3,completed
O001521,C00900,2026-07-21T09:49:57Z,web,471.36,5,completed
O001522,C00397,2026-07-23T10:18:13Z,store,261.19,4,completed
O001523,C00909,2026-07-06T02:48:47Z,mobile,231.51,3,completed
O001524,C00997,2026-07-09T06:48:59Z,mobile,88.07,2,completed
O001525,C00958,2026-07-26T05:15:03Z,mobile,240.82,1,completed
O001526,C00559,2026-07-19T22:46:15Z,store,5.94,2,completed
O001527,C00587,2026-07-31T20:04:20Z,store,427.40,3,completed
O001528,C01150,2026-07-28T08:31:40Z,store,249.62,2,completed
O001529,C01032,2026-07-22T22:17:24Z,partner,16.04,4,completed
O001530,C00984,2026-07-20T04:48:12Z,web,188.39,2,completed
O001531,C00374,2026-07-10T19:32:43Z,store,141.22,5,completed
O001532,C00077,2026-07-20T14:18:27Z,mobile,361.59,1,completed
O001533,C00990,2026-07-21T22:16:02Z,store,496.78,4,completed
O001534,C00887,2026-07-15T05:33:54Z,partner,463.49,1,completed
O001535,C00717,2026-07-27T09:17:11Z,store,406.87,6,completed
O001536,C00934,2026-07-31T09:02:18Z,web,278.97,3,refunded
O001537,C01103,2026-07-22T16:47:43Z,mobile,434.83,6,completed
O001538,C00394,2026-07-28T13:10:42Z,mobile,329.24,5,completed
O001539,C00252,2026-07-22T21:14:13Z,web,281.55,6,completed
O001540,C00556,2026-07-10T11:11:05Z,mobile,49.26,1,completed
O001541,C00964,2026-07-26T07:20:39Z,partner,208.95,3,completed
O001542,C00566,2026-07-10T01:31:52Z,web,259.02,6,completed
O001543,C01085,2026-07-30T01:16:52Z,store,452.76,5,refunded
O001544,C00661,2026-07-13T05:07:04Z,web,255.05,1,completed
O001545,C00723,2026-07-25T11:02:42Z,partner,44.49,2,completed
O001546,C00573,2026-07-06T04:30:58Z,mobile,192.52,2,completed
O001547,C01175,2026-07-10T13:01:00Z,store,358.96,4,completed
O001548,C00249,2026-07-13T11:19:04Z,store,27.23,4,completed
O001549,C00226,2026-07-06T00:45:00Z,mobile,380.42,4,completed
O001550,C01110,2026-07-03T18:57:13Z,mobile,207.03,5,completed
O001551,C00721,2026-07-01T04:49:12Z,web,377.58,5,completed
O001552,C00564,2026-07-27T21:03:22Z,mobile,371.02,1,completed
O001553,C00264,2026-07-27T03:55:58Z,web,137.62,5,completed
O001554,C00292,2026-07-18T11:38:00Z,partner,208.87,3,completed
O001555,C01172,2026-07-27T21:59:36Z,web,58.12,4,completed
O001556,C00565,2026-07-06T03:11:06Z,partner,35.82,6,completed
O001557,C00145,2026-07-19T15:00:25Z,partner,35.28,4,completed
O001558,C00902,2026-07-24T15:56:34Z,store,58.11,4,completed
O001559,C00555,2026-07-26T21:23:11Z,mobile,413.26,3,completed
O001560,C00509,2026-07-02T12:09:10Z,store,19.32,6,completed
O001561,C00916,2026-07-18T08:09:03Z,web,241.62,2,completed
O001562,C00834,2026-07-07T11:39:25Z,mobile,76.40,1,completed
O001563,C00931,2026-07-12T08:22:50Z,partner,401.15,6,completed
O001564,C01003,2026-07-02T15:27:04Z,mobile,248.97,5,completed
O001565,C00407,2026-07-30T21:35:25Z,store,405.18,2,completed
O001566,C01163,2026-07-23T04:40:31Z,web,432.40,5,completed
O001567,C00786,2026-07-19T10:18:05Z,store,279.71,3,completed
O001568,C00316,2026-07-27T22:29:58Z,store,71.65,3,completed
O001569,C00416,2026-07-27T07:45:29Z,web,177.74,3,completed
O001570,C00698,2026-07-06T23:33:36Z,partner,256.87,2,completed
O001571,C01091,2026-07-29T09:31:27Z,partner,383.05,4,completed
O001572,C00623,2026-07-10T12:22:14Z,mobile,141.83,6,refunded
O001573,C00329,2026-07-31T17:28:25Z,mobile,203.97,4,completed
O001574,C00220,2026-07-22T09:55:52Z,store,139.14,5,refunded
O001575,C00566,2026-07-23T00:18:46Z,partner,168.49,4,completed
O001576,C00287,2026-07-29T21:28:44Z,web,283.84,2,completed
O001577,C00142,2026-07-02T13:08:39Z,web,9.98,6,completed
O001578,C01198,2026-07-19T07:36:52Z,partner,167.52,4,completed
O001579,C00439,2026-07-11T04:58:06Z,web,377.77,1,completed
O001580,C00366,2026-07-23T10:58:16Z,partner,189.68,3,completed
O001581,C00799,2026-07-03T23:39:10Z,partner,418.54,2,completed
O001582,C00637,2026-07-19T15:14:53Z,partner,323.45,3,completed
O001583,C00157,2026-07-24T18:45:49Z,web,50.80,3,completed
O001584,C00448,2026-07-12T01:24:59Z,partner,344.20,5,completed
O001585,C01009,2026-07-29T23:24:07Z,web,210.79,2,completed
O001586,C00652,2026-07-31T01:10:38Z,store,341.56,5,completed
O001587,C00804,2026-07-20T03:23:40Z,store,78.35,1,completed
O001588,C00917,2026-07-28T00:26:14Z,store,15.00,5,completed
O001589,C00893,2026-07-13T13:35:14Z,store,19.62,1,completed
O001590,C01125,2026-07-27T02:01:52Z,store,174.85,3,completed
O001591,C00611,2026-07-26T03:33:50Z,web,416.13,2,completed
O001592,C00552,2026-07-26T09:22:09Z,partner,481.77,5,completed
O001593,C00710,2026-07-31T17:13:09Z,mobile,238.16,3,completed
O001594,C00828,2026-07-31T08:36:01Z,web,182.41,5,completed
O001595,C01183,2026-07-23T01:58:59Z,mobile,307.68,6,completed
O001596,C00644,2026-07-21T21:01:10Z,mobile,362.43,6,completed
O001597,C00838,2026-07-18T01:58:13Z,web,300.43,4,refunded
O001598,C01085,2026-07-18T09:01:07Z,web,9.79,2,completed
O001599,C01007,2026-07-09T00:04:43Z,store,77.67,2,completed
O001600,C00880,2026-07-25T00:57:15Z,mobile,116.74,2,completed
O001601,C00983,2026-07-06T11:18:01Z,partner,350.26,2,completed
O001602,C00673,2026-07-05T01:08:07Z,store,388.88,2,completed
O001603,C00152,2026-07-27T08:29:21Z,mobile,170.45,3,completed
O001604,C00593,2026-07-16T07:49:18Z,store,448.77,3,completed
O001605,C00697,2026-07-01T22:15:59Z,store,206.68,2,refunded
O001606,C01112,2026-07-05T22:33:35Z,mobile,260.48,3,completed
O001607,C00815,2026-07-12T09:52:49Z,partner,252.73,4,completed
O001608,C00993,2026-07-29T23:03:25Z,web,123.16,2,completed
O001609,C00124,2026-07-11T20:58:40Z,mobile,113.02,1,completed
O001610,C00332,2026-07-01T20:24:06Z,web,488.86,2,completed
O001611,C01006,2026-07-08T22:18:27Z,partner,97.83,4,refunded
O001612,C00056,2026-07-18T07:53:47Z,partner,470.97,5,completed
O001613,C00131,2026-07-16T00:07:41Z,mobile,182.88,2,completed
O001614,C00208,2026-07-08T10:16:59Z,mobile,214.38,6,completed
O001615,C00627,2026-07-30T13:37:09Z,web,210.42,1,completed
O001616,C01169,2026-07-01T10:12:44Z,partner,396.74,5,completed
O001617,C00056,2026-07-28T21:02:43Z,web,134.96,1,completed
O001618,C00175,2026-07-09T21:47:25Z,web,66.47,2,completed
O001619,C00230,2026-07-23T07:14:50Z,partner,153.35,6,completed
O001620,C00371,2026-07-14T07:44:40Z,partner,143.89,6,completed
O001621,C00192,2026-07-07T09:03:54Z,web,381.51,1,completed
O001622,C00019,2026-07-26T19:28:15Z,mobile,16.40,5,completed
O001623,C00079,2026-07-16T00:23:38Z,web,406.46,1,completed
O001624,C00174,2026-07-31T23:43:24Z,partner,203.75,6,completed
O001625,C00185,2026-07-25T13:00:17Z,mobile,144.46,1,completed
O001626,C00870,2026-07-01T09:38:34Z,web,355.60,1,completed
O001627,C00669,2026-07-15T01:15:21Z,web,18.96,3,completed
O001628,C00560,2026-07-30T09:59:41Z,store,318.12,4,completed
O001629,C01102,2026-07-28T03:08:54Z,store,155.22,3,completed
O001630,C00729,2026-07-07T09:30:20Z,store,416.01,5,completed
O001631,C00542,2026-07-08T01:17:01Z,store,303.91,1,completed
O001632,C00824,2026-07-18T21:58:20Z,partner,313.96,5,completed
O001633,C00328,2026-07-11T08:59:35Z,store,398.93,6,completed
O001634,C01139,2026-07-22T12:43:19Z,web,73.69,2,completed
O001635,C00309,2026-07-24T08:59:12Z,partner,213.68,2,completed
O001636,C00249,2026-07-23T21:05:28Z,partner,447.04,6,completed
O001637,C00096,2026-07-06T08:25:58Z,mobile,331.94,3,completed
O001638,C00208,2026-07-07T10:11:26Z,store,306.74,2,completed
O001639,C00602,2026-07-28T06:38:46Z,mobile,321.32,6,completed
O001640,C01134,2026-07-29T02:26:45Z,web,441.70,4,completed
O001641,C00774,2026-07-12T05:42:52Z,partner,330.76,6,completed
O001642,C00015,2026-07-07T13:49:07Z,mobile,178.11,5,completed
O001643,C00378,2026-07-27T08:21:08Z,mobile,208.90,3,completed
O001644,C00101,2026-07-15T09:00:38Z,web,244.42,3,completed
O001645,C00215,2026-07-15T10:25:43Z,mobile,262.59,3,completed
O001646,C00273,2026-07-21T14:46:28Z,web,349.44,6,completed
O001647,C01116,2026-07-14T05:02:55Z,web,286.96,4,completed
O001648,C00463,2026-07-24T05:53:34Z,store,197.13,5,refunded
O001649,C00145,2026-07-16T04:27:47Z,web,38.16,4,completed
O001650,C00925,2026-07-14T12:18:39Z,web,375.29,6,completed
O001651,C01136,2026-07-10T23:53:02Z,mobile,103.71,6,completed
O001652,C01190,2026-07-27T00:14:43Z,store,63.84,6,completed
O001653,C00560,2026-07-15T17:02:40Z,web,462.75,2,completed
O001654,C00562,2026-07-20T05:07:00Z,store,274.30,3,completed
O001655,C00318,2026-07-09T18:46:47Z,web,300.26,2,refunded
O001656,C00929,2026-07-24T03:01:14Z,partner,249.51,5,completed
O001657,C01097,2026-07-15T21:11:37Z,mobile,142.53,4,completed
O001658,C00206,2026-07-13T12:55:18Z,web,295.89,4,completed
O001659,C00578,2026-07-08T23:16:50Z,web,106.88,4,completed
O001660,C00968,2026-07-31T10:53:17Z,mobile,399.94,6,completed
O001661,C00449,2026-07-05T21:11:11Z,store,98.38,4,refunded
O001662,C01153,2026-07-26T03:19:05Z,partner,246.66,3,completed
O001663,C00368,2026-07-02T16:42:35Z,web,99.23,5,completed
O001664,C00809,2026-07-08T10:22:10Z,mobile,306.02,5,completed
O001665,C01163,2026-07-30T18:56:34Z,web,170.12,4,completed
O001666,C00104,2026-07-25T17:31:58Z,web,137.13,1,completed
O001667,C01113,2026-07-19T01:50:38Z,store,287.33,6,completed
O001668,C01073,2026-07-12T07:44:00Z,partner,456.76,1,completed
O001669,C00434,2026-07-22T04:32:27Z,mobile,272.52,5,completed
O001670,C01130,2026-07-19T05:46:17Z,partner,253.25,1,completed
O001671,C00582,2026-07-31T12:40:51Z,web,365.69,5,completed
O001672,C00581,2026-07-03T13:12:41Z,store,286.33,1,completed
O001673,C00821,2026-07-01T22:03:39Z,mobile,41.61,5,completed
O001674,C01133,2026-07-13T00:19:13Z,partner,415.72,6,completed
O001675,C00995,2026-07-16T12:59:38Z,web,148.02,6,completed
O001676,C00226,2026-07-02T19:31:01Z,store,312.17,2,completed
O001677,C00321,2026-07-26T07:24:15Z,web,265.54,6,completed
O001678,C01003,2026-07-19T07:37:11Z,web,451.05,4,completed
O001679,C00027,2026-07-14T09:13:28Z,mobile,30.26,3,completed
O001680,C00896,2026-07-25T14:21:36Z,partner,69.36,2,completed
O001681,C01098,2026-07-21T17:15:09Z,mobile,164.06,4,completed
O001682,C01024,2026-07-15T18:34:47Z,partner,369.57,4,completed
O001683,C00585,2026-07-05T23:40:47Z,mobile,315.40,5,refunded
O001684,C00478,2026-07-23T03:48:26Z,web,306.43,4,completed
O001685,C00038,2026-07-27T05:17:48Z,store,34.93,3,completed
O001686,C00702,2026-07-22T23:10:56Z,partner,236.57,2,completed
O001687,C00611,2026-07-25T17:21:51Z,web,141.58,2,completed
O001688,C01160,2026-07-27T04:47:04Z,web,57.32,6,refunded
O001689,C00115,2026-07-06T04:26:52Z,web,183.39,3,completed
O001690,C01007,2026-07-12T18:21:40Z,web,242.49,4,completed
O001691,C00002,2026-07-06T00:43:46Z,store,409.33,1,completed
O001692,C00881,2026-07-22T16:52:25Z,mobile,161.16,3,completed
O001693,C00738,2026-07-11T21:05:35Z,partner,7.09,1,completed
O001694,C00184,2026-07-01T11:49:59Z,store,333.05,1,completed
O001695,C00040,2026-07-30T18:49:44Z,store,29.44,2,completed
O001696,C00561,2026-07-16T22:01:42Z,mobile,9.99,2,refunded
O001697,C00147,2026-07-22T06:28:36Z,partner,32.25,3,completed
O001698,C01053,2026-07-06T11:35:33Z,partner,337.53,1,completed
O001699,C00262,2026-07-05T10:07:25Z,partner,457.03,4,completed
O001700,C00669,2026-07-17T10:24:12Z,store,327.56,1,completed
O001701,C01056,2026-07-06T04:21:00Z,partner,121.25,3,completed
O001702,C00030,2026-07-10T10:59:51Z,partner,95.23,5,completed
O001703,C00435,2026-07-20T06:32:58Z,web,434.28,6,completed
O001704,C01045,2026-07-07T19:57:02Z,web,399.42,5,completed
O001705,C01090,2026-07-01T13:09:56Z,partner,86.98,6,completed
O001706,C01098,2026-07-12T06:08:38Z,store,315.94,4,completed
O001707,C00682,2026-07-24T10:49:42Z,partner,75.98,2,completed
O001708,C00933,2026-07-27T14:17:37Z,web,177.00,3,completed
O001709,C00816,2026-07-25T10:27:13Z,store,454.75,5,completed
O001710,C01185,2026-07-02T09:21:12Z,partner,438.54,2,completed
O001711,C00611,2026-07-02T09:35:44Z,mobile,345.88,3,completed
O001712,C00464,2026-07-12T04:30:55Z,web,352.23,2,completed
O001713,C00825,2026-07-31T21:38:30Z,web,410.97,4,completed
O001714,C00182,2026-07-17T00:54:06Z,partner,33.82,6,completed
O001715,C00978,2026-07-20T17:19:35Z,store,191.47,3,completed
O001716,C00917,2026-07-21T23:36:44Z,mobile,211.91,1,completed
O001717,C01104,2026-07-13T09:29:44Z,web,279.52,5,completed
O001718,C00283,2026-07-07T08:18:31Z,web,254.36,4,completed
O001719,C00968,2026-07-03T14:50:04Z,partner,129.85,2,completed
O001720,C01040,2026-07-14T20:39:33Z,store,436.83,3,refunded
O001721,C00224,2026-07-13T02:52:22Z,web,206.92,6,completed
O001722,C01098,2026-07-09T22:06:01Z,store,488.77,2,refunded
O001723,C00210,2026-07-29T10:50:56Z,partner,414.72,4,completed
O001724,C00422,2026-07-18T00:21:06Z,web,175.69,4,completed
O001725,C00534,2026-07-05T03:01:40Z,web,454.84,4,completed
O001726,C00635,2026-07-19T12:35:40Z,web,446.48,4,completed
O001727,C00284,2026-07-14T03:01:19Z,mobile,48.06,6,completed
O001728,C00583,2026-07-18T23:52:17Z,web,105.68,5,completed
O001729,C00551,2026-07-21T05:23:03Z,web,177.74,6,refunded
O001730,C00996,2026-07-30T13:22:18Z,store,100.33,2,completed
O001731,C01041,2026-07-14T13:01:54Z,store,234.07,3,completed
O001732,C00258,2026-07-12T19:51:27Z,store,469.57,4,completed
O001733,C00738,2026-07-24T21:17:17Z,web,301.78,3,completed
O001734,C00589,2026-07-10T23:35:51Z,store,488.51,6,completed
O001735,C00404,2026-07-08T13:16:02Z,web,346.19,5,completed
O001736,C00923,2026-07-21T09:02:56Z,mobile,463.87,3,completed
O001737,C00480,2026-07-11T11:42:17Z,store,327.63,6,completed
O001738,C00311,2026-07-17T23:51:48Z,web,85.37,2,completed
O001739,C00800,2026-07-01T15:33:17Z,store,176.41,1,completed
O001740,C00722,2026-07-20T02:45:37Z,partner,347.86,3,completed
O001741,C00174,2026-07-27T21:19:12Z,web,141.53,6,completed
O001742,C00704,2026-07-31T02:01:47Z,partner,159.41,1,completed
O001743,C00544,2026-07-18T01:37:07Z,mobile,256.14,1,completed
O001744,C01153,2026-07-10T09:38:14Z,web,16.89,6,completed
O001745,C00703,2026-07-14T01:44:06Z,partner,395.06,1,completed
O001746,C01068,2026-07-29T10:22:05Z,store,24.06,5,completed
O001747,C00126,2026-07-23T20:01:21Z,store,99.79,1,completed
O001748,C00820,2026-07-16T20:06:04Z,mobile,376.30,3,completed
O001749,C01123,2026-07-06T10:14:37Z,store,235.09,5,completed
O001750,C00366,2026-07-19T01:35:15Z,store,389.92,6,completed
O001751,C00989,2026-07-18T14:10:40Z,store,418.27,4,completed
O001752,C00271,2026-07-04T18:51:20Z,mobile,6.53,4,completed
O001753,C00923,2026-07-26T10:20:38Z,web,230.64,2,completed
O001754,C00656,2026-07-16T03:50:08Z,store,35.07,6,completed
O001755,C00147,2026-07-23T12:28:47Z,mobile,285.86,4,completed
O001756,C00358,2026-07-15T12:46:26Z,partner,295.10,4,completed
O001757,C00893,2026-07-26T16:48:23Z,mobile,63.16,6,completed
O001758,C00719,2026-07-08T04:05:05Z,partner,406.07,2,completed
O001759,C00295,2026-07-06T04:04:50Z,store,342.07,4,completed
O001760,C00186,2026-07-21T14:29:47Z,partner,148.28,6,completed
O001761,C00566,2026-07-26T19:56:25Z,partner,351.23,6,completed
O001762,C00052,2026-07-17T01:52:36Z,web,494.04,6,completed
O001763,C00261,2026-07-22T05:33:22Z,store,364.79,2,completed
O001764,C00732,2026-07-02T11:28:55Z,web,235.84,5,refunded
O001765,C00235,2026-07-15T05:57:43Z,mobile,249.95,3,completed
O001766,C00862,2026-07-27T10:32:45Z,partner,167.95,3,completed
O001767,C00180,2026-07-17T15:14:58Z,mobile,341.65,5,completed
O001768,C01044,2026-07-24T06:07:51Z,mobile,396.41,2,completed
O001769,C00972,2026-07-29T18:35:22Z,store,165.13,5,completed
O001770,C00410,2026-07-06T08:13:10Z,partner,416.21,5,completed
O001771,C00487,2026-07-30T05:53:34Z,mobile,467.83,6,completed
O001772,C00483,2026-07-09T00:46:29Z,mobile,332.56,5,completed
O001773,C00052,2026-07-22T07:57:50Z,mobile,230.64,2,completed
O001774,C00868,2026-07-17T10:33:44Z,partner,251.64,1,completed
O001775,C00452,2026-07-26T04:34:05Z,mobile,105.38,1,completed
O001776,C00329,2026-07-07T21:44:08Z,store,198.46,1,refunded
O001777,C00462,2026-07-21T16:15:11Z,web,253.67,1,completed
O001778,C00812,2026-07-07T06:24:21Z,mobile,51.20,2,completed
O001779,C01011,2026-07-16T08:27:42Z,mobile,282.40,1,completed
O001780,C00869,2026-07-10T14:20:58Z,mobile,433.07,3,completed
O001781,C00162,2026-07-31T16:45:18Z,store,72.12,2,completed
O001782,C00517,2026-07-15T01:49:24Z,partner,194.14,3,completed
O001783,C01104,2026-07-27T15:45:22Z,partner,242.36,2,completed
O001784,C00694,2026-07-05T04:17:09Z,mobile,73.93,3,completed
O001785,C00057,2026-07-18T04:58:23Z,store,327.48,3,completed
O001786,C00087,2026-07-26T09:49:14Z,web,127.35,5,completed
O001787,C00535,2026-07-28T16:01:12Z,web,339.87,5,refunded
O001788,C00427,2026-07-05T21:00:29Z,web,260.77,3,completed
O001789,C00970,2026-07-21T08:11:04Z,store,78.02,3,completed
O001790,C00909,2026-07-18T17:46:06Z,mobile,117.25,6,completed
O001791,C00126,2026-07-16T17:27:05Z,web,9.92,3,completed
O001792,C00316,2026-07-03T13:28:53Z,store,61.11,3,completed
O001793,C01073,2026-07-19T11:17:05Z,web,126.36,2,completed
O001794,C00268,2026-07-21T17:23:23Z,web,430.27,1,completed
O001795,C01190,2026-07-19T07:25:48Z,mobile,168.49,5,refunded
O001796,C00227,2026-07-22T12:09:53Z,mobile,358.98,1,completed
O001797,C00670,2026-07-03T17:43:51Z,mobile,114.09,6,completed
O001798,C00475,2026-07-06T09:03:42Z,mobile,82.81,5,completed
O001799,C00480,2026-07-30T00:21:35Z,mobile,166.66,1,completed
O001800,C00611,2026-07-21T03:20:57Z,web,334.25,5,completed
O001801,C00283,2026-07-18T07:47:23Z,web,485.74,4,completed
O001802,C01002,2026-07-20T18:57:31Z,partner,416.98,1,completed
O001803,C00814,2026-07-31T14:29:29Z,web,330.42,2,completed
O001804,C00286,2026-07-11T01:04:58Z,mobile,306.32,3,completed
O001805,C00792,2026-07-15T05:53:47Z,partner,388.64,5,completed
O001806,C00905,2026-07-06T17:57:23Z,partner,337.80,2,completed
O001807,C01145,2026-07-14T06:37:53Z,mobile,5.51,2,refunded
O001808,C01060,2026-07-07T08:57:23Z,mobile,46.00,1,completed
O001809,C00369,2026-07-02T19:00:32Z,web,73.03,2,completed
O001810,C01119,2026-07-26T01:47:48Z,web,174.85,1,refunded
O001811,C00569,2026-07-03T11:02:27Z,web,94.82,5,completed
O001812,C00960,2026-07-05T14:54:38Z,partner,222.27,5,completed
O001813,C00243,2026-07-21T22:37:33Z,store,202.69,1,refunded
O001814,C00856,2026-07-17T12:27:19Z,web,239.53,2,completed
O001815,C00369,2026-07-05T09:06:49Z,partner,444.99,5,completed
O001816,C00384,2026-07-18T08:54:52Z,store,52.57,5,completed
O001817,C01013,2026-07-15T18:49:33Z,web,200.87,1,completed
O001818,C00921,2026-07-01T14:51:20Z,mobile,185.30,3,completed
O001819,C00712,2026-07-09T14:27:16Z,partner,164.10,1,completed
O001820,C01035,2026-07-13T16:46:56Z,mobile,203.26,4,completed
O001821,C00424,2026-07-24T05:42:50Z,store,121.06,6,completed
O001822,C00485,2026-07-10T13:29:01Z,web,278.35,6,completed
O001823,C01160,2026-07-29T04:20:11Z,mobile,466.62,6,completed
O001824,C00734,2026-07-07T13:56:34Z,mobile,93.08,6,refunded
O001825,C00497,2026-07-11T21:12:17Z,store,96.77,4,completed
O001826,C01151,2026-07-02T07:44:00Z,web,306.02,6,completed
O001827,C00364,2026-07-05T15:33:40Z,partner,5.38,6,refunded
O001828,C00133,2026-07-26T07:39:27Z,store,295.79,6,completed
O001829,C00199,2026-07-12T15:57:46Z,store,467.96,2,refunded
O001830,C00801,2026-07-23T12:07:29Z,store,416.12,6,completed
O001831,C00723,2026-07-16T16:33:34Z,mobile,83.00,2,completed
O001832,C01043,2026-07-31T21:40:08Z,mobile,26.02,5,completed
O001833,C00371,2026-07-17T01:36:00Z,mobile,6.42,5,completed
O001834,C00905,2026-07-28T00:22:14Z,web,214.28,3,completed
O001835,C00895,2026-07-01T03:20:56Z,mobile,92.75,6,completed
O001836,C00525,2026-07-31T07:33:23Z,mobile,218.45,5,completed
O001837,C00903,2026-07-12T02:31:20Z,store,214.44,3,completed
O001838,C00987,2026-07-02T04:13:40Z,mobile,285.35,2,completed
O001839,C00617,2026-07-11T05:14:54Z,mobile,366.22,4,completed
O001840,C00816,2026-07-10T20:01:47Z,web,494.87,4,completed
O001841,C00939,2026-07-28T16:49:14Z,store,114.21,4,completed
O001842,C00881,2026-07-06T07:53:18Z,mobile,431.30,4,completed
O001843,C00389,2026-07-04T11:26:35Z,mobile,333.00,1,completed
O001844,C01063,2026-07-24T22:51:21Z,partner,147.15,2,completed
O001845,C00476,2026-07-05T13:50:15Z,partner,413.95,4,completed
O001846,C00070,2026-07-18T04:22:37Z,store,386.57,5,completed
O001847,C01135,2026-07-02T03:48:14Z,partner,415.14,6,completed
O001848,C00739,2026-07-25T11:57:05Z,web,330.77,5,completed
O001849,C00547,2026-07-06T07:10:57Z,partner,387.02,1,completed
O001850,C01122,2026-07-01T18:35:14Z,mobile,148.53,6,completed
O001851,C00666,2026-07-27T15:55:41Z,mobile,338.76,1,completed
O001852,C00523,2026-07-19T05:27:05Z,mobile,19.07,1,completed
O001853,C00719,2026-07-23T13:04:41Z,web,366.21,3,completed
O001854,C00464,2026-07-21T20:25:08Z,web,469.21,4,completed
O001855,C00290,2026-07-16T19:41:55Z,web,457.17,2,completed
O001856,C00200,2026-07-12T07:08:13Z,mobile,141.43,2,completed
O001857,C00623,2026-07-27T12:24:39Z,mobile,325.03,5,refunded
O001858,C00061,2026-07-22T12:23:13Z,partner,113.65,1,completed
O001859,C00135,2026-07-09T00:37:44Z,mobile,410.27,6,completed
O001860,C00164,2026-07-22T09:34:40Z,mobile,176.65,4,refunded
O001861,C00329,2026-07-11T10:39:49Z,web,125.05,6,completed
O001862,C00598,2026-07-30T05:11:05Z,web,310.71,3,completed
O001863,C00561,2026-07-09T02:11:17Z,store,8.61,4,completed
O001864,C00007,2026-07-31T08:13:04Z,mobile,86.27,5,completed
O001865,C00015,2026-07-26T05:52:37Z,partner,336.87,4,completed
O001866,C00607,2026-07-17T00:34:21Z,store,258.67,5,completed
O001867,C00580,2026-07-25T13:48:49Z,mobile,315.15,3,completed
O001868,C00931,2026-07-30T05:56:47Z,mobile,217.82,6,completed
O001869,C00655,2026-07-19T03:00:30Z,mobile,177.23,1,completed
O001870,C00044,2026-07-31T15:51:15Z,partner,52.06,6,completed
O001871,C00853,2026-07-23T05:06:18Z,store,369.90,2,completed
O001872,C00410,2026-07-01T14:04:43Z,partner,17.32,2,completed
O001873,C00867,2026-07-13T23:52:56Z,store,82.90,5,completed
O001874,C00878,2026-07-12T02:24:09Z,mobile,205.34,5,completed
O001875,C00995,2026-07-31T00:18:17Z,partner,20.98,3,completed
O001876,C00949,2026-07-28T02:22:45Z,web,368.11,1,completed
O001877,C00293,2026-07-18T04:51:33Z,mobile,405.86,4,completed
O001878,C00313,2026-07-07T23:26:35Z,store,76.75,6,completed
O001879,C00408,2026-07-14T22:11:57Z,partner,375.89,3,completed
O001880,C01030,2026-07-15T18:05:09Z,store,121.78,1,completed
O001881,C00183,2026-07-26T15:34:17Z,store,249.69,3,completed
O001882,C00287,2026-07-27T08:33:57Z,store,479.24,3,completed
O001883,C00223,2026-07-17T04:12:20Z,mobile,11.37,3,completed
O001884,C01135,2026-07-14T01:56:13Z,partner,44.91,4,completed
O001885,C00508,2026-07-31T09:51:04Z,mobile,27.09,6,completed
O001886,C01162,2026-07-09T20:16:28Z,mobile,488.76,6,completed
O001887,C00603,2026-07-19T21:40:45Z,partner,78.24,6,completed
O001888,C00206,2026-07-20T18:29:41Z,web,312.76,2,completed
O001889,C00632,2026-07-20T05:34:42Z,mobile,237.96,6,completed
O001890,C00841,2026-07-05T22:17:31Z,partner,57.93,2,completed
O001891,C00222,2026-07-29T20:25:58Z,mobile,436.56,6,refunded
O001892,C00991,2026-07-21T12:49:39Z,web,106.05,4,completed
O001893,C00248,2026-07-28T21:58:12Z,web,207.04,3,completed
O001894,C01110,2026-07-10T16:26:20Z,mobile,267.85,6,completed
O001895,C00636,2026-07-09T01:50:29Z,partner,268.56,1,refunded
O001896,C00953,2026-07-23T20:00:48Z,web,28.13,5,completed
O001897,C00772,2026-07-26T04:48:32Z,mobile,373.04,3,completed
O001898,C00742,2026-07-13T04:18:06Z,partner,176.84,5,completed
O001899,C00477,2026-07-03T18:32:58Z,store,399.02,5,refunded
O001900,C01080,2026-07-04T20:11:29Z,partner,244.59,1,completed
O001901,C00495,2026-07-25T14:07:03Z,store,467.22,2,completed
O001902,C00105,2026-07-30T19:08:41Z,store,162.74,2,completed
O001903,C01008,2026-07-17T14:16:46Z,store,295.63,2,completed
O001904,C00165,2026-07-28T14:50:19Z,web,282.13,2,completed
O001905,C00479,2026-07-03T05:45:22Z,web,455.00,2,completed
O001906,C00527,2026-07-08T10:23:19Z,store,179.10,3,completed
O001907,C00678,2026-07-19T02:41:25Z,partner,189.91,6,completed
O001908,C00278,2026-07-21T09:28:03Z,partner,277.02,2,completed
O001909,C01050,2026-07-23T16:02:10Z,mobile,56.72,6,completed
O001910,C00477,2026-07-07T10:41:51Z,partner,406.74,6,completed
O001911,C01006,2026-07-21T15:25:03Z,store,110.80,3,completed
O001912,C00313,2026-07-11T11:49:13Z,partner,329.12,2,completed
O001913,C00421,2026-07-05T10:01:24Z,mobile,161.36,4,completed
O001914,C00886,2026-07-03T08:46:56Z,partner,396.49,2,completed
O001915,C00024,2026-07-25T12:50:55Z,partner,176.11,3,completed
O001916,C00254,2026-07-20T09:22:12Z,store,318.15,1,completed
O001917,C00680,2026-07-29T15:01:26Z,mobile,272.20,1,completed
O001918,C00150,2026-07-23T20:39:06Z,partner,273.45,4,completed
O001919,C00059,2026-07-10T20:05:33Z,store,348.75,4,completed
O001920,C00237,2026-07-14T01:40:10Z,partner,104.14,4,completed
O001921,C00426,2026-07-17T05:25:29Z,partner,66.11,1,completed
O001922,C00665,2026-07-15T21:57:11Z,mobile,302.43,2,completed
O001923,C00722,2026-07-13T06:37:40Z,store,469.18,5,completed
O001924,C00970,2026-07-01T01:21:12Z,mobile,364.00,4,completed
O001925,C00018,2026-07-04T15:41:30Z,partner,478.91,1,completed
O001926,C00752,2026-07-11T21:51:14Z,partner,318.86,1,completed
O001927,C00633,2026-07-27T18:08:46Z,store,388.19,1,completed
O001928,C01019,2026-07-19T20:17:43Z,store,65.13,3,completed
O001929,C00561,2026-07-19T20:45:12Z,store,399.49,1,refunded
O001930,C00355,2026-07-19T06:31:40Z,web,108.71,1,refunded
O001931,C00028,2026-07-23T01:46:43Z,partner,395.09,4,completed
O001932,C01152,2026-07-08T11:10:10Z,store,440.04,2,completed
O001933,C01046,2026-07-26T21:20:35Z,mobile,113.29,1,completed
O001934,C00137,2026-07-31T08:19:52Z,partner,184.64,3,completed
O001935,C00269,2026-07-11T23:52:05Z,web,134.77,5,completed
O001936,C00021,2026-07-02T22:23:24Z,store,103.21,2,completed
O001937,C00339,2026-07-06T12:43:53Z,mobile,478.28,4,completed
O001938,C00884,2026-07-01T09:11:13Z,store,198.97,1,completed
O001939,C00731,2026-07-12T04:10:37Z,store,377.69,1,completed
O001940,C00486,2026-07-04T06:24:17Z,web,464.55,6,completed
O001941,C00161,2026-07-15T06:18:40Z,mobile,470.10,5,completed
O001942,C00601,2026-07-08T09:52:50Z,partner,301.15,2,completed
O001943,C01075,2026-07-16T21:00:17Z,partner,63.82,2,refunded
O001944,C00779,2026-07-04T08:40:05Z,web,368.56,5,completed
O001945,C01024,2026-07-14T09:10:48Z,partner,318.82,5,completed
O001946,C01008,2026-07-07T07:01:43Z,store,276.64,3,completed
O001947,C00216,2026-07-23T20:28:44Z,web,403.08,5,completed
O001948,C00756,2026-07-25T20:15:16Z,store,219.10,6,completed
O001949,C00319,2026-07-04T15:28:15Z,partner,342.88,3,completed
O001950,C00035,2026-07-26T14:31:30Z,mobile,5.54,1,completed
O001951,C00654,2026-07-01T13:04:50Z,partner,339.89,6,completed
O001952,C00959,2026-07-16T06:51:37Z,store,480.96,1,completed
O001953,C00064,2026-07-02T20:41:04Z,partner,347.31,2,completed
O001954,C00825,2026-07-06T02:22:16Z,mobile,290.13,2,completed
O001955,C00592,2026-07-20T04:18:23Z,partner,151.94,3,completed
O001956,C00821,2026-07-28T01:22:40Z,web,349.34,5,completed
O001957,C00221,2026-07-02T04:19:37Z,web,85.78,4,completed
O001958,C00804,2026-07-09T04:20:22Z,store,228.55,1,completed
O001959,C00001,2026-07-05T16:14:42Z,web,484.19,3,completed
O001960,C00106,2026-07-17T13:50:53Z,partner,146.34,1,completed
O001961,C00414,2026-07-15T19:36:10Z,store,442.37,4,completed
O001962,C00028,2026-07-22T20:51:47Z,mobile,279.32,1,completed
O001963,C00309,2026-07-16T01:25:32Z,web,15.22,5,completed
O001964,C00962,2026-07-12T02:44:43Z,store,436.73,3,completed
O001965,C00426,2026-07-02T03:41:53Z,partner,362.83,6,completed
O001966,C01193,2026-07-17T16:19:40Z,store,79.31,3,completed
O001967,C00043,2026-07-28T04:38:36Z,store,29.77,1,completed
O001968,C00190,2026-07-19T17:39:05Z,partner,389.80,4,completed
O001969,C00755,2026-07-28T01:18:44Z,mobile,66.18,3,completed
O001970,C00977,2026-07-17T09:56:42Z,mobile,60.69,2,completed
O001971,C01176,2026-07-18T08:28:39Z,web,395.29,5,completed
O001972,C00082,2026-07-15T05:18:33Z,web,356.94,2,completed
O001973,C00233,2026-07-12T18:38:18Z,mobile,196.81,4,completed
O001974,C00730,2026-07-05T17:38:43Z,web,295.02,5,completed
O001975,C01005,2026-07-20T00:23:46Z,mobile,140.04,1,refunded
O001976,C00457,2026-07-21T01:56:54Z,store,20.81,2,completed
O001977,C00902,2026-07-04T12:38:00Z,web,128.08,3,completed
O001978,C00238,2026-07-22T17:50:43Z,partner,303.32,3,completed
O001979,C00377,2026-07-30T16:46:03Z,mobile,326.67,2,completed
O001980,C00192,2026-07-26T14:30:47Z,web,20.96,1,completed
O001981,C00724,2026-07-15T10:48:48Z,partner,400.27,4,completed
O001982,C01017,2026-07-22T13:11:13Z,mobile,163.71,6,completed
O001983,C00953,2026-07-13T23:27:57Z,store,407.38,5,completed
O001984,C00284,2026-07-10T08:50:08Z,partner,267.86,3,completed
O001985,C00293,2026-07-19T13:29:55Z,partner,276.89,6,completed
O001986,C00863,2026-07-02T23:58:27Z,partner,116.95,2,completed
O001987,C00129,2026-07-01T03:59:19Z,store,237.35,2,completed
O001988,C00824,2026-07-21T08:28:19Z,mobile,319.46,1,completed
O001989,C00645,2026-07-14T23:54:22Z,store,455.72,3,completed
O001990,C00601,2026-07-23T18:29:46Z,store,426.06,2,completed
O001991,C00368,2026-07-11T10:34:56Z,partner,451.64,5,completed
O001992,C00167,2026-07-03T08:03:07Z,store,215.57,2,completed
O001993,C00942,2026-07-27T20:45:13Z,partner,257.56,3,completed
O001994,C01018,2026-07-18T09:02:53Z,web,272.67,1,completed
O001995,C00300,2026-07-28T12:26:12Z,web,259.20,5,completed
O001996,C00106,2026-07-10T11:25:05Z,store,221.79,2,completed
O001997,C00613,2026-07-16T23:27:15Z,web,434.80,2,refunded
O001998,C00268,2026-07-20T15:16:18Z,mobile,188.90,1,completed
O001999,C00325,2026-07-31T09:58:04Z,web,327.31,6,completed
O002000,C00072,2026-07-21T14:36:30Z,store,125.08,2,completed
O002001,C00045,2026-07-06T11:57:29Z,partner,330.99,5,completed
O002002,C00297,2026-07-04T12:38:47Z,web,186.91,5,completed
O002003,C00186,2026-07-28T14:14:37Z,store,217.89,4,completed
O002004,C00465,2026-07-11T20:22:43Z,partner,327.90,2,completed
O002005,C00025,2026-07-02T20:26:17Z,web,248.64,4,completed
O002006,C01026,2026-07-06T07:22:56Z,web,498.70,1,completed
O002007,C00972,2026-07-06T06:57:26Z,web,205.70,4,completed
O002008,C00756,2026-07-03T21:42:38Z,mobile,448.69,4,completed
O002009,C00378,2026-07-06T06:24:42Z,web,411.16,3,completed
O002010,C00611,2026-07-30T12:38:16Z,store,229.77,5,completed
O002011,C00329,2026-07-30T14:52:54Z,mobile,249.54,2,completed
O002012,C00385,2026-07-29T07:45:34Z,mobile,392.63,2,completed
O002013,C01139,2026-07-18T10:23:20Z,mobile,245.43,4,completed
O002014,C00438,2026-07-16T14:31:29Z,store,48.03,1,completed
O002015,C00580,2026-07-11T06:52:08Z,partner,350.10,5,completed
O002016,C00738,2026-07-01T04:36:18Z,mobile,324.17,5,completed
O002017,C00671,2026-07-13T17:59:01Z,partner,324.99,5,completed
O002018,C00244,2026-07-15T15:12:34Z,partner,434.63,6,completed
O002019,C01020,2026-07-09T03:52:15Z,mobile,36.21,1,completed
O002020,C00098,2026-07-30T13:18:03Z,partner,10.75,6,completed
O002021,C00240,2026-07-31T00:07:31Z,mobile,100.49,2,refunded
O002022,C00843,2026-07-05T03:24:44Z,web,454.69,2,completed
O002023,C00458,2026-07-07T17:05:20Z,store,423.07,6,completed
O002024,C00091,2026-07-01T21:50:47Z,partner,251.57,6,completed
O002025,C00034,2026-07-16T00:25:18Z,mobile,51.74,6,completed
O002026,C00385,2026-07-06T11:32:07Z,web,302.61,4,completed
O002027,C00601,2026-07-04T18:27:42Z,web,447.59,6,completed
O002028,C00559,2026-07-03T23:45:43Z,store,26.53,1,completed
O002029,C00696,2026-07-22T00:02:43Z,store,128.09,1,refunded
O002030,C00244,2026-07-22T19:12:52Z,store,413.48,2,completed
O002031,C00524,2026-07-26T11:20:33Z,mobile,253.92,2,completed
O002032,C00576,2026-07-02T00:58:12Z,mobile,98.39,5,completed
O002033,C00420,2026-07-31T22:14:00Z,partner,464.28,1,completed
O002034,C00716,2026-07-12T08:59:25Z,web,194.29,3,completed
O002035,C00616,2026-07-18T14:17:41Z,store,402.60,5,completed
O002036,C00760,2026-07-25T23:13:07Z,store,260.71,1,completed
O002037,C01165,2026-07-28T08:07:04Z,partner,284.53,6,completed
O002038,C00294,2026-07-20T09:36:52Z,partner,480.28,6,refunded
O002039,C00088,2026-07-04T01:25:55Z,store,339.11,2,completed
O002040,C00493,2026-07-03T05:17:03Z,partner,214.14,5,completed
O002041,C00639,2026-07-13T15:59:57Z,partner,252.60,4,refunded
O002042,C00564,2026-07-10T10:35:42Z,mobile,427.69,4,completed
O002043,C00002,2026-07-05T03:12:08Z,mobile,487.32,1,completed
O002044,C00790,2026-07-30T22:26:22Z,store,449.22,6,completed
O002045,C00198,2026-07-10T13:55:13Z,web,148.49,2,completed
O002046,C01175,2026-07-05T02:03:13Z,store,262.96,5,completed
O002047,C00903,2026-07-23T11:37:36Z,store,313.82,2,completed
O002048,C00316,2026-07-18T02:59:45Z,mobile,494.30,4,completed
O002049,C00864,2026-07-03T06:05:56Z,partner,268.63,6,completed
O002050,C00117,2026-07-27T18:49:20Z,partner,293.11,1,completed
O002051,C00930,2026-07-26T09:58:11Z,mobile,301.57,3,completed
O002052,C00808,2026-07-25T11:41:24Z,web,201.58,2,completed
O002053,C00646,2026-07-20T14:46:51Z,partner,199.51,1,completed
O002054,C00596,2026-07-04T04:27:18Z,partner,193.61,5,completed
O002055,C00928,2026-07-01T15:51:14Z,store,495.19,1,completed
O002056,C00335,2026-07-11T21:16:22Z,mobile,460.74,1,completed
O002057,C00501,2026-07-22T01:59:52Z,partner,458.60,5,completed
O002058,C00952,2026-07-26T10:26:14Z,partner,75.22,6,completed
O002059,C00329,2026-07-15T13:28:08Z,partner,453.32,2,completed
O002060,C00785,2026-07-09T08:46:13Z,web,155.25,2,completed
O002061,C00137,2026-07-07T16:20:59Z,partner,278.28,3,completed
O002062,C00385,2026-07-09T16:14:11Z,web,92.76,6,completed
O002063,C00469,2026-07-03T13:20:49Z,store,333.22,2,completed
O002064,C00555,2026-07-19T04:16:19Z,mobile,145.57,4,completed
O002065,C00838,2026-07-08T19:07:20Z,store,253.69,6,completed
O002066,C00240,2026-07-23T06:47:03Z,store,188.80,6,completed
O002067,C00156,2026-07-30T01:58:47Z,partner,429.44,5,completed
O002068,C00485,2026-07-01T03:12:43Z,web,109.16,5,completed
O002069,C00517,2026-07-31T11:12:23Z,mobile,205.58,6,completed
O002070,C00599,2026-07-13T21:49:41Z,store,378.04,3,refunded
O002071,C00926,2026-07-13T23:30:06Z,store,59.51,5,completed
O002072,C00873,2026-07-30T17:23:06Z,store,285.95,6,completed
O002073,C00757,2026-07-29T20:02:27Z,web,354.82,5,completed
O002074,C00071,2026-07-22T23:07:32Z,web,133.86,2,completed
O002075,C01100,2026-07-29T19:54:24Z,store,237.48,3,completed
O002076,C00682,2026-07-31T10:12:04Z,partner,428.07,1,completed
O002077,C00774,2026-07-21T01:26:18Z,web,215.58,1,completed
O002078,C00890,2026-07-18T13:09:57Z,partner,117.61,2,completed
O002079,C01102,2026-07-05T00:48:55Z,partner,196.51,3,completed
O002080,C01023,2026-07-01T19:22:49Z,mobile,457.24,1,completed
O002081,C00905,2026-07-25T07:29:35Z,partner,21.70,1,refunded
O002082,C00062,2026-07-20T19:30:40Z,mobile,168.97,1,refunded
O002083,C00735,2026-07-28T14:12:00Z,store,473.33,6,refunded
O002084,C01031,2026-07-02T06:54:55Z,partner,271.95,2,completed
O002085,C00689,2026-07-15T14:42:40Z,web,391.31,5,completed
O002086,C00387,2026-07-13T12:44:51Z,mobile,159.18,3,completed
O002087,C00362,2026-07-21T10:01:12Z,store,23.94,6,completed
O002088,C01042,2026-07-21T07:17:09Z,store,141.24,6,completed
O002089,C00713,2026-07-07T01:36:19Z,store,242.79,1,completed
O002090,C00957,2026-07-25T14:33:57Z,store,304.65,5,completed
O002091,C00710,2026-07-13T16:40:03Z,partner,450.65,2,completed
O002092,C00528,2026-07-15T09:17:25Z,store,395.12,3,completed
O002093,C00706,2026-07-27T09:26:08Z,store,339.00,2,completed
O002094,C00708,2026-07-14T10:47:42Z,store,221.65,6,completed
O002095,C00595,2026-07-06T00:33:49Z,web,457.17,2,completed
O002096,C01064,2026-07-23T12:20:32Z,partner,493.54,4,completed
O002097,C00760,2026-07-18T11:14:15Z,partner,8.62,6,completed
O002098,C01169,2026-07-07T01:09:35Z,mobile,263.66,4,completed
O002099,C01071,2026-07-18T20:42:00Z,mobile,33.58,6,completed
O002100,C00416,2026-07-16T07:05:27Z,partner,444.29,6,completed
O002101,C00092,2026-07-08T13:42:02Z,web,298.91,1,completed
O002102,C01070,2026-07-31T12:36:37Z,web,8.00,6,completed
O002103,C00876,2026-07-27T11:16:13Z,web,72.72,3,completed
O002104,C01009,2026-07-02T01:07:11Z,partner,359.53,4,completed
O002105,C01014,2026-07-19T09:24:43Z,store,87.71,5,completed
O002106,C00335,2026-07-14T21:47:05Z,web,338.67,1,refunded
O002107,C00566,2026-07-19T19:20:06Z,mobile,467.60,2,completed
O002108,C00244,2026-07-21T20:13:59Z,web,396.31,3,completed
O002109,C00335,2026-07-29T08:42:47Z,web,489.42,5,completed
O002110,C00396,2026-07-31T10:38:02Z,store,375.20,6,completed
O002111,C00604,2026-07-17T18:00:47Z,partner,400.72,6,completed
O002112,C00379,2026-07-27T21:07:45Z,web,333.27,2,completed
O002113,C01009,2026-07-20T09:14:31Z,partner,336.37,3,completed
O002114,C00805,2026-07-20T09:45:30Z,mobile,121.51,6,completed
O002115,C00729,2026-07-01T00:02:48Z,partner,44.54,1,completed
O002116,C00362,2026-07-17T20:25:16Z,partner,495.77,2,completed
O002117,C00969,2026-07-14T09:08:33Z,web,409.90,4,completed
O002118,C00054,2026-07-01T00:36:07Z,store,432.88,5,completed
O002119,C01042,2026-07-27T01:56:34Z,web,299.36,3,completed
O002120,C00155,2026-07-29T05:26:55Z,web,417.08,4,completed
O002121,C01153,2026-07-25T23:49:53Z,store,17.28,3,completed
O002122,C00875,2026-07-11T01:23:33Z,mobile,332.16,6,completed
O002123,C00859,2026-07-29T11:59:28Z,mobile,21.27,3,completed
O002124,C00264,2026-07-10T05:14:53Z,mobile,176.22,4,completed
O002125,C00175,2026-07-10T03:45:11Z,store,257.63,2,completed
O002126,C00501,2026-07-06T08:00:34Z,web,32.99,1,completed
O002127,C00645,2026-07-02T05:54:33Z,store,466.14,5,completed
O002128,C01030,2026-07-08T02:10:29Z,mobile,108.01,5,completed
O002129,C00981,2026-07-19T17:37:48Z,partner,109.87,5,completed
O002130,C00817,2026-07-06T04:54:13Z,store,404.77,1,completed
O002131,C01162,2026-07-02T11:06:48Z,web,459.13,1,completed
O002132,C00788,2026-07-05T13:48:50Z,mobile,455.19,6,completed
O002133,C00323,2026-07-31T06:05:39Z,store,222.71,4,completed
O002134,C00111,2026-07-12T19:00:12Z,web,355.44,5,completed
O002135,C00436,2026-07-19T02:55:09Z,web,192.19,6,completed
O002136,C01136,2026-07-16T10:35:46Z,mobile,182.27,6,completed
O002137,C00996,2026-07-09T14:07:04Z,web,266.76,6,completed
O002138,C00129,2026-07-13T22:44:14Z,mobile,192.09,4,completed
O002139,C01016,2026-07-23T10:07:24Z,web,447.06,1,refunded
O002140,C00704,2026-07-18T19:15:41Z,mobile,102.41,5,completed
O002141,C00663,2026-07-14T00:59:11Z,web,301.18,6,completed
O002142,C00302,2026-07-28T10:34:36Z,mobile,365.12,3,completed
O002143,C01107,2026-07-14T07:57:16Z,mobile,29.11,5,refunded
O002144,C00546,2026-07-24T14:42:45Z,store,325.10,3,completed
O002145,C00981,2026-07-17T08:42:04Z,mobile,13.18,4,completed
O002146,C00982,2026-07-27T23:26:34Z,mobile,129.65,2,completed
O002147,C00538,2026-07-13T06:04:32Z,web,252.35,3,completed
O002148,C00086,2026-07-29T13:46:50Z,mobile,185.64,4,completed
O002149,C00244,2026-07-02T07:35:16Z,web,8.98,2,completed
O002150,C00196,2026-07-03T04:17:08Z,store,122.27,3,completed
O002151,C00272,2026-07-04T15:27:34Z,mobile,69.39,3,completed
O002152,C00596,2026-07-21T07:35:36Z,mobile,452.41,6,refunded
O002153,C00938,2026-07-29T13:01:49Z,store,58.54,3,completed
O002154,C00705,2026-07-08T23:23:38Z,partner,172.55,6,refunded
O002155,C00204,2026-07-17T19:43:24Z,partner,28.44,4,completed
O002156,C00938,2026-07-10T19:07:56Z,store,348.42,3,completed
O002157,C00913,2026-07-08T10:03:01Z,web,269.22,2,completed
O002158,C00210,2026-07-23T04:31:31Z,store,463.74,2,completed
O002159,C00819,2026-07-05T15:22:38Z,store,495.56,5,completed
O002160,C00661,2026-07-19T16:19:51Z,partner,416.61,6,completed
O002161,C00693,2026-07-05T00:25:01Z,mobile,318.95,3,completed
O002162,C00566,2026-07-01T08:21:43Z,store,345.96,1,completed
O002163,C00095,2026-07-16T19:29:35Z,web,393.71,4,completed
O002164,C00293,2026-07-03T19:01:59Z,web,308.98,6,completed
O002165,C00027,2026-07-20T11:04:20Z,web,125.63,2,completed
O002166,C00254,2026-07-06T18:43:19Z,store,438.48,5,completed
O002167,C00543,2026-07-04T20:41:11Z,partner,226.91,6,completed
O002168,C00253,2026-07-04T16:06:41Z,partner,265.78,5,completed
O002169,C01003,2026-07-20T19:38:43Z,mobile,431.31,5,completed
O002170,C00940,2026-07-03T01:17:09Z,mobile,407.35,4,completed
O002171,C00424,2026-07-10T17:01:14Z,mobile,131.75,2,completed
O002172,C00830,2026-07-18T00:20:16Z,partner,230.14,6,completed
O002173,C00929,2026-07-09T10:18:08Z,mobile,56.84,4,completed
O002174,C00893,2026-07-12T09:01:01Z,mobile,470.92,4,completed
O002175,C00937,2026-07-29T16:50:09Z,web,390.27,1,completed
O002176,C01072,2026-07-23T12:08:37Z,store,354.68,6,refunded
O002177,C00643,2026-07-25T23:11:43Z,mobile,370.00,4,completed
O002178,C00448,2026-07-10T02:03:54Z,partner,171.20,4,completed
O002179,C00022,2026-07-20T11:31:41Z,partner,413.36,6,completed
O002180,C01032,2026-07-17T14:08:38Z,web,252.64,2,completed
O002181,C00175,2026-07-26T23:09:48Z,web,446.14,3,completed
O002182,C00547,2026-07-26T06:14:14Z,store,12.67,6,completed
O002183,C01138,2026-07-20T07:19:25Z,partner,69.95,6,completed
O002184,C00740,2026-07-01T05:51:58Z,partner,187.42,3,completed
O002185,C00400,2026-07-13T11:30:19Z,store,48.05,5,completed
O002186,C00609,2026-07-08T18:32:29Z,partner,89.80,5,completed
O002187,C00946,2026-07-28T09:12:11Z,store,224.27,6,completed
O002188,C00335,2026-07-05T05:44:14Z,web,218.96,1,completed
O002189,C00524,2026-07-13T17:24:12Z,web,492.32,4,completed
O002190,C00237,2026-07-04T15:45:53Z,web,399.67,6,completed
O002191,C00467,2026-07-06T06:47:21Z,store,451.07,1,completed
O002192,C00308,2026-07-17T14:38:13Z,web,280.37,4,completed
O002193,C00277,2026-07-22T15:47:06Z,web,295.60,2,completed
O002194,C00092,2026-07-01T17:18:58Z,store,15.49,6,completed
O002195,C00374,2026-07-07T08:41:44Z,store,246.33,1,completed
O002196,C00328,2026-07-01T14:06:40Z,partner,17.63,3,completed
O002197,C00094,2026-07-21T04:17:52Z,store,396.05,1,completed
O002198,C00097,2026-07-15T02:59:25Z,partner,150.14,5,completed
O002199,C00534,2026-07-15T17:42:21Z,store,69.06,6,completed
O002200,C01001,2026-07-14T10:02:49Z,partner,11.38,2,completed
O002201,C00197,2026-07-30T00:54:59Z,web,195.70,3,completed
O002202,C00988,2026-07-20T00:35:23Z,web,400.73,4,completed
O002203,C00675,2026-07-01T15:33:28Z,store,444.47,1,completed
O002204,C00093,2026-07-07T04:20:35Z,mobile,59.42,1,completed
O002205,C01005,2026-07-02T13:47:17Z,web,78.49,3,completed
O002206,C00842,2026-07-07T07:03:57Z,store,69.61,2,completed
O002207,C01051,2026-07-13T07:07:40Z,store,483.87,2,completed
O002208,C00459,2026-07-03T22:57:24Z,partner,432.03,1,completed
O002209,C00150,2026-07-04T16:03:07Z,web,204.44,3,completed
O002210,C00063,2026-07-29T23:06:18Z,partner,188.66,3,completed
O002211,C00481,2026-07-04T16:06:16Z,partner,52.80,1,completed
O002212,C00554,2026-07-20T08:29:28Z,mobile,159.74,2,completed
O002213,C00852,2026-07-30T21:23:40Z,partner,195.38,5,completed
O002214,C00958,2026-07-27T15:49:34Z,store,435.44,5,completed
O002215,C00190,2026-07-15T05:37:13Z,web,401.18,2,completed
O002216,C00054,2026-07-22T08:19:32Z,web,52.45,5,completed
O002217,C01023,2026-07-30T14:51:05Z,mobile,40.39,4,completed
O002218,C00874,2026-07-08T12:18:13Z,store,128.08,2,completed
O002219,C00947,2026-07-28T07:31:08Z,web,134.95,1,completed
O002220,C00600,2026-07-27T21:46:19Z,store,42.92,3,completed
O002221,C00428,2026-07-01T00:44:41Z,store,382.44,1,completed
O002222,C01063,2026-07-12T00:35:03Z,store,252.38,4,completed
O002223,C01104,2026-07-25T23:06:51Z,partner,92.04,2,refunded
O002224,C00097,2026-07-11T08:52:44Z,mobile,76.71,3,completed
O002225,C00184,2026-07-01T07:31:57Z,web,442.80,5,completed
O002226,C00386,2026-07-29T20:57:59Z,mobile,409.80,4,completed
O002227,C01180,2026-07-27T07:54:58Z,store,428.03,3,completed
O002228,C00441,2026-07-19T08:55:09Z,web,207.32,3,completed
O002229,C00317,2026-07-28T15:55:52Z,web,342.92,3,completed
O002230,C00022,2026-07-07T14:08:58Z,store,144.09,4,completed
O002231,C00029,2026-07-31T03:49:58Z,store,463.27,2,completed
O002232,C00885,2026-07-26T06:52:30Z,web,435.31,5,refunded
O002233,C00924,2026-07-20T10:50:13Z,web,181.13,2,completed
O002234,C00849,2026-07-02T16:29:12Z,store,211.10,5,completed
O002235,C00341,2026-07-22T09:57:49Z,web,213.59,3,completed
O002236,C00476,2026-07-03T13:50:07Z,store,363.25,3,completed
O002237,C00948,2026-07-27T18:48:16Z,mobile,471.31,1,completed
O002238,C00122,2026-07-15T12:09:41Z,partner,106.67,6,completed
O002239,C00394,2026-07-19T04:12:37Z,store,256.02,4,completed
O002240,C00524,2026-07-22T03:13:53Z,web,499.65,4,completed
O002241,C01155,2026-07-14T06:43:07Z,store,231.99,3,completed
O002242,C01077,2026-07-25T00:34:31Z,store,52.40,6,completed
O002243,C00766,2026-07-20T07:09:11Z,web,377.02,1,completed
O002244,C00659,2026-07-28T18:17:19Z,web,338.63,4,completed
O002245,C00431,2026-07-13T07:37:14Z,partner,252.17,5,completed
O002246,C01001,2026-07-27T06:01:26Z,web,394.56,2,refunded
O002247,C00741,2026-07-06T18:01:07Z,web,350.26,6,completed
O002248,C00715,2026-07-11T00:09:09Z,web,162.18,4,completed
O002249,C00897,2026-07-18T11:50:01Z,mobile,406.35,1,completed
O002250,C00196,2026-07-30T21:52:50Z,web,164.28,6,completed
O002251,C00525,2026-07-09T12:51:22Z,web,388.07,1,completed
O002252,C00280,2026-07-17T00:43:52Z,mobile,232.08,3,completed
O002253,C00420,2026-07-12T16:02:58Z,mobile,129.72,2,completed
O002254,C00794,2026-07-04T09:59:18Z,web,318.31,6,completed
O002255,C00911,2026-07-02T22:05:33Z,store,429.83,1,completed
O002256,C00361,2026-07-14T10:57:23Z,mobile,467.58,3,completed
O002257,C00522,2026-07-25T04:23:13Z,mobile,186.25,1,completed
O002258,C00532,2026-07-27T11:05:17Z,web,133.59,2,refunded
O002259,C00687,2026-07-01T15:54:33Z,mobile,245.70,3,completed
O002260,C00989,2026-07-20T18:34:20Z,web,490.17,6,completed
O002261,C00043,2026-07-23T23:32:10Z,web,168.19,1,completed
O002262,C00756,2026-07-14T00:23:29Z,mobile,37.62,1,completed
O002263,C00206,2026-07-07T22:33:44Z,store,340.24,6,completed
O002264,C00617,2026-07-26T12:47:23Z,store,345.12,1,completed
O002265,C00138,2026-07-29T10:38:05Z,web,102.62,2,completed
O002266,C00718,2026-07-17T01:05:05Z,store,227.72,1,completed
O002267,C00243,2026-07-22T14:23:10Z,web,115.25,1,completed
O002268,C01009,2026-07-07T02:28:22Z,web,71.34,6,completed
O002269,C00673,2026-07-05T06:29:59Z,partner,18.46,3,completed
O002270,C00720,2026-07-02T08:36:40Z,web,41.38,6,completed
O002271,C01040,2026-07-22T08:26:09Z,partner,22.34,3,completed
O002272,C00515,2026-07-27T22:33:49Z,web,389.36,4,completed
O002273,C00941,2026-07-09T00:04:58Z,store,71.56,5,refunded
O002274,C00299,2026-07-22T19:53:27Z,store,355.55,5,completed
O002275,C01051,2026-07-28T19:58:48Z,mobile,315.20,5,completed
O002276,C01124,2026-07-19T02:01:39Z,store,462.65,4,completed
O002277,C00634,2026-07-06T10:15:41Z,web,274.40,5,completed
O002278,C00539,2026-07-15T04:04:28Z,store,53.06,6,completed
O002279,C00548,2026-07-07T03:12:57Z,mobile,150.46,5,completed
O002280,C00490,2026-07-01T01:43:04Z,mobile,432.64,5,completed
O002281,C00903,2026-07-02T11:37:54Z,mobile,316.82,2,completed
O002282,C00278,2026-07-19T11:35:15Z,mobile,285.11,6,completed
O002283,C00796,2026-07-24T06:24:01Z,mobile,244.21,3,completed
O002284,C00416,2026-07-10T18:12:57Z,store,277.18,4,completed
O002285,C00638,2026-07-21T22:25:05Z,partner,172.80,5,completed
O002286,C00272,2026-07-22T05:30:07Z,store,61.30,3,completed
O002287,C00869,2026-07-17T19:04:51Z,mobile,479.35,3,completed
O002288,C01127,2026-07-04T21:28:17Z,store,426.70,4,completed
O002289,C00156,2026-07-03T07:37:52Z,mobile,72.00,3,completed
O002290,C00758,2026-07-31T11:15:13Z,store,217.24,3,completed
O002291,C00532,2026-07-14T03:25:42Z,partner,332.72,4,refunded
O002292,C00100,2026-07-04T03:49:20Z,mobile,472.03,4,completed
O002293,C01149,2026-07-06T06:03:42Z,mobile,124.27,2,completed
O002294,C00529,2026-07-29T18:33:21Z,mobile,300.98,5,completed
O002295,C00764,2026-07-11T05:29:40Z,store,154.41,1,completed
O002296,C00549,2026-07-06T04:14:32Z,store,345.79,1,completed
O002297,C00525,2026-07-17T17:49:13Z,store,26.77,6,completed
O002298,C00640,2026-07-07T12:27:44Z,store,267.65,4,completed
O002299,C00222,2026-07-12T02:21:26Z,store,236.60,1,completed
O002300,C01117,2026-07-22T10:56:22Z,mobile,462.09,1,completed
O002301,C01001,2026-07-17T18:18:27Z,store,241.93,2,completed
O002302,C00836,2026-07-19T10:50:07Z,mobile,391.43,5,completed
O002303,C01186,2026-07-01T19:24:41Z,store,148.70,4,completed
O002304,C01154,2026-07-07T11:15:10Z,mobile,194.56,5,completed
O002305,C00787,2026-07-17T15:16:12Z,store,189.36,4,refunded
O002306,C00137,2026-07-15T12:15:32Z,web,177.87,4,refunded
O002307,C00144,2026-07-02T15:20:03Z,store,166.99,6,refunded
O002308,C00488,2026-07-24T07:24:27Z,partner,381.28,4,completed
O002309,C00045,2026-07-20T12:39:37Z,partner,269.32,5,completed
O002310,C00310,2026-07-14T06:07:30Z,mobile,110.16,3,completed
O002311,C00206,2026-07-21T00:56:34Z,web,208.34,4,completed
O002312,C00711,2026-07-11T20:44:58Z,partner,186.91,3,completed
O002313,C01196,2026-07-23T22:53:31Z,mobile,30.21,6,completed
O002314,C00527,2026-07-08T09:11:24Z,web,245.48,1,completed
O002315,C00616,2026-07-23T13:40:05Z,mobile,386.47,3,completed
O002316,C00208,2026-07-29T19:02:49Z,store,370.38,2,completed
O002317,C00405,2026-07-27T10:32:17Z,web,128.42,4,completed
O002318,C00329,2026-07-26T00:52:02Z,web,294.65,5,completed
O002319,C01038,2026-07-28T15:35:35Z,partner,129.69,3,completed
O002320,C00701,2026-07-25T09:43:09Z,mobile,454.84,6,completed
O002321,C01158,2026-07-19T18:21:39Z,partner,327.33,2,completed
O002322,C01099,2026-07-07T04:53:31Z,partner,159.31,6,completed
O002323,C00211,2026-07-11T17:23:09Z,store,379.59,1,completed
O002324,C01170,2026-07-15T00:15:56Z,web,400.42,2,completed
O002325,C00825,2026-07-03T03:34:49Z,store,497.22,2,completed
O002326,C00870,2026-07-28T02:31:05Z,mobile,434.45,2,refunded
O002327,C00320,2026-07-23T16:22:19Z,web,425.95,4,completed
O002328,C00224,2026-07-01T15:10:21Z,store,235.78,3,completed
O002329,C00554,2026-07-19T10:59:02Z,web,306.94,1,completed
O002330,C00773,2026-07-17T10:09:01Z,web,395.27,1,refunded
O002331,C00885,2026-07-23T07:07:46Z,store,146.97,1,completed
O002332,C00507,2026-07-13T07:34:17Z,partner,95.19,4,completed
O002333,C00388,2026-07-30T22:56:08Z,partner,270.49,5,completed
O002334,C00374,2026-07-24T05:54:19Z,store,225.83,5,completed
O002335,C00390,2026-07-03T08:38:23Z,partner,365.89,3,completed
O002336,C01056,2026-07-25T09:45:05Z,mobile,34.29,1,completed
O002337,C01200,2026-07-15T19:40:32Z,store,317.32,4,completed
O002338,C00799,2026-07-21T16:11:58Z,web,67.80,6,completed
O002339,C00098,2026-07-28T11:32:09Z,mobile,445.83,2,completed
O002340,C01112,2026-07-26T10:04:57Z,store,342.76,3,completed
O002341,C00482,2026-07-19T10:48:27Z,mobile,165.91,3,completed
O002342,C00777,2026-07-18T18:10:11Z,web,263.86,3,completed
O002343,C01083,2026-07-04T05:13:34Z,web,222.35,3,completed
O002344,C00418,2026-07-13T03:03:10Z,store,345.34,2,completed
O002345,C00339,2026-07-11T17:50:56Z,mobile,197.21,4,completed
O002346,C00045,2026-07-28T07:11:03Z,mobile,394.39,3,completed
O002347,C00512,2026-07-12T01:42:47Z,web,210.82,4,completed
O002348,C01189,2026-07-08T08:40:00Z,partner,400.52,3,completed
O002349,C00730,2026-07-18T22:38:34Z,store,391.16,4,completed
O002350,C01185,2026-07-07T19:00:40Z,store,110.30,1,completed
O002351,C00931,2026-07-19T21:33:02Z,store,350.90,1,completed
O002352,C01016,2026-07-02T14:02:12Z,store,276.25,6,completed
O002353,C00010,2026-07-16T16:00:49Z,store,283.85,6,completed
O002354,C00182,2026-07-24T17:22:27Z,partner,369.13,2,completed
O002355,C00175,2026-07-20T12:41:19Z,partner,218.36,4,completed
O002356,C00152,2026-07-05T16:13:34Z,mobile,405.44,3,completed
O002357,C00825,2026-07-03T07:17:03Z,web,344.75,5,completed
O002358,C00016,2026-07-25T00:35:24Z,store,185.80,1,completed
O002359,C00248,2026-07-28T08:08:19Z,partner,10.32,6,completed
O002360,C00236,2026-07-07T04:45:26Z,mobile,212.53,5,completed
O002361,C00362,2026-07-17T16:20:16Z,store,471.32,3,completed
O002362,C00440,2026-07-16T10:02:07Z,mobile,455.33,4,completed
O002363,C00226,2026-07-29T15:27:36Z,web,395.43,1,completed
O002364,C01194,2026-07-31T12:08:02Z,mobile,256.65,1,completed
O002365,C00550,2026-07-17T06:24:12Z,store,130.72,1,completed
O002366,C00532,2026-07-23T17:05:24Z,partner,382.59,6,completed
O002367,C00978,2026-07-25T08:46:22Z,store,185.13,6,completed
O002368,C00821,2026-07-05T14:12:54Z,partner,370.12,5,completed
O002369,C01102,2026-07-28T08:01:13Z,web,202.72,3,completed
O002370,C00678,2026-07-16T17:40:08Z,partner,156.24,4,refunded
O002371,C00476,2026-07-05T05:48:22Z,partner,212.42,6,completed
O002372,C00730,2026-07-19T19:00:45Z,partner,370.43,1,completed
O002373,C00273,2026-07-15T00:36:53Z,web,181.32,3,completed
O002374,C00099,2026-07-02T05:27:37Z,web,288.61,5,completed
O002375,C00448,2026-07-07T13:21:15Z,store,418.58,4,completed
O002376,C01089,2026-07-31T12:22:58Z,partner,185.65,4,completed
O002377,C00632,2026-07-05T23:08:24Z,partner,95.72,3,completed
O002378,C00569,2026-07-13T18:45:10Z,partner,143.83,3,completed
O002379,C00897,2026-07-04T23:27:15Z,store,276.98,3,completed
O002380,C00754,2026-07-30T09:22:34Z,mobile,38.15,1,completed
O002381,C00787,2026-07-15T09:36:48Z,web,472.19,3,completed
O002382,C00234,2026-07-30T08:19:15Z,mobile,65.50,6,completed
O002383,C00197,2026-07-10T08:23:11Z,web,465.43,5,completed
O002384,C00970,2026-07-30T15:04:19Z,partner,112.77,1,completed
O002385,C00131,2026-07-11T15:14:31Z,store,76.37,4,completed
O002386,C00256,2026-07-04T06:19:19Z,store,446.02,1,completed
O002387,C00292,2026-07-19T08:25:21Z,web,32.56,2,completed
O002388,C00612,2026-07-17T11:51:05Z,partner,265.56,3,completed
O002389,C00572,2026-07-19T16:58:24Z,mobile,23.89,6,completed
O002390,C00460,2026-07-15T07:15:28Z,store,499.45,6,completed
O002391,C00735,2026-07-31T04:00:39Z,store,154.23,5,completed
O002392,C01099,2026-07-09T17:42:24Z,store,372.99,4,completed
O002393,C00610,2026-07-23T13:56:46Z,web,68.63,6,completed
O002394,C00382,2026-07-02T11:23:08Z,store,204.14,4,refunded
O002395,C00408,2026-07-23T04:08:43Z,partner,320.69,6,completed
O002396,C01112,2026-07-12T17:08:56Z,store,210.26,1,completed
O002397,C01054,2026-07-23T23:36:08Z,store,481.69,3,completed
O002398,C00830,2026-07-01T13:24:45Z,mobile,384.85,3,completed
O002399,C00781,2026-07-24T15:09:25Z,partner,406.89,3,completed
O002400,C00718,2026-07-26T07:42:57Z,mobile,287.06,2,completed
O002401,C00208,2026-07-23T18:00:26Z,store,100.79,6,completed
O002402,C00547,2026-07-11T00:45:23Z,web,63.03,2,completed
O002403,C00476,2026-07-14T17:35:01Z,web,344.13,6,completed
O002404,C00849,2026-07-17T10:41:29Z,mobile,381.21,5,completed
O002405,C00173,2026-07-15T00:56:23Z,store,347.69,5,completed
O002406,C00778,2026-07-20T17:57:14Z,web,34.47,4,completed
O002407,C00156,2026-07-18T04:09:21Z,store,150.23,3,completed
O002408,C00378,2026-07-31T18:49:44Z,partner,499.72,3,completed
O002409,C00889,2026-07-15T18:09:58Z,mobile,19.33,3,completed
O002410,C00560,2026-07-27T19:11:58Z,store,337.01,4,completed
O002411,C01155,2026-07-09T21:24:54Z,store,74.24,5,completed
O002412,C01179,2026-07-09T20:37:31Z,mobile,463.71,5,completed
O002413,C00412,2026-07-24T09:10:47Z,mobile,252.49,4,completed
O002414,C00183,2026-07-10T15:16:34Z,store,127.29,2,completed
O002415,C00556,2026-07-17T23:07:00Z,store,132.23,3,completed
O002416,C00327,2026-07-07T22:03:19Z,partner,495.61,3,completed
O002417,C01019,2026-07-07T03:14:06Z,store,318.81,1,completed
O002418,C00483,2026-07-13T10:06:05Z,web,151.27,1,completed
O002419,C00152,2026-07-18T21:36:53Z,web,62.02,1,completed
O002420,C00466,2026-07-10T12:30:40Z,mobile,418.56,5,completed
O002421,C00603,2026-07-25T06:26:11Z,web,105.15,6,completed
O002422,C01187,2026-07-15T03:50:13Z,mobile,225.54,1,completed
O002423,C00951,2026-07-31T13:12:07Z,mobile,205.06,6,completed
O002424,C00674,2026-07-29T02:09:06Z,partner,448.72,5,completed
O002425,C00872,2026-07-21T11:59:09Z,partner,158.08,3,completed
O002426,C00245,2026-07-17T06:13:32Z,mobile,347.20,5,refunded
O002427,C00943,2026-07-17T19:57:04Z,partner,68.46,4,refunded
O002428,C00947,2026-07-27T09:44:14Z,partner,132.40,4,completed
O002429,C01029,2026-07-07T00:59:24Z,store,54.00,3,completed
O002430,C00285,2026-07-28T22:15:33Z,mobile,335.84,1,refunded
O002431,C00676,2026-07-03T16:21:56Z,store,440.16,1,completed
O002432,C00764,2026-07-14T21:14:16Z,partner,447.45,2,completed
O002433,C00308,2026-07-04T15:40:49Z,mobile,110.32,3,completed
O002434,C00043,2026-07-28T13:35:39Z,mobile,274.93,4,completed
O002435,C00932,2026-07-31T06:37:06Z,partner,212.01,2,completed
O002436,C00386,2026-07-07T14:05:14Z,store,479.01,6,refunded
O002437,C00304,2026-07-21T14:04:36Z,partner,274.16,3,completed
O002438,C00476,2026-07-21T03:44:35Z,web,248.29,1,completed
O002439,C00152,2026-07-21T03:32:15Z,web,120.70,5,completed
O002440,C00854,2026-07-14T12:33:05Z,store,289.32,6,completed
O002441,C00206,2026-07-07T06:52:47Z,partner,65.94,6,completed
O002442,C00864,2026-07-11T23:49:09Z,mobile,28.96,4,completed
O002443,C00061,2026-07-29T10:49:56Z,mobile,201.54,1,completed
O002444,C00165,2026-07-02T11:58:06Z,mobile,206.48,1,completed
O002445,C01104,2026-07-23T03:06:52Z,store,452.21,3,completed
O002446,C01090,2026-07-16T03:34:26Z,store,295.95,5,completed
O002447,C00924,2026-07-04T00:09:57Z,web,387.32,4,completed
O002448,C00693,2026-07-11T20:02:22Z,store,413.80,4,completed
O002449,C00755,2026-07-02T11:16:07Z,store,6.83,3,completed
O002450,C00106,2026-07-09T13:22:42Z,web,139.15,4,completed
O002451,C00029,2026-07-28T14:02:18Z,store,54.66,4,completed
O002452,C00827,2026-07-17T17:03:18Z,partner,394.30,6,completed
O002453,C01162,2026-07-02T02:57:05Z,web,315.92,6,completed
O002454,C00869,2026-07-31T06:28:49Z,web,162.14,1,completed
O002455,C01094,2026-07-14T08:01:08Z,store,111.10,6,completed
O002456,C00809,2026-07-20T02:31:30Z,mobile,61.22,6,completed
O002457,C00037,2026-07-06T03:45:24Z,web,160.66,4,completed
O002458,C00084,2026-07-27T20:55:07Z,web,327.86,6,completed
O002459,C00952,2026-07-20T14:11:08Z,mobile,419.39,5,completed
O002460,C00193,2026-07-16T10:55:26Z,mobile,488.09,5,completed
O002461,C01145,2026-07-12T00:17:28Z,store,11.00,5,completed
O002462,C00702,2026-07-11T00:00:12Z,mobile,223.62,2,completed
O002463,C00328,2026-07-07T05:26:24Z,mobile,257.91,3,completed
O002464,C01018,2026-07-04T09:05:57Z,mobile,169.63,5,completed
O002465,C00032,2026-07-21T04:05:49Z,partner,103.88,4,completed
O002466,C00568,2026-07-14T23:18:09Z,partner,175.93,2,completed
O002467,C00831,2026-07-04T22:09:43Z,web,55.65,4,completed
O002468,C00106,2026-07-29T23:08:34Z,mobile,205.82,2,completed
O002469,C00537,2026-07-12T05:18:29Z,partner,365.82,2,completed
O002470,C01118,2026-07-02T15:10:06Z,store,333.10,6,refunded
O002471,C00984,2026-07-09T04:27:55Z,store,140.77,3,completed
O002472,C01009,2026-07-06T10:09:04Z,store,461.59,1,completed
O002473,C00557,2026-07-23T08:50:59Z,mobile,138.96,4,completed
O002474,C01042,2026-07-07T11:51:30Z,store,236.73,5,completed
O002475,C00077,2026-07-17T13:45:35Z,web,167.46,1,completed
O002476,C00954,2026-07-06T13:25:42Z,mobile,273.58,1,completed
O002477,C00900,2026-07-04T11:39:47Z,store,24.90,4,refunded
O002478,C00947,2026-07-09T01:51:46Z,partner,377.07,4,completed
O002479,C00123,2026-07-20T10:46:19Z,partner,436.32,4,completed
O002480,C00175,2026-07-13T22:48:40Z,mobile,478.34,2,completed
O002481,C00651,2026-07-09T10:13:43Z,store,192.53,2,completed
O002482,C00101,2026-07-18T19:42:16Z,partner,490.07,5,completed
O002483,C01162,2026-07-06T04:39:22Z,partner,235.00,2,completed
O002484,C00750,2026-07-10T09:04:06Z,web,337.99,6,completed
O002485,C01177,2026-07-04T15:26:49Z,web,23.10,2,completed
O002486,C00233,2026-07-30T13:40:22Z,mobile,144.06,1,completed
O002487,C00691,2026-07-30T02:19:54Z,web,326.02,3,completed
O002488,C00343,2026-07-01T00:41:16Z,partner,140.42,2,completed
O002489,C01107,2026-07-30T05:54:44Z,web,190.75,4,completed
O002490,C00149,2026-07-21T15:21:56Z,web,444.06,1,completed
O002491,C00254,2026-07-25T02:48:34Z,mobile,227.10,4,completed
O002492,C00110,2026-07-02T07:37:39Z,web,176.58,6,completed
O002493,C00750,2026-07-18T16:10:33Z,partner,328.10,3,completed
O002494,C01037,2026-07-05T15:07:19Z,mobile,482.04,6,completed
O002495,C00879,2026-07-26T07:09:21Z,mobile,342.58,5,completed
O002496,C00959,2026-07-25T14:05:09Z,store,44.31,5,completed
O002497,C01176,2026-07-30T03:03:13Z,mobile,301.54,1,completed
O002498,C00250,2026-07-20T11:32:20Z,store,21.32,4,completed
O002499,C00109,2026-07-22T17:26:48Z,store,171.53,1,completed
O002500,C00767,2026-07-09T18:07:29Z,store,156.84,6,completed
O002501,C00652,2026-07-22T00:55:12Z,store,139.28,1,completed
O002502,C01082,2026-07-24T15:00:49Z,store,45.38,6,refunded
O002503,C00742,2026-07-06T22:46:58Z,partner,83.30,1,completed
O002504,C00077,2026-07-04T05:07:11Z,store,350.42,1,completed
O002505,C00296,2026-07-29T01:06:13Z,partner,474.85,1,completed
O002506,C00306,2026-07-27T00:18:09Z,mobile,346.94,2,completed
O002507,C01074,2026-07-26T00:50:29Z,web,108.28,2,completed
O002508,C00295,2026-07-20T00:20:00Z,store,100.71,5,completed
O002509,C00773,2026-07-31T05:43:56Z,store,390.73,6,refunded
O002510,C00169,2026-07-30T23:31:57Z,web,179.91,3,completed
O002511,C00949,2026-07-08T03:36:13Z,mobile,176.05,2,completed
O002512,C01153,2026-07-27T10:24:09Z,store,360.81,4,completed
O002513,C00507,2026-07-26T00:31:18Z,partner,388.88,5,completed
O002514,C00308,2026-07-07T14:02:54Z,partner,300.12,6,completed
O002515,C00909,2026-07-01T16:07:12Z,partner,381.92,5,completed
O002516,C01119,2026-07-01T06:21:12Z,partner,368.45,2,completed
O002517,C01124,2026-07-06T00:14:34Z,web,269.38,5,completed
O002518,C00808,2026-07-04T07:52:56Z,mobile,115.12,6,refunded
O002519,C00397,2026-07-04T14:06:51Z,web,74.40,3,completed
O002520,C01062,2026-07-06T07:15:20Z,partner,125.73,5,completed
O002521,C00772,2026-07-29T10:15:59Z,partner,465.96,6,completed
O002522,C00082,2026-07-05T13:19:26Z,store,87.15,6,completed
O002523,C01031,2026-07-26T05:07:54Z,store,343.93,3,completed
O002524,C00855,2026-07-13T20:59:23Z,mobile,328.14,4,completed
O002525,C01091,2026-07-22T16:46:01Z,store,19.58,5,completed
O002526,C00176,2026-07-14T13:56:40Z,web,289.63,2,completed
O002527,C00153,2026-07-26T10:35:27Z,web,484.81,6,completed
O002528,C00331,2026-07-24T07:02:24Z,web,391.54,5,completed
O002529,C00755,2026-07-31T03:04:42Z,mobile,319.27,3,completed
O002530,C00522,2026-07-19T03:57:21Z,store,298.97,6,completed
O002531,C00955,2026-07-31T12:10:21Z,mobile,278.42,6,completed
O002532,C00554,2026-07-02T13:17:06Z,store,68.98,6,completed
O002533,C00255,2026-07-09T17:08:26Z,partner,189.37,5,completed
O002534,C01091,2026-07-02T11:01:38Z,store,493.44,2,completed
O002535,C00192,2026-07-03T22:41:18Z,mobile,489.77,1,completed
O002536,C00641,2026-07-06T18:08:30Z,mobile,261.19,5,completed
O002537,C00995,2026-07-27T08:57:08Z,web,192.31,2,completed
O002538,C00085,2026-07-28T07:11:08Z,web,64.72,2,completed
O002539,C00822,2026-07-08T08:48:09Z,store,166.68,4,refunded
O002540,C00690,2026-07-01T05:56:22Z,web,228.87,3,completed
O002541,C00866,2026-07-08T13:29:54Z,mobile,393.52,5,completed
O002542,C00763,2026-07-07T12:27:20Z,partner,280.72,4,completed
O002543,C01069,2026-07-08T10:24:36Z,store,495.86,5,completed
O002544,C00278,2026-07-14T08:56:15Z,store,143.28,3,completed
O002545,C01176,2026-07-24T09:53:02Z,store,107.61,1,completed
O002546,C00315,2026-07-17T18:03:53Z,web,353.03,1,completed
O002547,C00361,2026-07-24T16:37:49Z,partner,172.16,2,completed
O002548,C00335,2026-07-28T05:08:28Z,store,98.90,1,completed
O002549,C00118,2026-07-26T20:38:56Z,partner,328.96,6,completed
O002550,C00898,2026-07-16T14:38:22Z,mobile,282.36,5,completed
O002551,C00300,2026-07-12T12:21:28Z,partner,407.42,2,completed
O002552,C01038,2026-07-28T21:24:09Z,mobile,94.16,2,completed
O002553,C00933,2026-07-27T01:37:52Z,web,124.50,3,completed
O002554,C00677,2026-07-25T17:48:05Z,store,331.01,4,completed
O002555,C00883,2026-07-11T11:14:50Z,store,372.07,3,completed
O002556,C00875,2026-07-06T02:41:36Z,partner,35.53,4,completed
O002557,C01182,2026-07-06T17:58:22Z,store,365.12,1,completed
O002558,C00131,2026-07-01T05:15:09Z,partner,19.68,3,completed
O002559,C00426,2026-07-23T10:54:17Z,partner,73.03,5,completed
O002560,C00661,2026-07-22T11:45:34Z,web,252.01,3,completed
O002561,C01181,2026-07-31T15:02:32Z,web,67.49,5,completed
O002562,C00375,2026-07-24T07:09:51Z,partner,41.03,6,completed
O002563,C00901,2026-07-10T12:55:12Z,web,160.20,2,completed
O002564,C00095,2026-07-10T03:33:19Z,mobile,181.09,4,completed
O002565,C00794,2026-07-27T16:21:55Z,partner,377.73,3,completed
O002566,C00541,2026-07-29T11:44:12Z,mobile,200.33,1,completed
O002567,C00352,2026-07-10T13:38:41Z,web,302.55,1,completed
O002568,C01127,2026-07-10T10:15:36Z,web,42.16,1,refunded
O002569,C00111,2026-07-13T08:42:07Z,mobile,169.26,1,completed
O002570,C00034,2026-07-14T02:08:29Z,store,176.79,3,completed
O002571,C00451,2026-07-05T02:37:37Z,web,234.67,4,completed
O002572,C00282,2026-07-29T15:51:15Z,store,133.00,1,completed
O002573,C00097,2026-07-31T17:19:13Z,mobile,50.04,2,completed
O002574,C00417,2026-07-07T17:39:56Z,store,429.98,5,completed
O002575,C00560,2026-07-21T02:25:17Z,partner,51.68,5,completed
O002576,C00559,2026-07-11T04:17:00Z,mobile,252.46,1,completed
O002577,C01021,2026-07-06T15:48:39Z,web,246.96,3,completed
O002578,C00439,2026-07-02T21:38:56Z,partner,340.08,4,completed
O002579,C00340,2026-07-06T04:01:12Z,store,274.84,5,completed
O002580,C00192,2026-07-11T12:00:14Z,mobile,452.16,3,refunded
O002581,C01056,2026-07-05T05:53:22Z,web,195.90,3,completed
O002582,C00570,2026-07-26T18:40:31Z,partner,15.98,1,completed
O002583,C01127,2026-07-19T03:38:36Z,web,224.26,4,completed
O002584,C00233,2026-07-15T01:55:57Z,store,423.04,1,completed
O002585,C00124,2026-07-01T07:35:20Z,mobile,353.82,4,completed
O002586,C01099,2026-07-25T03:56:50Z,partner,352.94,2,refunded
O002587,C00087,2026-07-22T16:39:01Z,mobile,375.80,3,completed
O002588,C00114,2026-07-28T14:30:00Z,store,185.42,2,completed
O002589,C00824,2026-07-25T23:41:29Z,store,373.98,2,completed
O002590,C00208,2026-07-22T00:29:50Z,web,140.98,2,refunded
O002591,C00253,2026-07-17T12:15:11Z,web,194.12,5,completed
O002592,C00327,2026-07-05T12:02:14Z,partner,461.67,3,completed
O002593,C00935,2026-07-17T21:26:34Z,store,24.58,6,completed
O002594,C00260,2026-07-27T17:22:10Z,mobile,287.95,3,completed
O002595,C00244,2026-07-05T07:29:39Z,web,114.48,5,completed
O002596,C00184,2026-07-06T09:14:25Z,store,28.27,5,completed
O002597,C00425,2026-07-10T06:35:04Z,mobile,411.46,4,completed
O002598,C00242,2026-07-23T06:15:30Z,store,186.26,5,completed
O002599,C00025,2026-07-03T04:32:25Z,store,70.34,3,completed
O002600,C00020,2026-07-27T00:47:38Z,store,421.11,4,completed
O002601,C01195,2026-07-07T11:16:38Z,web,142.60,4,completed
O002602,C00445,2026-07-20T19:57:23Z,mobile,263.80,1,completed
O002603,C00576,2026-07-13T03:25:20Z,partner,434.59,5,completed
O002604,C00825,2026-07-05T06:19:42Z,mobile,148.39,5,completed
O002605,C00313,2026-07-05T17:33:23Z,web,78.55,3,completed
O002606,C00252,2026-07-08T14:39:47Z,store,186.34,1,refunded
O002607,C00453,2026-07-20T07:13:21Z,mobile,138.82,5,completed
O002608,C00104,2026-07-29T07:17:24Z,partner,121.54,3,completed
O002609,C00541,2026-07-04T07:49:57Z,mobile,330.45,6,completed
O002610,C00379,2026-07-23T19:34:45Z,partner,426.23,5,completed
O002611,C00648,2026-07-02T15:53:24Z,store,31.09,5,completed
O002612,C00184,2026-07-31T15:47:26Z,web,266.06,4,completed
O002613,C00588,2026-07-10T20:06:54Z,store,69.05,4,refunded
O002614,C00746,2026-07-30T02:24:34Z,web,432.03,4,completed
O002615,C01149,2026-07-30T05:47:52Z,store,365.90,5,completed
O002616,C00506,2026-07-15T06:23:25Z,web,225.62,2,completed
O002617,C00073,2026-07-20T15:25:03Z,mobile,398.84,1,completed
O002618,C00246,2026-07-06T16:15:01Z,store,170.31,2,completed
O002619,C00453,2026-07-31T01:36:26Z,web,382.25,6,refunded
O002620,C00521,2026-07-15T21:40:29Z,web,234.66,4,completed
O002621,C00029,2026-07-26T13:30:26Z,store,142.55,5,completed
O002622,C01019,2026-07-28T05:31:04Z,mobile,279.67,5,completed
O002623,C00182,2026-07-22T12:07:02Z,web,281.94,5,completed
O002624,C01158,2026-07-11T23:01:58Z,mobile,176.16,1,completed
O002625,C00323,2026-07-20T02:49:59Z,store,203.77,3,completed
O002626,C00248,2026-07-27T22:24:16Z,web,489.41,3,completed
O002627,C01099,2026-07-30T18:14:18Z,store,145.10,6,completed
O002628,C00710,2026-07-25T20:15:33Z,web,107.20,1,completed
O002629,C00544,2026-07-25T20:21:29Z,store,109.11,1,completed
O002630,C00269,2026-07-13T05:31:04Z,mobile,45.79,6,completed
O002631,C00562,2026-07-12T12:50:50Z,store,270.79,1,completed
O002632,C00373,2026-07-17T12:33:24Z,mobile,246.34,5,completed
O002633,C00382,2026-07-06T05:32:13Z,store,161.72,1,completed
O002634,C00818,2026-07-01T00:01:05Z,mobile,494.33,3,completed
O002635,C01069,2026-07-11T10:22:10Z,store,312.67,6,completed
O002636,C00871,2026-07-09T12:04:43Z,mobile,102.02,6,completed
O002637,C00311,2026-07-19T18:34:04Z,partner,75.14,3,completed
O002638,C00198,2026-07-19T03:49:45Z,store,289.95,2,completed
O002639,C00185,2026-07-06T10:12:25Z,store,99.95,4,completed
O002640,C00525,2026-07-08T08:03:07Z,web,35.92,2,completed
O002641,C00973,2026-07-28T13:35:21Z,partner,474.42,5,completed
O002642,C00285,2026-07-21T00:29:00Z,store,253.61,6,completed
O002643,C00241,2026-07-16T16:55:48Z,mobile,292.64,2,completed
O002644,C00357,2026-07-25T03:24:36Z,mobile,266.25,1,completed
O002645,C00467,2026-07-02T06:45:03Z,store,404.14,2,completed
O002646,C00720,2026-07-22T07:59:53Z,partner,276.45,5,completed
O002647,C00681,2026-07-14T00:21:45Z,store,149.00,2,completed
O002648,C00687,2026-07-27T21:50:58Z,web,155.18,5,completed
O002649,C00110,2026-07-24T21:28:25Z,mobile,214.52,1,completed
O002650,C00699,2026-07-07T22:40:13Z,web,117.79,5,completed
O002651,C00971,2026-07-07T09:49:12Z,mobile,167.69,2,completed
O002652,C00225,2026-07-29T20:06:40Z,partner,245.55,5,completed
O002653,C00503,2026-07-11T22:20:21Z,store,208.85,3,refunded
O002654,C00833,2026-07-24T13:38:13Z,mobile,66.61,4,completed
O002655,C00549,2026-07-25T03:46:03Z,store,430.63,3,completed
O002656,C00989,2026-07-29T01:13:26Z,mobile,331.33,4,completed
O002657,C00431,2026-07-12T22:12:01Z,store,329.10,4,completed
O002658,C00960,2026-07-13T09:41:22Z,web,300.73,1,completed
O002659,C00121,2026-07-12T07:30:34Z,partner,449.94,5,completed
O002660,C00547,2026-07-20T22:25:31Z,mobile,9.84,4,completed
O002661,C00528,2026-07-20T19:32:09Z,web,245.66,5,completed
O002662,C00883,2026-07-09T15:29:13Z,store,220.92,3,completed
O002663,C00627,2026-07-10T09:49:39Z,store,25.26,2,completed
O002664,C00773,2026-07-22T13:36:14Z,store,289.17,2,refunded
O002665,C00857,2026-07-29T12:26:16Z,partner,179.56,3,completed
O002666,C00494,2026-07-15T12:27:44Z,store,499.18,6,completed
O002667,C00477,2026-07-16T23:38:39Z,web,483.49,4,completed
O002668,C00703,2026-07-11T04:44:07Z,store,311.09,5,completed
O002669,C01147,2026-07-30T15:22:25Z,partner,380.12,5,completed
O002670,C00676,2026-07-25T23:33:09Z,mobile,360.56,5,completed
O002671,C00736,2026-07-05T10:13:07Z,partner,418.96,6,completed
O002672,C01082,2026-07-01T22:51:43Z,mobile,25.40,1,refunded
O002673,C00196,2026-07-28T13:26:45Z,store,119.94,4,completed
O002674,C00535,2026-07-31T04:08:40Z,store,475.09,4,completed
O002675,C00502,2026-07-10T18:37:40Z,web,219.44,4,completed
O002676,C00271,2026-07-29T06:35:08Z,partner,107.65,4,completed
O002677,C00288,2026-07-19T02:40:41Z,web,130.65,2,completed
O002678,C00551,2026-07-01T22:46:13Z,partner,334.31,2,completed
O002679,C01021,2026-07-14T11:44:38Z,partner,493.35,1,completed
O002680,C00634,2026-07-23T00:23:03Z,store,390.33,2,completed
O002681,C00478,2026-07-24T13:47:47Z,partner,359.37,3,refunded
O002682,C00127,2026-07-23T04:40:28Z,store,289.79,3,completed
O002683,C01006,2026-07-31T23:19:58Z,mobile,226.39,2,completed
O002684,C00483,2026-07-24T19:57:14Z,store,356.61,4,completed
O002685,C00529,2026-07-11T07:13:52Z,partner,324.89,4,completed
O002686,C00127,2026-07-24T19:47:16Z,mobile,177.49,5,completed
O002687,C00346,2026-07-26T19:59:17Z,web,90.10,6,completed
O002688,C00298,2026-07-25T06:03:21Z,mobile,30.52,1,completed
O002689,C01135,2026-07-15T18:15:57Z,web,152.38,4,completed
O002690,C01039,2026-07-16T01:20:52Z,store,175.44,6,completed
O002691,C00416,2026-07-30T12:40:50Z,mobile,106.84,2,completed
O002692,C01110,2026-07-27T07:24:38Z,web,332.84,2,completed
O002693,C00246,2026-07-26T19:12:06Z,mobile,163.44,2,completed
O002694,C00954,2026-07-10T13:43:58Z,mobile,398.06,4,completed
O002695,C00745,2026-07-02T07:27:17Z,partner,79.55,5,completed
O002696,C01146,2026-07-26T06:02:51Z,store,312.13,5,completed
O002697,C00300,2026-07-23T13:54:31Z,store,33.11,6,completed
O002698,C00475,2026-07-19T06:11:51Z,store,488.49,3,completed
O002699,C00480,2026-07-25T01:18:11Z,partner,197.79,1,completed
O002700,C00820,2026-07-29T19:43:28Z,store,461.00,2,completed
O002701,C00674,2026-07-11T04:42:18Z,partner,378.68,5,completed
O002702,C01064,2026-07-07T05:13:13Z,partner,460.86,4,completed
O002703,C00591,2026-07-15T04:05:15Z,web,27.95,6,completed
O002704,C00392,2026-07-25T08:39:39Z,mobile,218.88,3,completed
O002705,C00067,2026-07-15T12:52:12Z,partner,488.98,5,completed
O002706,C00065,2026-07-29T06:52:49Z,store,361.27,1,completed
O002707,C00264,2026-07-18T02:04:08Z,partner,21.76,6,completed
O002708,C00568,2026-07-19T00:42:44Z,web,142.90,4,completed
O002709,C00245,2026-07-15T12:58:28Z,mobile,168.84,2,completed
O002710,C00699,2026-07-31T00:00:59Z,partner,300.58,3,completed
O002711,C00585,2026-07-07T07:04:45Z,web,297.12,3,completed
O002712,C00050,2026-07-06T18:00:16Z,store,282.19,3,completed
O002713,C00924,2026-07-29T22:13:16Z,mobile,408.95,2,refunded
O002714,C00238,2026-07-19T19:12:02Z,store,355.81,4,completed
O002715,C01090,2026-07-15T01:22:28Z,partner,9.44,3,completed
O002716,C00178,2026-07-07T22:58:05Z,mobile,390.32,4,completed
O002717,C00554,2026-07-08T15:00:32Z,mobile,251.67,6,completed
O002718,C01071,2026-07-31T23:36:06Z,web,311.73,4,completed
O002719,C00184,2026-07-15T04:06:37Z,web,441.41,6,completed
O002720,C00798,2026-07-04T00:25:38Z,web,257.57,5,completed
O002721,C00768,2026-07-24T22:34:48Z,web,287.33,5,completed
O002722,C01068,2026-07-15T09:11:26Z,store,211.78,6,refunded
O002723,C00615,2026-07-14T03:10:59Z,web,448.32,4,completed
O002724,C00425,2026-07-24T03:03:02Z,mobile,153.43,6,completed
O002725,C00555,2026-07-22T15:25:20Z,web,68.55,2,completed
O002726,C00418,2026-07-25T08:50:36Z,store,436.74,5,refunded
O002727,C00764,2026-07-26T10:04:20Z,mobile,346.47,4,completed
O002728,C01067,2026-07-11T14:25:45Z,store,109.82,6,completed
O002729,C00241,2026-07-31T16:31:09Z,store,348.70,3,completed
O002730,C00546,2026-07-21T07:05:50Z,partner,187.85,4,completed
O002731,C01109,2026-07-09T11:58:53Z,web,213.44,1,completed
O002732,C00396,2026-07-11T18:29:05Z,mobile,229.18,6,completed
O002733,C01179,2026-07-19T13:36:38Z,partner,92.40,2,completed
O002734,C00453,2026-07-29T12:27:33Z,store,256.26,6,completed
O002735,C00602,2026-07-17T08:14:17Z,mobile,488.73,1,completed
O002736,C00892,2026-07-09T11:25:29Z,mobile,270.43,6,completed
O002737,C00452,2026-07-06T22:52:50Z,mobile,367.34,1,completed
O002738,C00020,2026-07-15T07:46:31Z,mobile,291.91,3,completed
O002739,C01095,2026-07-08T11:44:13Z,partner,128.79,5,completed
O002740,C00683,2026-07-04T03:39:10Z,web,449.66,6,completed
O002741,C00391,2026-07-31T14:52:42Z,mobile,256.07,5,completed
O002742,C00209,2026-07-12T23:06:14Z,store,68.58,1,completed
O002743,C00541,2026-07-10T23:16:33Z,mobile,173.40,3,completed
O002744,C01176,2026-07-21T15:10:33Z,store,119.85,5,completed
O002745,C00765,2026-07-17T05:53:31Z,partner,183.45,5,completed
O002746,C00929,2026-07-05T18:49:10Z,web,232.44,3,completed
O002747,C00072,2026-07-12T09:59:32Z,partner,383.88,2,completed
O002748,C01170,2026-07-27T09:07:04Z,mobile,116.16,3,completed
O002749,C00062,2026-07-17T04:38:52Z,partner,354.76,3,completed
O002750,C00173,2026-07-21T09:40:46Z,web,24.33,1,completed
O002751,C00038,2026-07-24T10:14:46Z,web,383.88,4,completed
O002752,C00654,2026-07-24T14:14:56Z,web,16.76,5,completed
O002753,C00133,2026-07-30T00:52:52Z,mobile,196.28,6,completed
O002754,C00155,2026-07-16T13:50:04Z,store,136.50,6,completed
O002755,C00453,2026-07-15T09:09:41Z,store,362.91,6,completed
O002756,C00858,2026-07-19T05:09:28Z,mobile,224.50,6,completed
O002757,C00448,2026-07-22T14:01:08Z,mobile,353.47,2,completed
O002758,C00076,2026-07-31T23:59:28Z,partner,455.44,2,completed
O002759,C01058,2026-07-17T00:10:28Z,partner,473.16,6,completed
O002760,C00057,2026-07-22T23:13:08Z,partner,309.55,1,completed
O002761,C00494,2026-07-29T00:07:00Z,web,145.45,5,completed
O002762,C00001,2026-07-27T01:43:58Z,web,154.31,5,completed
O002763,C00045,2026-07-23T23:15:18Z,web,109.40,6,completed
O002764,C00589,2026-07-26T07:01:42Z,partner,167.82,3,completed
O002765,C00099,2026-07-18T03:07:55Z,store,100.43,1,completed
O002766,C00449,2026-07-04T11:21:24Z,mobile,216.80,3,completed
O002767,C00384,2026-07-16T19:18:50Z,store,232.33,2,refunded
O002768,C01117,2026-07-19T06:59:47Z,mobile,128.64,1,completed
O002769,C01108,2026-07-29T13:35:24Z,partner,237.54,2,completed
O002770,C00495,2026-07-22T20:49:36Z,partner,276.31,4,completed
O002771,C01171,2026-07-26T01:25:06Z,web,132.37,5,completed
O002772,C01027,2026-07-04T23:40:28Z,web,42.44,4,refunded
O002773,C01030,2026-07-09T09:06:00Z,store,112.86,3,completed
O002774,C01130,2026-07-26T07:27:41Z,web,293.53,1,completed
O002775,C00392,2026-07-02T21:47:30Z,store,397.42,6,completed
O002776,C00034,2026-07-04T02:41:20Z,mobile,105.53,1,completed
O002777,C00527,2026-07-06T06:59:29Z,mobile,462.66,3,completed
O002778,C00700,2026-07-17T15:09:03Z,mobile,34.80,4,refunded
O002779,C00508,2026-07-31T04:44:40Z,store,385.29,2,completed
O002780,C01062,2026-07-02T01:43:10Z,mobile,81.57,6,completed
O002781,C01082,2026-07-05T18:25:02Z,web,142.45,4,completed
O002782,C00396,2026-07-06T05:50:37Z,mobile,446.45,5,completed
O002783,C00387,2026-07-10T17:40:36Z,mobile,426.71,4,completed
O002784,C00477,2026-07-05T01:54:02Z,store,16.52,3,completed
O002785,C00983,2026-07-01T11:15:26Z,web,374.59,6,completed
O002786,C00036,2026-07-03T09:38:07Z,store,17.63,4,completed
O002787,C01191,2026-07-05T17:24:44Z,mobile,445.12,5,completed
O002788,C00666,2026-07-05T00:17:25Z,mobile,65.35,4,refunded
O002789,C00479,2026-07-23T15:34:08Z,partner,68.92,2,completed
O002790,C00058,2026-07-18T06:21:10Z,web,225.22,4,completed
O002791,C00479,2026-07-15T23:41:54Z,partner,334.76,3,completed
O002792,C00163,2026-07-29T03:54:58Z,mobile,177.63,1,completed
O002793,C00464,2026-07-19T12:20:57Z,store,388.27,3,completed
O002794,C00055,2026-07-14T07:01:56Z,partner,5.48,1,completed
O002795,C01093,2026-07-22T23:20:33Z,partner,356.39,1,completed
O002796,C00439,2026-07-09T23:35:58Z,store,481.27,2,completed
O002797,C00608,2026-07-30T17:19:07Z,web,92.26,4,completed
O002798,C00424,2026-07-08T23:12:42Z,mobile,114.05,5,completed
O002799,C01068,2026-07-07T02:28:43Z,store,427.83,3,completed
O002800,C00438,2026-07-03T10:58:19Z,partner,225.30,1,completed
O002801,C00540,2026-07-06T04:26:52Z,partner,122.13,2,completed
O002802,C00308,2026-07-16T15:46:19Z,partner,436.18,2,completed
O002803,C00131,2026-07-30T10:45:13Z,store,261.61,1,completed
O002804,C00274,2026-07-20T16:52:32Z,partner,448.17,6,completed
O002805,C00662,2026-07-01T19:07:17Z,mobile,374.52,5,completed
O002806,C00443,2026-07-10T08:08:26Z,mobile,203.39,2,completed
O002807,C00480,2026-07-03T00:38:10Z,mobile,241.09,6,completed
O002808,C00527,2026-07-06T10:43:27Z,partner,240.75,2,completed
O002809,C00722,2026-07-08T18:28:06Z,partner,460.70,5,completed
O002810,C00265,2026-07-29T01:55:01Z,partner,256.87,5,completed
O002811,C00300,2026-07-12T21:34:48Z,mobile,364.80,1,completed
O002812,C00227,2026-07-04T11:47:01Z,web,280.95,6,completed
O002813,C00634,2026-07-24T07:39:01Z,partner,485.21,4,completed
O002814,C01193,2026-07-30T21:02:24Z,web,483.02,2,completed
O002815,C00020,2026-07-31T05:43:59Z,web,453.56,2,completed
O002816,C00860,2026-07-15T01:40:08Z,store,91.82,6,completed
O002817,C00294,2026-07-15T02:00:59Z,partner,218.38,4,completed
O002818,C00915,2026-07-09T18:47:01Z,partner,126.66,1,completed
O002819,C00153,2026-07-24T00:14:42Z,mobile,355.00,6,completed
O002820,C01062,2026-07-29T04:37:16Z,mobile,279.08,6,completed
O002821,C00645,2026-07-06T22:18:04Z,partner,301.25,5,completed
O002822,C01199,2026-07-15T06:50:03Z,web,270.76,2,completed
O002823,C00507,2026-07-25T21:17:20Z,store,450.49,6,completed
O002824,C01064,2026-07-12T04:11:46Z,web,334.43,1,completed
O002825,C00199,2026-07-30T07:05:34Z,mobile,194.39,2,refunded
O002826,C00825,2026-07-10T17:35:10Z,web,411.01,1,completed
O002827,C00504,2026-07-21T08:10:19Z,partner,342.88,2,completed
O002828,C00938,2026-07-31T22:34:08Z,mobile,286.86,6,completed
O002829,C00895,2026-07-03T12:58:00Z,mobile,84.96,4,completed
O002830,C00070,2026-07-29T20:38:48Z,partner,498.65,2,completed
O002831,C00388,2026-07-28T17:00:41Z,store,46.42,6,completed
O002832,C00208,2026-07-12T12:27:21Z,partner,361.22,5,completed
O002833,C00253,2026-07-30T18:17:42Z,partner,58.34,5,completed
O002834,C00618,2026-07-16T16:51:04Z,partner,392.31,5,completed
O002835,C00671,2026-07-15T04:41:48Z,partner,18.01,5,refunded
O002836,C01141,2026-07-22T01:39:23Z,web,336.74,1,completed
O002837,C00020,2026-07-30T07:13:35Z,store,447.49,3,completed
O002838,C00643,2026-07-26T23:38:04Z,mobile,479.69,6,refunded
O002839,C00952,2026-07-06T12:01:53Z,partner,112.87,2,completed
O002840,C00368,2026-07-09T09:15:04Z,partner,489.55,4,completed
O002841,C00355,2026-07-26T15:11:02Z,store,321.12,5,completed
O002842,C00470,2026-07-01T05:28:20Z,web,205.75,2,completed
O002843,C00721,2026-07-24T08:36:32Z,web,106.29,6,completed
O002844,C00856,2026-07-29T06:09:29Z,mobile,292.13,6,completed
O002845,C00905,2026-07-27T13:47:32Z,partner,259.68,3,completed
O002846,C01173,2026-07-16T16:47:27Z,partner,395.41,1,completed
O002847,C00166,2026-07-13T19:26:05Z,partner,311.98,4,completed
O002848,C00266,2026-07-01T06:48:45Z,web,221.13,2,completed
O002849,C01161,2026-07-19T04:56:36Z,mobile,143.85,6,completed
O002850,C00875,2026-07-16T08:51:08Z,mobile,141.12,4,completed
O002851,C00224,2026-07-30T18:04:05Z,web,433.67,1,completed
O002852,C00229,2026-07-03T10:52:01Z,mobile,192.67,2,completed
O002853,C00943,2026-07-27T08:40:07Z,mobile,282.41,4,completed
O002854,C00033,2026-07-01T17:46:49Z,store,8.02,5,completed
O002855,C00825,2026-07-23T20:25:29Z,mobile,192.82,2,completed
O002856,C01051,2026-07-20T02:35:35Z,web,61.80,5,refunded
O002857,C00596,2026-07-05T19:59:49Z,partner,54.04,2,completed
O002858,C00940,2026-07-02T19:44:52Z,web,116.40,2,completed
O002859,C01138,2026-07-15T00:42:27Z,web,90.61,1,completed
O002860,C00346,2026-07-04T11:36:36Z,web,251.38,5,completed
O002861,C00565,2026-07-28T14:33:43Z,partner,63.04,1,completed
O002862,C00539,2026-07-07T03:25:43Z,store,278.38,3,completed
O002863,C00506,2026-07-18T09:12:58Z,partner,47.82,1,completed
O002864,C00229,2026-07-28T08:00:33Z,web,250.73,1,completed
O002865,C00540,2026-07-01T23:51:30Z,web,404.96,6,completed
O002866,C00332,2026-07-12T13:58:00Z,store,481.83,3,completed
O002867,C00952,2026-07-27T22:02:12Z,store,346.35,4,refunded
O002868,C00661,2026-07-29T03:56:44Z,web,426.52,5,completed
O002869,C00318,2026-07-29T03:38:46Z,partner,319.92,4,completed
O002870,C00536,2026-07-18T19:42:37Z,web,130.59,3,completed
O002871,C00733,2026-07-25T07:37:10Z,mobile,223.42,6,completed
O002872,C00520,2026-07-22T10:13:54Z,store,355.24,4,refunded
O002873,C00471,2026-07-31T08:12:30Z,store,109.75,4,refunded
O002874,C00454,2026-07-16T14:44:19Z,partner,170.96,2,completed
O002875,C00205,2026-07-12T12:55:07Z,partner,99.23,4,completed
O002876,C01096,2026-07-22T15:30:08Z,store,307.22,1,completed
O002877,C00018,2026-07-05T21:06:30Z,web,461.93,4,completed
O002878,C00861,2026-07-26T07:35:51Z,mobile,243.54,6,completed
O002879,C01162,2026-07-24T14:44:25Z,mobile,41.02,6,completed
O002880,C00477,2026-07-29T11:44:13Z,partner,392.26,2,completed
O002881,C00406,2026-07-08T07:31:13Z,partner,305.55,3,completed
O002882,C00739,2026-07-25T20:04:34Z,mobile,162.74,6,completed
O002883,C01050,2026-07-27T15:33:51Z,store,237.17,1,completed
O002884,C00117,2026-07-06T20:22:03Z,mobile,492.19,4,completed
O002885,C01119,2026-07-29T02:01:54Z,store,99.13,1,completed
O002886,C00517,2026-07-06T20:56:33Z,store,308.29,4,completed
O002887,C00008,2026-07-11T08:06:04Z,mobile,260.54,5,completed
O002888,C00190,2026-07-14T00:40:07Z,store,328.01,4,completed
O002889,C00615,2026-07-17T14:40:01Z,store,326.96,2,completed
O002890,C00165,2026-07-08T00:19:25Z,web,492.29,6,completed
O002891,C01164,2026-07-16T21:17:00Z,web,372.09,3,completed
O002892,C00276,2026-07-15T09:03:02Z,mobile,478.62,1,completed
O002893,C00673,2026-07-26T09:18:45Z,web,143.89,2,completed
O002894,C00698,2026-07-27T00:54:53Z,mobile,187.73,1,completed
O002895,C00983,2026-07-07T20:27:46Z,store,294.67,3,completed
O002896,C01084,2026-07-20T06:17:14Z,partner,251.21,3,completed
O002897,C01175,2026-07-16T14:51:53Z,store,422.54,6,completed
O002898,C00695,2026-07-11T06:02:10Z,partner,386.53,2,completed
O002899,C00484,2026-07-24T01:56:22Z,store,225.54,2,completed
O002900,C00560,2026-07-13T17:17:51Z,partner,464.15,3,completed
O002901,C01200,2026-07-09T20:48:06Z,web,161.63,6,refunded
O002902,C00783,2026-07-21T13:17:49Z,mobile,33.03,1,completed
O002903,C00140,2026-07-19T18:37:31Z,partner,189.55,1,completed
O002904,C01072,2026-07-05T07:12:11Z,mobile,473.58,3,completed
O002905,C00106,2026-07-19T00:47:35Z,mobile,77.79,4,completed
O002906,C00097,2026-07-15T15:07:18Z,partner,36.91,6,completed
O002907,C00464,2026-07-30T15:14:13Z,web,428.49,2,completed
O002908,C00098,2026-07-19T17:06:32Z,store,25.45,1,completed
O002909,C00537,2026-07-28T08:05:50Z,web,370.54,5,completed
O002910,C01031,2026-07-04T00:21:55Z,web,9.80,3,completed
O002911,C01023,2026-07-22T02:04:22Z,store,238.65,1,completed
O002912,C00509,2026-07-30T05:37:55Z,mobile,379.11,5,completed
O002913,C00099,2026-07-10T14:15:48Z,store,432.35,3,completed
O002914,C00728,2026-07-26T04:40:47Z,store,307.06,6,completed
O002915,C00936,2026-07-08T20:20:18Z,web,329.97,2,completed
O002916,C00542,2026-07-24T08:38:12Z,mobile,106.21,5,completed
O002917,C00177,2026-07-17T20:08:48Z,web,474.76,2,completed
O002918,C00609,2026-07-04T11:47:24Z,partner,271.27,6,completed
O002919,C00602,2026-07-10T18:26:34Z,partner,301.49,5,completed
O002920,C00827,2026-07-24T19:23:24Z,web,499.50,1,completed
O002921,C00235,2026-07-19T02:05:43Z,store,157.68,1,completed
O002922,C00231,2026-07-08T01:50:56Z,partner,302.42,3,completed
O002923,C00731,2026-07-05T11:47:43Z,mobile,491.19,4,completed
O002924,C00983,2026-07-15T22:25:33Z,partner,496.31,2,completed
O002925,C00065,2026-07-02T20:36:07Z,store,433.85,2,completed
O002926,C00254,2026-07-07T13:22:56Z,partner,144.75,4,refunded
O002927,C00551,2026-07-19T11:55:04Z,mobile,382.21,1,completed
O002928,C00273,2026-07-07T23:43:27Z,mobile,233.09,2,completed
O002929,C00542,2026-07-23T13:45:36Z,mobile,240.88,3,completed
O002930,C00790,2026-07-05T05:58:25Z,partner,369.78,4,completed
O002931,C00347,2026-07-27T03:51:25Z,store,118.99,2,completed
O002932,C00922,2026-07-26T14:22:59Z,mobile,339.14,4,completed
O002933,C00445,2026-07-11T05:10:41Z,store,390.80,2,completed
O002934,C00297,2026-07-13T21:34:20Z,store,430.77,1,completed
O002935,C00012,2026-07-13T18:29:28Z,partner,355.58,6,completed
O002936,C00364,2026-07-02T22:50:27Z,mobile,91.48,6,completed
O002937,C00511,2026-07-23T13:44:34Z,mobile,24.52,4,completed
O002938,C00227,2026-07-12T13:05:23Z,web,14.63,6,completed
O002939,C01096,2026-07-09T17:08:58Z,mobile,87.44,1,completed
O002940,C00820,2026-07-12T06:11:09Z,partner,81.77,5,completed
O002941,C00308,2026-07-21T09:21:23Z,web,161.45,3,completed
O002942,C00425,2026-07-27T11:42:19Z,partner,56.20,5,completed
O002943,C00733,2026-07-23T08:58:18Z,store,245.03,1,completed
O002944,C00844,2026-07-05T18:18:55Z,web,155.29,1,completed
O002945,C00053,2026-07-14T19:24:41Z,mobile,243.22,4,completed
O002946,C00791,2026-07-29T18:22:38Z,mobile,144.94,3,completed
O002947,C00225,2026-07-18T06:09:26Z,web,170.87,2,completed
O002948,C00201,2026-07-02T23:23:53Z,partner,233.22,6,completed
O002949,C00477,2026-07-03T19:14:12Z,web,352.23,4,completed
O002950,C00814,2026-07-14T00:12:08Z,partner,381.02,1,completed
O002951,C01068,2026-07-12T00:29:13Z,partner,197.39,2,completed
O002952,C00445,2026-07-26T04:04:45Z,web,205.23,3,completed
O002953,C00888,2026-07-24T18:06:26Z,web,450.66,4,completed
O002954,C00896,2026-07-04T10:05:10Z,web,205.02,5,completed
O002955,C00687,2026-07-09T11:53:49Z,web,209.96,6,completed
O002956,C00573,2026-07-28T06:05:12Z,web,148.07,5,completed
O002957,C00882,2026-07-07T09:23:01Z,store,23.52,4,completed
O002958,C00356,2026-07-31T10:48:24Z,mobile,361.45,1,completed
O002959,C00612,2026-07-06T03:53:15Z,partner,45.61,6,completed
O002960,C00898,2026-07-18T17:51:19Z,web,481.58,1,completed
O002961,C00477,2026-07-13T01:42:18Z,web,339.00,5,completed
O002962,C00050,2026-07-13T08:35:27Z,mobile,35.34,1,completed
O002963,C00172,2026-07-16T08:57:06Z,partner,390.17,5,completed
O002964,C00355,2026-07-08T18:23:13Z,store,306.16,3,completed
O002965,C00906,2026-07-26T23:31:39Z,store,67.23,2,completed
O002966,C00716,2026-07-22T11:29:04Z,partner,120.79,3,completed
O002967,C00070,2026-07-08T01:58:17Z,partner,196.73,1,completed
O002968,C00287,2026-07-21T21:47:30Z,store,337.88,4,completed
O002969,C00891,2026-07-24T22:23:38Z,partner,140.47,4,completed
O002970,C00332,2026-07-30T14:53:20Z,web,110.59,1,completed
O002971,C00436,2026-07-28T23:23:22Z,web,30.81,6,refunded
O002972,C00982,2026-07-10T00:32:11Z,web,133.39,3,completed
O002973,C00053,2026-07-29T19:48:11Z,mobile,7.70,1,completed
O002974,C00558,2026-07-15T01:27:13Z,web,414.61,6,completed
O002975,C00706,2026-07-25T21:38:38Z,mobile,336.09,2,completed
O002976,C01105,2026-07-07T15:33:51Z,mobile,26.74,1,completed
O002977,C00617,2026-07-23T11:19:04Z,mobile,145.89,1,completed
O002978,C00494,2026-07-10T02:49:34Z,store,341.60,4,completed
O002979,C00439,2026-07-10T21:52:55Z,web,403.74,5,completed
O002980,C00901,2026-07-27T19:33:13Z,mobile,7.04,3,refunded
O002981,C00711,2026-07-24T20:20:28Z,mobile,225.31,6,completed
O002982,C00705,2026-07-19T11:16:44Z,mobile,5.29,4,completed
O002983,C00819,2026-07-27T18:56:21Z,mobile,258.89,6,completed
O002984,C00255,2026-07-11T17:50:49Z,web,481.94,6,completed
O002985,C00655,2026-07-13T11:01:04Z,partner,448.66,2,completed
O002986,C00237,2026-07-30T08:11:24Z,store,465.29,3,completed
O002987,C00693,2026-07-19T22:34:20Z,web,458.23,1,completed
O002988,C01075,2026-07-13T05:17:58Z,web,259.08,6,refunded
O002989,C00360,2026-07-30T17:00:10Z,partner,474.72,5,completed
O002990,C00755,2026-07-10T13:40:38Z,web,496.37,1,completed
O002991,C00380,2026-07-04T15:27:51Z,partner,491.22,1,completed
O002992,C00769,2026-07-06T23:46:54Z,store,169.59,1,completed
O002993,C00608,2026-07-21T03:29:56Z,store,496.03,4,completed
O002994,C00801,2026-07-19T13:34:29Z,web,141.12,3,completed
O002995,C01077,2026-07-27T16:08:29Z,web,345.16,6,completed
O002996,C00066,2026-07-10T14:00:20Z,web,417.32,1,completed
O002997,C00049,2026-07-24T09:14:02Z,mobile,235.14,2,refunded
O002998,C00192,2026-07-24T08:56:24Z,web,499.08,4,completed
O002999,C00352,2026-07-14T13:23:23Z,mobile,377.24,5,completed
O003000,C00142,2026-07-24T12:20:52Z,mobile,170.04,2,refunded
O003001,C00222,2026-07-26T05:40:29Z,partner,88.89,3,completed
O003002,C00291,2026-07-16T05:54:18Z,partner,263.45,6,completed
O003003,C01035,2026-07-22T00:47:12Z,store,257.60,5,completed
O003004,C00841,2026-07-25T19:14:45Z,web,292.83,6,completed
O003005,C00354,2026-07-23T21:18:18Z,store,289.35,3,completed
O003006,C00576,2026-07-11T10:35:17Z,partner,31.32,4,completed
O003007,C01102,2026-07-28T20:21:39Z,mobile,109.96,4,completed
O003008,C00679,2026-07-13T20:15:34Z,store,317.48,4,completed
O003009,C00222,2026-07-02T09:37:45Z,store,372.85,2,refunded
O003010,C00177,2026-07-30T19:14:43Z,store,449.55,6,completed
O003011,C00560,2026-07-20T23:05:14Z,partner,375.26,5,completed
O003012,C00373,2026-07-15T04:57:37Z,store,75.64,5,refunded
O003013,C00927,2026-07-29T14:14:25Z,mobile,460.44,6,completed
O003014,C00757,2026-07-18T22:41:27Z,partner,86.96,4,completed
O003015,C00290,2026-07-14T11:05:15Z,web,40.09,2,completed
O003016,C00659,2026-07-19T01:41:06Z,partner,236.64,5,completed
O003017,C01037,2026-07-12T10:08:05Z,store,314.74,2,completed
O003018,C00953,2026-07-08T16:55:07Z,store,127.55,3,completed
O003019,C00390,2026-07-06T03:13:17Z,mobile,154.31,2,completed
O003020,C00644,2026-07-17T09:39:19Z,partner,392.06,1,completed
O003021,C00645,2026-07-02T09:13:40Z,web,37.03,4,completed
O003022,C00028,2026-07-04T14:44:16Z,store,418.11,5,completed
O003023,C00458,2026-07-05T13:40:27Z,mobile,278.02,1,completed
O003024,C00502,2026-07-09T15:49:13Z,web,476.39,2,completed
O003025,C00277,2026-07-16T04:05:08Z,partner,178.14,2,completed
O003026,C00150,2026-07-15T04:17:56Z,web,310.95,6,completed
O003027,C00410,2026-07-01T05:04:17Z,web,413.54,1,completed
O003028,C00256,2026-07-01T20:37:39Z,partner,297.34,4,completed
O003029,C00035,2026-07-16T13:21:55Z,partner,409.81,6,completed
O003030,C00684,2026-07-15T19:49:17Z,partner,175.04,2,completed
O003031,C00285,2026-07-25T22:47:19Z,mobile,466.68,3,completed
O003032,C00187,2026-07-17T00:30:15Z,mobile,74.58,3,completed
O003033,C00773,2026-07-02T20:15:34Z,web,478.77,2,completed
O003034,C00269,2026-07-23T02:18:54Z,partner,107.76,3,refunded
O003035,C00707,2026-07-11T01:43:31Z,web,113.88,6,completed
O003036,C01172,2026-07-23T21:56:51Z,web,388.31,2,completed
O003037,C00128,2026-07-23T09:09:27Z,mobile,416.13,6,completed
O003038,C00001,2026-07-26T07:17:32Z,web,178.88,5,completed
O003039,C00132,2026-07-25T08:45:14Z,partner,64.91,2,completed
O003040,C00216,2026-07-08T20:33:28Z,store,310.64,1,completed
O003041,C01167,2026-07-09T10:35:54Z,web,483.59,3,completed
O003042,C01119,2026-07-11T04:57:34Z,partner,249.51,1,completed
O003043,C00919,2026-07-27T02:09:58Z,web,10.07,5,completed
O003044,C00791,2026-07-05T13:17:50Z,mobile,201.54,6,completed
O003045,C00417,2026-07-08T13:57:57Z,store,240.17,3,completed
O003046,C00233,2026-07-06T05:20:19Z,web,179.33,1,completed
O003047,C00057,2026-07-30T22:13:36Z,web,288.52,1,completed
O003048,C00469,2026-07-14T20:04:29Z,web,425.50,2,completed
O003049,C01039,2026-07-31T06:28:20Z,store,428.00,2,completed
O003050,C01097,2026-07-16T16:45:30Z,web,434.27,3,completed
O003051,C00939,2026-07-06T11:41:02Z,partner,116.37,2,completed
O003052,C00263,2026-07-17T13:42:29Z,mobile,493.37,3,completed
O003053,C01150,2026-07-22T06:31:44Z,web,112.89,2,completed
O003054,C01001,2026-07-06T10:58:17Z,store,466.88,1,completed
O003055,C00647,2026-07-26T19:39:13Z,web,287.16,5,completed
O003056,C01081,2026-07-07T23:12:00Z,mobile,251.05,3,completed
O003057,C00818,2026-07-29T10:20:25Z,partner,473.33,1,completed
O003058,C00062,2026-07-17T20:29:31Z,partner,31.39,1,completed
O003059,C01013,2026-07-25T00:48:00Z,web,348.76,5,completed
O003060,C00232,2026-07-20T19:32:18Z,partner,215.42,6,completed
O003061,C00206,2026-07-20T07:06:35Z,mobile,351.06,2,completed
O003062,C00924,2026-07-13T13:58:52Z,store,411.30,1,completed
O003063,C01009,2026-07-28T04:29:32Z,mobile,43.43,6,completed
O003064,C00734,2026-07-13T03:03:58Z,store,138.71,5,completed
O003065,C00988,2026-07-03T03:41:50Z,mobile,163.83,4,completed
O003066,C00711,2026-07-27T06:46:48Z,partner,116.85,3,completed
O003067,C00732,2026-07-05T20:19:04Z,partner,97.33,6,completed
O003068,C00291,2026-07-13T18:22:07Z,store,146.04,1,completed
O003069,C00537,2026-07-14T09:19:59Z,mobile,229.28,4,completed
O003070,C00140,2026-07-18T16:25:35Z,mobile,471.01,1,completed
O003071,C00488,2026-07-08T11:03:32Z,partner,116.20,6,completed
O003072,C00811,2026-07-28T01:10:28Z,web,487.39,4,completed
O003073,C00526,2026-07-13T16:51:38Z,store,435.29,3,completed
O003074,C00795,2026-07-26T10:03:53Z,web,219.77,3,completed
O003075,C00579,2026-07-09T19:13:42Z,partner,92.23,1,completed
O003076,C00531,2026-07-11T00:24:16Z,mobile,265.86,3,completed
O003077,C00409,2026-07-23T18:56:44Z,store,115.18,1,completed
O003078,C00648,2026-07-01T20:55:40Z,mobile,170.97,6,completed
O003079,C00496,2026-07-07T09:12:51Z,partner,34.40,5,completed
O003080,C00760,2026-07-18T00:26:25Z,partner,30.70,3,completed
O003081,C01039,2026-07-04T15:06:34Z,partner,273.89,2,completed
O003082,C01006,2026-07-02T02:33:45Z,partner,320.47,2,completed
O003083,C00059,2026-07-07T16:10:37Z,web,279.97,3,completed
O003084,C00264,2026-07-11T10:29:31Z,web,10.15,1,completed
O003085,C01087,2026-07-18T23:11:27Z,partner,101.65,6,completed
O003086,C00327,2026-07-19T14:40:54Z,store,370.74,1,refunded
O003087,C00053,2026-07-26T08:12:20Z,partner,298.81,2,completed
O003088,C00757,2026-07-01T16:30:31Z,store,16.37,2,completed
O003089,C01053,2026-07-20T20:14:35Z,partner,18.89,6,completed
O003090,C00945,2026-07-17T03:46:47Z,store,29.02,5,completed
O003091,C01050,2026-07-27T06:43:49Z,web,241.85,3,completed
O003092,C01028,2026-07-15T18:12:57Z,store,59.53,1,completed
O003093,C00306,2026-07-10T12:40:00Z,web,81.26,1,completed
O003094,C00058,2026-07-01T18:43:31Z,store,290.60,5,completed
O003095,C00583,2026-07-30T04:10:56Z,store,98.10,3,completed
O003096,C01087,2026-07-28T08:35:24Z,web,9.76,2,completed
O003097,C00431,2026-07-04T07:52:34Z,mobile,190.62,4,completed
O003098,C01170,2026-07-07T20:05:05Z,mobile,383.52,3,refunded
O003099,C01134,2026-07-01T09:24:48Z,web,151.43,5,completed
O003100,C00648,2026-07-09T17:53:15Z,store,292.71,5,refunded
O003101,C00474,2026-07-23T04:13:46Z,mobile,18.69,2,completed
O003102,C00206,2026-07-19T04:37:51Z,store,71.92,4,completed
O003103,C00326,2026-07-13T09:17:00Z,store,467.33,5,completed
O003104,C00341,2026-07-05T07:40:23Z,store,389.17,1,completed
O003105,C00464,2026-07-16T21:50:43Z,partner,124.54,2,completed
O003106,C01059,2026-07-28T00:17:42Z,web,160.40,1,completed
O003107,C00411,2026-07-21T16:05:09Z,partner,339.72,6,completed
O003108,C00495,2026-07-27T04:48:43Z,partner,341.94,2,completed
O003109,C00386,2026-07-27T00:43:52Z,partner,181.17,5,completed
O003110,C01008,2026-07-06T11:44:09Z,store,412.07,3,completed
O003111,C01018,2026-07-20T06:16:45Z,mobile,436.55,3,completed
O003112,C00761,2026-07-09T11:15:34Z,partner,212.12,2,completed
O003113,C00702,2026-07-01T12:30:18Z,web,41.55,3,refunded
O003114,C00700,2026-07-17T01:50:30Z,partner,488.96,3,completed
O003115,C00313,2026-07-25T20:37:54Z,store,32.10,5,refunded
O003116,C01017,2026-07-02T16:04:40Z,partner,92.63,6,completed
O003117,C00144,2026-07-22T08:16:24Z,partner,139.60,5,completed
O003118,C00210,2026-07-16T07:23:43Z,mobile,207.51,5,completed
O003119,C00065,2026-07-22T09:40:03Z,partner,415.24,3,completed
O003120,C00238,2026-07-06T07:37:00Z,web,304.97,5,completed
O003121,C00244,2026-07-21T08:22:50Z,mobile,78.14,6,completed
O003122,C00850,2026-07-01T05:42:01Z,store,202.84,5,completed
O003123,C00680,2026-07-03T20:53:38Z,mobile,79.04,1,completed
O003124,C00985,2026-07-11T14:10:48Z,store,322.14,6,completed
O003125,C01045,2026-07-01T20:47:19Z,partner,38.88,6,completed
O003126,C00098,2026-07-08T10:32:07Z,web,387.16,6,completed
O003127,C00144,2026-07-25T17:43:47Z,store,246.77,6,completed
O003128,C00178,2026-07-11T16:53:35Z,partner,498.03,5,completed
O003129,C00822,2026-07-31T07:40:53Z,web,195.87,3,completed
O003130,C00229,2026-07-02T15:36:56Z,web,74.58,6,completed
O003131,C00882,2026-07-05T15:05:41Z,store,252.62,1,completed
O003132,C00072,2026-07-20T07:44:27Z,web,201.44,1,completed
O003133,C00470,2026-07-26T22:42:27Z,web,97.66,6,completed
O003134,C00411,2026-07-31T11:39:09Z,store,398.17,5,completed
O003135,C00262,2026-07-03T07:33:02Z,partner,89.53,4,completed
O003136,C00904,2026-07-06T15:18:21Z,mobile,319.69,2,completed
O003137,C00882,2026-07-19T15:43:03Z,partner,367.85,3,completed
O003138,C00035,2026-07-26T09:46:27Z,mobile,34.66,1,completed
O003139,C00058,2026-07-12T22:54:56Z,web,99.10,6,completed
O003140,C00606,2026-07-24T15:00:01Z,web,203.87,2,completed
O003141,C00852,2026-07-07T20:43:37Z,partner,189.12,4,completed
O003142,C00843,2026-07-10T18:03:22Z,partner,146.29,3,completed
O003143,C00702,2026-07-05T12:47:08Z,web,80.11,2,completed
O003144,C00536,2026-07-19T19:48:32Z,store,318.37,1,completed
O003145,C00655,2026-07-27T04:13:29Z,mobile,457.07,3,completed
O003146,C01191,2026-07-25T10:57:54Z,store,351.17,6,completed
O003147,C00416,2026-07-08T20:08:33Z,partner,220.28,2,completed
O003148,C00690,2026-07-08T11:55:33Z,partner,487.49,5,refunded
O003149,C01152,2026-07-23T23:27:37Z,web,102.77,3,refunded
O003150,C00193,2026-07-04T23:19:57Z,mobile,97.48,2,completed
O003151,C00422,2026-07-22T11:19:28Z,partner,82.52,4,completed
O003152,C01165,2026-07-17T21:22:53Z,store,174.25,2,completed
O003153,C00918,2026-07-16T11:46:55Z,store,162.07,2,completed
O003154,C00529,2026-07-10T13:56:30Z,store,366.39,1,completed
O003155,C00422,2026-07-05T01:07:56Z,mobile,147.55,3,completed
O003156,C01016,2026-07-25T18:13:37Z,partner,231.42,4,completed
O003157,C00470,2026-07-27T01:53:03Z,partner,77.59,4,completed
O003158,C00650,2026-07-08T10:12:12Z,partner,349.29,2,completed
O003159,C00576,2026-07-03T10:05:58Z,mobile,112.68,5,completed
O003160,C01163,2026-07-16T11:15:08Z,store,140.08,1,completed
O003161,C00795,2026-07-07T06:18:16Z,mobile,33.84,2,completed
O003162,C00472,2026-07-09T23:04:00Z,partner,436.44,4,completed
O003163,C00720,2026-07-02T14:30:56Z,web,107.21,3,completed
O003164,C00559,2026-07-02T22:29:41Z,partner,373.46,5,completed
O003165,C00623,2026-07-08T15:47:08Z,mobile,357.88,4,completed
O003166,C00737,2026-07-05T05:37:46Z,mobile,303.97,1,completed
O003167,C01040,2026-07-12T09:43:44Z,partner,135.92,4,refunded
O003168,C01040,2026-07-01T10:17:01Z,mobile,263.11,3,completed
O003169,C00351,2026-07-27T09:56:01Z,store,61.11,4,completed
O003170,C00336,2026-07-26T23:26:06Z,mobile,283.79,6,completed
O003171,C01063,2026-07-20T17:38:16Z,store,306.65,5,completed
O003172,C00337,2026-07-10T09:42:10Z,store,220.41,2,completed
O003173,C00649,2026-07-16T15:16:46Z,mobile,341.59,6,completed
O003174,C00750,2026-07-09T20:54:25Z,mobile,159.44,6,completed
O003175,C00353,2026-07-10T18:34:24Z,store,157.75,2,completed
O003176,C00539,2026-07-30T09:20:24Z,mobile,301.34,3,completed
O003177,C00707,2026-07-12T12:29:55Z,web,80.33,5,completed
O003178,C00344,2026-07-15T21:08:33Z,partner,385.04,6,refunded
O003179,C00236,2026-07-20T14:18:29Z,partner,395.40,6,completed
O003180,C00889,2026-07-18T23:01:40Z,partner,365.48,1,completed
O003181,C00780,2026-07-07T04:34:32Z,store,464.74,1,completed
O003182,C00198,2026-07-27T21:15:27Z,web,65.44,4,completed
O003183,C00665,2026-07-03T07:03:38Z,web,495.28,5,completed
O003184,C00047,2026-07-07T02:31:24Z,web,115.49,1,completed
O003185,C00170,2026-07-22T09:44:01Z,store,98.19,4,completed
O003186,C00857,2026-07-12T02:20:52Z,store,438.90,4,refunded
O003187,C01071,2026-07-03T20:47:32Z,mobile,466.36,5,completed
O003188,C00049,2026-07-01T10:18:22Z,web,476.64,2,completed
O003189,C00595,2026-07-10T13:07:00Z,partner,326.47,4,completed
O003190,C00908,2026-07-16T10:42:07Z,store,460.77,4,completed
O003191,C01185,2026-07-15T18:43:58Z,web,39.78,1,completed
O003192,C00010,2026-07-18T00:43:56Z,web,84.89,1,completed
O003193,C00976,2026-07-07T04:52:55Z,store,146.24,6,completed
O003194,C00564,2026-07-14T08:33:21Z,partner,163.54,4,refunded
O003195,C00007,2026-07-15T23:12:28Z,web,395.77,1,completed
O003196,C01116,2026-07-11T05:00:44Z,store,12.82,1,completed
O003197,C00448,2026-07-19T23:25:10Z,mobile,201.54,3,completed
O003198,C00702,2026-07-16T07:41:55Z,store,397.05,6,completed
O003199,C01184,2026-07-20T05:07:56Z,partner,24.70,6,completed
O003200,C00428,2026-07-31T03:04:33Z,partner,458.32,3,completed
O003201,C00478,2026-07-08T14:52:34Z,store,468.25,1,completed
O003202,C00079,2026-07-03T10:55:47Z,partner,146.09,4,completed
O003203,C00290,2026-07-13T07:03:44Z,mobile,358.68,1,completed
O003204,C00771,2026-07-17T23:57:41Z,partner,319.69,1,completed
O003205,C00535,2026-07-15T14:42:16Z,store,304.07,4,completed
O003206,C00165,2026-07-01T04:08:19Z,store,14.22,3,completed
O003207,C01145,2026-07-21T10:22:59Z,store,476.00,5,completed
O003208,C00659,2026-07-06T22:13:01Z,mobile,107.54,1,completed
O003209,C00148,2026-07-31T01:13:57Z,partner,343.83,6,completed
O003210,C00562,2026-07-24T14:36:49Z,partner,110.01,5,completed
O003211,C00147,2026-07-09T23:45:23Z,store,269.09,3,completed
O003212,C00302,2026-07-23T02:56:30Z,partner,483.94,3,completed
O003213,C00918,2026-07-04T19:20:31Z,partner,34.68,1,completed
O003214,C00483,2026-07-25T23:11:29Z,partner,195.30,2,completed
O003215,C00595,2026-07-21T16:24:13Z,mobile,108.89,5,completed
O003216,C00716,2026-07-17T18:51:40Z,mobile,33.51,2,completed
O003217,C00246,2026-07-16T10:18:39Z,mobile,364.60,1,refunded
O003218,C00769,2026-07-24T20:14:45Z,store,44.10,1,completed
O003219,C01073,2026-07-09T06:22:17Z,store,30.96,4,completed
O003220,C00099,2026-07-13T23:52:41Z,store,341.63,5,completed
O003221,C00548,2026-07-25T10:14:32Z,web,486.53,2,completed
O003222,C00698,2026-07-09T11:08:33Z,store,167.96,3,completed
O003223,C00447,2026-07-21T18:13:01Z,mobile,88.30,3,completed
O003224,C00827,2026-07-04T08:59:40Z,partner,202.92,2,completed
O003225,C00806,2026-07-10T05:11:14Z,web,441.62,5,completed
O003226,C00653,2026-07-13T08:49:49Z,partner,167.16,4,completed
O003227,C00211,2026-07-15T06:19:15Z,mobile,304.11,2,completed
O003228,C00968,2026-07-22T02:20:53Z,partner,494.69,6,completed
O003229,C00306,2026-07-07T19:03:57Z,mobile,480.49,3,completed
O003230,C00094,2026-07-05T23:47:33Z,store,416.21,5,refunded
O003231,C00160,2026-07-13T04:43:08Z,web,366.32,4,completed
O003232,C00578,2026-07-14T04:23:22Z,mobile,443.33,1,completed
O003233,C01071,2026-07-16T19:41:54Z,store,222.32,1,completed
O003234,C01180,2026-07-24T12:06:57Z,web,348.55,2,completed
O003235,C00870,2026-07-23T09:06:49Z,partner,461.59,1,completed
O003236,C01003,2026-07-20T01:27:11Z,partner,360.13,3,completed
O003237,C01169,2026-07-02T03:32:08Z,mobile,98.28,5,completed
O003238,C00964,2026-07-29T21:24:51Z,mobile,177.73,6,completed
O003239,C00507,2026-07-18T05:04:32Z,store,69.12,5,completed
O003240,C00059,2026-07-20T10:18:01Z,mobile,20.45,3,completed
O003241,C00682,2026-07-23T03:57:32Z,web,116.69,6,completed
O003242,C00029,2026-07-29T19:55:31Z,mobile,201.19,5,refunded
O003243,C00982,2026-07-27T09:49:28Z,store,35.11,6,completed
O003244,C00396,2026-07-24T11:35:42Z,web,13.19,1,completed
O003245,C00990,2026-07-02T12:40:20Z,mobile,15.00,1,completed
O003246,C00736,2026-07-19T05:00:48Z,store,433.14,1,refunded
O003247,C00337,2026-07-27T21:55:38Z,partner,144.52,6,completed
O003248,C00702,2026-07-18T17:40:09Z,store,358.57,5,completed
O003249,C00634,2026-07-10T17:51:16Z,mobile,195.00,3,completed
O003250,C00533,2026-07-10T00:12:47Z,web,467.05,5,completed
O003251,C00391,2026-07-27T07:09:48Z,mobile,435.74,2,completed
O003252,C00088,2026-07-19T14:19:58Z,mobile,30.27,3,completed
O003253,C00713,2026-07-25T13:57:54Z,partner,385.99,4,completed
O003254,C00847,2026-07-19T16:03:42Z,store,99.70,1,completed
O003255,C00484,2026-07-14T06:25:57Z,store,226.87,1,completed
O003256,C00478,2026-07-19T10:08:50Z,partner,136.85,2,completed
O003257,C00531,2026-07-19T19:42:55Z,mobile,477.69,5,completed
O003258,C00012,2026-07-16T13:49:12Z,store,168.12,4,completed
O003259,C00608,2026-07-28T08:32:40Z,store,276.36,5,completed
O003260,C00558,2026-07-20T05:15:42Z,web,427.34,3,completed
O003261,C00062,2026-07-31T03:35:28Z,partner,300.31,4,completed
O003262,C01022,2026-07-28T17:00:29Z,web,453.57,5,completed
O003263,C00371,2026-07-11T02:27:39Z,store,438.24,5,completed
O003264,C00687,2026-07-03T16:02:09Z,partner,11.63,2,completed
O003265,C00603,2026-07-28T14:37:05Z,web,430.11,2,completed
O003266,C00594,2026-07-23T06:13:02Z,web,231.96,2,refunded
O003267,C00093,2026-07-27T03:11:44Z,partner,282.57,6,completed
O003268,C00468,2026-07-27T09:43:48Z,web,376.26,5,completed
O003269,C01052,2026-07-09T18:05:02Z,partner,30.89,1,completed
O003270,C00971,2026-07-15T08:06:26Z,store,148.60,3,completed
O003271,C01001,2026-07-07T05:59:05Z,store,177.61,2,completed
O003272,C00423,2026-07-09T16:47:04Z,store,360.06,1,completed
O003273,C00523,2026-07-11T15:02:50Z,partner,457.23,4,completed
O003274,C00907,2026-07-16T00:47:35Z,store,418.60,3,completed
O003275,C01060,2026-07-10T03:45:14Z,partner,101.50,3,completed
O003276,C00476,2026-07-27T05:31:43Z,partner,225.08,5,completed
O003277,C00485,2026-07-21T18:30:20Z,web,496.22,6,refunded
O003278,C00018,2026-07-19T00:48:43Z,web,11.09,2,completed
O003279,C01008,2026-07-10T10:16:41Z,store,105.31,5,completed
O003280,C00476,2026-07-26T03:33:00Z,store,330.87,2,refunded
O003281,C00001,2026-07-02T14:07:46Z,store,399.46,5,completed
O003282,C00084,2026-07-27T22:34:07Z,partner,200.00,2,completed
O003283,C00266,2026-07-04T10:55:05Z,store,253.94,5,completed
O003284,C01188,2026-07-30T19:53:57Z,web,201.26,6,completed
O003285,C00100,2026-07-23T09:33:23Z,partner,447.09,3,completed
O003286,C00586,2026-07-23T23:28:29Z,web,216.24,6,completed
O003287,C00282,2026-07-07T05:53:29Z,mobile,321.22,6,completed
O003288,C00196,2026-07-05T18:11:48Z,partner,159.99,4,completed
O003289,C00406,2026-07-13T00:34:01Z,web,18.97,6,refunded
O003290,C00258,2026-07-17T21:33:53Z,store,400.77,1,completed
O003291,C00116,2026-07-27T04:29:24Z,web,358.62,5,completed
O003292,C00887,2026-07-26T15:48:32Z,web,342.36,6,completed
O003293,C00243,2026-07-22T21:13:57Z,store,37.13,3,refunded
O003294,C00563,2026-07-31T02:48:06Z,store,37.95,1,completed
O003295,C00700,2026-07-21T19:50:21Z,store,491.69,6,completed
O003296,C00326,2026-07-09T02:39:52Z,mobile,270.19,5,completed
O003297,C00969,2026-07-03T00:12:10Z,partner,364.37,3,completed
O003298,C00106,2026-07-12T22:09:06Z,mobile,461.29,6,completed
O003299,C00522,2026-07-30T14:46:22Z,mobile,462.04,6,completed
O003300,C00711,2026-07-26T03:04:10Z,partner,418.33,2,completed
O003301,C01132,2026-07-04T17:14:26Z,mobile,311.52,5,completed
O003302,C00535,2026-07-27T03:24:03Z,store,5.04,1,completed
O003303,C00952,2026-07-19T06:41:23Z,web,370.68,5,completed
O003304,C00025,2026-07-18T23:11:07Z,partner,479.51,2,completed
O003305,C00527,2026-07-08T13:36:23Z,partner,244.91,5,completed
O003306,C00366,2026-07-29T22:16:27Z,web,387.60,1,completed
O003307,C00726,2026-07-15T17:45:51Z,partner,235.64,3,completed
O003308,C00446,2026-07-26T16:04:27Z,web,321.44,4,completed
O003309,C01175,2026-07-26T10:34:28Z,mobile,137.51,3,completed
O003310,C00335,2026-07-14T01:32:01Z,mobile,219.00,3,completed
O003311,C00667,2026-07-03T18:50:28Z,mobile,280.09,6,refunded
O003312,C00399,2026-07-07T14:16:03Z,web,107.14,4,completed
O003313,C00232,2026-07-06T06:08:55Z,web,190.02,4,completed
O003314,C00794,2026-07-08T10:34:17Z,web,189.86,5,completed
O003315,C00392,2026-07-16T14:36:20Z,store,481.80,1,completed
O003316,C00672,2026-07-25T00:49:48Z,web,202.60,6,completed
O003317,C01193,2026-07-19T09:38:31Z,mobile,494.79,1,completed
O003318,C00979,2026-07-06T17:24:40Z,web,317.65,3,completed
O003319,C00990,2026-07-25T02:56:57Z,partner,236.73,6,completed
O003320,C00540,2026-07-24T01:01:04Z,partner,141.54,6,completed
O003321,C00222,2026-07-06T12:31:49Z,store,163.17,1,completed
O003322,C00751,2026-07-22T08:38:45Z,store,377.55,4,completed
O003323,C00824,2026-07-18T07:51:44Z,store,432.09,6,completed
O003324,C00022,2026-07-18T10:01:16Z,partner,207.28,4,refunded
O003325,C00421,2026-07-15T08:43:56Z,partner,55.11,6,completed
O003326,C00986,2026-07-03T11:35:07Z,store,328.64,4,completed
O003327,C00972,2026-07-08T00:59:03Z,partner,471.44,6,completed
O003328,C00597,2026-07-01T01:20:03Z,web,162.84,2,completed
O003329,C00921,2026-07-07T17:19:52Z,store,353.59,2,completed
O003330,C01021,2026-07-15T16:11:32Z,mobile,461.08,6,completed
O003331,C00850,2026-07-07T02:41:32Z,partner,406.39,4,completed
O003332,C00964,2026-07-26T15:43:28Z,store,404.78,1,completed
O003333,C00098,2026-07-25T06:09:29Z,store,288.37,6,completed
O003334,C00885,2026-07-11T00:14:23Z,mobile,107.39,6,completed
O003335,C00017,2026-07-22T08:16:40Z,mobile,492.49,2,completed
O003336,C00547,2026-07-24T07:08:19Z,web,319.89,2,completed
O003337,C00486,2026-07-24T00:01:15Z,store,298.39,5,completed
O003338,C00826,2026-07-25T20:09:07Z,store,24.97,6,completed
O003339,C00637,2026-07-28T03:37:48Z,partner,455.91,1,completed
O003340,C01198,2026-07-17T04:43:19Z,partner,293.27,4,completed
O003341,C00114,2026-07-12T01:54:42Z,mobile,288.24,5,completed
O003342,C00572,2026-07-01T12:41:38Z,store,453.31,2,completed
O003343,C00701,2026-07-27T03:38:06Z,partner,129.68,4,completed
O003344,C01190,2026-07-05T03:48:14Z,store,208.77,6,completed
O003345,C00337,2026-07-15T05:14:45Z,web,465.05,6,completed
O003346,C00352,2026-07-30T07:25:33Z,web,471.74,1,refunded
O003347,C00292,2026-07-20T20:58:43Z,mobile,233.84,6,completed
O003348,C00598,2026-07-11T12:19:47Z,web,362.85,6,completed
O003349,C00903,2026-07-16T13:29:30Z,web,340.83,2,completed
O003350,C00470,2026-07-25T04:11:57Z,mobile,454.65,5,completed
O003351,C00295,2026-07-09T17:14:04Z,mobile,58.57,1,completed
O003352,C00876,2026-07-14T09:12:08Z,store,320.53,6,completed
O003353,C00761,2026-07-07T18:53:11Z,store,422.07,4,completed
O003354,C00301,2026-07-13T19:21:58Z,store,17.85,5,completed
O003355,C00719,2026-07-08T15:13:08Z,partner,266.49,2,completed
O003356,C00756,2026-07-08T19:06:03Z,partner,96.07,4,refunded
O003357,C00891,2026-07-03T07:58:53Z,web,487.04,3,completed
O003358,C00401,2026-07-10T16:44:45Z,mobile,25.65,3,refunded
O003359,C00735,2026-07-09T02:40:31Z,web,189.89,5,completed
O003360,C00246,2026-07-03T06:52:53Z,store,20.26,5,completed
O003361,C00101,2026-07-03T23:25:40Z,mobile,403.94,4,completed
O003362,C00859,2026-07-14T17:21:58Z,web,460.10,5,completed
O003363,C00519,2026-07-26T01:49:40Z,web,128.63,6,completed
O003364,C00023,2026-07-06T21:59:06Z,mobile,241.03,2,completed
O003365,C00025,2026-07-26T14:23:01Z,store,332.08,4,refunded
O003366,C00763,2026-07-18T13:28:46Z,store,76.16,2,completed
O003367,C00226,2026-07-03T08:35:29Z,web,41.84,4,refunded
O003368,C00698,2026-07-26T19:17:13Z,web,237.63,3,completed
O003369,C00392,2026-07-22T01:57:54Z,web,139.76,6,completed
O003370,C00371,2026-07-28T02:40:50Z,store,87.95,6,completed
O003371,C01113,2026-07-12T22:24:39Z,store,37.71,4,completed
O003372,C00815,2026-07-04T01:07:01Z,mobile,197.70,1,completed
O003373,C01198,2026-07-02T02:18:42Z,mobile,221.55,3,completed
O003374,C00843,2026-07-13T02:16:38Z,web,70.67,5,completed
O003375,C00450,2026-07-15T11:28:16Z,mobile,107.45,3,completed
O003376,C01074,2026-07-23T09:40:33Z,mobile,369.05,2,completed
O003377,C00754,2026-07-25T19:34:47Z,store,411.63,5,completed
O003378,C00297,2026-07-05T14:13:12Z,store,109.81,3,completed
O003379,C00444,2026-07-02T07:32:09Z,web,403.91,6,completed
O003380,C00704,2026-07-27T20:05:20Z,web,282.88,3,completed
O003381,C00641,2026-07-23T07:13:56Z,web,101.30,5,completed
O003382,C00353,2026-07-25T12:08:09Z,mobile,62.97,6,completed
O003383,C01082,2026-07-16T18:19:52Z,web,223.08,3,refunded
O003384,C00003,2026-07-12T17:41:50Z,store,81.56,5,completed
O003385,C00042,2026-07-28T14:03:58Z,mobile,266.92,6,completed
O003386,C01192,2026-07-29T02:51:40Z,web,113.75,1,completed
O003387,C00410,2026-07-03T20:44:16Z,web,172.56,4,refunded
O003388,C00380,2026-07-05T12:57:04Z,store,376.73,5,completed
O003389,C01029,2026-07-10T22:59:17Z,store,311.10,5,completed
O003390,C00390,2026-07-31T21:58:45Z,store,183.54,3,completed
O003391,C00419,2026-07-12T22:09:03Z,mobile,230.93,2,completed
O003392,C00780,2026-07-09T22:52:00Z,partner,235.10,6,completed
O003393,C00723,2026-07-01T03:58:48Z,mobile,331.70,2,completed
O003394,C00154,2026-07-01T19:58:48Z,store,97.69,6,completed
O003395,C00339,2026-07-23T21:30:10Z,store,355.78,1,completed
O003396,C00534,2026-07-24T20:13:00Z,mobile,97.86,3,refunded
O003397,C00830,2026-07-22T11:12:48Z,mobile,394.99,6,completed
O003398,C00498,2026-07-09T22:49:06Z,mobile,213.23,6,completed
O003399,C00652,2026-07-13T20:07:57Z,partner,221.08,1,completed
O003400,C00907,2026-07-25T19:16:26Z,store,19.50,5,completed
O003401,C00606,2026-07-04T03:41:34Z,web,444.25,5,completed
O003402,C00229,2026-07-11T05:37:52Z,partner,259.94,3,completed
O003403,C00197,2026-07-14T05:53:10Z,store,266.78,1,completed
O003404,C00326,2026-07-30T17:07:45Z,mobile,228.48,5,completed
O003405,C00031,2026-07-28T13:31:59Z,web,420.55,2,completed
O003406,C00400,2026-07-20T03:11:08Z,store,52.43,4,completed
O003407,C00945,2026-07-18T06:19:08Z,partner,256.15,1,completed
O003408,C00395,2026-07-12T15:14:33Z,mobile,371.10,2,completed
O003409,C00303,2026-07-26T00:26:00Z,store,105.23,1,completed
O003410,C00946,2026-07-20T00:07:04Z,partner,419.66,6,completed
O003411,C00014,2026-07-19T03:09:07Z,mobile,291.47,6,completed
O003412,C00590,2026-07-24T20:01:15Z,store,22.64,6,completed
O003413,C01078,2026-07-06T21:50:08Z,mobile,499.68,4,completed
O003414,C00603,2026-07-14T20:22:03Z,store,42.71,3,completed
O003415,C00027,2026-07-08T17:52:20Z,mobile,219.85,4,completed
O003416,C00833,2026-07-11T01:58:29Z,mobile,142.86,4,completed
O003417,C00488,2026-07-21T23:18:05Z,partner,473.23,3,refunded
O003418,C01103,2026-07-24T02:33:48Z,store,55.69,2,completed
O003419,C00548,2026-07-10T22:23:24Z,store,229.24,5,completed
O003420,C00203,2026-07-14T09:13:18Z,mobile,85.35,5,completed
O003421,C00561,2026-07-14T02:17:13Z,mobile,110.20,1,refunded
O003422,C00766,2026-07-18T21:33:27Z,mobile,219.89,4,completed
O003423,C00942,2026-07-26T13:20:13Z,store,487.53,2,completed
O003424,C01181,2026-07-02T12:10:09Z,mobile,47.37,3,completed
O003425,C00023,2026-07-20T09:29:24Z,web,84.16,2,completed
O003426,C01142,2026-07-06T13:44:51Z,partner,493.03,2,completed
O003427,C00625,2026-07-16T19:23:52Z,partner,86.96,3,completed
O003428,C00504,2026-07-04T15:05:10Z,web,148.66,2,completed
O003429,C00063,2026-07-19T02:05:58Z,mobile,30.32,6,completed
O003430,C00748,2026-07-07T09:10:12Z,web,46.20,4,completed
O003431,C00117,2026-07-27T11:22:00Z,web,417.92,2,completed
O003432,C00335,2026-07-18T11:59:34Z,web,178.80,2,refunded
O003433,C00424,2026-07-19T14:40:06Z,web,480.27,3,completed
O003434,C00420,2026-07-27T10:09:39Z,web,201.92,4,completed
O003435,C01106,2026-07-14T13:49:09Z,store,324.07,1,completed
O003436,C00021,2026-07-25T01:58:45Z,web,388.20,1,completed
O003437,C00985,2026-07-08T21:27:57Z,partner,354.05,2,completed
O003438,C00961,2026-07-28T23:48:16Z,partner,401.08,4,completed
O003439,C00133,2026-07-30T00:39:45Z,store,324.29,6,completed
O003440,C00506,2026-07-17T06:41:13Z,partner,369.84,6,completed
O003441,C00208,2026-07-14T01:28:49Z,web,485.18,5,completed
O003442,C00169,2026-07-15T04:57:15Z,mobile,379.51,6,refunded
O003443,C00077,2026-07-13T17:04:26Z,store,413.80,4,refunded
O003444,C00584,2026-07-24T15:54:17Z,partner,146.59,5,completed
O003445,C00599,2026-07-08T14:15:26Z,partner,451.91,4,completed
O003446,C00341,2026-07-21T09:01:25Z,mobile,192.43,3,completed
O003447,C00907,2026-07-11T04:57:48Z,partner,300.78,3,completed
O003448,C01123,2026-07-17T10:05:30Z,mobile,368.41,6,completed
O003449,C00260,2026-07-08T12:07:50Z,web,228.90,3,completed
O003450,C00975,2026-07-23T01:51:25Z,store,227.68,1,completed
O003451,C01095,2026-07-30T11:17:49Z,store,307.34,2,completed
O003452,C00397,2026-07-05T15:52:18Z,web,189.51,2,completed
O003453,C00600,2026-07-20T06:13:50Z,mobile,216.65,6,completed
O003454,C00178,2026-07-14T10:42:36Z,partner,309.80,1,completed
O003455,C00188,2026-07-03T19:20:21Z,store,307.27,2,completed
O003456,C00335,2026-07-30T01:42:28Z,web,141.49,3,completed
O003457,C00950,2026-07-14T13:21:17Z,partner,350.93,1,completed
O003458,C00260,2026-07-20T11:40:48Z,mobile,79.10,5,completed
O003459,C00242,2026-07-15T05:32:47Z,partner,32.30,1,completed
O003460,C00890,2026-07-14T19:13:48Z,web,485.19,1,completed
O003461,C00634,2026-07-17T10:44:50Z,partner,268.44,4,completed
O003462,C00101,2026-07-06T08:26:51Z,mobile,54.04,2,completed
O003463,C00534,2026-07-29T22:22:28Z,store,63.17,5,completed
O003464,C00925,2026-07-26T07:27:48Z,mobile,152.89,2,completed
O003465,C00536,2026-07-22T20:07:22Z,store,364.68,1,refunded
O003466,C00955,2026-07-31T09:41:49Z,mobile,289.10,3,completed
O003467,C00560,2026-07-30T06:10:20Z,mobile,349.24,4,completed
O003468,C00792,2026-07-21T06:12:46Z,mobile,332.56,1,completed
O003469,C00633,2026-07-04T06:32:02Z,mobile,302.19,1,refunded
O003470,C00756,2026-07-04T08:03:48Z,mobile,482.25,1,completed
O003471,C00398,2026-07-13T09:27:35Z,store,279.82,3,completed
O003472,C00613,2026-07-02T15:37:31Z,partner,372.80,1,completed
O003473,C00331,2026-07-09T03:30:16Z,web,248.84,4,completed
O003474,C00021,2026-07-06T22:34:09Z,mobile,275.73,6,completed
O003475,C01034,2026-07-19T17:58:34Z,mobile,211.32,3,completed
O003476,C01118,2026-07-31T21:31:19Z,web,447.67,2,completed
O003477,C00457,2026-07-14T04:24:12Z,mobile,19.10,5,completed
O003478,C00675,2026-07-16T16:05:24Z,store,242.40,3,completed
O003479,C00997,2026-07-06T00:49:56Z,partner,95.49,4,completed
O003480,C00517,2026-07-11T13:17:11Z,web,329.69,5,completed
O003481,C00032,2026-07-09T21:02:02Z,partner,405.05,5,completed
O003482,C00761,2026-07-27T14:35:39Z,mobile,176.65,6,completed
O003483,C00494,2026-07-19T17:09:18Z,store,481.34,2,completed
O003484,C00901,2026-07-30T08:39:37Z,partner,100.80,3,completed
O003485,C00227,2026-07-29T21:31:37Z,mobile,478.55,5,completed
O003486,C00867,2026-07-06T09:09:57Z,store,26.71,4,completed
O003487,C00014,2026-07-31T06:56:04Z,store,111.52,1,completed
O003488,C00179,2026-07-22T13:49:55Z,store,114.39,6,completed
O003489,C00124,2026-07-23T12:05:20Z,store,128.52,1,completed
O003490,C00833,2026-07-09T09:19:06Z,store,327.40,4,refunded
O003491,C00776,2026-07-06T04:21:59Z,mobile,226.44,4,completed
O003492,C00532,2026-07-15T23:02:13Z,partner,33.88,4,completed
O003493,C00516,2026-07-20T03:01:08Z,store,66.87,1,completed
O003494,C00398,2026-07-23T03:46:59Z,mobile,66.39,5,completed
O003495,C00394,2026-07-14T13:17:41Z,web,294.35,3,completed
O003496,C01148,2026-07-11T22:08:43Z,partner,411.18,4,completed
O003497,C00291,2026-07-10T21:19:50Z,mobile,410.68,6,completed
O003498,C00402,2026-07-11T15:23:41Z,partner,205.78,4,completed
O003499,C00467,2026-07-28T18:05:21Z,web,74.90,3,completed
O003500,C00965,2026-07-31T16:32:54Z,partner,317.37,3,completed
O003501,C00845,2026-07-21T04:58:08Z,web,436.88,5,completed
O003502,C00599,2026-07-03T13:09:29Z,store,134.45,2,completed
O003503,C00526,2026-07-29T01:57:49Z,partner,247.30,2,completed
O003504,C00528,2026-07-13T19:27:23Z,mobile,251.23,6,completed
O003505,C00932,2026-07-21T04:11:06Z,partner,205.06,5,completed
O003506,C00282,2026-07-28T05:34:11Z,mobile,205.99,2,completed
O003507,C00200,2026-07-11T01:10:59Z,partner,127.17,6,completed
O003508,C00859,2026-07-09T20:56:20Z,mobile,276.96,2,completed
O003509,C00354,2026-07-02T04:03:23Z,store,179.10,6,completed
O003510,C00087,2026-07-14T17:47:07Z,mobile,319.73,4,completed
O003511,C00404,2026-07-31T16:00:35Z,store,239.80,5,completed
O003512,C01113,2026-07-19T15:34:53Z,store,316.23,1,completed
O003513,C00993,2026-07-31T00:40:52Z,web,35.47,2,completed
O003514,C01097,2026-07-25T13:02:56Z,partner,15.12,1,refunded
O003515,C00747,2026-07-27T01:12:51Z,partner,493.87,3,completed
O003516,C00825,2026-07-01T00:49:51Z,partner,482.54,4,completed
O003517,C00866,2026-07-05T08:27:31Z,partner,152.21,3,completed
O003518,C00627,2026-07-05T16:19:43Z,mobile,273.83,5,completed
O003519,C00838,2026-07-04T05:34:17Z,store,224.43,1,completed
O003520,C00351,2026-07-22T07:03:02Z,partner,397.25,2,completed
O003521,C00022,2026-07-01T14:24:51Z,mobile,5.88,3,completed
O003522,C00408,2026-07-07T03:19:31Z,web,420.16,4,completed
O003523,C00242,2026-07-07T18:26:28Z,mobile,343.71,2,completed
O003524,C00804,2026-07-10T08:16:58Z,store,177.42,2,completed
O003525,C00528,2026-07-12T00:07:24Z,store,313.09,6,completed
O003526,C00764,2026-07-06T10:36:07Z,store,79.04,6,completed
O003527,C00621,2026-07-31T03:02:29Z,partner,79.23,4,completed
O003528,C00330,2026-07-15T09:12:49Z,mobile,46.40,6,completed
O003529,C00857,2026-07-14T02:24:30Z,store,424.52,4,completed
O003530,C00419,2026-07-26T18:22:51Z,mobile,446.39,5,completed
O003531,C00702,2026-07-22T04:54:40Z,partner,384.61,1,completed
O003532,C00407,2026-07-29T00:13:01Z,mobile,189.41,5,completed
O003533,C00896,2026-07-18T16:08:36Z,mobile,264.21,1,completed
O003534,C00289,2026-07-13T19:22:43Z,mobile,468.23,6,completed
O003535,C00955,2026-07-19T00:45:44Z,partner,61.24,2,completed
O003536,C00033,2026-07-08T14:53:10Z,mobile,194.16,6,refunded
O003537,C00295,2026-07-03T10:37:11Z,partner,351.41,4,completed
O003538,C00653,2026-07-12T08:15:52Z,store,320.77,5,completed
O003539,C00648,2026-07-29T09:58:40Z,mobile,319.70,2,completed
O003540,C01171,2026-07-17T03:24:40Z,web,214.50,5,completed
O003541,C00948,2026-07-15T18:10:35Z,mobile,224.33,5,completed
O003542,C01200,2026-07-24T11:15:45Z,partner,216.14,4,completed
O003543,C00451,2026-07-20T08:34:22Z,web,25.08,5,completed
O003544,C00471,2026-07-21T14:48:10Z,store,201.37,4,completed
O003545,C00410,2026-07-07T07:15:24Z,web,456.97,3,completed
O003546,C00436,2026-07-06T09:11:07Z,store,346.26,2,completed
O003547,C00786,2026-07-26T01:19:42Z,web,66.91,3,completed
O003548,C00795,2026-07-04T05:31:46Z,web,279.56,2,completed
O003549,C00322,2026-07-07T07:19:45Z,store,82.89,4,completed
O003550,C00423,2026-07-08T10:21:02Z,web,103.56,3,completed
O003551,C00572,2026-07-16T20:05:38Z,partner,247.86,6,completed
O003552,C00815,2026-07-15T23:24:15Z,web,444.32,1,completed
O003553,C00361,2026-07-12T06:28:58Z,store,486.15,1,completed
O003554,C00229,2026-07-19T00:39:53Z,mobile,343.64,2,completed
O003555,C00870,2026-07-29T17:24:47Z,partner,261.27,6,completed
O003556,C00669,2026-07-16T22:46:07Z,web,433.04,6,refunded
O003557,C00559,2026-07-10T09:08:57Z,mobile,266.18,1,completed
O003558,C00211,2026-07-11T03:43:30Z,partner,489.40,5,completed
O003559,C00862,2026-07-29T03:56:56Z,mobile,65.61,3,completed
O003560,C01176,2026-07-28T14:08:52Z,store,170.66,1,refunded
O003561,C00669,2026-07-22T09:45:24Z,store,212.44,3,completed
O003562,C00793,2026-07-21T03:25:37Z,store,184.74,2,completed
O003563,C00390,2026-07-19T16:57:27Z,partner,149.33,4,completed
O003564,C00921,2026-07-06T00:26:52Z,web,429.10,5,completed
O003565,C00016,2026-07-15T18:23:00Z,web,146.80,1,completed
O003566,C00892,2026-07-13T14:01:01Z,partner,473.84,6,completed
O003567,C00503,2026-07-22T16:29:20Z,store,413.55,2,completed
O003568,C00038,2026-07-05T22:23:49Z,partner,404.34,1,completed
O003569,C00891,2026-07-21T22:14:08Z,web,284.12,2,completed
O003570,C00236,2026-07-05T03:21:51Z,mobile,187.65,5,completed
O003571,C00939,2026-07-10T19:44:38Z,store,173.38,2,completed
O003572,C00911,2026-07-23T03:58:24Z,web,244.04,1,completed
O003573,C00993,2026-07-15T04:58:47Z,partner,293.56,3,completed
O003574,C01091,2026-07-30T09:54:54Z,web,413.01,5,completed
O003575,C01017,2026-07-31T15:31:19Z,store,380.46,6,completed
O003576,C00493,2026-07-11T04:47:17Z,mobile,269.88,3,completed
O003577,C00774,2026-07-05T06:34:55Z,web,122.56,3,completed
O003578,C01159,2026-07-15T02:00:52Z,mobile,228.89,1,completed
O003579,C01137,2026-07-09T01:19:38Z,store,191.65,1,completed
O003580,C00187,2026-07-27T05:06:52Z,partner,22.24,2,completed
O003581,C00527,2026-07-13T02:05:07Z,mobile,5.00,3,completed
O003582,C01083,2026-07-04T14:53:02Z,web,37.37,3,completed
O003583,C00602,2026-07-13T12:40:20Z,store,345.39,6,completed
O003584,C00342,2026-07-16T10:11:12Z,web,459.26,2,completed
O003585,C00183,2026-07-31T20:13:21Z,mobile,44.45,3,completed
O003586,C00700,2026-07-25T05:07:17Z,mobile,492.75,5,completed
O003587,C00137,2026-07-18T03:06:34Z,store,404.70,5,completed
O003588,C00554,2026-07-23T23:09:36Z,mobile,246.00,5,completed
O003589,C00320,2026-07-07T05:32:22Z,partner,348.99,1,completed
O003590,C00986,2026-07-25T22:04:37Z,web,319.68,1,completed
O003591,C00467,2026-07-25T17:14:32Z,mobile,322.20,2,completed
O003592,C00047,2026-07-27T23:24:59Z,web,208.06,1,completed
O003593,C01143,2026-07-08T06:33:17Z,partner,33.04,1,completed
O003594,C00849,2026-07-18T08:56:46Z,store,36.84,4,completed
O003595,C01079,2026-07-20T05:16:33Z,store,159.09,2,completed
O003596,C00793,2026-07-08T16:49:15Z,web,190.51,2,completed
O003597,C00690,2026-07-02T14:39:27Z,partner,275.27,4,completed
O003598,C00342,2026-07-25T14:06:42Z,mobile,142.50,3,completed
O003599,C00704,2026-07-10T02:14:49Z,store,452.03,1,completed
O003600,C00741,2026-07-08T01:36:37Z,partner,228.44,3,completed
O003601,C00173,2026-07-13T17:35:10Z,mobile,15.01,3,completed
O003602,C00160,2026-07-04T12:15:05Z,web,390.69,4,completed
O003603,C00639,2026-07-23T13:05:49Z,partner,452.05,5,completed
O003604,C00345,2026-07-06T20:47:39Z,web,493.94,6,completed
O003605,C01193,2026-07-23T19:09:20Z,web,318.45,1,completed
O003606,C00508,2026-07-02T19:56:16Z,mobile,75.78,4,refunded
O003607,C00589,2026-07-05T23:06:24Z,mobile,69.12,2,completed
O003608,C00156,2026-07-29T02:52:52Z,store,241.66,2,completed
O003609,C00159,2026-07-29T13:26:56Z,partner,384.11,2,completed
O003610,C00049,2026-07-24T03:57:10Z,store,318.97,4,completed
O003611,C01006,2026-07-18T00:22:57Z,store,304.35,6,refunded
O003612,C00585,2026-07-20T06:07:55Z,web,211.84,4,completed
O003613,C00677,2026-07-03T08:42:05Z,mobile,275.34,3,completed
O003614,C00725,2026-07-01T00:18:47Z,web,257.24,5,completed
O003615,C00882,2026-07-22T01:18:40Z,store,443.69,5,refunded
O003616,C00142,2026-07-31T23:05:01Z,partner,491.34,4,completed
O003617,C00319,2026-07-23T11:49:03Z,mobile,64.23,3,completed
O003618,C00421,2026-07-29T00:08:58Z,web,499.09,5,completed
O003619,C00135,2026-07-21T12:30:27Z,web,457.76,6,completed
O003620,C00186,2026-07-01T18:24:08Z,mobile,301.41,6,completed
O003621,C01024,2026-07-03T22:07:06Z,partner,437.73,2,completed
O003622,C00748,2026-07-25T04:08:24Z,store,392.73,3,completed
O003623,C00550,2026-07-05T22:26:19Z,store,373.50,2,completed
O003624,C00037,2026-07-30T07:28:55Z,web,348.13,5,completed
O003625,C00012,2026-07-19T00:12:23Z,mobile,144.22,5,completed
O003626,C00261,2026-07-09T10:24:28Z,partner,236.46,1,completed
O003627,C00474,2026-07-27T02:57:16Z,mobile,400.29,3,completed
O003628,C00241,2026-07-01T02:49:41Z,web,275.47,5,completed
O003629,C01160,2026-07-15T07:09:43Z,mobile,101.32,1,completed
O003630,C01117,2026-07-22T03:43:10Z,web,260.49,2,completed
O003631,C01190,2026-07-03T03:34:22Z,mobile,87.56,4,completed
O003632,C00265,2026-07-14T07:29:32Z,partner,167.10,6,refunded
O003633,C00786,2026-07-29T04:06:57Z,partner,452.49,1,completed
O003634,C00203,2026-07-26T10:55:47Z,mobile,230.21,3,completed
O003635,C00525,2026-07-27T03:04:47Z,store,45.96,1,completed
O003636,C00403,2026-07-15T20:59:27Z,mobile,291.41,3,completed
O003637,C00593,2026-07-27T20:30:54Z,mobile,392.66,6,completed
O003638,C00691,2026-07-02T18:35:10Z,mobile,74.70,3,completed
O003639,C00689,2026-07-25T10:42:26Z,partner,63.41,3,completed
O003640,C00564,2026-07-24T15:47:46Z,web,268.18,1,completed
O003641,C00059,2026-07-25T20:46:35Z,store,293.20,4,completed
O003642,C00546,2026-07-04T18:19:30Z,store,277.91,2,completed
O003643,C01132,2026-07-05T19:40:23Z,store,104.89,2,completed
O003644,C00502,2026-07-17T05:43:54Z,mobile,90.13,3,completed
O003645,C00987,2026-07-03T16:16:37Z,store,377.60,5,completed
O003646,C00217,2026-07-31T15:22:42Z,mobile,107.65,2,completed
O003647,C00455,2026-07-20T01:06:10Z,partner,431.06,6,completed
O003648,C00764,2026-07-31T10:49:02Z,web,152.39,6,completed
O003649,C00693,2026-07-07T16:22:20Z,mobile,67.52,3,completed
O003650,C00128,2026-07-18T07:54:01Z,partner,241.90,1,refunded
O003651,C00042,2026-07-09T16:16:38Z,mobile,128.58,3,completed
O003652,C00300,2026-07-29T21:44:14Z,mobile,262.18,5,completed
O003653,C00796,2026-07-04T08:56:13Z,store,74.22,4,completed
O003654,C00105,2026-07-07T19:34:16Z,mobile,256.92,6,refunded
O003655,C00364,2026-07-03T15:39:07Z,mobile,473.33,5,completed
O003656,C00807,2026-07-20T04:33:35Z,partner,249.53,6,completed
O003657,C00751,2026-07-27T02:19:24Z,store,466.43,3,completed
O003658,C00366,2026-07-23T03:21:16Z,partner,371.79,5,completed
O003659,C00742,2026-07-25T02:09:45Z,web,357.69,4,completed
O003660,C00199,2026-07-31T01:13:23Z,partner,40.27,3,completed
O003661,C00597,2026-07-07T13:20:47Z,web,288.71,6,completed
O003662,C00899,2026-07-03T10:48:53Z,mobile,53.26,6,completed
O003663,C00910,2026-07-20T03:29:52Z,mobile,453.40,3,completed
O003664,C00036,2026-07-17T22:12:55Z,mobile,50.14,5,completed
O003665,C00753,2026-07-28T00:49:55Z,web,473.28,1,completed
O003666,C01129,2026-07-20T18:58:35Z,web,10.42,2,completed
O003667,C00281,2026-07-02T02:11:56Z,partner,68.91,5,completed
O003668,C00083,2026-07-08T02:13:42Z,store,36.61,4,completed
O003669,C00042,2026-07-08T07:09:25Z,partner,150.35,1,completed
O003670,C00032,2026-07-28T20:29:01Z,web,145.23,6,completed
O003671,C00022,2026-07-08T08:00:56Z,web,364.33,2,completed
O003672,C00288,2026-07-20T17:56:57Z,store,462.30,1,completed
O003673,C01189,2026-07-05T12:57:14Z,mobile,188.97,3,completed
O003674,C00193,2026-07-25T14:13:20Z,mobile,101.39,2,completed
O003675,C00532,2026-07-30T09:09:48Z,partner,266.93,1,completed
O003676,C00012,2026-07-14T12:18:36Z,store,373.28,1,completed
O003677,C00708,2026-07-08T01:54:30Z,partner,436.38,1,refunded
O003678,C00832,2026-07-24T02:12:30Z,store,347.33,3,refunded
O003679,C00305,2026-07-29T08:12:30Z,partner,134.89,4,completed
O003680,C00016,2026-07-30T05:34:09Z,partner,359.56,3,completed
O003681,C00374,2026-07-21T20:56:26Z,web,445.02,1,completed
O003682,C00724,2026-07-11T02:51:06Z,web,214.87,6,completed
O003683,C00369,2026-07-28T06:20:44Z,web,335.55,3,completed
O003684,C00536,2026-07-20T06:59:34Z,store,420.46,6,completed
O003685,C00658,2026-07-03T07:26:46Z,web,484.58,5,completed
O003686,C00257,2026-07-27T02:54:52Z,partner,201.65,1,completed
O003687,C01029,2026-07-23T23:23:28Z,partner,332.13,6,completed
O003688,C00802,2026-07-29T18:01:54Z,web,403.08,5,completed
O003689,C00659,2026-07-05T22:40:03Z,partner,158.85,5,completed
O003690,C00541,2026-07-04T14:27:01Z,store,423.58,4,completed
O003691,C00378,2026-07-09T01:24:07Z,store,347.12,3,completed
O003692,C00197,2026-07-20T01:42:28Z,partner,182.85,5,completed
O003693,C00176,2026-07-14T22:21:49Z,partner,465.62,3,completed
O003694,C00606,2026-07-25T04:21:29Z,partner,455.58,4,refunded
O003695,C00673,2026-07-15T07:06:57Z,web,491.92,4,completed
O003696,C00855,2026-07-07T03:26:44Z,mobile,336.92,2,refunded
O003697,C00583,2026-07-29T00:38:57Z,store,111.62,4,completed
O003698,C01117,2026-07-05T16:18:21Z,store,55.79,1,completed
O003699,C00944,2026-07-17T03:30:18Z,partner,388.16,2,completed
O003700,C00405,2026-07-26T22:08:12Z,mobile,128.14,5,completed
O003701,C00354,2026-07-03T04:08:05Z,web,168.92,3,completed
O003702,C00419,2026-07-22T19:09:53Z,mobile,288.89,1,refunded
O003703,C00289,2026-07-18T22:22:05Z,mobile,185.79,2,completed
O003704,C00657,2026-07-23T11:54:22Z,store,414.24,1,completed
O003705,C00612,2026-07-20T11:20:38Z,partner,254.63,3,completed
O003706,C00548,2026-07-28T09:36:49Z,store,391.25,3,completed
O003707,C00402,2026-07-08T22:15:55Z,mobile,210.48,3,completed
O003708,C00474,2026-07-31T21:02:55Z,web,18.88,6,completed
O003709,C00946,2026-07-09T01:53:01Z,partner,41.91,5,completed
O003710,C00831,2026-07-10T15:49:39Z,mobile,130.91,6,completed
O003711,C00256,2026-07-09T03:28:49Z,web,34.37,1,completed
O003712,C01036,2026-07-04T15:56:41Z,partner,457.71,6,completed
O003713,C00701,2026-07-24T15:22:18Z,partner,366.69,3,completed
O003714,C00635,2026-07-08T08:28:33Z,store,146.43,4,completed
O003715,C01054,2026-07-27T09:09:27Z,web,114.07,4,completed
O003716,C00089,2026-07-25T14:52:06Z,web,172.78,2,completed
O003717,C00868,2026-07-18T19:05:48Z,partner,333.39,4,completed
O003718,C00574,2026-07-23T05:50:59Z,partner,186.83,5,completed
O003719,C00144,2026-07-23T16:36:39Z,web,284.76,6,completed
O003720,C00862,2026-07-31T23:22:52Z,partner,69.61,5,refunded
O003721,C00300,2026-07-04T06:09:35Z,web,219.14,4,completed
O003722,C00550,2026-07-12T21:17:43Z,web,412.28,6,completed
O003723,C00598,2026-07-18T18:34:11Z,mobile,197.39,3,completed
O003724,C00757,2026-07-31T00:32:01Z,web,375.36,1,completed
O003725,C00382,2026-07-10T03:51:43Z,web,484.16,4,completed
O003726,C00647,2026-07-24T22:12:09Z,mobile,133.80,1,completed
O003727,C00162,2026-07-03T13:19:26Z,mobile,280.23,2,completed
O003728,C00819,2026-07-21T08:55:39Z,store,182.53,2,completed
O003729,C00572,2026-07-14T17:12:29Z,mobile,20.00,2,completed
O003730,C00700,2026-07-10T15:41:00Z,partner,64.79,3,completed
O003731,C00534,2026-07-30T06:36:01Z,web,52.05,1,completed
O003732,C00424,2026-07-03T16:07:22Z,mobile,52.36,2,completed
O003733,C00147,2026-07-01T03:29:54Z,mobile,210.01,3,completed
O003734,C00116,2026-07-12T15:37:14Z,mobile,309.55,1,completed
O003735,C00759,2026-07-08T20:15:45Z,mobile,23.63,2,completed
O003736,C00881,2026-07-03T07:13:18Z,web,120.18,3,completed
O003737,C00863,2026-07-11T15:56:49Z,store,382.25,2,completed
O003738,C00112,2026-07-15T10:17:37Z,web,335.12,4,completed
O003739,C00210,2026-07-15T06:00:16Z,mobile,32.74,3,completed
O003740,C00758,2026-07-27T19:39:03Z,mobile,202.06,6,refunded
O003741,C01054,2026-07-12T15:56:44Z,partner,283.83,4,completed
O003742,C00245,2026-07-09T00:12:54Z,partner,366.00,5,completed
O003743,C00623,2026-07-05T00:14:25Z,store,190.92,1,completed
O003744,C00266,2026-07-28T21:22:14Z,mobile,208.31,6,completed
O003745,C00947,2026-07-15T16:31:34Z,web,66.23,6,completed
O003746,C00180,2026-07-30T15:36:08Z,mobile,324.01,4,completed
O003747,C00070,2026-07-07T22:57:58Z,store,39.99,5,refunded
O003748,C00353,2026-07-04T14:20:25Z,partner,325.48,6,completed
O003749,C00196,2026-07-29T22:50:38Z,partner,95.07,1,completed
O003750,C00814,2026-07-03T15:01:29Z,partner,172.19,6,completed
O003751,C00732,2026-07-03T12:00:49Z,mobile,115.28,4,completed
O003752,C01187,2026-07-22T16:29:47Z,partner,123.28,2,completed
O003753,C00040,2026-07-06T11:50:04Z,mobile,154.27,1,completed
O003754,C00603,2026-07-07T06:11:03Z,mobile,345.11,5,completed
O003755,C00624,2026-07-09T01:14:33Z,store,200.07,3,completed
O003756,C01084,2026-07-25T10:34:56Z,web,486.76,1,completed
O003757,C00868,2026-07-07T08:10:20Z,partner,236.80,1,completed
O003758,C00396,2026-07-07T11:39:08Z,web,356.98,3,completed
O003759,C00461,2026-07-05T05:25:58Z,web,343.63,1,completed
O003760,C00342,2026-07-11T14:04:18Z,store,299.07,6,completed
O003761,C00317,2026-07-07T06:30:49Z,mobile,381.40,2,completed
O003762,C00230,2026-07-01T12:25:47Z,web,200.58,3,completed
O003763,C00026,2026-07-01T19:38:47Z,store,274.49,1,completed
O003764,C00597,2026-07-31T06:38:08Z,mobile,318.96,6,completed
O003765,C00984,2026-07-12T23:23:15Z,partner,10.16,1,completed
O003766,C00151,2026-07-15T10:20:42Z,store,340.61,1,completed
O003767,C00347,2026-07-22T07:42:15Z,mobile,382.11,6,completed
O003768,C00884,2026-07-09T13:23:12Z,web,195.17,6,completed
O003769,C00702,2026-07-07T15:47:47Z,mobile,22.63,1,completed
O003770,C00365,2026-07-12T05:21:16Z,mobile,357.48,3,completed
O003771,C00369,2026-07-03T06:24:35Z,web,246.56,3,completed
O003772,C00373,2026-07-14T19:57:25Z,partner,441.71,4,completed
O003773,C00979,2026-07-10T13:45:37Z,store,373.70,4,refunded
O003774,C00765,2026-07-17T21:24:46Z,web,405.22,6,completed
O003775,C00780,2026-07-05T19:26:08Z,partner,258.06,3,completed
O003776,C01016,2026-07-16T02:54:56Z,web,309.42,1,completed
O003777,C00143,2026-07-20T09:34:05Z,store,274.59,2,completed
O003778,C00260,2026-07-30T19:52:45Z,partner,335.70,3,completed
O003779,C00327,2026-07-14T09:25:13Z,mobile,136.50,2,completed
O003780,C00782,2026-07-02T10:03:26Z,store,56.23,4,completed
O003781,C00835,2026-07-07T06:01:48Z,mobile,151.04,6,completed
O003782,C00072,2026-07-12T14:26:02Z,store,468.50,1,completed
O003783,C01080,2026-07-14T16:29:01Z,mobile,269.94,5,completed
O003784,C00671,2026-07-01T12:26:47Z,mobile,343.81,3,completed
O003785,C00269,2026-07-27T12:04:27Z,partner,335.61,6,completed
O003786,C00641,2026-07-05T03:02:09Z,partner,406.77,3,completed
O003787,C01160,2026-07-30T00:58:27Z,mobile,68.14,6,completed
O003788,C00116,2026-07-09T19:59:46Z,mobile,224.43,4,completed
O003789,C01105,2026-07-07T09:16:03Z,store,222.91,5,completed
O003790,C00928,2026-07-29T05:18:47Z,mobile,427.45,3,completed
O003791,C01031,2026-07-19T06:33:01Z,web,64.90,4,completed
O003792,C01003,2026-07-15T08:29:58Z,web,56.01,2,completed
O003793,C00298,2026-07-07T12:04:25Z,web,477.39,6,completed
O003794,C00616,2026-07-15T20:50:56Z,partner,70.89,1,completed
O003795,C00620,2026-07-10T13:24:19Z,mobile,385.92,4,completed
O003796,C00262,2026-07-10T12:13:54Z,mobile,63.73,2,refunded
O003797,C00021,2026-07-22T00:05:28Z,store,199.09,4,completed
O003798,C00507,2026-07-28T08:10:47Z,partner,487.92,3,completed
O003799,C00627,2026-07-23T01:43:21Z,web,489.24,2,completed
O003800,C00909,2026-07-09T13:04:38Z,web,185.13,3,completed
O003801,C00177,2026-07-06T19:45:57Z,partner,91.68,5,completed
O003802,C00548,2026-07-05T04:25:54Z,web,288.54,4,completed
O003803,C00429,2026-07-14T01:07:04Z,web,152.44,5,completed
O003804,C00690,2026-07-26T14:21:41Z,store,350.73,6,completed
O003805,C00004,2026-07-08T11:00:51Z,partner,444.41,4,completed
O003806,C00802,2026-07-07T22:48:19Z,partner,101.03,3,completed
O003807,C00199,2026-07-10T09:36:24Z,partner,32.89,5,completed
O003808,C00330,2026-07-13T18:03:47Z,store,106.77,5,completed
O003809,C00358,2026-07-19T23:53:35Z,partner,393.54,2,completed
O003810,C00016,2026-07-18T08:45:56Z,mobile,137.64,2,completed
O003811,C01062,2026-07-18T20:58:14Z,mobile,409.65,4,completed
O003812,C01071,2026-07-03T11:25:19Z,mobile,75.92,4,completed
O003813,C01101,2026-07-19T16:13:13Z,web,411.87,6,completed
O003814,C00491,2026-07-26T19:12:25Z,mobile,91.98,6,completed
O003815,C01021,2026-07-06T02:40:38Z,mobile,393.65,5,completed
O003816,C01130,2026-07-13T08:21:47Z,mobile,178.73,1,completed
O003817,C00690,2026-07-22T15:13:26Z,web,311.80,3,completed
O003818,C00175,2026-07-15T18:03:45Z,store,220.37,5,completed
O003819,C00071,2026-07-26T05:26:21Z,partner,323.92,5,completed
O003820,C01133,2026-07-12T05:01:57Z,partner,258.83,5,completed
O003821,C00461,2026-07-25T16:22:08Z,partner,74.79,6,completed
O003822,C00388,2026-07-04T12:34:39Z,store,360.05,3,completed
O003823,C01123,2026-07-15T10:31:25Z,web,314.11,3,completed
O003824,C00956,2026-07-14T13:09:10Z,mobile,381.65,2,completed
O003825,C00797,2026-07-23T11:13:48Z,mobile,235.30,4,completed
O003826,C00469,2026-07-17T19:39:47Z,web,123.04,5,completed
O003827,C00661,2026-07-20T14:14:57Z,partner,103.76,1,completed
O003828,C00603,2026-07-23T10:16:39Z,mobile,187.54,4,completed
O003829,C00610,2026-07-13T10:44:51Z,store,492.75,6,completed
O003830,C01157,2026-07-13T15:39:03Z,store,272.44,1,completed
O003831,C00235,2026-07-19T17:07:49Z,partner,356.09,2,completed
O003832,C00797,2026-07-30T09:25:34Z,store,407.57,4,completed
O003833,C01194,2026-07-18T13:09:18Z,partner,358.06,6,completed
O003834,C00537,2026-07-19T05:07:43Z,store,490.51,4,refunded
O003835,C01137,2026-07-28T20:43:21Z,web,19.78,1,completed
O003836,C00688,2026-07-06T10:45:57Z,web,263.95,2,completed
O003837,C00210,2026-07-14T03:40:49Z,store,280.63,4,completed
O003838,C00932,2026-07-13T15:40:02Z,mobile,289.22,2,completed
O003839,C00332,2026-07-07T14:08:44Z,web,266.64,6,completed
O003840,C00114,2026-07-08T16:41:14Z,mobile,137.87,5,refunded
O003841,C01136,2026-07-15T18:13:44Z,partner,167.82,2,completed
O003842,C00589,2026-07-27T17:38:32Z,store,6.29,5,completed
O003843,C00034,2026-07-17T09:03:51Z,store,164.57,1,completed
O003844,C00666,2026-07-13T18:47:38Z,partner,213.42,1,completed
O003845,C00232,2026-07-04T16:28:46Z,partner,247.57,2,completed
O003846,C01182,2026-07-26T07:58:28Z,mobile,91.81,5,completed
O003847,C00984,2026-07-13T23:14:56Z,partner,262.94,5,completed
O003848,C00370,2026-07-14T05:52:31Z,partner,297.33,2,completed
O003849,C00962,2026-07-04T18:16:27Z,mobile,377.05,2,completed
O003850,C00973,2026-07-09T23:17:10Z,web,446.04,5,completed
O003851,C00312,2026-07-08T01:21:28Z,web,41.23,4,completed
O003852,C00938,2026-07-30T06:57:00Z,mobile,333.11,6,completed
O003853,C00089,2026-07-27T08:52:51Z,mobile,479.63,6,completed
O003854,C00622,2026-07-11T16:50:29Z,web,111.13,5,completed
O003855,C00357,2026-07-29T09:38:01Z,partner,159.59,4,completed
O003856,C00978,2026-07-07T05:06:22Z,mobile,114.52,2,completed
O003857,C00658,2026-07-25T17:58:16Z,store,291.43,4,completed
O003858,C00363,2026-07-20T11:17:43Z,web,377.59,4,completed
O003859,C00336,2026-07-30T01:51:59Z,partner,395.36,3,completed
O003860,C00678,2026-07-08T21:31:55Z,web,444.11,6,completed
O003861,C00350,2026-07-13T04:51:48Z,store,189.75,6,completed
O003862,C00056,2026-07-13T07:11:33Z,mobile,31.98,5,completed
O003863,C00960,2026-07-22T17:28:52Z,store,104.04,6,completed
O003864,C00212,2026-07-18T17:18:39Z,store,389.32,5,completed
O003865,C00297,2026-07-28T05:13:33Z,store,296.64,2,completed
O003866,C00226,2026-07-16T02:15:05Z,web,499.66,5,completed
O003867,C00404,2026-07-11T15:39:24Z,mobile,203.16,2,completed
O003868,C00625,2026-07-02T20:12:30Z,store,348.93,6,completed
O003869,C00322,2026-07-02T21:49:54Z,partner,6.43,3,completed
O003870,C00147,2026-07-07T01:08:30Z,web,473.94,5,completed
O003871,C00042,2026-07-15T16:44:04Z,mobile,299.35,2,completed
O003872,C00619,2026-07-07T23:28:22Z,mobile,99.92,2,completed
O003873,C00037,2026-07-19T00:59:42Z,partner,212.09,3,completed
O003874,C00383,2026-07-16T01:45:02Z,partner,186.09,1,completed
O003875,C00911,2026-07-02T00:16:45Z,partner,222.68,1,completed
O003876,C01143,2026-07-24T05:16:24Z,store,142.53,1,completed
O003877,C00994,2026-07-07T04:02:45Z,partner,286.12,6,completed
O003878,C00069,2026-07-29T09:28:44Z,web,189.76,6,completed
O003879,C01114,2026-07-05T23:05:16Z,store,285.78,4,completed
O003880,C00769,2026-07-15T00:32:24Z,mobile,451.45,6,completed
O003881,C01197,2026-07-28T14:06:06Z,partner,263.28,2,completed
O003882,C00236,2026-07-05T02:37:03Z,store,488.89,4,completed
O003883,C00004,2026-07-21T10:38:03Z,partner,362.54,5,completed
O003884,C01122,2026-07-20T13:48:06Z,partner,365.12,5,completed
O003885,C00467,2026-07-28T04:26:49Z,mobile,446.60,1,completed
O003886,C00196,2026-07-16T04:59:01Z,store,253.70,4,completed
O003887,C00189,2026-07-11T01:02:28Z,mobile,491.41,2,completed
O003888,C00784,2026-07-15T10:20:08Z,web,125.36,3,completed
O003889,C00441,2026-07-11T20:36:48Z,store,349.64,1,completed
O003890,C00544,2026-07-20T01:20:29Z,partner,322.47,6,completed
O003891,C00719,2026-07-28T10:45:48Z,web,472.24,5,completed
O003892,C00817,2026-07-07T12:09:51Z,partner,240.76,4,completed
O003893,C00366,2026-07-15T02:50:33Z,mobile,315.23,6,completed
O003894,C00581,2026-07-29T23:53:08Z,mobile,37.36,6,completed
O003895,C00915,2026-07-11T11:05:20Z,mobile,489.98,2,completed
O003896,C00677,2026-07-31T14:38:30Z,web,169.03,6,completed
O003897,C00638,2026-07-12T10:33:45Z,partner,468.72,2,completed
O003898,C00449,2026-07-16T05:17:16Z,store,16.53,6,completed
O003899,C00568,2026-07-24T10:29:24Z,partner,467.16,5,completed
O003900,C01119,2026-07-12T21:50:16Z,partner,6.24,5,completed
O003901,C00365,2026-07-01T18:31:19Z,partner,246.92,6,completed
O003902,C00571,2026-07-29T17:13:33Z,mobile,363.96,1,completed
O003903,C00162,2026-07-18T15:10:00Z,store,433.43,4,completed
O003904,C00739,2026-07-11T21:42:19Z,partner,400.03,2,completed
O003905,C01177,2026-07-06T02:14:45Z,web,74.92,5,completed
O003906,C01177,2026-07-14T06:33:22Z,mobile,244.18,1,completed
O003907,C00792,2026-07-31T04:33:50Z,web,349.37,4,completed
O003908,C00282,2026-07-20T21:31:38Z,mobile,400.94,5,completed
O003909,C00911,2026-07-24T19:10:05Z,mobile,228.76,3,completed
O003910,C00488,2026-07-02T23:32:41Z,store,93.53,6,completed
O003911,C00491,2026-07-31T03:04:24Z,web,227.37,6,completed
O003912,C00219,2026-07-02T15:52:40Z,partner,180.20,4,completed
O003913,C00472,2026-07-05T16:46:08Z,web,70.56,6,completed
O003914,C00530,2026-07-01T05:46:01Z,store,324.28,3,completed
O003915,C00711,2026-07-17T05:56:01Z,web,355.40,6,completed
O003916,C00040,2026-07-04T21:52:20Z,mobile,420.31,5,completed
O003917,C00669,2026-07-04T20:04:49Z,mobile,494.68,5,completed
O003918,C00451,2026-07-12T03:41:57Z,partner,486.97,6,completed
O003919,C00276,2026-07-23T03:28:28Z,mobile,465.41,6,completed
O003920,C00726,2026-07-12T00:08:21Z,partner,106.50,5,completed
O003921,C01175,2026-07-02T23:28:36Z,store,133.99,4,completed
O003922,C00029,2026-07-28T04:28:43Z,store,418.54,4,completed
O003923,C01174,2026-07-02T05:08:35Z,partner,11.32,4,completed
O003924,C00024,2026-07-13T02:00:00Z,mobile,366.03,2,completed
O003925,C00088,2026-07-01T17:58:08Z,mobile,380.63,5,completed
O003926,C01153,2026-07-02T06:18:13Z,web,422.48,1,completed
O003927,C00362,2026-07-16T00:42:41Z,mobile,194.92,1,completed
O003928,C00180,2026-07-03T02:55:46Z,web,38.67,6,completed
O003929,C00590,2026-07-12T08:24:20Z,mobile,199.48,3,completed
O003930,C00986,2026-07-10T07:50:53Z,mobile,121.48,1,completed
O003931,C00301,2026-07-29T23:47:24Z,web,21.96,1,completed
O003932,C00678,2026-07-29T14:24:30Z,mobile,165.20,3,completed
O003933,C01043,2026-07-13T19:36:30Z,partner,321.50,6,completed
O003934,C00075,2026-07-31T10:06:14Z,mobile,398.97,3,completed
O003935,C01163,2026-07-27T16:28:13Z,web,264.56,1,completed
O003936,C00484,2026-07-27T02:00:58Z,web,192.05,2,completed
O003937,C00370,2026-07-30T11:41:11Z,partner,13.44,4,refunded
O003938,C01062,2026-07-11T18:30:56Z,store,472.14,3,completed
O003939,C00143,2026-07-01T16:20:21Z,web,50.46,2,completed
O003940,C00334,2026-07-14T23:29:25Z,store,175.07,6,completed
O003941,C00754,2026-07-19T03:03:24Z,web,298.33,1,completed
O003942,C00250,2026-07-14T17:40:47Z,store,90.52,6,refunded
O003943,C00052,2026-07-28T17:10:15Z,web,464.29,2,completed
O003944,C00948,2026-07-28T10:02:07Z,mobile,268.89,5,completed
O003945,C00290,2026-07-11T20:37:17Z,store,401.88,3,completed
O003946,C00899,2026-07-10T16:36:16Z,store,276.44,2,completed
O003947,C00065,2026-07-13T21:02:45Z,web,221.09,5,refunded
O003948,C00578,2026-07-26T06:26:01Z,partner,417.65,4,completed
O003949,C00477,2026-07-01T15:07:48Z,web,307.24,6,completed
O003950,C00869,2026-07-31T09:44:24Z,store,346.99,5,completed
O003951,C00012,2026-07-18T07:25:16Z,web,302.83,1,completed
O003952,C00777,2026-07-13T13:08:42Z,web,130.65,3,completed
O003953,C00301,2026-07-02T08:10:01Z,mobile,326.92,6,completed
O003954,C01185,2026-07-13T16:54:37Z,partner,204.79,6,completed
O003955,C00167,2026-07-05T21:58:18Z,mobile,58.88,2,completed
O003956,C00611,2026-07-12T08:57:49Z,store,171.53,2,completed
O003957,C00359,2026-07-02T00:56:36Z,web,61.31,4,completed
O003958,C01170,2026-07-29T08:33:37Z,partner,77.36,2,completed
O003959,C01190,2026-07-12T14:58:47Z,store,143.36,5,completed
O003960,C00864,2026-07-16T07:07:08Z,web,271.80,5,completed
O003961,C01189,2026-07-11T04:42:25Z,web,385.46,5,completed
O003962,C00107,2026-07-28T11:43:53Z,store,193.57,2,completed
O003963,C00501,2026-07-12T23:19:39Z,mobile,58.79,2,completed
O003964,C00222,2026-07-14T10:52:36Z,web,151.30,6,completed
O003965,C00763,2026-07-08T18:19:38Z,store,87.55,6,completed
O003966,C00540,2026-07-04T18:13:52Z,partner,82.24,3,completed
O003967,C00849,2026-07-08T21:32:39Z,store,438.66,2,refunded
O003968,C00983,2026-07-18T02:17:20Z,partner,403.70,6,completed
O003969,C00433,2026-07-12T03:26:24Z,mobile,159.49,3,completed
O003970,C00020,2026-07-13T15:10:29Z,mobile,484.64,3,completed
O003971,C00506,2026-07-14T17:27:31Z,mobile,145.42,4,completed
O003972,C00939,2026-07-19T11:06:41Z,store,402.79,3,completed
O003973,C00051,2026-07-07T22:01:34Z,partner,404.86,5,completed
O003974,C01069,2026-07-08T13:48:23Z,partner,10.98,4,completed
O003975,C00551,2026-07-06T18:01:04Z,partner,434.78,3,completed
O003976,C00373,2026-07-17T15:01:44Z,store,303.67,2,completed
O003977,C01078,2026-07-31T00:24:11Z,store,130.18,6,completed
O003978,C00299,2026-07-01T17:59:07Z,store,121.50,3,completed
O003979,C00060,2026-07-23T16:08:55Z,web,428.49,4,completed
O003980,C00148,2026-07-08T00:59:32Z,mobile,260.81,2,completed
O003981,C00934,2026-07-24T18:01:35Z,web,16.90,5,completed
O003982,C00040,2026-07-04T05:42:29Z,partner,451.27,3,completed
O003983,C00221,2026-07-28T14:16:16Z,partner,436.18,3,completed
O003984,C01117,2026-07-17T07:04:35Z,partner,373.31,2,completed
O003985,C00340,2026-07-31T20:03:12Z,partner,152.98,6,completed
O003986,C01077,2026-07-14T07:20:47Z,store,484.98,1,completed
O003987,C00221,2026-07-28T04:46:11Z,partner,14.56,5,completed
O003988,C00391,2026-07-06T02:34:29Z,mobile,108.64,1,completed
O003989,C00858,2026-07-22T14:10:11Z,store,60.23,2,completed
O003990,C00442,2026-07-14T04:19:36Z,partner,136.30,6,completed
O003991,C01133,2026-07-25T13:08:20Z,partner,424.96,5,completed
O003992,C00621,2026-07-24T23:00:16Z,web,296.36,4,completed
O003993,C01013,2026-07-02T15:48:34Z,store,155.34,3,completed
O003994,C00898,2026-07-11T00:41:54Z,web,437.69,5,completed
O003995,C00641,2026-07-06T11:21:32Z,partner,401.92,4,completed
O003996,C00935,2026-07-07T07:42:30Z,web,401.45,6,completed
O003997,C00812,2026-07-16T20:04:43Z,store,336.72,1,completed
O003998,C00248,2026-07-18T16:48:34Z,web,408.40,1,completed
O003999,C00076,2026-07-30T15:23:04Z,partner,62.80,3,completed
O004000,C00386,2026-07-01T05:35:49Z,store,183.75,3,completed
O004001,C01187,2026-07-17T15:04:17Z,store,457.75,1,completed
O004002,C00635,2026-07-25T00:53:37Z,web,168.39,6,completed
O004003,C00482,2026-07-10T06:04:31Z,store,329.96,4,completed
O004004,C00759,2026-07-10T04:02:54Z,partner,335.13,3,refunded
O004005,C00262,2026-07-13T11:20:03Z,mobile,124.94,5,completed
O004006,C00435,2026-07-19T14:32:07Z,web,475.17,4,completed
O004007,C00301,2026-07-23T03:29:19Z,partner,462.44,3,completed
O004008,C00685,2026-07-24T18:32:44Z,partner,190.21,1,completed
O004009,C00808,2026-07-31T19:27:37Z,store,15.04,5,completed
O004010,C00970,2026-07-05T10:05:36Z,partner,283.71,6,refunded
O004011,C00347,2026-07-07T19:45:03Z,mobile,95.14,5,completed
O004012,C00220,2026-07-30T22:36:28Z,mobile,435.38,5,completed
O004013,C00431,2026-07-23T20:08:16Z,mobile,318.31,6,completed
O004014,C00947,2026-07-06T01:05:06Z,store,9.49,2,completed
O004015,C00528,2026-07-06T21:01:21Z,mobile,148.65,3,completed
O004016,C00426,2026-07-25T16:07:28Z,partner,332.44,2,refunded
O004017,C00880,2026-07-01T18:49:49Z,web,363.71,5,completed
O004018,C01044,2026-07-22T10:29:18Z,mobile,129.42,3,completed
O004019,C00116,2026-07-28T14:35:00Z,web,337.78,1,completed
O004020,C00988,2026-07-16T23:49:39Z,web,106.19,6,refunded
O004021,C00996,2026-07-25T17:52:02Z,web,90.12,4,completed
O004022,C00027,2026-07-30T17:27:00Z,web,17.18,5,completed
O004023,C00580,2026-07-09T14:36:03Z,mobile,383.42,2,completed
O004024,C00720,2026-07-15T13:43:40Z,web,39.68,1,completed
O004025,C00155,2026-07-14T10:43:54Z,partner,171.60,4,completed
O004026,C00482,2026-07-14T05:58:39Z,web,45.43,1,completed
O004027,C00427,2026-07-06T00:33:14Z,mobile,52.22,2,refunded
O004028,C01183,2026-07-14T20:30:10Z,store,489.02,4,completed
O004029,C00658,2026-07-09T23:00:52Z,store,243.67,2,completed
O004030,C01144,2026-07-25T01:12:47Z,partner,259.14,1,completed
O004031,C00183,2026-07-18T22:44:09Z,store,390.53,3,completed
O004032,C00163,2026-07-09T15:46:37Z,partner,291.90,5,completed
O004033,C01000,2026-07-14T16:37:08Z,mobile,249.87,6,completed
O004034,C00351,2026-07-19T15:10:20Z,mobile,426.13,5,completed
O004035,C00545,2026-07-14T05:54:54Z,partner,285.29,1,completed
O004036,C00422,2026-07-13T05:30:52Z,web,315.24,1,completed
O004037,C00707,2026-07-12T17:19:41Z,mobile,169.78,3,completed
O004038,C00608,2026-07-06T22:07:42Z,web,321.42,6,completed
O004039,C00771,2026-07-29T12:08:49Z,partner,52.88,4,completed
O004040,C01084,2026-07-01T02:30:03Z,store,302.36,4,completed
O004041,C00382,2026-07-23T14:51:22Z,mobile,458.60,5,completed
O004042,C00722,2026-07-31T17:25:25Z,web,459.04,3,completed
O004043,C00595,2026-07-13T17:13:33Z,store,139.66,2,completed
O004044,C00367,2026-07-11T12:13:30Z,partner,179.85,1,completed
O004045,C01002,2026-07-20T01:34:15Z,mobile,442.96,3,completed
O004046,C00783,2026-07-28T13:51:52Z,mobile,12.38,3,completed
O004047,C01042,2026-07-04T08:03:24Z,store,275.05,2,completed
O004048,C00124,2026-07-29T00:54:58Z,web,16.64,6,completed
O004049,C01017,2026-07-14T22:33:49Z,partner,330.25,4,completed
O004050,C00428,2026-07-01T02:04:20Z,partner,405.15,1,completed
O004051,C00030,2026-07-05T16:07:54Z,partner,306.94,4,completed
O004052,C00708,2026-07-16T16:01:53Z,partner,123.28,3,completed
O004053,C00026,2026-07-05T07:25:05Z,store,454.04,4,completed
O004054,C01055,2026-07-31T07:00:12Z,partner,238.99,4,completed
O004055,C00476,2026-07-08T01:02:20Z,store,6.54,6,completed
O004056,C00453,2026-07-18T07:45:11Z,mobile,146.86,3,completed
O004057,C00040,2026-07-19T21:53:27Z,mobile,64.04,3,completed
O004058,C01038,2026-07-26T10:46:56Z,partner,246.18,5,completed
O004059,C00343,2026-07-28T06:14:35Z,mobile,228.54,2,completed
O004060,C00716,2026-07-31T20:53:58Z,store,435.69,2,completed
O004061,C00328,2026-07-18T01:10:41Z,store,138.60,5,completed
O004062,C00057,2026-07-13T22:22:55Z,mobile,106.75,2,completed
O004063,C00856,2026-07-15T07:51:39Z,store,231.50,4,completed
O004064,C01028,2026-07-31T19:06:09Z,mobile,461.13,1,completed
O004065,C00673,2026-07-21T07:49:20Z,web,78.49,4,completed
O004066,C00907,2026-07-04T15:31:41Z,mobile,51.62,6,completed
O004067,C00394,2026-07-28T04:11:16Z,store,230.46,6,completed
O004068,C00030,2026-07-03T19:35:18Z,web,300.71,4,completed
O004069,C00759,2026-07-03T02:18:30Z,web,428.54,2,completed
O004070,C00778,2026-07-12T05:13:01Z,store,112.74,3,completed
O004071,C00896,2026-07-03T02:32:47Z,web,56.99,6,completed
O004072,C00441,2026-07-14T02:50:02Z,partner,372.55,5,completed
O004073,C00022,2026-07-27T08:55:11Z,web,192.14,3,completed
O004074,C00135,2026-07-27T01:22:45Z,mobile,62.53,2,completed
O004075,C00298,2026-07-14T15:55:27Z,store,367.84,4,completed
O004076,C00701,2026-07-03T06:48:46Z,store,236.39,4,completed
O004077,C00211,2026-07-19T16:47:50Z,partner,466.17,1,completed
O004078,C01040,2026-07-25T08:18:00Z,partner,117.15,5,completed
O004079,C00413,2026-07-14T15:12:27Z,web,354.15,3,completed
O004080,C01006,2026-07-05T03:48:03Z,store,120.34,5,completed
O004081,C00574,2026-07-16T18:24:34Z,partner,455.11,3,completed
O004082,C00921,2026-07-16T10:34:35Z,partner,372.49,5,completed
O004083,C00978,2026-07-22T09:24:07Z,store,84.63,2,completed
O004084,C00115,2026-07-07T02:43:48Z,mobile,85.43,2,completed
O004085,C00091,2026-07-06T20:56:40Z,partner,180.37,5,completed
O004086,C00588,2026-07-19T19:43:17Z,store,253.20,5,completed
O004087,C01123,2026-07-26T10:33:41Z,store,162.62,4,refunded
O004088,C01046,2026-07-02T14:07:59Z,store,119.95,5,completed
O004089,C00679,2026-07-07T08:56:43Z,mobile,277.05,1,completed
O004090,C00563,2026-07-15T22:04:27Z,store,8.98,3,completed
O004091,C01160,2026-07-08T17:27:29Z,mobile,149.47,6,completed
O004092,C00653,2026-07-14T18:36:19Z,mobile,240.15,4,completed
O004093,C00290,2026-07-21T23:25:40Z,partner,295.55,5,completed
O004094,C00157,2026-07-09T20:25:47Z,web,133.95,6,completed
O004095,C00707,2026-07-24T09:59:19Z,partner,313.68,2,completed
O004096,C00280,2026-07-12T04:41:49Z,store,97.25,6,completed
O004097,C01067,2026-07-08T13:20:56Z,store,69.30,2,completed
O004098,C00922,2026-07-01T11:28:39Z,partner,444.86,5,refunded
O004099,C01148,2026-07-10T20:27:27Z,web,477.55,4,completed
O004100,C00680,2026-07-14T17:34:29Z,web,312.38,5,completed
O004101,C00688,2026-07-06T02:23:12Z,web,467.93,2,completed
O004102,C00887,2026-07-29T03:58:23Z,web,34.18,4,completed
O004103,C00318,2026-07-22T04:09:30Z,web,368.31,2,completed
O004104,C00495,2026-07-08T08:23:05Z,mobile,202.41,3,completed
O004105,C00555,2026-07-11T16:19:33Z,web,370.69,2,completed
O004106,C00407,2026-07-19T23:18:51Z,mobile,52.39,6,completed
O004107,C00910,2026-07-22T07:55:08Z,mobile,71.19,3,completed
O004108,C00998,2026-07-02T09:41:22Z,mobile,258.96,6,completed
O004109,C00901,2026-07-21T08:38:28Z,mobile,247.22,1,completed
O004110,C00341,2026-07-06T03:26:08Z,mobile,98.98,4,refunded
O004111,C01175,2026-07-06T09:53:39Z,mobile,496.29,5,completed
O004112,C00994,2026-07-13T05:12:14Z,partner,259.80,6,completed
O004113,C00027,2026-07-22T05:08:40Z,store,5.36,1,completed
O004114,C00010,2026-07-28T11:13:31Z,mobile,116.25,4,completed
O004115,C00223,2026-07-12T01:45:08Z,mobile,245.35,4,completed
O004116,C00940,2026-07-23T02:26:13Z,store,271.39,3,completed
O004117,C00544,2026-07-24T02:10:00Z,mobile,357.42,1,completed
O004118,C00579,2026-07-18T21:49:06Z,mobile,420.62,4,completed
O004119,C00345,2026-07-15T02:12:14Z,mobile,406.07,4,completed
O004120,C00463,2026-07-23T09:01:51Z,web,278.93,4,completed
O004121,C00507,2026-07-10T19:24:19Z,partner,6.54,5,completed
O004122,C00183,2026-07-16T21:15:42Z,web,449.27,1,completed
O004123,C00878,2026-07-24T20:19:13Z,store,84.88,2,completed
O004124,C00068,2026-07-13T17:18:09Z,partner,337.51,6,completed
O004125,C00440,2026-07-02T14:27:19Z,web,77.95,4,completed
O004126,C00410,2026-07-05T23:06:39Z,store,341.22,4,completed
O004127,C00942,2026-07-10T09:13:58Z,partner,177.32,4,completed
O004128,C01156,2026-07-24T12:39:49Z,web,128.66,6,completed
O004129,C00592,2026-07-19T11:04:39Z,web,209.41,3,completed
O004130,C00090,2026-07-02T23:17:36Z,mobile,65.15,3,completed
O004131,C01075,2026-07-08T18:30:46Z,partner,302.78,2,completed
O004132,C01141,2026-07-24T09:38:40Z,mobile,258.03,3,completed
O004133,C00747,2026-07-09T21:20:00Z,web,27.70,2,completed
O004134,C01155,2026-07-12T09:22:04Z,web,456.48,1,completed
O004135,C00010,2026-07-26T12:11:08Z,mobile,219.94,5,completed
O004136,C00951,2026-07-02T19:11:20Z,web,18.71,1,completed
O004137,C00057,2026-07-15T10:13:10Z,store,458.41,1,completed
O004138,C01081,2026-07-19T15:38:26Z,partner,150.54,4,completed
O004139,C00756,2026-07-29T13:51:23Z,web,18.66,4,completed
O004140,C00552,2026-07-16T07:04:28Z,mobile,64.76,1,completed
O004141,C00132,2026-07-13T19:34:53Z,partner,312.76,4,completed
O004142,C01096,2026-07-12T20:55:05Z,store,370.94,3,completed
O004143,C00984,2026-07-24T13:13:23Z,web,183.48,1,completed
O004144,C01039,2026-07-19T08:28:21Z,mobile,486.67,2,completed
O004145,C00552,2026-07-19T06:44:19Z,web,307.97,3,completed
O004146,C00940,2026-07-22T22:21:24Z,partner,484.32,5,completed
O004147,C00857,2026-07-07T20:49:14Z,store,469.02,2,completed
O004148,C00597,2026-07-17T00:04:33Z,store,160.79,6,completed
O004149,C00413,2026-07-07T04:24:55Z,store,191.63,2,completed
O004150,C01125,2026-07-18T13:20:10Z,store,8.43,3,completed
O004151,C00252,2026-07-28T06:58:11Z,partner,446.52,1,completed
O004152,C00891,2026-07-10T00:10:36Z,store,351.88,1,completed
O004153,C00672,2026-07-20T16:38:00Z,store,7.40,5,completed
O004154,C00798,2026-07-10T11:51:35Z,store,64.88,3,completed
O004155,C01152,2026-07-20T18:54:56Z,mobile,11.51,5,completed
O004156,C00154,2026-07-16T11:56:49Z,store,312.15,3,completed
O004157,C00661,2026-07-21T13:29:09Z,mobile,192.02,6,completed
O004158,C00807,2026-07-28T03:29:02Z,partner,496.74,4,completed
O004159,C00724,2026-07-02T00:20:00Z,store,57.06,6,completed
O004160,C00459,2026-07-02T05:02:25Z,mobile,151.20,1,completed
O004161,C00408,2026-07-05T22:24:10Z,store,264.99,6,completed
O004162,C00679,2026-07-10T09:23:25Z,store,414.52,3,completed
O004163,C00628,2026-07-04T08:52:25Z,mobile,101.62,1,completed
O004164,C00277,2026-07-06T16:29:33Z,web,208.44,3,completed
O004165,C00287,2026-07-08T21:18:43Z,partner,475.00,2,completed
O004166,C00036,2026-07-27T19:12:59Z,partner,410.61,6,completed
O004167,C00987,2026-07-22T05:45:13Z,partner,488.70,2,completed
O004168,C01064,2026-07-10T07:18:51Z,partner,249.24,1,completed
O004169,C00528,2026-07-15T14:17:39Z,web,263.86,5,completed
O004170,C01025,2026-07-29T08:39:17Z,web,259.83,1,completed
O004171,C01020,2026-07-18T06:34:49Z,partner,287.04,4,refunded
O004172,C00454,2026-07-06T15:45:46Z,partner,161.22,1,completed
O004173,C00969,2026-07-05T05:43:49Z,store,483.93,5,completed
O004174,C01157,2026-07-15T02:14:39Z,partner,408.49,2,completed
O004175,C00220,2026-07-10T22:37:46Z,web,356.87,1,completed
O004176,C00717,2026-07-24T05:25:17Z,store,449.95,6,completed
O004177,C01111,2026-07-20T16:27:40Z,web,262.32,4,completed
O004178,C00553,2026-07-08T02:15:01Z,web,123.24,5,completed
O004179,C00093,2026-07-18T16:06:43Z,mobile,377.63,4,completed
O004180,C00517,2026-07-27T03:05:56Z,partner,108.63,4,completed
O004181,C00833,2026-07-25T22:07:54Z,web,222.68,3,completed
O004182,C00169,2026-07-11T05:17:16Z,mobile,108.98,6,completed
O004183,C00493,2026-07-17T15:19:38Z,store,16.88,5,refunded
O004184,C00469,2026-07-17T05:40:13Z,web,324.06,2,completed
O004185,C00744,2026-07-01T17:16:49Z,store,399.68,5,completed
O004186,C00688,2026-07-12T16:27:20Z,partner,25.05,3,completed
O004187,C00798,2026-07-13T19:13:14Z,store,154.90,6,completed
O004188,C00227,2026-07-08T02:08:37Z,mobile,93.97,2,completed
O004189,C00226,2026-07-04T06:56:00Z,partner,471.34,6,refunded
O004190,C00280,2026-07-11T01:17:09Z,store,56.69,6,refunded
O004191,C01042,2026-07-07T15:39:40Z,partner,260.35,4,completed
O004192,C00691,2026-07-01T08:55:30Z,store,419.28,5,completed
O004193,C00971,2026-07-18T19:17:37Z,mobile,166.46,6,completed
O004194,C01133,2026-07-08T19:19:25Z,store,206.96,4,completed
O004195,C00010,2026-07-05T12:15:20Z,web,244.67,6,refunded
O004196,C01023,2026-07-20T06:34:05Z,store,165.75,5,completed
O004197,C00123,2026-07-07T07:54:44Z,web,200.07,1,completed
O004198,C00088,2026-07-19T17:31:01Z,web,480.40,3,completed
O004199,C01053,2026-07-31T22:51:09Z,store,133.16,3,completed
O004200,C00485,2026-07-04T03:27:24Z,store,499.42,6,completed
O004201,C00374,2026-07-01T07:32:01Z,mobile,342.88,6,completed
O004202,C00450,2026-07-04T18:14:44Z,web,146.58,4,completed
O004203,C01023,2026-07-06T13:28:48Z,partner,74.28,2,completed
O004204,C00528,2026-07-31T14:54:08Z,store,173.50,3,completed
O004205,C00232,2026-07-29T23:34:44Z,mobile,47.86,3,completed
O004206,C00112,2026-07-24T03:58:14Z,web,337.19,6,completed
O004207,C00697,2026-07-21T06:50:29Z,mobile,486.76,6,completed
O004208,C00679,2026-07-11T23:57:57Z,mobile,244.06,4,completed
O004209,C00258,2026-07-07T08:19:00Z,mobile,79.14,3,completed
O004210,C01132,2026-07-02T05:36:04Z,partner,44.69,6,completed
O004211,C01030,2026-07-13T01:29:02Z,store,124.30,2,completed
O004212,C00322,2026-07-27T11:20:58Z,store,120.75,4,completed
O004213,C00802,2026-07-29T18:30:08Z,store,219.92,4,completed
O004214,C00600,2026-07-25T16:02:37Z,web,138.15,4,completed
O004215,C00685,2026-07-07T16:29:28Z,store,226.51,1,completed
O004216,C00341,2026-07-30T12:44:06Z,web,129.53,6,completed
O004217,C00503,2026-07-26T23:17:52Z,store,7.15,5,completed
O004218,C00990,2026-07-17T15:13:12Z,partner,356.08,6,completed
O004219,C01163,2026-07-28T04:00:24Z,mobile,195.12,2,completed
O004220,C00535,2026-07-22T08:25:31Z,store,65.63,2,completed
O004221,C01003,2026-07-02T11:31:31Z,web,22.44,5,completed
O004222,C00004,2026-07-27T19:00:02Z,partner,341.13,5,completed
O004223,C00972,2026-07-06T13:18:44Z,mobile,425.14,3,completed
O004224,C00365,2026-07-06T02:35:20Z,partner,109.39,1,completed
O004225,C00659,2026-07-24T23:52:47Z,store,7.76,1,completed
O004226,C00236,2026-07-27T11:32:29Z,web,483.20,5,completed
O004227,C00158,2026-07-19T01:58:56Z,mobile,369.01,6,completed
O004228,C00171,2026-07-26T16:50:19Z,mobile,281.85,4,completed
O004229,C00322,2026-07-19T18:48:35Z,web,228.76,6,completed
O004230,C01006,2026-07-19T07:04:33Z,web,458.87,1,completed
O004231,C00916,2026-07-08T08:07:54Z,mobile,86.10,2,completed
O004232,C00478,2026-07-14T07:59:21Z,mobile,334.06,4,completed
O004233,C00823,2026-07-04T10:35:22Z,store,74.37,4,completed
O004234,C00570,2026-07-13T01:32:32Z,web,476.58,5,completed
O004235,C00051,2026-07-21T04:28:06Z,store,289.29,2,completed
O004236,C00836,2026-07-14T20:38:48Z,store,235.75,5,completed
O004237,C00511,2026-07-21T01:53:12Z,mobile,177.86,3,completed
O004238,C00987,2026-07-15T05:42:39Z,web,68.48,1,completed
O004239,C00022,2026-07-14T09:16:18Z,partner,213.75,1,completed
O004240,C00932,2026-07-11T22:44:47Z,web,70.31,5,refunded
O004241,C01020,2026-07-17T22:40:20Z,mobile,446.98,4,completed
O004242,C00451,2026-07-13T05:51:37Z,web,357.00,6,completed
O004243,C00029,2026-07-20T10:25:32Z,web,181.39,5,completed
O004244,C00798,2026-07-27T02:34:32Z,partner,159.22,2,refunded
O004245,C00110,2026-07-26T13:45:41Z,partner,107.76,3,completed
O004246,C00804,2026-07-02T04:37:12Z,partner,183.43,4,completed
O004247,C00507,2026-07-07T11:31:07Z,web,40.72,3,completed
O004248,C01155,2026-07-29T04:27:36Z,web,474.53,3,completed
O004249,C00748,2026-07-09T16:54:56Z,partner,39.69,1,completed
O004250,C00425,2026-07-02T04:20:43Z,partner,167.07,1,refunded
O004251,C00832,2026-07-20T12:31:57Z,web,165.46,3,completed
O004252,C01034,2026-07-28T05:35:38Z,web,458.19,6,completed
O004253,C00178,2026-07-25T18:47:46Z,web,373.54,4,completed
O004254,C00349,2026-07-28T17:49:07Z,mobile,240.98,4,completed
O004255,C00907,2026-07-27T04:57:47Z,web,16.79,4,completed
O004256,C00631,2026-07-08T16:00:12Z,web,10.64,5,refunded
O004257,C00934,2026-07-02T17:31:47Z,partner,367.82,2,completed
O004258,C00215,2026-07-16T04:56:52Z,web,224.64,6,completed
O004259,C00405,2026-07-29T14:24:13Z,web,158.32,6,completed
O004260,C00384,2026-07-12T21:34:21Z,mobile,285.52,2,completed
O004261,C01044,2026-07-31T02:05:15Z,store,217.43,1,refunded
O004262,C00465,2026-07-30T09:48:11Z,mobile,358.60,2,completed
O004263,C00864,2026-07-17T21:15:57Z,partner,335.78,1,completed
O004264,C00223,2026-07-13T05:46:23Z,web,134.03,3,completed
O004265,C00206,2026-07-06T14:51:45Z,web,298.12,1,completed
O004266,C00489,2026-07-09T06:00:55Z,store,357.54,3,completed
O004267,C00363,2026-07-09T16:23:56Z,store,34.92,2,completed
O004268,C01051,2026-07-12T20:43:35Z,web,169.18,4,completed
O004269,C00013,2026-07-28T07:42:07Z,mobile,25.02,1,completed
O004270,C00814,2026-07-11T02:09:44Z,partner,451.67,3,completed
O004271,C00206,2026-07-13T19:43:38Z,partner,100.96,2,completed
O004272,C00026,2026-07-10T17:52:32Z,mobile,360.44,5,completed
O004273,C00577,2026-07-27T17:09:48Z,store,186.43,5,completed
O004274,C00312,2026-07-27T06:45:25Z,store,218.65,1,completed
O004275,C00575,2026-07-20T06:34:40Z,mobile,130.97,6,refunded
O004276,C00634,2026-07-19T12:18:00Z,web,243.75,1,completed
O004277,C00094,2026-07-19T20:30:40Z,store,242.68,4,completed
O004278,C01034,2026-07-09T15:54:57Z,web,382.65,1,refunded
O004279,C00824,2026-07-27T01:40:41Z,web,479.21,1,completed
O004280,C00441,2026-07-04T06:24:34Z,mobile,352.64,4,completed
O004281,C00375,2026-07-06T09:43:17Z,mobile,368.68,6,completed
O004282,C00456,2026-07-02T16:03:41Z,store,223.13,1,completed
O004283,C00387,2026-07-07T14:00:09Z,partner,338.87,2,completed
O004284,C00408,2026-07-07T08:50:27Z,web,491.68,1,refunded
O004285,C00290,2026-07-22T17:01:58Z,mobile,375.99,4,completed
O004286,C01006,2026-07-18T21:38:17Z,web,74.98,3,completed
O004287,C00727,2026-07-26T04:48:53Z,partner,476.76,5,refunded
O004288,C01024,2026-07-27T18:19:33Z,web,434.57,4,completed
O004289,C00502,2026-07-03T13:07:01Z,store,449.17,3,completed
O004290,C00889,2026-07-04T17:47:52Z,mobile,490.01,1,completed
O004291,C00821,2026-07-05T21:35:43Z,store,352.97,4,completed
O004292,C00385,2026-07-22T16:53:09Z,mobile,244.03,6,refunded
O004293,C00776,2026-07-06T14:56:03Z,web,424.57,4,completed
O004294,C00799,2026-07-23T02:41:46Z,partner,57.47,6,completed
O004295,C00374,2026-07-02T17:27:07Z,mobile,57.61,4,completed
O004296,C01123,2026-07-13T16:27:06Z,web,451.59,4,completed
O004297,C00578,2026-07-11T15:09:47Z,store,411.75,3,completed
O004298,C00378,2026-07-07T13:02:42Z,web,265.32,3,completed
O004299,C00778,2026-07-24T07:21:23Z,partner,112.60,1,completed
O004300,C00766,2026-07-23T17:03:35Z,partner,181.37,4,completed
O004301,C00472,2026-07-01T18:27:16Z,web,30.70,5,completed
O004302,C01124,2026-07-02T21:56:01Z,web,435.55,1,completed
O004303,C00772,2026-07-16T00:01:14Z,mobile,105.69,5,completed
O004304,C01011,2026-07-22T17:37:36Z,mobile,253.71,6,completed
O004305,C00924,2026-07-22T01:22:38Z,mobile,245.14,6,completed
O004306,C00611,2026-07-19T19:08:01Z,web,151.44,3,completed
O004307,C00963,2026-07-14T19:32:47Z,partner,82.82,5,completed
O004308,C00234,2026-07-17T05:29:19Z,store,170.23,3,completed
O004309,C00546,2026-07-31T22:54:48Z,partner,433.98,2,completed
O004310,C01013,2026-07-11T03:33:31Z,mobile,110.80,4,completed
O004311,C00592,2026-07-18T22:33:32Z,store,363.97,1,completed
O004312,C01175,2026-07-30T11:37:13Z,web,246.54,1,completed
O004313,C01185,2026-07-05T07:57:28Z,web,96.28,5,completed
O004314,C00580,2026-07-11T07:28:38Z,web,301.64,3,completed
O004315,C01100,2026-07-31T09:53:54Z,mobile,160.66,5,completed
O004316,C00594,2026-07-24T18:55:51Z,mobile,143.63,3,completed
O004317,C00695,2026-07-14T22:30:54Z,partner,63.14,1,completed
O004318,C00076,2026-07-11T02:56:25Z,mobile,240.59,6,completed
O004319,C00920,2026-07-27T05:37:30Z,mobile,280.78,4,completed
O004320,C00053,2026-07-13T21:03:32Z,web,333.42,6,completed
O004321,C00521,2026-07-17T05:12:30Z,partner,133.91,2,completed
O004322,C00506,2026-07-15T02:58:26Z,web,400.56,3,completed
O004323,C00560,2026-07-31T06:08:52Z,mobile,6.19,4,completed
O004324,C00330,2026-07-21T07:16:22Z,web,109.40,6,completed
O004325,C01174,2026-07-13T01:00:39Z,store,271.70,4,refunded
O004326,C00725,2026-07-19T12:56:14Z,web,227.99,2,refunded
O004327,C01145,2026-07-15T11:41:39Z,partner,382.77,1,completed
O004328,C00773,2026-07-17T18:08:22Z,partner,304.28,6,completed
O004329,C00293,2026-07-20T15:46:25Z,partner,46.09,3,completed
O004330,C00455,2026-07-27T17:44:39Z,mobile,292.46,1,refunded
O004331,C00532,2026-07-27T07:01:29Z,partner,245.89,2,completed
O004332,C00460,2026-07-10T22:01:59Z,web,259.69,2,completed
O004333,C01160,2026-07-09T10:06:24Z,partner,448.21,1,completed
O004334,C00856,2026-07-28T15:16:53Z,partner,343.74,2,completed
O004335,C00497,2026-07-09T16:10:49Z,mobile,135.99,6,completed
O004336,C00773,2026-07-17T06:46:27Z,partner,480.82,6,completed
O004337,C01047,2026-07-20T21:25:29Z,mobile,442.41,6,completed
O004338,C00911,2026-07-10T13:24:46Z,mobile,166.61,4,completed
O004339,C00472,2026-07-14T08:24:29Z,partner,197.58,4,completed
O004340,C00638,2026-07-19T11:55:05Z,web,378.31,3,completed
O004341,C01054,2026-07-09T03:33:41Z,store,495.07,1,completed
O004342,C00729,2026-07-07T07:29:38Z,store,454.98,3,completed
O004343,C01187,2026-07-23T00:40:38Z,partner,63.55,3,completed
O004344,C00246,2026-07-21T13:32:52Z,store,72.98,2,completed
O004345,C01053,2026-07-06T06:27:03Z,web,280.91,6,completed
O004346,C00368,2026-07-18T01:38:00Z,store,415.44,6,completed
O004347,C00149,2026-07-02T12:24:11Z,web,32.59,1,completed
O004348,C00483,2026-07-05T17:01:54Z,web,280.23,2,completed
O004349,C00113,2026-07-23T08:52:50Z,store,255.33,1,completed
O004350,C01008,2026-07-28T19:32:29Z,store,405.73,3,refunded
O004351,C00519,2026-07-02T07:22:05Z,store,97.34,1,completed
O004352,C00656,2026-07-16T03:00:36Z,partner,254.82,1,completed
O004353,C00549,2026-07-24T16:07:53Z,store,276.30,1,completed
O004354,C00902,2026-07-31T17:58:02Z,web,47.08,5,completed
O004355,C00049,2026-07-01T17:56:14Z,web,6.56,5,completed
O004356,C00248,2026-07-26T20:55:49Z,mobile,492.37,5,completed
O004357,C00419,2026-07-15T13:21:30Z,mobile,266.21,1,completed
O004358,C01168,2026-07-01T05:28:11Z,store,71.52,6,completed
O004359,C00294,2026-07-29T00:44:55Z,web,82.66,3,completed
O004360,C01195,2026-07-12T10:10:22Z,mobile,235.63,4,completed
O004361,C00355,2026-07-19T16:55:48Z,store,426.04,5,completed
O004362,C00268,2026-07-31T02:56:30Z,web,494.07,6,completed
O004363,C00153,2026-07-12T01:33:33Z,store,190.31,4,completed
O004364,C00738,2026-07-13T20:34:57Z,store,11.85,1,completed
O004365,C00513,2026-07-03T22:47:40Z,mobile,324.70,1,completed
O004366,C00355,2026-07-08T01:44:25Z,partner,50.74,3,completed
O004367,C01194,2026-07-20T23:41:30Z,partner,8.77,2,completed
O004368,C00705,2026-07-14T16:16:51Z,partner,254.29,1,refunded
O004369,C00248,2026-07-05T03:19:58Z,web,241.43,6,completed
O004370,C00529,2026-07-30T09:59:53Z,store,377.77,2,completed
O004371,C01113,2026-07-18T05:01:17Z,web,68.58,1,completed
O004372,C00071,2026-07-04T05:57:31Z,partner,460.44,5,completed
O004373,C00744,2026-07-15T14:49:37Z,web,345.82,4,completed
O004374,C01194,2026-07-04T18:23:59Z,partner,236.96,1,completed
O004375,C00108,2026-07-08T22:30:31Z,store,191.82,6,completed
O004376,C00982,2026-07-24T08:31:34Z,web,55.82,5,completed
O004377,C01177,2026-07-13T04:29:35Z,mobile,164.25,5,completed
O004378,C00834,2026-07-16T09:13:23Z,web,407.92,4,completed
O004379,C00926,2026-07-19T20:40:23Z,web,157.49,1,completed
O004380,C00548,2026-07-07T07:39:22Z,partner,42.74,1,completed
O004381,C01034,2026-07-20T05:45:59Z,web,84.23,2,completed
O004382,C00333,2026-07-28T08:17:55Z,web,317.73,5,completed
O004383,C01190,2026-07-03T20:41:54Z,partner,373.63,5,completed
O004384,C00533,2026-07-15T05:32:08Z,store,90.77,3,completed
O004385,C00564,2026-07-19T03:33:54Z,mobile,231.71,2,completed
O004386,C00937,2026-07-12T05:01:18Z,web,239.95,2,completed
O004387,C00401,2026-07-22T23:40:33Z,mobile,140.85,2,completed
O004388,C00282,2026-07-21T04:14:10Z,store,342.69,1,completed
O004389,C00409,2026-07-17T19:49:39Z,mobile,284.83,4,completed
O004390,C00321,2026-07-06T07:15:17Z,partner,99.29,2,completed
O004391,C00141,2026-07-25T08:53:30Z,store,459.60,5,completed
O004392,C00952,2026-07-08T01:57:22Z,store,217.74,6,completed
O004393,C01179,2026-07-03T19:33:51Z,store,371.00,1,completed
O004394,C00244,2026-07-05T17:08:12Z,partner,324.84,6,completed
O004395,C00247,2026-07-15T09:22:24Z,store,75.46,3,completed
O004396,C01000,2026-07-28T16:54:45Z,mobile,11.11,3,completed
O004397,C00616,2026-07-31T02:57:06Z,partner,122.11,6,completed
O004398,C00470,2026-07-23T02:49:34Z,store,73.01,6,completed
O004399,C00056,2026-07-26T10:11:42Z,partner,226.92,5,refunded
O004400,C00159,2026-07-31T12:08:15Z,web,406.33,6,completed
O004401,C01091,2026-07-25T09:51:28Z,mobile,426.93,6,completed
O004402,C00252,2026-07-14T01:32:51Z,web,363.55,4,completed
O004403,C00538,2026-07-02T07:01:25Z,web,195.46,4,completed
O004404,C00190,2026-07-18T23:32:13Z,web,460.70,1,completed
O004405,C00969,2026-07-01T22:31:23Z,mobile,343.60,1,completed
O004406,C00460,2026-07-26T19:28:54Z,web,436.15,5,completed
O004407,C00589,2026-07-11T14:42:02Z,web,25.18,4,refunded
O004408,C00609,2026-07-26T16:20:19Z,web,6.23,6,completed
O004409,C00259,2026-07-19T00:48:56Z,store,19.07,1,completed
O004410,C01096,2026-07-09T22:38:32Z,mobile,427.58,3,completed
O004411,C00855,2026-07-19T16:09:46Z,partner,369.41,3,completed
O004412,C00882,2026-07-17T20:16:18Z,mobile,234.57,4,completed
O004413,C00032,2026-07-14T05:47:02Z,store,414.12,4,completed
O004414,C00357,2026-07-11T03:48:16Z,store,154.41,2,completed
O004415,C00725,2026-07-03T07:58:28Z,web,239.08,5,completed
O004416,C00663,2026-07-19T22:54:36Z,store,289.92,3,completed
O004417,C00807,2026-07-22T01:42:54Z,web,80.73,3,completed
O004418,C00347,2026-07-13T10:57:47Z,mobile,79.54,6,completed
O004419,C00525,2026-07-13T03:50:40Z,mobile,128.35,3,completed
O004420,C00956,2026-07-14T16:55:26Z,store,393.28,1,completed
O004421,C00670,2026-07-01T19:12:54Z,mobile,292.66,5,completed
O004422,C00416,2026-07-16T13:40:59Z,partner,385.76,4,completed
O004423,C00286,2026-07-15T06:42:00Z,store,195.60,2,completed
O004424,C00183,2026-07-02T14:28:31Z,partner,280.99,4,completed
O004425,C00857,2026-07-27T00:29:03Z,store,410.30,3,completed
O004426,C00104,2026-07-10T10:39:53Z,store,351.51,2,completed
O004427,C00844,2026-07-18T00:09:35Z,web,105.12,6,completed
O004428,C00735,2026-07-16T15:05:00Z,store,152.60,6,completed
O004429,C00339,2026-07-16T05:02:08Z,mobile,150.96,1,completed
O004430,C00152,2026-07-03T04:44:42Z,partner,434.92,4,completed
O004431,C00495,2026-07-13T17:48:10Z,store,388.09,3,completed
O004432,C00941,2026-07-28T02:02:40Z,web,13.44,4,completed
O004433,C00405,2026-07-26T02:26:56Z,mobile,235.43,4,completed
O004434,C00262,2026-07-26T23:05:47Z,mobile,168.49,6,completed
O004435,C00847,2026-07-11T19:04:58Z,partner,75.24,6,completed
O004436,C00773,2026-07-14T00:50:44Z,store,315.21,4,completed
O004437,C00001,2026-07-24T19:35:47Z,store,238.20,6,completed
O004438,C00153,2026-07-28T18:14:39Z,web,188.55,4,completed
O004439,C00287,2026-07-13T12:43:40Z,mobile,338.27,4,completed
O004440,C00903,2026-07-13T12:20:14Z,store,469.46,1,completed
O004441,C00046,2026-07-01T19:43:04Z,web,131.12,4,completed
O004442,C00512,2026-07-27T06:41:59Z,web,367.12,3,completed
O004443,C00165,2026-07-13T13:00:49Z,partner,164.76,1,refunded
O004444,C00729,2026-07-01T02:46:51Z,store,415.91,6,completed
O004445,C01127,2026-07-03T13:07:35Z,mobile,142.95,6,completed
O004446,C00527,2026-07-07T22:05:49Z,partner,409.84,5,completed
O004447,C00989,2026-07-31T21:57:01Z,mobile,467.66,2,completed
O004448,C00464,2026-07-03T13:23:39Z,store,234.69,6,completed
O004449,C01191,2026-07-16T11:29:01Z,mobile,466.93,2,completed
O004450,C00300,2026-07-08T21:29:20Z,partner,465.58,2,completed
O004451,C00910,2026-07-06T04:48:30Z,mobile,265.52,2,completed
O004452,C00012,2026-07-11T13:01:03Z,web,448.95,1,completed
O004453,C01090,2026-07-07T13:53:55Z,store,43.88,2,completed
O004454,C00201,2026-07-03T11:24:12Z,partner,345.05,4,completed
O004455,C00751,2026-07-23T19:32:12Z,partner,499.87,2,completed
O004456,C01088,2026-07-07T05:57:48Z,web,174.18,1,completed
O004457,C00125,2026-07-15T19:06:55Z,web,82.92,1,completed
O004458,C00968,2026-07-19T20:21:54Z,store,423.98,6,completed
O004459,C00107,2026-07-09T15:52:26Z,partner,410.03,3,completed
O004460,C00005,2026-07-26T04:10:42Z,partner,228.52,4,completed
O004461,C01115,2026-07-03T03:06:22Z,store,455.30,3,completed
O004462,C00717,2026-07-14T18:22:21Z,store,456.72,2,completed
O004463,C00156,2026-07-19T01:10:31Z,store,160.77,3,completed
O004464,C00884,2026-07-30T05:26:22Z,partner,388.71,5,completed
O004465,C00156,2026-07-14T09:03:53Z,web,16.14,4,completed
O004466,C00310,2026-07-25T16:23:11Z,partner,416.58,3,completed
O004467,C01191,2026-07-01T04:07:35Z,store,163.06,6,completed
O004468,C00689,2026-07-14T14:23:43Z,mobile,337.73,3,completed
O004469,C01150,2026-07-10T06:27:02Z,store,11.52,5,completed
O004470,C00860,2026-07-19T18:51:38Z,mobile,245.67,4,completed
O004471,C00842,2026-07-12T01:27:00Z,partner,331.85,6,completed
O004472,C00535,2026-07-31T13:28:15Z,mobile,227.26,3,completed
O004473,C00082,2026-07-09T13:01:29Z,mobile,175.22,6,completed
O004474,C00940,2026-07-18T20:28:21Z,partner,462.39,1,completed
O004475,C00720,2026-07-11T06:03:00Z,web,301.74,1,completed
O004476,C00342,2026-07-06T03:55:14Z,mobile,305.20,1,completed
O004477,C00548,2026-07-21T13:17:07Z,mobile,398.79,5,completed
O004478,C00701,2026-07-11T14:20:54Z,store,28.26,6,completed
O004479,C00026,2026-07-18T19:48:06Z,mobile,445.62,2,completed
O004480,C00461,2026-07-31T15:31:20Z,store,25.51,4,completed
O004481,C00863,2026-07-26T09:40:02Z,partner,226.06,2,completed
O004482,C00148,2026-07-26T22:57:41Z,mobile,442.39,2,completed
O004483,C00078,2026-07-14T00:04:32Z,mobile,492.90,5,completed
O004484,C00623,2026-07-06T12:49:55Z,mobile,51.09,1,completed
O004485,C00450,2026-07-20T15:45:59Z,store,287.21,4,completed
O004486,C00400,2026-07-22T20:44:49Z,store,426.99,1,completed
O004487,C00520,2026-07-01T00:16:38Z,mobile,268.09,1,completed
O004488,C00433,2026-07-11T17:56:41Z,web,468.55,3,completed
O004489,C00589,2026-07-26T14:07:47Z,partner,315.05,1,completed
O004490,C00027,2026-07-26T23:03:36Z,store,485.60,4,refunded
O004491,C00095,2026-07-16T08:03:14Z,mobile,161.48,2,completed
O004492,C00872,2026-07-24T07:52:52Z,partner,121.06,1,completed
O004493,C00839,2026-07-27T04:32:26Z,store,469.66,1,completed
O004494,C00139,2026-07-22T16:32:31Z,store,292.13,4,completed
O004495,C00770,2026-07-25T17:28:51Z,store,69.50,1,completed
O004496,C00343,2026-07-03T03:29:48Z,partner,497.35,2,completed
O004497,C00030,2026-07-23T05:23:15Z,web,431.16,4,completed
O004498,C00407,2026-07-01T06:40:27Z,store,169.48,2,completed
O004499,C00375,2026-07-15T03:19:06Z,partner,137.11,3,completed
O004500,C00035,2026-07-13T00:15:56Z,partner,416.97,6,completed
O004501,C01006,2026-07-22T03:07:46Z,web,419.86,5,completed
O004502,C00169,2026-07-17T15:48:42Z,store,13.54,5,completed
O004503,C00235,2026-07-31T17:19:44Z,partner,297.97,2,completed
O004504,C00071,2026-07-03T21:42:20Z,partner,406.96,4,refunded
O004505,C00631,2026-07-15T16:38:49Z,store,115.80,4,completed
O004506,C00163,2026-07-19T15:06:30Z,mobile,269.85,6,completed
O004507,C00187,2026-07-31T19:14:53Z,mobile,478.09,5,completed
O004508,C00290,2026-07-09T05:45:00Z,store,477.29,4,completed
O004509,C00395,2026-07-10T10:33:07Z,store,46.08,1,completed
O004510,C01030,2026-07-08T23:43:22Z,mobile,457.55,3,completed
O004511,C00602,2026-07-16T07:47:05Z,partner,493.46,2,completed
O004512,C00652,2026-07-24T11:30:10Z,partner,106.33,6,completed
O004513,C00242,2026-07-13T04:57:26Z,store,351.31,1,completed
O004514,C00894,2026-07-08T05:04:25Z,web,55.81,3,completed
O004515,C00497,2026-07-23T04:08:59Z,partner,450.19,1,completed
O004516,C00908,2026-07-20T21:11:47Z,store,318.54,1,completed
O004517,C00960,2026-07-08T08:58:54Z,web,368.22,4,completed
O004518,C00780,2026-07-19T05:08:33Z,partner,138.80,5,completed
O004519,C00954,2026-07-20T02:03:35Z,web,329.65,1,completed
O004520,C00362,2026-07-23T23:53:01Z,store,239.01,2,completed
O004521,C00826,2026-07-11T17:45:29Z,web,192.34,1,completed
O004522,C00128,2026-07-19T16:31:01Z,mobile,371.43,4,completed
O004523,C00348,2026-07-07T20:53:47Z,web,400.59,3,completed
O004524,C01187,2026-07-03T10:40:17Z,store,297.41,3,completed
O004525,C00858,2026-07-23T08:58:07Z,store,416.19,3,completed
O004526,C00060,2026-07-14T19:40:00Z,web,498.51,6,completed
O004527,C01084,2026-07-01T23:06:23Z,mobile,101.64,4,completed
O004528,C00702,2026-07-01T09:01:47Z,partner,263.05,1,completed
O004529,C00664,2026-07-20T11:46:53Z,web,118.14,2,completed
O004530,C00405,2026-07-06T14:29:06Z,web,284.96,1,completed
O004531,C00952,2026-07-19T06:13:08Z,mobile,249.29,2,completed
O004532,C00076,2026-07-11T22:54:07Z,mobile,440.88,3,completed
O004533,C00146,2026-07-10T16:50:58Z,web,438.70,1,completed
O004534,C01149,2026-07-29T09:39:51Z,web,271.60,1,completed
O004535,C00078,2026-07-22T03:01:24Z,mobile,45.45,6,refunded
O004536,C00129,2026-07-31T07:42:22Z,mobile,201.88,1,completed
O004537,C00124,2026-07-22T06:38:05Z,web,369.56,4,completed
O004538,C00583,2026-07-12T11:16:18Z,web,202.77,6,completed
O004539,C00474,2026-07-28T16:33:23Z,partner,113.53,6,completed
O004540,C00995,2026-07-20T13:47:52Z,store,405.90,3,completed
O004541,C00745,2026-07-08T05:12:48Z,web,188.75,5,refunded
O004542,C00390,2026-07-12T12:09:05Z,store,499.74,6,completed
O004543,C01033,2026-07-19T02:20:04Z,partner,246.52,2,completed
O004544,C00363,2026-07-17T05:56:14Z,web,401.88,6,completed
O004545,C00626,2026-07-10T03:09:15Z,web,453.02,6,completed
O004546,C00929,2026-07-28T07:52:04Z,mobile,198.22,1,completed
O004547,C00894,2026-07-01T16:50:45Z,web,396.68,3,completed
O004548,C00720,2026-07-02T01:58:29Z,partner,430.74,5,completed
O004549,C00134,2026-07-31T20:40:10Z,web,21.39,3,completed
O004550,C01041,2026-07-11T17:16:08Z,mobile,297.03,1,completed
O004551,C00622,2026-07-10T23:04:53Z,store,355.78,6,completed
O004552,C01150,2026-07-27T23:17:49Z,partner,373.97,6,completed
O004553,C01090,2026-07-11T23:45:51Z,mobile,232.46,4,completed
O004554,C01104,2026-07-11T03:03:24Z,mobile,151.06,6,completed
O004555,C01111,2026-07-21T21:00:40Z,mobile,474.73,2,refunded
O004556,C00167,2026-07-19T23:48:16Z,partner,161.89,6,refunded
O004557,C00999,2026-07-04T23:48:55Z,web,494.34,5,completed
O004558,C01056,2026-07-09T12:10:52Z,partner,29.18,4,completed
O004559,C01003,2026-07-14T05:00:21Z,web,231.74,1,completed
O004560,C00597,2026-07-22T04:48:24Z,store,444.59,5,completed
O004561,C01141,2026-07-13T19:06:25Z,mobile,489.98,1,completed
O004562,C01010,2026-07-17T02:57:43Z,mobile,64.93,6,completed
O004563,C00968,2026-07-24T06:26:56Z,web,408.82,3,completed
O004564,C00182,2026-07-16T16:34:12Z,store,400.31,4,completed
O004565,C00257,2026-07-06T15:52:30Z,partner,200.03,5,completed
O004566,C00262,2026-07-06T21:10:59Z,partner,85.85,3,completed
O004567,C00864,2026-07-09T02:45:27Z,mobile,336.47,5,completed
O004568,C00690,2026-07-01T12:59:05Z,store,104.88,4,completed
O004569,C00191,2026-07-11T04:08:45Z,web,309.01,6,completed
O004570,C00350,2026-07-25T07:08:40Z,partner,54.78,3,completed
O004571,C00757,2026-07-11T05:33:29Z,partner,151.95,6,completed
O004572,C00039,2026-07-08T10:00:47Z,web,22.26,2,completed
O004573,C00037,2026-07-25T02:04:41Z,store,461.47,3,completed
O004574,C00185,2026-07-01T03:07:19Z,partner,431.62,4,completed
O004575,C01015,2026-07-16T00:15:48Z,web,418.93,6,completed
O004576,C01051,2026-07-28T20:08:19Z,store,330.30,2,completed
O004577,C01040,2026-07-16T08:03:46Z,web,251.44,4,completed
O004578,C00877,2026-07-01T21:20:27Z,mobile,257.83,3,completed
O004579,C00051,2026-07-22T23:29:15Z,mobile,265.28,1,completed
O004580,C01181,2026-07-13T07:05:37Z,store,241.35,1,completed
O004581,C00108,2026-07-29T13:48:51Z,web,159.34,3,completed
O004582,C01143,2026-07-15T09:24:56Z,mobile,399.71,5,completed
O004583,C00472,2026-07-06T05:18:21Z,web,360.34,6,completed
O004584,C00116,2026-07-15T06:13:15Z,web,30.58,1,completed
O004585,C01096,2026-07-20T13:27:29Z,mobile,318.71,4,completed
O004586,C00688,2026-07-25T08:13:58Z,store,125.90,5,refunded
O004587,C00642,2026-07-31T04:09:19Z,web,205.01,3,completed
O004588,C00468,2026-07-01T11:24:03Z,web,159.93,2,completed
O004589,C00670,2026-07-30T17:51:40Z,store,142.76,5,completed
O004590,C00957,2026-07-17T09:52:41Z,web,172.97,6,completed
O004591,C00776,2026-07-14T02:10:11Z,mobile,125.12,4,completed
O004592,C00111,2026-07-02T02:58:26Z,web,430.83,5,completed
O004593,C00472,2026-07-20T04:12:13Z,web,291.47,2,completed
O004594,C00569,2026-07-04T09:00:08Z,store,122.37,1,completed
O004595,C00587,2026-07-09T23:34:01Z,mobile,158.99,1,completed
O004596,C00735,2026-07-11T16:06:04Z,store,197.81,5,completed
O004597,C00525,2026-07-11T03:39:02Z,mobile,261.21,6,completed
O004598,C00680,2026-07-29T19:09:46Z,partner,67.92,2,completed
O004599,C00099,2026-07-01T23:45:08Z,store,11.88,5,completed
O004600,C01070,2026-07-26T11:57:42Z,partner,126.17,6,completed
O004601,C01163,2026-07-25T19:16:37Z,store,286.98,4,completed
O004602,C00033,2026-07-04T15:45:55Z,partner,493.03,2,completed
O004603,C00316,2026-07-14T16:13:32Z,partner,462.68,3,completed
O004604,C00082,2026-07-06T11:49:05Z,store,394.68,2,completed
O004605,C00242,2026-07-05T22:15:17Z,store,436.18,1,completed
O004606,C00872,2026-07-02T01:26:51Z,store,318.83,1,completed
O004607,C00756,2026-07-16T21:17:37Z,mobile,341.91,4,completed
O004608,C00717,2026-07-16T06:26:33Z,store,298.46,5,completed
O004609,C00484,2026-07-09T00:25:28Z,mobile,219.00,2,completed
O004610,C00245,2026-07-24T22:48:32Z,partner,222.84,4,completed
O004611,C00514,2026-07-30T02:30:20Z,partner,484.99,5,completed
O004612,C00603,2026-07-07T02:50:06Z,mobile,246.66,4,completed
O004613,C00095,2026-07-26T20:25:57Z,mobile,54.44,1,completed
O004614,C00565,2026-07-29T06:49:51Z,partner,102.70,1,completed
O004615,C00759,2026-07-11T21:18:08Z,mobile,151.80,6,completed
O004616,C00316,2026-07-16T05:50:25Z,mobile,456.31,3,completed
O004617,C00503,2026-07-05T16:36:39Z,partner,31.27,1,completed
O004618,C00988,2026-07-05T08:21:56Z,partner,117.15,2,completed
O004619,C00063,2026-07-09T17:28:14Z,mobile,211.08,6,completed
O004620,C00672,2026-07-25T08:17:35Z,partner,75.99,3,completed
O004621,C00597,2026-07-07T16:48:18Z,web,417.40,2,completed
O004622,C00290,2026-07-07T12:47:41Z,web,36.52,4,completed
O004623,C00991,2026-07-23T05:48:02Z,store,64.84,2,completed
O004624,C00542,2026-07-17T17:50:31Z,partner,260.71,3,completed
O004625,C00432,2026-07-03T10:51:28Z,web,169.45,5,completed
O004626,C01123,2026-07-14T08:28:55Z,web,337.73,4,completed
O004627,C00372,2026-07-24T10:48:28Z,mobile,113.44,4,completed
O004628,C01005,2026-07-14T02:22:46Z,partner,79.49,1,completed
O004629,C00487,2026-07-25T16:49:17Z,partner,210.45,2,completed
O004630,C00320,2026-07-15T04:20:22Z,partner,333.33,4,completed
O004631,C00336,2026-07-21T04:46:22Z,partner,32.99,3,completed
O004632,C00313,2026-07-17T13:02:20Z,partner,31.97,1,completed
O004633,C00414,2026-07-20T01:48:19Z,store,22.74,5,completed
O004634,C00493,2026-07-11T10:35:45Z,partner,183.57,4,refunded
O004635,C00796,2026-07-16T14:31:32Z,partner,60.74,3,completed
O004636,C00157,2026-07-09T12:16:12Z,mobile,312.34,4,completed
O004637,C01132,2026-07-01T13:09:24Z,partner,474.24,3,completed
O004638,C00884,2026-07-27T23:34:22Z,mobile,212.10,5,completed
O004639,C01078,2026-07-29T12:19:03Z,store,122.76,2,completed
O004640,C00222,2026-07-12T09:12:29Z,web,409.06,5,completed
O004641,C00804,2026-07-18T02:24:46Z,mobile,225.62,6,completed
O004642,C00048,2026-07-26T19:56:44Z,web,294.53,6,completed
O004643,C00653,2026-07-14T06:11:14Z,partner,351.43,5,completed
O004644,C01052,2026-07-01T01:02:35Z,store,335.75,6,completed
O004645,C00713,2026-07-20T14:39:15Z,mobile,464.92,5,completed
O004646,C00875,2026-07-13T03:18:54Z,store,134.23,4,completed
O004647,C00432,2026-07-24T15:37:39Z,web,210.34,2,completed
O004648,C01065,2026-07-06T12:37:18Z,store,348.41,2,completed
O004649,C00461,2026-07-23T03:57:45Z,web,291.97,3,completed
O004650,C00305,2026-07-01T22:04:47Z,web,67.61,1,completed
O004651,C00681,2026-07-05T19:55:59Z,web,439.27,6,completed
O004652,C00625,2026-07-04T02:20:52Z,web,28.16,5,completed
O004653,C00457,2026-07-22T07:06:51Z,partner,320.10,1,completed
O004654,C00220,2026-07-21T08:59:27Z,mobile,262.79,4,completed
O004655,C01182,2026-07-14T00:13:36Z,web,266.86,4,completed
O004656,C00185,2026-07-14T00:08:47Z,web,28.97,5,completed
O004657,C00152,2026-07-11T18:59:17Z,web,335.81,3,completed
O004658,C00697,2026-07-11T06:41:10Z,partner,188.76,6,completed
O004659,C01121,2026-07-30T03:43:32Z,store,328.35,5,completed
O004660,C01084,2026-07-08T07:50:26Z,store,435.75,1,completed
O004661,C00780,2026-07-11T09:41:43Z,mobile,292.29,5,completed
O004662,C00913,2026-07-13T02:21:03Z,web,232.07,3,completed
O004663,C00810,2026-07-25T12:54:37Z,partner,208.26,4,completed
O004664,C00238,2026-07-22T23:08:07Z,store,345.37,6,completed
O004665,C00655,2026-07-16T03:29:53Z,mobile,115.78,5,completed
O004666,C00086,2026-07-14T23:49:40Z,mobile,115.58,4,completed
O004667,C00980,2026-07-14T11:23:19Z,mobile,495.61,4,completed
O004668,C00216,2026-07-25T04:06:31Z,mobile,382.16,1,completed
O004669,C00266,2026-07-08T13:11:26Z,mobile,141.26,3,completed
O004670,C00071,2026-07-06T04:59:41Z,web,456.67,3,completed
O004671,C01012,2026-07-23T22:20:23Z,partner,95.40,6,refunded
O004672,C00222,2026-07-10T01:23:47Z,mobile,473.16,3,completed
O004673,C00860,2026-07-03T18:07:24Z,partner,313.52,2,completed
O004674,C00816,2026-07-11T00:35:47Z,mobile,410.94,4,completed
O004675,C00772,2026-07-29T13:53:46Z,partner,45.78,2,completed
O004676,C00007,2026-07-26T16:52:12Z,web,123.19,4,completed
O004677,C00671,2026-07-29T01:56:41Z,web,42.52,1,completed
O004678,C00059,2026-07-20T05:51:32Z,store,208.46,3,refunded
O004679,C00018,2026-07-22T19:51:33Z,store,262.45,5,completed
O004680,C00449,2026-07-23T10:31:44Z,mobile,236.17,4,completed
O004681,C00839,2026-07-17T07:43:25Z,partner,360.56,1,completed
O004682,C00279,2026-07-22T13:17:48Z,mobile,82.89,1,completed
O004683,C00352,2026-07-10T01:02:41Z,store,149.44,5,refunded
O004684,C00718,2026-07-01T09:51:21Z,web,191.95,6,completed
O004685,C00179,2026-07-11T07:31:00Z,store,333.71,2,completed
O004686,C00905,2026-07-07T10:28:25Z,partner,140.67,4,completed
O004687,C00412,2026-07-21T06:58:56Z,mobile,107.05,4,completed
O004688,C00047,2026-07-14T02:24:54Z,partner,473.69,6,completed
O004689,C00541,2026-07-20T14:07:47Z,web,479.67,6,completed
O004690,C00174,2026-07-17T01:29:30Z,web,261.98,4,completed
O004691,C00491,2026-07-09T05:49:15Z,web,463.27,5,completed
O004692,C00106,2026-07-23T09:30:45Z,store,264.48,5,completed
O004693,C00932,2026-07-11T08:51:21Z,store,402.81,1,completed
O004694,C00241,2026-07-19T21:40:44Z,store,43.27,6,completed
O004695,C00025,2026-07-11T05:01:23Z,mobile,382.34,3,completed
O004696,C00809,2026-07-24T03:36:18Z,partner,28.76,1,completed
O004697,C00975,2026-07-08T08:43:25Z,store,462.89,4,completed
O004698,C00020,2026-07-25T18:44:44Z,web,166.57,3,completed
O004699,C00722,2026-07-01T21:10:21Z,mobile,426.27,1,completed
O004700,C00541,2026-07-08T14:11:34Z,partner,323.05,2,completed
O004701,C00427,2026-07-17T06:52:50Z,partner,396.24,6,completed
O004702,C00455,2026-07-17T23:40:21Z,partner,133.36,1,completed
O004703,C00169,2026-07-31T09:40:10Z,mobile,378.95,3,completed
O004704,C00913,2026-07-25T04:35:16Z,mobile,349.89,1,completed
O004705,C00560,2026-07-31T06:45:32Z,mobile,253.17,6,completed
O004706,C00446,2026-07-12T13:22:04Z,web,337.11,3,completed
O004707,C00728,2026-07-13T19:10:56Z,mobile,324.87,6,completed
O004708,C00399,2026-07-11T06:24:07Z,store,193.60,2,completed
O004709,C00474,2026-07-12T04:07:55Z,partner,119.52,6,completed
O004710,C00081,2026-07-21T07:42:13Z,web,173.14,2,completed
O004711,C00288,2026-07-21T12:46:08Z,partner,130.54,1,completed
O004712,C00396,2026-07-09T07:45:53Z,web,278.20,4,completed
O004713,C00519,2026-07-11T08:02:03Z,web,232.77,4,completed
O004714,C01023,2026-07-15T02:38:31Z,mobile,476.18,4,completed
O004715,C01163,2026-07-22T09:15:02Z,store,76.79,3,completed
O004716,C00316,2026-07-10T11:58:59Z,store,66.15,6,completed
O004717,C00010,2026-07-06T15:53:18Z,partner,115.51,2,completed
O004718,C00853,2026-07-23T09:47:44Z,partner,438.43,5,completed
O004719,C01130,2026-07-18T18:07:07Z,store,426.59,1,completed
O004720,C00467,2026-07-15T03:57:24Z,partner,27.54,5,completed
O004721,C00177,2026-07-06T17:30:38Z,store,391.69,3,completed
O004722,C00180,2026-07-23T22:56:24Z,web,172.60,5,completed
O004723,C00740,2026-07-31T03:52:57Z,mobile,71.08,1,completed
O004724,C00487,2026-07-18T18:24:46Z,mobile,247.55,5,completed
O004725,C00194,2026-07-21T10:37:48Z,mobile,159.30,5,completed
O004726,C00847,2026-07-11T22:27:34Z,mobile,298.17,5,completed
O004727,C00010,2026-07-24T10:52:11Z,store,377.12,3,completed
O004728,C00912,2026-07-01T09:00:07Z,mobile,75.34,3,completed
O004729,C00713,2026-07-24T00:01:41Z,store,455.66,4,completed
O004730,C00836,2026-07-13T11:20:45Z,store,159.80,3,completed
O004731,C01122,2026-07-01T09:49:41Z,store,73.09,4,completed
O004732,C01150,2026-07-23T05:08:03Z,partner,99.98,4,completed
O004733,C00183,2026-07-07T08:51:17Z,mobile,348.91,6,completed
O004734,C00989,2026-07-25T17:38:59Z,mobile,123.43,3,completed
O004735,C00182,2026-07-24T23:24:01Z,mobile,71.50,6,completed
O004736,C00224,2026-07-26T23:47:40Z,partner,244.06,2,completed
O004737,C00486,2026-07-29T21:54:08Z,store,380.90,2,completed
O004738,C00751,2026-07-27T12:19:55Z,store,445.93,5,completed
O004739,C00211,2026-07-13T19:17:29Z,partner,237.44,2,completed
O004740,C00329,2026-07-20T13:55:14Z,web,172.33,4,completed
O004741,C00142,2026-07-30T00:52:15Z,mobile,54.21,2,completed
O004742,C00067,2026-07-30T07:38:59Z,mobile,83.80,2,completed
O004743,C00286,2026-07-05T02:52:38Z,web,98.51,3,completed
O004744,C00126,2026-07-14T02:07:17Z,web,247.92,4,completed
O004745,C00730,2026-07-28T21:02:06Z,web,174.81,2,completed
O004746,C00605,2026-07-16T16:20:50Z,partner,494.22,5,completed
O004747,C00534,2026-07-09T04:12:12Z,store,154.90,3,completed
O004748,C01001,2026-07-05T05:21:26Z,web,207.58,6,completed
O004749,C00258,2026-07-19T02:17:24Z,store,339.63,6,completed
O004750,C00183,2026-07-04T02:34:53Z,store,359.69,5,completed
O004751,C01193,2026-07-15T03:36:18Z,mobile,351.91,4,completed
O004752,C00265,2026-07-09T13:22:41Z,partner,27.00,4,completed
O004753,C01149,2026-07-26T01:37:07Z,partner,24.46,6,completed
O004754,C00885,2026-07-13T05:32:15Z,partner,149.85,2,completed
O004755,C01181,2026-07-02T09:59:05Z,mobile,62.11,6,completed
O004756,C00306,2026-07-30T13:17:40Z,web,14.26,1,completed
O004757,C00429,2026-07-22T22:46:52Z,web,262.38,3,completed
O004758,C00299,2026-07-28T06:33:53Z,mobile,103.19,1,completed
O004759,C00819,2026-07-21T19:15:12Z,mobile,109.43,6,refunded
O004760,C00706,2026-07-18T15:27:32Z,partner,281.27,6,completed
O004761,C00747,2026-07-09T02:42:25Z,mobile,210.00,2,completed
O004762,C00118,2026-07-19T05:49:57Z,store,11.20,5,completed
O004763,C00094,2026-07-20T14:37:32Z,mobile,171.77,4,completed
O004764,C00892,2026-07-05T14:10:29Z,web,193.13,4,completed
O004765,C00642,2026-07-05T06:05:14Z,store,262.82,3,completed
O004766,C00677,2026-07-17T02:49:34Z,store,364.22,2,completed
O004767,C01042,2026-07-09T18:39:07Z,store,484.02,3,completed
O004768,C01000,2026-07-31T03:20:02Z,partner,85.52,6,refunded
O004769,C00993,2026-07-14T22:16:23Z,web,280.66,1,completed
O004770,C01174,2026-07-16T02:24:24Z,web,125.95,5,completed
O004771,C00131,2026-07-05T21:52:54Z,mobile,144.04,3,completed
O004772,C00696,2026-07-05T10:56:35Z,store,89.33,1,completed
O004773,C00188,2026-07-02T23:10:46Z,partner,327.06,3,completed
O004774,C00050,2026-07-26T09:57:49Z,partner,427.34,1,completed
O004775,C00323,2026-07-16T02:55:00Z,mobile,326.64,2,completed
O004776,C00443,2026-07-18T17:05:16Z,partner,235.92,6,refunded
O004777,C00049,2026-07-19T07:47:06Z,partner,355.58,4,completed
O004778,C00071,2026-07-23T07:40:47Z,store,353.85,1,completed
O004779,C01154,2026-07-04T02:01:37Z,store,266.33,6,completed
O004780,C00564,2026-07-09T19:03:19Z,web,239.37,3,completed
O004781,C00021,2026-07-11T03:58:12Z,store,347.09,4,completed
O004782,C00623,2026-07-04T12:27:06Z,store,479.48,2,refunded
O004783,C00913,2026-07-05T09:08:18Z,partner,474.82,6,completed
O004784,C01102,2026-07-27T03:06:39Z,store,107.81,4,completed
O004785,C00237,2026-07-20T03:24:50Z,store,219.63,3,completed
O004786,C01109,2026-07-15T10:19:58Z,partner,108.50,3,completed
O004787,C00353,2026-07-01T11:55:00Z,partner,392.93,3,completed
O004788,C00015,2026-07-01T05:23:26Z,mobile,400.35,2,completed
O004789,C00521,2026-07-07T09:28:30Z,mobile,84.87,1,completed
O004790,C00115,2026-07-13T23:16:19Z,store,202.48,4,refunded
O004791,C00117,2026-07-07T19:41:11Z,partner,402.36,3,completed
O004792,C00364,2026-07-30T03:43:20Z,web,50.32,1,completed
O004793,C00194,2026-07-29T17:10:06Z,partner,130.33,6,completed
O004794,C00167,2026-07-31T13:22:24Z,web,279.10,3,completed
O004795,C00375,2026-07-07T11:32:43Z,mobile,477.97,1,completed
O004796,C00220,2026-07-21T02:57:39Z,store,17.27,2,completed
O004797,C00541,2026-07-06T22:47:16Z,mobile,184.43,2,completed
O004798,C00195,2026-07-14T01:47:55Z,web,82.94,5,completed
O004799,C01018,2026-07-11T23:27:16Z,partner,209.91,2,completed
O004800,C01023,2026-07-16T12:54:28Z,store,445.59,4,completed
O004801,C00916,2026-07-18T14:10:19Z,web,244.75,2,completed
O004802,C00516,2026-07-18T16:26:32Z,web,177.06,1,completed
O004803,C00781,2026-07-15T19:46:02Z,partner,14.50,2,completed
O004804,C01029,2026-07-02T18:35:45Z,partner,306.14,4,completed
O004805,C00921,2026-07-15T07:30:52Z,partner,126.88,3,completed
O004806,C00976,2026-07-30T16:23:57Z,web,101.26,2,completed
O004807,C00279,2026-07-13T17:54:22Z,web,238.64,4,completed
O004808,C00843,2026-07-26T06:37:58Z,store,393.01,1,completed
O004809,C00792,2026-07-06T08:42:27Z,web,115.00,2,completed
O004810,C00094,2026-07-12T02:10:40Z,store,433.61,1,completed
O004811,C00523,2026-07-20T19:02:02Z,mobile,457.95,6,completed
O004812,C00809,2026-07-18T08:20:16Z,web,250.06,6,completed
O004813,C00392,2026-07-04T21:01:38Z,mobile,40.35,1,completed
O004814,C00838,2026-07-02T06:38:16Z,web,244.07,6,completed
O004815,C01093,2026-07-08T17:14:22Z,partner,348.67,4,completed
O004816,C00421,2026-07-21T22:13:53Z,web,257.98,5,completed
O004817,C00969,2026-07-03T13:16:26Z,partner,429.51,1,completed
O004818,C00754,2026-07-10T15:07:20Z,store,337.52,4,completed
O004819,C00201,2026-07-21T13:35:39Z,mobile,446.77,1,completed
O004820,C00147,2026-07-20T07:24:57Z,store,187.97,6,completed
O004821,C00187,2026-07-10T08:16:40Z,partner,390.45,5,completed
O004822,C00110,2026-07-20T03:45:04Z,partner,320.82,6,completed
O004823,C00065,2026-07-06T05:23:35Z,web,178.01,4,completed
O004824,C00656,2026-07-16T08:47:01Z,partner,480.89,5,completed
O004825,C00521,2026-07-24T19:53:20Z,web,468.87,2,completed
O004826,C00155,2026-07-24T11:52:18Z,store,193.12,5,completed
O004827,C01120,2026-07-01T04:55:16Z,web,377.16,5,completed
O004828,C00010,2026-07-20T19:55:04Z,store,27.69,2,completed
O004829,C00929,2026-07-30T23:35:09Z,web,117.19,1,completed
O004830,C00150,2026-07-08T04:56:41Z,web,417.03,6,completed
O004831,C00132,2026-07-03T05:42:56Z,web,253.06,6,completed
O004832,C00363,2026-07-02T03:25:41Z,mobile,69.40,5,completed
O004833,C01014,2026-07-01T11:01:12Z,mobile,438.15,4,completed
O004834,C00406,2026-07-01T00:56:11Z,partner,90.14,6,completed
O004835,C00875,2026-07-08T22:57:46Z,store,22.24,6,completed
O004836,C00622,2026-07-31T22:14:21Z,mobile,240.57,2,completed
O004837,C00739,2026-07-05T05:20:20Z,web,145.02,6,completed
O004838,C00488,2026-07-14T03:48:43Z,partner,43.93,5,completed
O004839,C00628,2026-07-01T07:36:46Z,partner,76.49,2,completed
O004840,C00053,2026-07-19T21:30:35Z,store,63.04,1,completed
O004841,C00150,2026-07-22T04:30:45Z,partner,185.36,1,completed
O004842,C00429,2026-07-08T04:30:44Z,mobile,334.34,2,completed
O004843,C00291,2026-07-01T13:09:32Z,partner,199.05,1,completed
O004844,C01043,2026-07-10T22:26:13Z,store,12.50,1,completed
O004845,C00134,2026-07-19T20:06:08Z,mobile,483.24,2,completed
O004846,C00303,2026-07-10T08:44:14Z,partner,190.78,6,completed
O004847,C00320,2026-07-14T23:34:55Z,store,479.82,1,completed
O004848,C00395,2026-07-17T10:46:09Z,store,406.87,6,completed
O004849,C00142,2026-07-07T21:52:41Z,mobile,36.25,3,completed
O004850,C01195,2026-07-27T09:28:39Z,partner,466.39,5,completed
O004851,C00938,2026-07-21T00:54:01Z,store,358.13,3,completed
O004852,C01131,2026-07-17T16:03:34Z,mobile,360.44,5,completed
O004853,C00717,2026-07-14T11:01:58Z,store,313.17,5,completed
O004854,C00055,2026-07-10T09:07:46Z,partner,178.47,6,completed
O004855,C00095,2026-07-06T16:28:38Z,mobile,406.85,4,completed
O004856,C01150,2026-07-05T08:49:35Z,store,242.05,6,completed
O004857,C00217,2026-07-16T08:29:33Z,store,262.05,1,completed
O004858,C00354,2026-07-18T02:57:07Z,store,265.48,2,completed
O004859,C00165,2026-07-23T10:44:22Z,partner,119.65,1,completed
O004860,C00024,2026-07-16T15:57:59Z,web,274.84,1,completed
O004861,C00822,2026-07-29T07:21:58Z,web,73.93,2,completed
O004862,C00165,2026-07-25T12:18:31Z,store,162.29,6,completed
O004863,C01148,2026-07-11T03:12:22Z,web,359.22,6,completed
O004864,C00230,2026-07-10T03:05:07Z,mobile,214.42,2,completed
O004865,C00980,2026-07-11T03:53:19Z,partner,8.45,1,completed
O004866,C01138,2026-07-08T08:05:27Z,mobile,135.30,2,completed
O004867,C00585,2026-07-17T21:22:47Z,store,48.67,2,completed
O004868,C00560,2026-07-16T08:38:33Z,partner,202.12,2,completed
O004869,C00485,2026-07-15T14:49:59Z,store,217.28,3,completed
O004870,C01126,2026-07-11T06:55:16Z,mobile,230.42,5,completed
O004871,C01065,2026-07-13T01:55:12Z,web,446.84,4,completed
O004872,C00065,2026-07-25T21:01:42Z,web,372.18,5,completed
O004873,C00760,2026-07-22T19:39:20Z,mobile,476.32,6,completed
O004874,C00170,2026-07-07T11:49:11Z,web,50.56,5,completed
O004875,C00775,2026-07-27T22:41:39Z,store,484.52,4,completed
O004876,C00766,2026-07-19T09:18:33Z,partner,224.14,3,completed
O004877,C00432,2026-07-17T11:33:48Z,mobile,323.46,6,completed
O004878,C00484,2026-07-28T03:27:10Z,web,289.61,6,completed
O004879,C00741,2026-07-03T20:06:14Z,mobile,121.62,5,completed
O004880,C00965,2026-07-23T02:48:39Z,partner,288.47,2,completed
O004881,C00294,2026-07-15T20:59:44Z,mobile,376.91,1,completed
O004882,C00838,2026-07-04T14:39:03Z,partner,433.59,2,completed
O004883,C01172,2026-07-23T09:52:43Z,web,340.18,1,completed
O004884,C00315,2026-07-08T03:35:01Z,mobile,281.94,5,completed
O004885,C01091,2026-07-15T06:43:08Z,store,423.92,5,completed
O004886,C00916,2026-07-16T13:11:29Z,mobile,171.31,6,completed
O004887,C00046,2026-07-20T13:01:07Z,partner,51.67,5,completed
O004888,C00185,2026-07-10T20:43:04Z,store,271.88,2,completed
O004889,C01103,2026-07-17T04:09:18Z,mobile,40.54,2,completed
O004890,C00670,2026-07-05T07:26:21Z,partner,88.21,6,completed
O004891,C00437,2026-07-22T22:39:45Z,mobile,103.38,6,completed
O004892,C00882,2026-07-15T04:29:23Z,web,161.38,2,completed
O004893,C00778,2026-07-19T16:00:36Z,web,193.35,2,completed
O004894,C00312,2026-07-14T14:01:04Z,web,30.97,3,completed
O004895,C00850,2026-07-11T02:22:19Z,web,130.28,3,refunded
O004896,C00177,2026-07-04T11:54:20Z,mobile,239.80,1,completed
O004897,C00759,2026-07-03T14:14:27Z,partner,61.06,6,completed
O004898,C01027,2026-07-20T06:45:15Z,web,112.88,6,completed
O004899,C00383,2026-07-23T05:18:05Z,web,222.80,2,completed
O004900,C00790,2026-07-23T22:49:51Z,store,126.83,5,completed
O004901,C00517,2026-07-03T07:37:05Z,partner,275.75,2,completed
O004902,C00342,2026-07-06T00:16:29Z,web,207.26,1,completed
O004903,C00980,2026-07-20T15:03:29Z,mobile,423.32,1,completed
O004904,C00763,2026-07-28T22:44:40Z,partner,298.53,2,completed
O004905,C00032,2026-07-07T05:54:32Z,partner,403.85,3,completed
O004906,C00009,2026-07-17T05:25:54Z,mobile,21.06,1,completed
O004907,C01078,2026-07-07T09:14:23Z,mobile,443.05,6,completed
O004908,C00805,2026-07-25T12:34:01Z,web,464.09,4,completed
O004909,C00766,2026-07-05T14:08:26Z,partner,319.01,3,completed
O004910,C01109,2026-07-02T22:58:50Z,web,415.93,1,completed
O004911,C00709,2026-07-10T08:25:42Z,partner,428.07,5,completed
O004912,C01128,2026-07-06T20:38:42Z,web,28.67,5,completed
O004913,C00799,2026-07-22T00:29:44Z,mobile,466.56,6,completed
O004914,C00609,2026-07-19T00:49:21Z,web,256.78,5,completed
O004915,C00835,2026-07-31T11:47:44Z,web,167.45,5,completed
O004916,C00591,2026-07-02T20:04:16Z,mobile,33.14,4,completed
O004917,C00316,2026-07-16T04:03:22Z,partner,362.22,1,completed
O004918,C00052,2026-07-17T05:33:55Z,mobile,212.53,4,completed
O004919,C00540,2026-07-28T13:56:02Z,store,52.27,6,completed
O004920,C00448,2026-07-23T04:20:34Z,mobile,77.35,1,completed
O004921,C00583,2026-07-11T15:08:13Z,partner,247.23,2,completed
O004922,C00283,2026-07-12T10:58:02Z,partner,61.66,2,completed
O004923,C00708,2026-07-09T01:18:49Z,partner,449.74,5,completed
O004924,C00313,2026-07-09T12:49:21Z,store,168.82,1,refunded
O004925,C00647,2026-07-06T10:47:07Z,mobile,172.03,6,refunded
O004926,C00955,2026-07-01T15:47:50Z,partner,41.27,2,completed
O004927,C00321,2026-07-16T15:08:16Z,partner,433.79,4,completed
O004928,C01151,2026-07-26T09:15:31Z,web,38.55,3,completed
O004929,C00519,2026-07-04T08:42:52Z,partner,79.39,1,completed
O004930,C00392,2026-07-09T16:15:17Z,store,422.30,1,completed
O004931,C00675,2026-07-23T09:12:08Z,mobile,418.66,2,completed
O004932,C00791,2026-07-19T18:47:21Z,web,23.41,4,completed
O004933,C00279,2026-07-10T08:16:16Z,partner,187.17,6,completed
O004934,C00346,2026-07-10T09:35:14Z,mobile,202.30,1,completed
O004935,C00993,2026-07-10T23:25:39Z,store,307.25,5,completed
O004936,C00695,2026-07-26T18:37:51Z,partner,266.53,1,completed
O004937,C01070,2026-07-20T09:46:03Z,store,484.35,6,completed
O004938,C00952,2026-07-21T10:08:31Z,partner,221.58,2,completed
O004939,C00138,2026-07-27T21:56:07Z,partner,21.62,6,completed
O004940,C00495,2026-07-04T13:05:51Z,partner,110.38,6,completed
O004941,C00953,2026-07-07T20:45:43Z,partner,204.87,3,completed
O004942,C00468,2026-07-09T10:13:26Z,mobile,160.49,4,completed
O004943,C00507,2026-07-21T01:26:47Z,web,278.96,2,completed
O004944,C00305,2026-07-22T00:48:20Z,mobile,456.16,6,completed
O004945,C00737,2026-07-02T10:02:45Z,store,17.31,3,completed
O004946,C00808,2026-07-28T11:01:27Z,partner,390.08,5,refunded
O004947,C00602,2026-07-18T10:47:16Z,partner,180.81,6,completed
O004948,C00638,2026-07-07T01:27:33Z,partner,455.46,5,completed
O004949,C00158,2026-07-17T00:09:33Z,store,178.39,2,completed
O004950,C00035,2026-07-30T23:27:20Z,web,463.40,4,completed
O004951,C00991,2026-07-03T23:46:24Z,mobile,264.47,6,completed
O004952,C00494,2026-07-29T06:03:58Z,mobile,364.00,6,completed
O004953,C00293,2026-07-24T07:47:16Z,store,233.42,5,completed
O004954,C00313,2026-07-27T13:01:12Z,web,315.60,5,completed
O004955,C00421,2026-07-26T11:58:12Z,web,128.87,3,completed
O004956,C00638,2026-07-08T01:25:04Z,store,470.13,3,completed
O004957,C01011,2026-07-16T20:56:32Z,web,80.66,4,completed
O004958,C00669,2026-07-17T09:19:29Z,store,264.76,2,completed
O004959,C00650,2026-07-07T05:54:18Z,web,123.65,1,completed
O004960,C00021,2026-07-01T02:28:59Z,mobile,277.13,3,completed
O004961,C00441,2026-07-14T04:47:37Z,store,216.93,2,completed
O004962,C00086,2026-07-17T17:21:11Z,store,88.07,4,completed
O004963,C00687,2026-07-24T01:38:08Z,mobile,244.28,4,completed
O004964,C00993,2026-07-05T18:57:34Z,web,341.96,2,completed
O004965,C00249,2026-07-15T10:54:11Z,partner,291.00,2,completed
O004966,C00080,2026-07-12T03:04:03Z,mobile,350.28,6,completed
O004967,C00718,2026-07-18T08:41:56Z,partner,428.40,4,completed
O004968,C00599,2026-07-01T00:51:30Z,store,264.94,4,completed
O004969,C01112,2026-07-21T19:19:34Z,web,219.65,5,completed
O004970,C00485,2026-07-06T14:24:31Z,web,410.17,1,completed
O004971,C00912,2026-07-09T01:47:48Z,web,378.63,5,completed
O004972,C01200,2026-07-10T21:35:32Z,store,103.25,3,completed
O004973,C00430,2026-07-01T18:56:17Z,mobile,148.63,6,completed
O004974,C01015,2026-07-28T23:14:18Z,store,330.33,5,completed
O004975,C00564,2026-07-28T10:19:25Z,web,291.37,2,completed
O004976,C00820,2026-07-29T05:13:13Z,store,483.55,2,completed
O004977,C00996,2026-07-13T04:25:19Z,web,454.18,6,completed
O004978,C00140,2026-07-27T16:38:29Z,store,341.88,3,completed
O004979,C00412,2026-07-30T08:47:24Z,mobile,14.16,5,completed
O004980,C00779,2026-07-18T05:26:07Z,partner,218.65,5,completed
O004981,C00929,2026-07-05T01:45:51Z,mobile,367.78,6,completed
O004982,C00280,2026-07-02T10:21:39Z,partner,360.01,3,completed
O004983,C00254,2026-07-30T00:57:39Z,partner,387.69,3,completed
O004984,C00834,2026-07-12T09:08:35Z,web,440.39,3,completed
O004985,C00615,2026-07-11T13:39:53Z,partner,231.70,4,completed
O004986,C00506,2026-07-29T12:25:00Z,partner,211.99,4,completed
O004987,C00659,2026-07-25T03:10:29Z,store,104.25,2,completed
O004988,C00588,2026-07-21T05:48:26Z,mobile,274.92,2,completed
O004989,C00988,2026-07-13T15:47:02Z,web,389.69,5,completed
O004990,C00730,2026-07-18T05:57:34Z,web,10.75,6,completed
O004991,C00526,2026-07-16T06:39:21Z,mobile,268.20,3,completed
O004992,C00545,2026-07-16T17:51:59Z,store,466.63,4,completed
O004993,C00762,2026-07-30T15:03:57Z,partner,38.09,2,completed
O004994,C00883,2026-07-07T02:49:37Z,partner,159.28,6,completed
O004995,C00454,2026-07-21T10:34:45Z,store,306.85,5,completed
O004996,C00675,2026-07-31T03:18:43Z,partner,495.14,1,completed
O004997,C00262,2026-07-14T02:43:50Z,store,263.89,1,completed
O004998,C01026,2026-07-30T17:21:02Z,web,30.13,6,completed
O004999,C00539,2026-07-18T18:57:13Z,partner,164.54,6,completed
O005000,C00176,2026-07-06T16:49:56Z,partner,295.63,2,completed
