order_id,customer_id,order_ts,channel,amount_eur,items,status,amount_eur_net
O000001,C00978,2026-07-03T14:58:33Z,web,243.40,1,completed,192.29
O000002,C00582,2026-07-07T10:28:04Z,partner,104.45,5,completed,82.52
O000003,C00481,2026-07-28T05:10:17Z,partner,226.55,1,completed,178.97
O000004,C00418,2026-07-22T13:49:33Z,web,278.48,6,completed,220.00
O000005,C00427,2026-07-09T10:50:37Z,web,454.07,5,completed,358.72
O000006,C00916,2026-07-04T00:13:29Z,partner,126.84,6,completed,100.20
O000007,C00388,2026-07-03T02:44:43Z,store,471.27,2,completed,372.30
O000008,C00127,2026-07-10T13:02:20Z,store,144.84,6,completed,114.42
O000009,C00214,2026-07-20T06:23:08Z,partner,95.46,6,completed,75.41
O000010,C01035,2026-07-11T19:33:04Z,web,265.62,4,completed,209.84
O000011,C00921,2026-07-12T10:26:17Z,web,414.26,1,completed,327.27
O000012,C00710,2026-07-30T06:02:51Z,partner,393.64,1,completed,310.98
O000013,C00438,2026-07-06T09:26:32Z,store,320.72,2,completed,253.37
O000014,C00986,2026-07-14T15:57:14Z,partner,340.00,4,completed,268.60
O000015,C00070,2026-07-18T09:21:54Z,mobile,290.58,5,completed,229.56
O000016,C00909,2026-07-14T23:43:53Z,mobile,18.55,1,completed,14.65
O000017,C00013,2026-07-20T11:31:26Z,partner,464.85,4,completed,367.23
O000018,C00942,2026-07-08T10:51:36Z,partner,208.68,1,completed,164.86
O000019,C00820,2026-07-26T15:18:36Z,web,106.91,4,completed,84.46
O000020,C00083,2026-07-03T23:29:24Z,partner,474.09,1,completed,374.53
O000021,C00625,2026-07-15T05:32:50Z,partner,473.90,3,completed,374.38
O000022,C00450,2026-07-30T18:48:36Z,web,115.88,5,completed,91.55
O000023,C00533,2026-07-31T13:05:31Z,partner,122.14,4,completed,96.49
O000025,C01044,2026-07-15T16:56:12Z,partner,464.72,1,completed,367.13
O000026,C00195,2026-07-24T18:34:54Z,mobile,337.33,3,completed,266.49
O000027,C00283,2026-07-24T16:21:02Z,partner,352.72,5,completed,278.65
O000028,C00807,2026-07-25T20:31:02Z,mobile,353.05,2,completed,278.91
O000029,C00384,2026-07-27T01:45:05Z,store,48.06,2,completed,37.97
O000030,C01095,2026-07-19T04:00:50Z,web,460.16,4,completed,363.53
O000031,C00319,2026-07-14T17:50:28Z,web,6.50,6,completed,5.13
O000032,C00065,2026-07-27T18:19:17Z,store,22.42,3,completed,17.71
O000033,C00050,2026-07-28T19:23:04Z,store,469.50,5,completed,370.91
O000034,C00549,2026-07-02T11:23:12Z,mobile,113.94,1,completed,90.01
O000035,C00069,2026-07-25T20:55:21Z,web,199.49,4,completed,157.60
O000036,C01108,2026-07-14T01:08:37Z,partner,249.06,4,completed,196.76
O000037,C00719,2026-07-22T20:03:49Z,partner,334.54,6,completed,264.29
O000038,C00671,2026-07-10T18:01:27Z,store,229.57,4,completed,181.36
O000039,C00833,2026-07-12T16:07:43Z,mobile,464.07,2,completed,366.62
O000040,C00951,2026-07-20T13:59:08Z,store,36.51,3,completed,28.84
O000041,C00284,2026-07-14T14:52:38Z,web,132.08,1,completed,104.34
O000042,C00937,2026-07-05T20:21:13Z,mobile,86.47,5,completed,68.31
O000043,C00803,2026-07-19T21:06:49Z,mobile,16.02,3,completed,12.66
O000044,C01150,2026-07-14T19:40:36Z,mobile,493.92,6,completed,390.20
O000045,C00978,2026-07-10T23:01:17Z,store,94.75,2,completed,74.85
O000046,C01167,2026-07-03T14:46:16Z,web,103.63,4,completed,81.87
O000047,C00484,2026-07-10T00:58:57Z,partner,194.01,4,completed,153.27
O000048,C00633,2026-07-10T17:26:17Z,partner,101.36,2,completed,80.07
O000049,C00300,2026-07-02T11:53:21Z,mobile,61.02,6,completed,48.21
O000050,C00115,2026-07-23T12:39:17Z,partner,14.28,1,completed,11.28
O000051,C00478,2026-07-18T15:47:56Z,mobile,128.98,3,completed,101.89
O000052,C00144,2026-07-27T09:12:51Z,web,90.91,5,completed,71.82
O000053,C00649,2026-07-13T22:43:03Z,partner,188.35,5,completed,148.80
O000055,C00669,2026-07-24T17:49:18Z,partner,216.66,6,completed,171.16
O000056,C01078,2026-07-03T21:11:31Z,store,454.43,5,completed,359.00
O000058,C00641,2026-07-30T07:53:02Z,store,135.94,4,completed,107.39
O000059,C01124,2026-07-05T17:03:46Z,store,413.16,4,completed,326.40
O000060,C00897,2026-07-27T01:30:30Z,web,282.63,1,completed,223.28
O000061,C00372,2026-07-22T18:10:12Z,partner,66.73,3,completed,52.72
O000062,C00693,2026-07-09T23:44:47Z,partner,200.38,1,completed,158.30
O000064,C00385,2026-07-12T10:06:44Z,partner,419.11,4,completed,331.10
O000065,C00332,2026-07-01T09:13:02Z,mobile,337.17,3,completed,266.36
O000066,C00278,2026-07-01T13:34:34Z,partner,408.62,2,completed,322.81
O000067,C00144,2026-07-09T16:06:18Z,partner,352.98,3,completed,278.85
O000068,C00624,2026-07-22T10:15:23Z,store,312.74,2,completed,247.06
O000069,C00592,2026-07-04T08:36:30Z,web,370.34,5,completed,292.57
O000070,C00651,2026-07-02T22:13:57Z,web,255.36,5,completed,201.73
O000071,C00785,2026-07-17T06:30:42Z,store,227.50,5,completed,179.72
O000072,C00424,2026-07-06T15:46:13Z,web,239.79,3,completed,189.43
O000073,C00634,2026-07-02T23:52:30Z,web,73.42,1,completed,58.00
O000076,C00095,2026-07-27T03:06:14Z,store,377.87,2,completed,298.52
O000077,C00537,2026-07-06T18:42:47Z,mobile,152.96,3,completed,120.84
O000078,C00713,2026-07-01T06:35:16Z,mobile,432.23,3,completed,341.46
O000080,C00247,2026-07-17T06:15:02Z,mobile,494.47,5,completed,390.63
O000081,C00510,2026-07-21T05:01:31Z,mobile,161.77,5,completed,127.80
O000082,C01008,2026-07-23T14:47:36Z,partner,77.43,3,completed,61.17
O000083,C01074,2026-07-05T11:40:54Z,store,219.71,1,completed,173.57
O000085,C00597,2026-07-16T18:49:20Z,web,394.57,3,completed,311.71
O000086,C00811,2026-07-26T04:10:36Z,store,14.90,3,completed,11.77
O000087,C01117,2026-07-28T09:38:40Z,partner,482.34,2,completed,381.05
O000088,C00542,2026-07-16T18:02:20Z,web,197.30,4,completed,155.87
O000089,C00924,2026-07-09T00:31:53Z,web,473.63,4,completed,374.17
O000090,C00777,2026-07-04T05:15:27Z,store,411.77,1,completed,325.30
O000091,C00226,2026-07-02T15:22:27Z,mobile,347.74,5,completed,274.71
O000092,C01081,2026-07-19T07:14:34Z,partner,303.75,1,completed,239.96
O000093,C00233,2026-07-27T03:36:13Z,store,449.10,4,completed,354.79
O000094,C00099,2026-07-20T13:08:37Z,web,256.69,2,completed,202.79
O000095,C00779,2026-07-23T21:57:36Z,web,73.72,1,completed,58.24
O000096,C01108,2026-07-06T14:02:35Z,web,469.55,3,completed,370.94
O000097,C00474,2026-07-08T16:34:39Z,mobile,43.54,3,completed,34.40
O000098,C01129,2026-07-27T15:20:46Z,partner,418.50,4,completed,330.62
O000099,C00975,2026-07-11T19:38:13Z,web,308.84,6,completed,243.98
O000101,C00828,2026-07-08T21:56:36Z,web,334.44,2,completed,264.21
O000102,C00870,2026-07-02T00:04:05Z,partner,399.97,3,completed,315.98
O000103,C00621,2026-07-04T10:09:10Z,web,16.43,3,completed,12.98
O000104,C00737,2026-07-10T22:17:32Z,store,29.31,2,completed,23.15
O000105,C00304,2026-07-09T03:59:06Z,store,201.46,4,completed,159.15
O000106,C00813,2026-07-06T06:50:27Z,mobile,350.77,3,completed,277.11
O000107,C01022,2026-07-28T03:02:00Z,partner,102.57,3,completed,81.03
O000108,C00292,2026-07-02T17:07:51Z,mobile,347.27,6,completed,274.34
O000109,C00917,2026-07-31T20:26:17Z,mobile,484.07,4,completed,382.42
O000110,C00199,2026-07-27T03:42:44Z,partner,180.22,3,completed,142.37
O000112,C00800,2026-07-21T06:17:32Z,mobile,467.80,1,completed,369.56
O000113,C00652,2026-07-09T23:35:17Z,mobile,421.24,6,completed,332.78
O000114,C00388,2026-07-04T01:00:55Z,partner,430.50,2,completed,340.10
O000115,C00427,2026-07-04T17:57:18Z,store,379.00,3,completed,299.41
O000116,C00744,2026-07-04T06:20:10Z,mobile,345.76,6,completed,273.15
O000117,C00930,2026-07-07T14:03:27Z,store,171.13,2,completed,135.19
O000118,C00582,2026-07-12T11:30:19Z,mobile,490.59,3,completed,387.57
O000119,C00821,2026-07-03T03:55:48Z,web,119.82,4,completed,94.66
O000120,C01129,2026-07-03T22:14:48Z,store,249.47,1,completed,197.08
O000121,C00589,2026-07-24T16:37:29Z,mobile,299.97,3,completed,236.98
O000122,C00060,2026-07-09T03:57:26Z,store,267.91,1,completed,211.65
O000123,C00657,2026-07-11T12:04:54Z,mobile,7.33,3,completed,5.79
O000124,C00611,2026-07-02T12:35:00Z,store,141.08,6,completed,111.45
O000125,C00054,2026-07-16T23:58:03Z,mobile,429.64,2,completed,339.42
O000126,C00292,2026-07-18T05:10:41Z,mobile,187.19,6,completed,147.88
O000127,C00660,2026-07-09T05:04:44Z,web,156.81,5,completed,123.88
O000128,C00121,2026-07-02T16:07:10Z,web,45.76,4,completed,36.15
O000129,C00897,2026-07-13T23:34:57Z,web,99.72,3,completed,78.78
O000131,C01180,2026-07-10T03:58:43Z,partner,264.65,1,completed,209.07
O000133,C00788,2026-07-04T01:20:50Z,web,53.89,6,completed,42.57
O000135,C00411,2026-07-25T08:37:43Z,web,340.83,3,completed,269.26
O000136,C01098,2026-07-15T21:15:20Z,partner,48.12,1,completed,38.01
O000137,C00728,2026-07-31T16:33:14Z,store,386.13,5,completed,305.04
O000138,C00385,2026-07-10T23:28:10Z,mobile,465.90,3,completed,368.06
O000139,C00715,2026-07-15T11:35:45Z,mobile,291.83,6,completed,230.55
O000141,C00225,2026-07-09T14:35:43Z,partner,496.77,1,completed,392.45
O000142,C00021,2026-07-12T20:52:18Z,web,260.18,4,completed,205.54
O000143,C00668,2026-07-15T20:56:26Z,web,164.36,2,completed,129.84
O000145,C00219,2026-07-14T08:00:26Z,mobile,45.00,2,completed,35.55
O000146,C00431,2026-07-14T19:03:36Z,web,415.36,1,completed,328.13
O000147,C00260,2026-07-18T22:41:18Z,store,155.92,3,completed,123.18
O000148,C00552,2026-07-09T03:55:49Z,partner,378.67,4,completed,299.15
O000149,C00414,2026-07-17T11:09:58Z,store,39.71,3,completed,31.37
O000150,C01126,2026-07-27T21:51:22Z,partner,226.20,2,completed,178.70
O000151,C00239,2026-07-30T11:26:56Z,store,166.16,5,completed,131.27
O000152,C01062,2026-07-11T19:23:55Z,store,151.41,3,completed,119.61
O000153,C00518,2026-07-15T16:06:55Z,web,275.57,6,completed,217.70
O000154,C00278,2026-07-18T01:05:11Z,web,408.08,2,completed,322.38
O000155,C00917,2026-07-31T23:41:37Z,store,257.04,2,completed,203.06
O000156,C00068,2026-07-18T06:42:41Z,partner,204.58,4,completed,161.62
O000158,C01055,2026-07-08T05:26:47Z,store,237.62,4,completed,187.72
O000159,C00274,2026-07-21T19:32:31Z,web,320.32,6,completed,253.05
O000160,C00203,2026-07-10T22:40:55Z,mobile,307.43,4,completed,242.87
O000161,C00493,2026-07-08T18:43:28Z,mobile,324.13,6,completed,256.06
O000162,C00469,2026-07-07T07:01:44Z,partner,380.84,3,completed,300.86
O000163,C01170,2026-07-09T23:55:48Z,store,415.63,2,completed,328.35
O000164,C00445,2026-07-27T04:05:53Z,store,200.15,2,completed,158.12
O000165,C00433,2026-07-06T18:28:44Z,partner,459.73,4,completed,363.19
O000166,C00259,2026-07-03T06:20:47Z,web,268.50,3,completed,212.12
O000167,C00165,2026-07-31T20:55:21Z,mobile,365.25,5,completed,288.55
O000168,C00151,2026-07-09T21:04:57Z,mobile,76.25,5,completed,60.24
O000170,C00613,2026-07-03T18:09:57Z,web,251.01,4,completed,198.30
O000171,C00035,2026-07-17T21:49:27Z,store,229.21,1,completed,181.08
O000172,C00532,2026-07-01T06:27:14Z,web,35.62,4,completed,28.14
O000173,C01019,2026-07-27T14:07:51Z,partner,154.47,2,completed,122.03
O000174,C00221,2026-07-01T15:38:45Z,web,244.44,6,completed,193.11
O000175,C00457,2026-07-29T16:32:01Z,store,104.06,6,completed,82.21
O000176,C00903,2026-07-03T18:54:37Z,web,412.61,6,completed,325.96
O000177,C00056,2026-07-30T04:37:56Z,store,486.69,4,completed,384.49
O000178,C00272,2026-07-01T02:03:14Z,web,102.68,6,completed,81.12
O000179,C00999,2026-07-05T22:14:04Z,web,114.94,5,completed,90.80
O000180,C00602,2026-07-02T20:15:02Z,mobile,84.16,3,completed,66.49
O000181,C00157,2026-07-10T19:53:01Z,store,246.09,1,completed,194.41
O000182,C01051,2026-07-09T14:14:01Z,mobile,9.17,6,completed,7.24
O000183,C00207,2026-07-23T23:38:14Z,partner,473.45,6,completed,374.03
O000184,C00042,2026-07-29T23:08:59Z,partner,477.08,2,completed,376.89
O000185,C00572,2026-07-12T05:47:09Z,partner,113.96,3,completed,90.03
O000186,C00340,2026-07-07T20:57:26Z,mobile,82.85,5,completed,65.45
O000187,C00095,2026-07-17T19:25:00Z,partner,159.38,4,completed,125.91
O000188,C00174,2026-07-24T04:15:35Z,web,456.64,4,completed,360.75
O000189,C00141,2026-07-28T00:45:41Z,web,104.07,4,completed,82.22
O000190,C00438,2026-07-22T00:55:15Z,mobile,105.44,4,completed,83.30
O000191,C00799,2026-07-09T04:56:00Z,web,292.82,1,completed,231.33
O000192,C00471,2026-07-23T02:40:18Z,store,471.74,3,completed,372.67
O000193,C00019,2026-07-28T02:19:36Z,web,427.70,1,completed,337.88
O000194,C01160,2026-07-14T04:53:18Z,mobile,174.37,5,completed,137.75
O000195,C00451,2026-07-21T22:38:26Z,mobile,493.93,4,completed,390.20
O000196,C01152,2026-07-27T03:04:32Z,mobile,223.47,5,completed,176.54
O000197,C00975,2026-07-31T20:51:12Z,web,454.00,6,completed,358.66
O000198,C00076,2026-07-13T09:42:51Z,store,202.53,3,completed,160.00
O000200,C00857,2026-07-25T10:08:32Z,store,339.81,1,completed,268.45
O000201,C00862,2026-07-10T19:07:27Z,partner,235.32,1,completed,185.90
O000202,C00748,2026-07-27T18:16:18Z,web,206.38,1,completed,163.04
O000203,C00421,2026-07-22T23:37:09Z,web,353.93,3,completed,279.60
O000204,C00975,2026-07-12T14:26:08Z,store,184.35,5,completed,145.64
O000205,C00575,2026-07-29T23:47:30Z,web,179.48,3,completed,141.79
O000206,C00624,2026-07-29T01:27:33Z,mobile,61.92,6,completed,48.92
O000207,C00632,2026-07-31T06:12:42Z,web,225.77,5,completed,178.36
O000208,C00278,2026-07-21T01:54:29Z,web,324.40,6,completed,256.28
O000209,C00655,2026-07-07T01:09:55Z,partner,158.66,3,completed,125.34
O000210,C00168,2026-07-04T04:32:47Z,web,252.74,2,completed,199.66
O000211,C00382,2026-07-24T20:49:20Z,store,75.02,2,completed,59.27
O000212,C00859,2026-07-08T21:04:17Z,web,78.37,1,completed,61.91
O000213,C00508,2026-07-11T05:41:20Z,store,81.19,6,completed,64.14
O000214,C00009,2026-07-18T00:34:14Z,store,189.44,1,completed,149.66
O000215,C00316,2026-07-12T06:43:32Z,mobile,455.21,3,completed,359.62
O000216,C00106,2026-07-26T04:38:30Z,mobile,178.05,4,completed,140.66
O000217,C00478,2026-07-16T06:53:27Z,mobile,303.23,5,completed,239.55
O000218,C00515,2026-07-25T10:13:20Z,store,129.29,6,completed,102.14
O000219,C00547,2026-07-13T18:58:23Z,store,27.09,6,completed,21.40
O000220,C01072,2026-07-01T12:15:47Z,web,446.66,1,completed,352.86
O000221,C00891,2026-07-03T18:18:41Z,partner,413.15,4,completed,326.39
O000222,C01143,2026-07-08T20:16:12Z,web,241.82,5,completed,191.04
O000223,C00111,2026-07-02T19:05:51Z,partner,471.41,5,completed,372.41
O000224,C01163,2026-07-29T12:44:35Z,partner,192.90,2,completed,152.39
O000225,C00532,2026-07-23T09:14:31Z,mobile,242.19,4,completed,191.33
O000226,C00773,2026-07-09T21:51:52Z,mobile,82.47,3,completed,65.15
O000227,C00690,2026-07-07T20:46:04Z,partner,438.10,1,completed,346.10
O000228,C00283,2026-07-11T19:33:43Z,store,49.02,5,completed,38.73
O000229,C00688,2026-07-21T07:44:28Z,web,418.37,6,completed,330.51
O000230,C00902,2026-07-12T03:43:07Z,partner,304.29,4,completed,240.39
O000231,C01040,2026-07-18T04:59:43Z,store,194.00,6,completed,153.26
O000233,C00672,2026-07-14T17:21:27Z,store,148.58,5,completed,117.38
O000234,C01016,2026-07-26T16:33:29Z,store,292.72,2,completed,231.25
O000235,C00404,2026-07-13T23:59:37Z,web,275.34,1,completed,217.52
O000236,C00114,2026-07-24T18:18:19Z,web,425.78,5,completed,336.37
O000237,C00647,2026-07-31T07:45:32Z,store,106.62,1,completed,84.23
O000238,C00087,2026-07-09T07:04:08Z,partner,165.13,3,completed,130.45
O000239,C00202,2026-07-18T20:39:40Z,mobile,460.23,4,completed,363.58
O000240,C00239,2026-07-12T21:27:28Z,partner,104.95,3,completed,82.91
O000241,C00380,2026-07-01T07:17:34Z,partner,347.12,1,completed,274.22
O000242,C00457,2026-07-04T07:56:26Z,mobile,308.45,1,completed,243.68
O000243,C00063,2026-07-03T09:05:21Z,partner,64.79,3,completed,51.18
O000244,C00304,2026-07-03T10:01:07Z,web,248.12,6,completed,196.01
O000245,C00570,2026-07-13T03:22:05Z,partner,310.70,2,completed,245.45
O000246,C00136,2026-07-20T22:14:37Z,store,129.25,5,completed,102.11
O000247,C00262,2026-07-02T23:04:44Z,mobile,115.17,2,completed,90.98
O000248,C00529,2026-07-08T05:20:43Z,partner,474.26,5,completed,374.67
O000249,C00296,2026-07-24T16:27:05Z,mobile,149.68,4,completed,118.25
O000250,C00657,2026-07-21T07:27:10Z,mobile,9.91,2,completed,7.83
O000251,C00491,2026-07-02T03:51:37Z,store,329.54,1,completed,260.34
O000252,C01015,2026-07-13T00:21:52Z,partner,469.40,5,completed,370.83
O000253,C00712,2026-07-18T04:16:12Z,web,111.06,6,completed,87.74
O000254,C00967,2026-07-23T08:09:31Z,web,122.59,3,completed,96.85
O000255,C00039,2026-07-12T03:52:13Z,store,191.05,2,completed,150.93
O000257,C01113,2026-07-04T14:56:08Z,partner,305.17,1,completed,241.08
O000258,C00762,2026-07-20T11:11:03Z,store,478.51,6,completed,378.02
O000259,C00997,2026-07-03T00:06:17Z,partner,178.16,3,completed,140.75
O000260,C01026,2026-07-21T19:54:09Z,store,425.12,4,completed,335.84
O000261,C00058,2026-07-06T16:04:40Z,partner,19.21,3,completed,15.18
O000262,C01119,2026-07-11T21:05:36Z,partner,6.51,5,completed,5.14
O000263,C00611,2026-07-07T18:41:59Z,partner,249.80,5,completed,197.34
O000264,C00394,2026-07-08T16:10:01Z,mobile,420.70,1,completed,332.35
O000265,C00069,2026-07-10T12:12:30Z,mobile,99.77,1,completed,78.82
O000266,C00866,2026-07-22T03:16:31Z,web,121.12,4,completed,95.68
O000268,C00115,2026-07-31T20:12:43Z,mobile,91.80,3,completed,72.52
O000269,C00176,2026-07-15T03:12:19Z,mobile,331.63,1,completed,261.99
O000271,C00138,2026-07-22T07:21:17Z,partner,42.37,2,completed,33.47
O000272,C01079,2026-07-19T17:12:15Z,mobile,256.04,5,completed,202.27
O000273,C00398,2026-07-24T02:01:11Z,partner,212.69,5,completed,168.03
O000274,C00405,2026-07-13T20:00:01Z,store,323.39,5,completed,255.48
O000275,C00088,2026-07-17T04:59:29Z,mobile,323.13,1,completed,255.27
O000276,C01040,2026-07-20T15:22:49Z,store,198.39,2,completed,156.73
O000277,C00082,2026-07-01T09:28:07Z,mobile,172.52,5,completed,136.29
O000278,C00181,2026-07-22T03:41:17Z,mobile,351.96,2,completed,278.05
O000279,C01012,2026-07-24T03:15:44Z,partner,194.80,2,completed,153.89
O000280,C01003,2026-07-12T05:12:35Z,partner,394.77,5,completed,311.87
O000281,C00045,2026-07-02T15:22:18Z,web,184.59,2,completed,145.83
O000282,C00442,2026-07-23T21:05:18Z,mobile,210.62,4,completed,166.39
O000283,C00479,2026-07-16T03:27:18Z,store,481.94,3,completed,380.73
O000284,C00733,2026-07-28T17:18:48Z,partner,380.04,4,completed,300.23
O000286,C01163,2026-07-26T23:09:38Z,store,223.59,1,completed,176.64
O000287,C00526,2026-07-16T07:29:50Z,web,451.77,6,completed,356.90
O000288,C00041,2026-07-20T22:37:07Z,mobile,292.66,1,completed,231.20
O000289,C00256,2026-07-17T22:57:12Z,store,435.39,5,completed,343.96
O000290,C00485,2026-07-21T10:25:16Z,mobile,211.78,2,completed,167.31
O000291,C00377,2026-07-09T14:03:39Z,mobile,31.20,3,completed,24.65
O000292,C00665,2026-07-04T04:12:41Z,mobile,13.89,5,completed,10.97
O000293,C01094,2026-07-10T23:22:03Z,partner,221.63,1,completed,175.09
O000294,C00030,2026-07-30T11:26:53Z,partner,248.84,1,completed,196.58
O000295,C00934,2026-07-17T19:01:33Z,partner,222.47,5,completed,175.75
O000296,C00427,2026-07-22T21:50:13Z,partner,43.40,3,completed,34.29
O000297,C01093,2026-07-21T16:09:32Z,web,24.17,1,completed,19.09
O000298,C00421,2026-07-26T07:57:57Z,web,485.57,3,completed,383.60
O000299,C01112,2026-07-04T14:16:05Z,store,495.62,5,completed,391.54
O000300,C00630,2026-07-14T20:12:55Z,mobile,141.48,1,completed,111.77
O000301,C00871,2026-07-14T23:54:46Z,web,154.04,5,completed,121.69
O000302,C00554,2026-07-27T19:35:51Z,mobile,281.69,1,completed,222.54
O000303,C00753,2026-07-04T18:27:50Z,mobile,246.68,6,completed,194.88
O000304,C00301,2026-07-04T09:13:14Z,partner,38.70,3,completed,30.57
O000305,C01128,2026-07-30T08:28:30Z,store,422.33,6,completed,333.64
O000306,C00184,2026-07-05T12:18:30Z,partner,208.24,2,completed,164.51
O000307,C00630,2026-07-24T04:19:13Z,partner,115.99,6,completed,91.63
O000308,C00288,2026-07-04T00:40:01Z,web,51.17,3,completed,40.42
O000309,C00660,2026-07-13T08:53:25Z,mobile,93.82,5,completed,74.12
O000310,C00514,2026-07-31T06:43:31Z,web,361.13,3,completed,285.29
O000311,C00202,2026-07-31T14:15:45Z,partner,44.16,4,completed,34.89
O000312,C00581,2026-07-12T14:09:08Z,store,381.94,6,completed,301.73
O000313,C00817,2026-07-06T04:09:27Z,web,214.96,6,completed,169.82
O000314,C00694,2026-07-18T05:26:21Z,web,70.18,1,completed,55.44
O000315,C00838,2026-07-10T21:48:34Z,partner,183.38,5,completed,144.87
O000316,C01027,2026-07-22T15:14:00Z,mobile,7.39,6,completed,5.84
O000317,C00631,2026-07-28T12:12:40Z,store,406.86,2,completed,321.42
O000318,C00521,2026-07-07T18:17:09Z,mobile,309.32,3,completed,244.36
O000319,C00983,2026-07-02T01:23:16Z,store,36.64,5,completed,28.95
O000320,C00906,2026-07-07T16:35:17Z,store,444.95,4,completed,351.51
O000321,C00239,2026-07-25T10:34:00Z,mobile,380.84,6,completed,300.86
O000322,C00349,2026-07-09T20:34:53Z,store,488.79,2,completed,386.14
O000323,C00789,2026-07-26T18:05:53Z,mobile,217.91,2,completed,172.15
O000324,C00695,2026-07-05T04:34:55Z,partner,114.07,2,completed,90.12
O000325,C01161,2026-07-26T04:48:24Z,store,107.56,3,completed,84.97
O000326,C01089,2026-07-06T21:11:51Z,web,337.90,4,completed,266.94
O000327,C00817,2026-07-25T08:25:56Z,mobile,181.33,5,completed,143.25
O000328,C00023,2026-07-11T18:41:34Z,partner,114.98,3,completed,90.83
O000329,C00518,2026-07-20T19:27:08Z,store,35.93,5,completed,28.38
O000330,C00880,2026-07-14T22:49:03Z,web,222.34,3,completed,175.65
O000331,C00861,2026-07-20T08:21:56Z,web,19.01,6,completed,15.02
O000332,C00928,2026-07-16T09:47:23Z,partner,194.10,1,completed,153.34
O000333,C01056,2026-07-05T09:06:19Z,partner,286.64,4,completed,226.45
O000335,C00502,2026-07-20T15:26:47Z,partner,80.19,2,completed,63.35
O000336,C00241,2026-07-24T06:44:39Z,mobile,120.47,5,completed,95.17
O000338,C00933,2026-07-08T16:38:33Z,partner,121.62,6,completed,96.08
O000339,C00014,2026-07-07T22:42:30Z,mobile,137.69,4,completed,108.78
O000340,C00639,2026-07-12T11:24:30Z,mobile,372.46,6,completed,294.24
O000341,C01120,2026-07-31T12:23:57Z,partner,329.03,1,completed,259.93
O000342,C00081,2026-07-17T07:35:11Z,partner,63.42,5,completed,50.10
O000343,C00375,2026-07-22T22:57:39Z,mobile,219.25,4,completed,173.21
O000344,C00732,2026-07-26T18:33:59Z,partner,85.11,2,completed,67.24
O000345,C01189,2026-07-23T03:36:26Z,web,66.02,5,completed,52.16
O000347,C00061,2026-07-01T21:09:34Z,mobile,376.81,6,completed,297.68
O000348,C00387,2026-07-17T23:26:10Z,web,340.87,5,completed,269.29
O000349,C00705,2026-07-18T07:25:46Z,partner,341.63,1,completed,269.89
O000350,C00229,2026-07-18T22:13:16Z,partner,71.92,5,completed,56.82
O000351,C01100,2026-07-17T14:14:05Z,partner,345.26,2,completed,272.76
O000352,C00827,2026-07-09T00:27:56Z,store,116.77,5,completed,92.25
O000353,C00345,2026-07-11T10:51:29Z,partner,321.42,4,completed,253.92
O000354,C00989,2026-07-01T17:31:01Z,mobile,31.07,6,completed,24.55
O000355,C00110,2026-07-10T17:23:33Z,store,396.00,4,completed,312.84
O000356,C00022,2026-07-14T17:06:11Z,partner,242.60,5,completed,191.65
O000357,C00207,2026-07-16T23:50:59Z,mobile,485.64,3,completed,383.66
O000358,C00813,2026-07-06T17:24:49Z,store,126.71,6,completed,100.10
O000359,C00866,2026-07-17T07:26:18Z,web,437.82,4,completed,345.88
O000360,C00204,2026-07-19T18:06:48Z,store,139.73,3,completed,110.39
O000361,C00321,2026-07-24T19:17:48Z,store,153.28,2,completed,121.09
O000363,C00711,2026-07-03T11:56:46Z,mobile,482.41,1,completed,381.10
O000364,C01183,2026-07-21T11:51:04Z,mobile,437.55,6,completed,345.66
O000365,C01061,2026-07-30T22:20:31Z,partner,420.71,3,completed,332.36
O000366,C00841,2026-07-07T20:55:17Z,mobile,321.33,1,completed,253.85
O000367,C00740,2026-07-10T19:12:48Z,web,60.99,3,completed,48.18
O000368,C00376,2026-07-07T07:47:32Z,partner,490.49,2,completed,387.49
O000369,C00737,2026-07-18T01:37:18Z,mobile,147.99,5,completed,116.91
O000370,C00778,2026-07-24T19:57:16Z,web,432.91,6,completed,342.00
O000372,C01018,2026-07-28T14:23:17Z,web,426.39,5,completed,336.85
O000373,C01182,2026-07-12T18:23:02Z,mobile,101.69,4,completed,80.34
O000374,C00815,2026-07-02T22:40:47Z,partner,240.97,6,completed,190.37
O000375,C01078,2026-07-07T07:33:10Z,partner,159.96,4,completed,126.37
O000376,C00852,2026-07-25T05:53:14Z,web,116.71,4,completed,92.20
O000378,C00982,2026-07-31T19:19:20Z,partner,329.68,3,completed,260.45
O000379,C00370,2026-07-13T11:03:31Z,store,106.23,4,completed,83.92
O000380,C01136,2026-07-22T21:03:16Z,store,410.06,6,completed,323.95
O000382,C00939,2026-07-30T14:28:02Z,partner,369.08,1,completed,291.57
O000383,C00213,2026-07-19T11:12:30Z,store,243.57,3,completed,192.42
O000384,C00382,2026-07-06T23:34:01Z,web,494.13,5,completed,390.36
O000385,C00476,2026-07-13T04:29:19Z,web,381.65,1,completed,301.50
O000386,C00199,2026-07-12T04:02:45Z,web,144.94,5,completed,114.50
O000387,C00117,2026-07-14T22:46:57Z,web,140.39,3,completed,110.91
O000388,C00006,2026-07-09T14:11:49Z,web,25.73,5,completed,20.33
O000390,C01029,2026-07-12T05:08:55Z,store,46.93,2,completed,37.07
O000391,C00677,2026-07-18T05:27:38Z,web,270.70,3,completed,213.85
O000392,C01037,2026-07-28T23:53:59Z,partner,56.01,1,completed,44.25
O000393,C00222,2026-07-17T11:09:11Z,web,310.54,1,completed,245.33
O000394,C00700,2026-07-31T02:39:00Z,mobile,321.21,1,completed,253.76
O000395,C00901,2026-07-23T18:38:56Z,partner,406.71,1,completed,321.30
O000396,C00985,2026-07-23T11:53:23Z,web,224.91,5,completed,177.68
O000397,C00053,2026-07-28T10:30:09Z,web,499.73,1,completed,394.79
O000398,C00677,2026-07-16T18:21:09Z,web,29.68,3,completed,23.45
O000399,C00257,2026-07-31T16:27:39Z,mobile,175.46,1,completed,138.61
O000400,C00450,2026-07-08T18:20:22Z,store,306.55,5,completed,242.17
O000401,C00051,2026-07-22T20:38:27Z,web,174.53,3,completed,137.88
O000402,C01131,2026-07-20T08:53:35Z,mobile,382.55,5,completed,302.21
O000403,C00873,2026-07-30T23:12:40Z,partner,79.95,6,completed,63.16
O000404,C00704,2026-07-15T15:27:18Z,web,419.76,4,completed,331.61
O000405,C01040,2026-07-20T06:55:29Z,store,448.19,1,completed,354.07
O000406,C01012,2026-07-03T08:19:45Z,mobile,47.79,3,completed,37.75
O000407,C00228,2026-07-31T13:58:33Z,partner,320.28,4,completed,253.02
O000408,C01122,2026-07-11T21:22:31Z,mobile,285.44,5,completed,225.50
O000409,C00384,2026-07-30T12:30:22Z,web,148.34,2,completed,117.19
O000410,C01181,2026-07-01T06:44:28Z,mobile,249.71,3,completed,197.27
O000411,C00830,2026-07-29T04:22:55Z,store,424.89,2,completed,335.66
O000412,C00879,2026-07-01T11:00:18Z,store,266.87,2,completed,210.83
O000413,C01090,2026-07-16T05:54:28Z,partner,114.52,4,completed,90.47
O000414,C00077,2026-07-23T02:34:08Z,partner,88.94,1,completed,70.26
O000415,C00716,2026-07-27T23:19:36Z,store,358.54,2,completed,283.25
O000416,C00390,2026-07-25T08:10:58Z,web,124.88,5,completed,98.66
O000417,C00866,2026-07-05T07:27:58Z,mobile,280.34,3,completed,221.47
O000418,C00101,2026-07-15T15:58:39Z,web,285.43,6,completed,225.49
O000419,C00707,2026-07-22T12:38:14Z,store,266.78,4,completed,210.76
O000420,C00912,2026-07-25T03:46:45Z,store,93.34,1,completed,73.74
O000421,C00465,2026-07-15T08:03:24Z,store,272.33,5,completed,215.14
O000422,C01086,2026-07-06T20:58:24Z,web,38.19,3,completed,30.17
O000423,C01188,2026-07-14T13:03:10Z,partner,438.56,5,completed,346.46
O000425,C01061,2026-07-05T18:01:26Z,web,390.95,1,completed,308.85
O000427,C01026,2026-07-22T22:06:01Z,store,437.59,3,completed,345.70
O000428,C00969,2026-07-27T12:07:33Z,store,41.93,5,completed,33.12
O000429,C00974,2026-07-31T11:22:22Z,web,343.56,6,completed,271.41
O000430,C01178,2026-07-31T14:42:13Z,web,242.37,3,completed,191.47
O000431,C01197,2026-07-29T16:22:36Z,web,72.40,3,completed,57.20
O000432,C00872,2026-07-07T23:03:58Z,store,242.34,4,completed,191.45
O000433,C00775,2026-07-09T12:52:01Z,web,236.25,5,completed,186.64
O000434,C00666,2026-07-26T16:02:58Z,web,74.55,4,completed,58.89
O000435,C00688,2026-07-01T21:24:01Z,web,12.10,1,completed,9.56
O000436,C00312,2026-07-23T20:00:04Z,partner,490.01,1,completed,387.11
O000437,C00961,2026-07-24T17:02:57Z,mobile,158.34,2,completed,125.09
O000438,C00196,2026-07-27T19:29:18Z,web,355.02,5,completed,280.47
O000439,C00194,2026-07-12T13:04:08Z,web,462.85,5,completed,365.65
O000440,C01023,2026-07-03T03:22:29Z,mobile,208.74,3,completed,164.90
O000441,C00592,2026-07-13T11:19:49Z,mobile,421.81,6,completed,333.23
O000442,C00008,2026-07-08T13:55:15Z,store,392.88,3,completed,310.38
O000443,C00165,2026-07-02T22:55:33Z,partner,206.68,4,completed,163.28
O000444,C00449,2026-07-11T16:24:52Z,store,307.08,4,completed,242.59
O000445,C01116,2026-07-20T19:58:03Z,mobile,57.34,2,completed,45.30
O000446,C00423,2026-07-25T02:51:58Z,partner,236.70,2,completed,186.99
O000447,C00029,2026-07-17T06:51:24Z,web,11.72,6,completed,9.26
O000448,C00275,2026-07-12T20:56:18Z,mobile,344.74,2,completed,272.34
O000449,C00669,2026-07-01T01:19:53Z,store,256.80,6,completed,202.87
O000450,C00587,2026-07-30T02:01:07Z,partner,178.24,3,completed,140.81
O000451,C00286,2026-07-03T04:26:16Z,store,249.36,3,completed,196.99
O000452,C01135,2026-07-11T12:34:37Z,web,30.40,3,completed,24.02
O000453,C00002,2026-07-19T23:25:12Z,partner,340.71,5,completed,269.16
O000454,C01057,2026-07-06T01:53:02Z,partner,92.76,2,completed,73.28
O000455,C00315,2026-07-29T03:54:47Z,mobile,26.75,1,completed,21.13
O000456,C00860,2026-07-17T04:19:14Z,store,311.24,2,completed,245.88
O000457,C00505,2026-07-25T07:19:44Z,partner,308.37,2,completed,243.61
O000459,C00972,2026-07-14T00:49:28Z,mobile,225.48,1,completed,178.13
O000461,C01188,2026-07-19T03:59:43Z,mobile,372.91,3,completed,294.60
O000462,C00954,2026-07-22T03:33:00Z,mobile,212.07,2,completed,167.54
O000463,C00029,2026-07-19T17:23:38Z,partner,76.73,5,completed,60.62
O000464,C00574,2026-07-08T13:02:15Z,mobile,94.99,1,completed,75.04
O000465,C01136,2026-07-21T11:23:59Z,partner,456.46,4,completed,360.60
O000466,C01049,2026-07-13T22:08:08Z,store,488.89,2,completed,386.22
O000467,C00253,2026-07-04T14:23:30Z,mobile,475.35,5,completed,375.53
O000469,C00666,2026-07-04T16:54:58Z,mobile,280.61,4,completed,221.68
O000470,C00399,2026-07-05T06:21:59Z,partner,489.40,5,completed,386.63
O000471,C00844,2026-07-09T22:30:43Z,mobile,65.77,1,completed,51.96
O000472,C00910,2026-07-17T06:21:59Z,web,356.22,3,completed,281.41
O000473,C00890,2026-07-24T04:53:05Z,mobile,364.75,6,completed,288.15
O000474,C00221,2026-07-12T01:21:25Z,store,163.62,4,completed,129.26
O000475,C00256,2026-07-04T04:26:11Z,mobile,436.07,4,completed,344.50
O000476,C01064,2026-07-10T12:15:38Z,store,164.42,4,completed,129.89
O000477,C01108,2026-07-06T22:06:26Z,store,116.81,6,completed,92.28
O000478,C00436,2026-07-05T15:13:42Z,store,270.87,4,completed,213.99
O000479,C00252,2026-07-28T00:33:49Z,web,147.64,3,completed,116.64
O000480,C01031,2026-07-25T07:22:21Z,web,221.58,3,completed,175.05
O000481,C00560,2026-07-10T02:23:00Z,partner,92.50,3,completed,73.08
O000482,C00552,2026-07-31T04:26:25Z,partner,229.29,4,completed,181.14
O000483,C00797,2026-07-09T05:36:46Z,mobile,61.78,5,completed,48.81
O000484,C00541,2026-07-25T22:13:02Z,store,14.45,4,completed,11.42
O000485,C00892,2026-07-26T09:14:53Z,partner,405.02,3,completed,319.97
O000486,C00603,2026-07-01T02:11:27Z,store,16.68,1,completed,13.18
O000487,C00523,2026-07-27T18:31:18Z,partner,15.97,5,completed,12.62
O000488,C00374,2026-07-19T22:59:53Z,web,205.78,2,completed,162.57
O000489,C01026,2026-07-08T23:00:14Z,partner,493.50,1,completed,389.87
O000490,C00572,2026-07-08T11:42:02Z,partner,76.63,6,completed,60.54
O000491,C00751,2026-07-27T11:14:07Z,web,492.28,4,completed,388.90
O000492,C00347,2026-07-17T06:45:46Z,store,20.45,4,completed,16.16
O000493,C00908,2026-07-01T18:07:01Z,web,359.55,3,completed,284.04
O000494,C00559,2026-07-28T21:53:11Z,partner,137.94,2,completed,108.97
O000495,C00485,2026-07-28T04:32:55Z,mobile,41.94,4,completed,33.13
O000496,C00308,2026-07-24T11:59:16Z,store,34.45,2,completed,27.22
O000497,C01163,2026-07-10T19:25:53Z,mobile,172.23,5,completed,136.06
O000498,C00194,2026-07-31T08:53:11Z,web,387.10,2,completed,305.81
O000499,C00993,2026-07-01T23:09:19Z,web,287.09,3,completed,226.80
O000500,C00051,2026-07-07T07:41:42Z,partner,94.37,2,completed,74.55
O000501,C00281,2026-07-04T16:25:22Z,web,169.85,4,completed,134.18
O000502,C01144,2026-07-09T23:46:56Z,partner,73.48,3,completed,58.05
O000503,C00960,2026-07-27T02:44:31Z,store,11.85,2,completed,9.36
O000504,C00726,2026-07-19T22:03:50Z,partner,407.23,4,completed,321.71
O000505,C00437,2026-07-10T21:19:44Z,web,343.49,6,completed,271.36
O000506,C00847,2026-07-28T08:10:32Z,mobile,181.13,4,completed,143.09
O000507,C00723,2026-07-25T22:12:46Z,mobile,353.38,4,completed,279.17
O000508,C01189,2026-07-25T11:30:40Z,store,42.36,5,completed,33.46
O000510,C00017,2026-07-26T16:57:03Z,partner,195.35,1,completed,154.33
O000511,C00469,2026-07-04T22:00:19Z,web,294.33,5,completed,232.52
O000512,C00591,2026-07-12T19:32:59Z,partner,39.40,2,completed,31.13
O000513,C00056,2026-07-29T04:47:31Z,web,443.60,4,completed,350.44
O000514,C01004,2026-07-11T06:18:24Z,mobile,40.47,4,completed,31.97
O000515,C00708,2026-07-21T20:17:37Z,web,25.83,6,completed,20.41
O000516,C00516,2026-07-21T00:23:13Z,mobile,177.42,1,completed,140.16
O000517,C00954,2026-07-08T17:36:21Z,partner,270.64,1,completed,213.81
O000518,C00794,2026-07-30T21:42:15Z,web,244.82,2,completed,193.41
O000519,C00572,2026-07-29T20:45:34Z,store,270.37,5,completed,213.59
O000520,C00182,2026-07-12T11:58:40Z,store,231.97,4,completed,183.26
O000521,C00861,2026-07-01T09:08:48Z,mobile,53.75,4,completed,42.46
O000522,C01036,2026-07-18T00:13:17Z,store,382.80,1,completed,302.41
O000523,C00848,2026-07-06T14:58:10Z,store,302.72,3,completed,239.15
O000524,C00964,2026-07-27T12:43:21Z,store,71.81,2,completed,56.73
O000525,C01034,2026-07-20T23:11:47Z,web,48.71,1,completed,38.48
O000526,C00221,2026-07-01T02:11:26Z,store,17.26,3,completed,13.64
O000527,C00433,2026-07-09T20:47:21Z,partner,69.37,3,completed,54.80
O000529,C00842,2026-07-23T17:41:52Z,mobile,252.38,2,completed,199.38
O000530,C00402,2026-07-08T14:52:05Z,partner,299.38,1,completed,236.51
O000531,C00028,2026-07-21T03:29:49Z,store,410.16,4,completed,324.03
O000532,C01146,2026-07-07T00:46:49Z,partner,441.49,1,completed,348.78
O000533,C00606,2026-07-06T11:56:01Z,partner,233.24,1,completed,184.26
O000534,C00834,2026-07-01T02:17:28Z,partner,304.25,1,completed,240.36
O000535,C00231,2026-07-24T21:28:35Z,partner,366.53,5,completed,289.56
O000536,C00156,2026-07-03T05:26:07Z,mobile,366.89,6,completed,289.84
O000537,C00636,2026-07-11T13:25:24Z,web,491.56,4,completed,388.33
O000538,C00195,2026-07-03T21:11:21Z,web,284.93,2,completed,225.09
O000539,C00381,2026-07-03T00:26:59Z,store,252.76,2,completed,199.68
O000540,C00761,2026-07-31T08:16:32Z,store,12.11,6,completed,9.57
O000541,C00250,2026-07-15T20:47:57Z,web,111.20,5,completed,87.85
O000542,C00028,2026-07-16T21:33:09Z,store,375.45,1,completed,296.61
O000543,C00444,2026-07-25T21:15:08Z,partner,389.10,4,completed,307.39
O000544,C00916,2026-07-18T13:26:49Z,partner,310.27,1,completed,245.11
O000545,C01033,2026-07-16T18:36:17Z,partner,93.61,3,completed,73.95
O000546,C00953,2026-07-27T16:25:27Z,web,457.59,6,completed,361.50
O000547,C00070,2026-07-18T23:23:21Z,web,259.45,6,completed,204.97
O000548,C00058,2026-07-20T12:22:35Z,partner,167.50,5,completed,132.33
O000549,C00450,2026-07-11T09:10:30Z,store,66.38,5,completed,52.44
O000550,C01174,2026-07-20T16:54:38Z,partner,78.04,5,completed,61.65
O000551,C00656,2026-07-03T03:00:54Z,web,257.82,1,completed,203.68
O000552,C00747,2026-07-19T19:43:19Z,partner,428.36,3,completed,338.40
O000553,C00804,2026-07-29T18:58:36Z,partner,217.38,3,completed,171.73
O000554,C00469,2026-07-29T22:23:29Z,partner,113.75,4,completed,89.86
O000555,C00237,2026-07-09T05:20:18Z,partner,116.08,4,completed,91.70
O000556,C00096,2026-07-11T19:36:50Z,web,291.97,2,completed,230.66
O000557,C00508,2026-07-28T20:52:39Z,partner,433.99,6,completed,342.85
O000558,C00469,2026-07-01T04:05:52Z,mobile,33.78,3,completed,26.69
O000559,C00316,2026-07-17T21:55:06Z,web,458.09,6,completed,361.89
O000560,C01103,2026-07-01T04:25:50Z,store,277.93,5,completed,219.56
O000561,C00683,2026-07-21T08:00:21Z,web,40.83,3,completed,32.26
O000562,C00173,2026-07-26T10:09:01Z,partner,68.36,6,completed,54.00
O000563,C00711,2026-07-19T12:30:35Z,partner,13.90,6,completed,10.98
O000564,C00513,2026-07-08T05:08:01Z,mobile,211.58,1,completed,167.15
O000565,C00673,2026-07-29T11:58:52Z,mobile,10.96,2,completed,8.66
O000566,C00794,2026-07-15T11:13:23Z,web,21.90,3,completed,17.30
O000567,C01156,2026-07-01T19:33:22Z,mobile,380.76,2,completed,300.80
O000568,C00532,2026-07-09T20:34:01Z,store,448.46,3,completed,354.28
O000569,C00455,2026-07-04T05:49:51Z,mobile,386.00,6,completed,304.94
O000570,C00894,2026-07-16T14:54:17Z,mobile,122.60,4,completed,96.85
O000571,C00384,2026-07-14T11:58:35Z,store,448.35,6,completed,354.20
O000572,C00272,2026-07-27T08:34:16Z,web,88.69,5,completed,70.07
O000573,C00808,2026-07-09T18:24:02Z,store,189.27,6,completed,149.52
O000574,C00397,2026-07-07T09:27:42Z,mobile,425.92,4,completed,336.48
O000575,C00625,2026-07-15T06:59:51Z,store,59.53,1,completed,47.03
O000577,C00751,2026-07-05T14:06:45Z,partner,267.22,5,completed,211.10
O000578,C01042,2026-07-03T03:53:19Z,web,96.04,2,completed,75.87
O000579,C01173,2026-07-15T14:05:01Z,store,299.72,2,completed,236.78
O000580,C00687,2026-07-19T10:04:37Z,web,160.85,4,completed,127.07
O000581,C00383,2026-07-27T23:23:38Z,web,115.89,1,completed,91.55
O000583,C01103,2026-07-04T21:26:22Z,web,417.87,1,completed,330.12
O000585,C00594,2026-07-12T16:51:06Z,web,194.59,5,completed,153.73
O000586,C00214,2026-07-04T22:25:14Z,partner,465.28,3,completed,367.57
O000587,C00720,2026-07-23T07:04:35Z,mobile,401.21,5,completed,316.96
O000588,C00659,2026-07-15T19:36:10Z,partner,400.17,6,completed,316.13
O000589,C00146,2026-07-29T05:46:51Z,mobile,158.97,1,completed,125.59
O000590,C00988,2026-07-08T18:27:20Z,partner,109.60,3,completed,86.58
O000591,C00596,2026-07-22T13:08:50Z,web,403.36,1,completed,318.65
O000592,C00864,2026-07-08T02:30:28Z,store,203.14,4,completed,160.48
O000593,C00548,2026-07-29T07:30:46Z,mobile,292.52,4,completed,231.09
O000594,C01000,2026-07-24T17:41:48Z,mobile,208.60,1,completed,164.79
O000595,C00287,2026-07-05T14:11:05Z,web,361.29,5,completed,285.42
O000596,C00209,2026-07-06T05:11:04Z,store,474.46,5,completed,374.82
O000597,C00802,2026-07-11T03:36:29Z,store,366.63,2,completed,289.64
O000598,C00970,2026-07-16T11:49:56Z,mobile,279.15,5,completed,220.53
O000599,C00639,2026-07-10T01:03:52Z,partner,65.31,6,completed,51.59
O000600,C00830,2026-07-08T05:12:33Z,mobile,474.51,5,completed,374.86
O000601,C00050,2026-07-18T14:27:28Z,store,41.66,3,completed,32.91
O000602,C00572,2026-07-01T04:13:57Z,partner,233.14,3,completed,184.18
O000603,C01039,2026-07-10T17:27:32Z,store,302.66,2,completed,239.10
O000604,C00622,2026-07-15T03:39:14Z,store,215.51,5,completed,170.25
O000605,C00927,2026-07-19T20:17:07Z,store,212.64,5,completed,167.99
O000606,C01104,2026-07-09T19:46:35Z,mobile,497.27,2,completed,392.84
O000607,C00231,2026-07-20T08:22:13Z,web,345.75,5,completed,273.14
O000608,C01145,2026-07-06T09:14:53Z,partner,173.49,6,completed,137.06
O000609,C00327,2026-07-05T09:00:46Z,mobile,240.36,4,completed,189.88
O000610,C00821,2026-07-28T01:18:57Z,store,230.76,3,completed,182.30
O000613,C00269,2026-07-29T06:54:44Z,web,488.91,3,completed,386.24
O000614,C00787,2026-07-02T09:40:15Z,web,84.24,4,completed,66.55
O000615,C00270,2026-07-23T16:15:24Z,mobile,196.83,1,completed,155.50
O000616,C00600,2026-07-13T20:21:27Z,partner,169.53,4,completed,133.93
O000617,C00382,2026-07-23T17:36:20Z,store,155.17,6,completed,122.58
O000618,C01183,2026-07-03T03:42:45Z,mobile,461.72,1,completed,364.76
O000619,C00579,2026-07-05T10:02:49Z,mobile,345.08,3,completed,272.61
O000620,C01024,2026-07-16T22:39:45Z,mobile,321.04,3,completed,253.62
O000621,C00179,2026-07-16T13:11:17Z,web,224.38,1,completed,177.26
O000622,C00686,2026-07-06T01:10:58Z,mobile,447.99,4,completed,353.91
O000623,C00988,2026-07-31T01:23:49Z,web,108.11,2,completed,85.41
O000624,C01061,2026-07-16T10:40:01Z,web,77.07,5,completed,60.89
O000625,C00174,2026-07-01T08:53:00Z,mobile,115.50,4,completed,91.25
O000626,C00794,2026-07-07T19:22:11Z,web,379.00,1,completed,299.41
O000627,C00663,2026-07-16T18:44:46Z,web,224.95,2,completed,177.71
O000628,C00586,2026-07-17T02:44:27Z,web,94.82,1,completed,74.91
O000629,C00108,2026-07-23T06:34:28Z,store,411.67,1,completed,325.22
O000630,C00708,2026-07-27T21:28:17Z,web,106.87,2,completed,84.43
O000632,C00705,2026-07-18T23:17:25Z,store,208.69,2,completed,164.87
O000633,C00814,2026-07-01T04:30:09Z,store,134.12,5,completed,105.95
O000634,C00103,2026-07-28T13:44:43Z,store,166.72,2,completed,131.71
O000635,C00233,2026-07-06T09:23:03Z,partner,154.15,1,completed,121.78
O000636,C01149,2026-07-21T09:02:21Z,partner,235.17,2,completed,185.78
O000637,C00778,2026-07-05T12:08:20Z,store,55.84,4,completed,44.11
O000638,C00668,2026-07-22T05:17:47Z,mobile,117.77,6,completed,93.04
O000639,C00742,2026-07-11T20:45:57Z,partner,330.29,5,completed,260.93
O000640,C01193,2026-07-08T16:35:29Z,mobile,41.55,4,completed,32.82
O000641,C00401,2026-07-13T05:03:04Z,store,152.42,4,completed,120.41
O000642,C00548,2026-07-04T15:14:53Z,store,253.21,5,completed,200.04
O000643,C00207,2026-07-19T18:44:57Z,mobile,320.75,5,completed,253.39
O000644,C00542,2026-07-16T22:16:37Z,store,178.01,1,completed,140.63
O000646,C00055,2026-07-29T07:49:00Z,partner,95.76,1,completed,75.65
O000648,C00084,2026-07-01T11:27:02Z,mobile,119.77,2,completed,94.62
O000649,C00162,2026-07-29T19:35:54Z,partner,318.98,3,completed,251.99
O000651,C00652,2026-07-01T17:30:27Z,mobile,42.97,3,completed,33.95
O000652,C00169,2026-07-04T07:24:06Z,store,292.02,6,completed,230.70
O000653,C00662,2026-07-20T07:21:54Z,store,462.13,1,completed,365.08
O000655,C00001,2026-07-12T18:35:51Z,mobile,242.82,3,completed,191.83
O000657,C00467,2026-07-19T20:40:46Z,store,178.40,3,completed,140.94
O000658,C00918,2026-07-31T08:12:42Z,store,411.77,2,completed,325.30
O000659,C00367,2026-07-30T09:32:29Z,web,40.23,4,completed,31.78
O000660,C01102,2026-07-10T23:11:20Z,web,207.75,6,completed,164.12
O000661,C00236,2026-07-12T14:34:56Z,partner,174.30,2,completed,137.70
O000662,C00420,2026-07-01T09:53:12Z,mobile,484.08,2,completed,382.42
O000663,C00045,2026-07-28T23:17:44Z,web,95.48,4,completed,75.43
O000664,C00168,2026-07-22T07:37:33Z,partner,322.07,1,completed,254.44
O000665,C00977,2026-07-01T02:18:39Z,mobile,429.97,4,completed,339.68
O000666,C00461,2026-07-04T03:38:57Z,store,457.48,6,completed,361.41
O000667,C00882,2026-07-01T16:30:07Z,mobile,473.14,5,completed,373.78
O000668,C00596,2026-07-20T14:40:33Z,partner,246.93,1,completed,195.07
O000669,C01166,2026-07-12T20:53:40Z,web,249.73,1,completed,197.29
O000670,C00650,2026-07-31T07:03:36Z,web,170.10,1,completed,134.38
O000671,C01050,2026-07-04T18:02:22Z,web,24.01,3,completed,18.97
O000672,C00026,2026-07-10T17:09:20Z,store,209.62,2,completed,165.60
O000673,C01196,2026-07-17T10:17:33Z,mobile,200.28,3,completed,158.22
O000674,C00443,2026-07-26T18:07:31Z,mobile,436.78,3,completed,345.06
O000675,C00045,2026-07-07T19:11:13Z,partner,251.72,4,completed,198.86
O000676,C00402,2026-07-13T12:14:14Z,store,154.04,5,completed,121.69
O000677,C00378,2026-07-30T16:51:01Z,store,110.51,6,completed,87.30
O000678,C01047,2026-07-26T18:42:49Z,web,383.33,2,completed,302.83
O000679,C00231,2026-07-31T17:17:53Z,mobile,153.84,6,completed,121.53
O000681,C00912,2026-07-17T21:55:51Z,mobile,333.67,2,completed,263.60
O000682,C00182,2026-07-16T09:33:50Z,mobile,290.22,5,completed,229.27
O000683,C00682,2026-07-18T01:11:22Z,partner,381.33,5,completed,301.25
O000684,C00048,2026-07-10T22:08:48Z,web,362.31,5,completed,286.22
O000685,C00931,2026-07-30T14:27:57Z,web,122.23,4,completed,96.56
O000686,C00218,2026-07-26T10:18:10Z,store,315.11,5,completed,248.94
O000687,C00024,2026-07-23T22:46:35Z,web,212.41,2,completed,167.80
O000688,C01023,2026-07-28T13:37:55Z,partner,235.45,5,completed,186.01
O000689,C00722,2026-07-17T10:14:27Z,web,131.44,1,completed,103.84
O000690,C00880,2026-07-08T14:32:04Z,partner,55.19,5,completed,43.60
O000691,C00789,2026-07-24T09:51:25Z,web,52.62,6,completed,41.57
O000692,C00614,2026-07-07T05:47:41Z,store,66.62,6,completed,52.63
O000693,C00438,2026-07-14T03:19:08Z,web,146.49,2,completed,115.73
O000694,C01043,2026-07-07T12:32:24Z,partner,166.56,4,completed,131.58
O000695,C00816,2026-07-01T01:32:23Z,web,341.76,2,completed,269.99
O000696,C00345,2026-07-20T02:01:37Z,partner,137.47,5,completed,108.60
O000697,C00835,2026-07-25T03:22:34Z,partner,230.12,3,completed,181.79
O000698,C00401,2026-07-02T06:25:39Z,store,113.88,2,completed,89.97
O000699,C01157,2026-07-10T11:13:11Z,web,75.56,4,completed,59.69
O000700,C00337,2026-07-06T11:07:11Z,mobile,470.09,1,completed,371.37
O000701,C01171,2026-07-30T00:20:13Z,web,151.10,1,completed,119.37
O000702,C01001,2026-07-04T00:12:52Z,partner,334.37,5,completed,264.15
O000703,C00634,2026-07-16T12:01:34Z,mobile,460.36,4,completed,363.68
O000704,C00947,2026-07-26T11:34:48Z,store,151.04,4,completed,119.32
O000705,C01137,2026-07-11T18:14:56Z,store,167.36,3,completed,132.21
O000706,C00700,2026-07-13T13:09:00Z,partner,132.24,3,completed,104.47
O000707,C01177,2026-07-16T00:38:51Z,mobile,289.12,1,completed,228.40
O000708,C00885,2026-07-11T17:13:06Z,mobile,451.05,5,completed,356.33
O000709,C00014,2026-07-13T08:35:04Z,partner,267.65,1,completed,211.44
O000710,C00480,2026-07-30T17:58:52Z,store,428.50,1,completed,338.52
O000711,C00443,2026-07-09T17:06:24Z,web,230.84,3,completed,182.36
O000712,C01188,2026-07-31T19:00:18Z,mobile,274.49,1,completed,216.85
O000713,C01046,2026-07-22T18:06:22Z,store,122.89,5,completed,97.08
O000714,C00691,2026-07-09T05:10:51Z,partner,243.37,5,completed,192.26
O000715,C00259,2026-07-05T06:58:26Z,partner,452.63,1,completed,357.58
O000716,C00504,2026-07-11T08:55:11Z,store,286.38,5,completed,226.24
O000718,C01006,2026-07-21T03:39:34Z,mobile,420.83,3,completed,332.46
O000719,C01028,2026-07-31T05:20:33Z,store,477.68,6,completed,377.37
O000720,C00655,2026-07-15T04:11:12Z,mobile,169.35,1,completed,133.79
O000721,C00504,2026-07-05T22:02:56Z,web,302.43,1,completed,238.92
O000722,C01166,2026-07-03T10:23:51Z,web,252.30,1,completed,199.32
O000723,C00313,2026-07-08T23:51:16Z,mobile,170.57,6,completed,134.75
O000724,C00706,2026-07-08T12:54:40Z,store,252.62,1,completed,199.57
O000725,C00742,2026-07-14T04:46:29Z,partner,28.34,4,completed,22.39
O000726,C00771,2026-07-09T12:13:34Z,partner,244.44,3,completed,193.11
O000727,C00163,2026-07-14T16:57:17Z,partner,372.93,1,completed,294.61
O000728,C01085,2026-07-08T04:50:25Z,store,148.18,6,completed,117.06
O000729,C00813,2026-07-01T19:32:49Z,partner,116.78,2,completed,92.26
O000730,C01071,2026-07-22T04:54:58Z,web,6.49,3,completed,5.13
O000731,C00369,2026-07-12T22:40:26Z,mobile,214.86,4,completed,169.74
O000733,C00858,2026-07-02T19:50:00Z,store,12.09,1,completed,9.55
O000734,C00973,2026-07-22T15:11:48Z,partner,156.52,5,completed,123.65
O000735,C00470,2026-07-27T14:10:18Z,web,294.61,3,completed,232.74
O000736,C00091,2026-07-07T09:46:32Z,store,436.95,5,completed,345.19
O000737,C00150,2026-07-01T21:50:11Z,mobile,272.91,3,completed,215.60
O000738,C00963,2026-07-30T09:36:07Z,web,485.74,6,completed,383.73
O000739,C01135,2026-07-23T02:49:08Z,partner,425.57,2,completed,336.20
O000740,C00637,2026-07-18T20:35:16Z,store,404.19,4,completed,319.31
O000741,C01075,2026-07-15T03:36:50Z,mobile,38.36,4,completed,30.30
O000742,C00109,2026-07-29T09:14:45Z,mobile,64.63,6,completed,51.06
O000743,C00308,2026-07-06T10:26:23Z,mobile,494.03,3,completed,390.28
O000744,C00724,2026-07-21T13:06:41Z,mobile,294.25,3,completed,232.46
O000745,C00799,2026-07-05T05:24:28Z,web,271.04,4,completed,214.12
O000746,C00867,2026-07-30T20:40:02Z,web,240.22,1,completed,189.77
O000747,C00238,2026-07-18T09:26:41Z,store,318.96,5,completed,251.98
O000748,C00808,2026-07-15T20:39:25Z,web,444.66,2,completed,351.28
O000749,C00423,2026-07-11T06:28:49Z,web,354.65,4,completed,280.17
O000750,C00179,2026-07-04T08:26:01Z,mobile,137.13,2,completed,108.33
O000751,C00092,2026-07-14T17:20:46Z,store,369.79,5,completed,292.13
O000752,C00934,2026-07-05T00:32:50Z,store,337.64,3,completed,266.74
O000755,C00857,2026-07-12T02:51:39Z,web,289.07,4,completed,228.37
O000756,C00355,2026-07-10T01:50:05Z,partner,381.07,5,completed,301.05
O000757,C00509,2026-07-07T04:02:40Z,web,313.30,2,completed,247.51
O000759,C00559,2026-07-03T13:54:57Z,web,235.67,4,completed,186.18
O000760,C00489,2026-07-30T14:16:37Z,partner,455.50,6,completed,359.85
O000761,C00030,2026-07-03T19:02:21Z,web,172.30,5,completed,136.12
O000765,C00704,2026-07-24T20:52:17Z,partner,415.11,1,completed,327.94
O000766,C00736,2026-07-15T11:51:45Z,web,480.36,5,completed,379.48
O000767,C00730,2026-07-01T07:15:31Z,partner,10.37,2,completed,8.19
O000768,C00878,2026-07-01T00:02:46Z,partner,266.25,5,completed,210.34
O000769,C00273,2026-07-23T23:29:10Z,web,468.79,6,completed,370.34
O000771,C01195,2026-07-10T02:21:19Z,store,292.73,3,completed,231.26
O000772,C00397,2026-07-18T05:58:52Z,web,52.19,2,completed,41.23
O000773,C00054,2026-07-14T00:56:23Z,mobile,404.64,2,completed,319.67
O000774,C00224,2026-07-23T06:32:43Z,store,130.96,6,completed,103.46
O000776,C00453,2026-07-09T14:10:10Z,partner,426.46,5,completed,336.90
O000777,C00120,2026-07-19T09:16:24Z,mobile,10.25,6,completed,8.10
O000778,C00578,2026-07-23T03:17:18Z,partner,201.95,6,completed,159.54
O000779,C00308,2026-07-02T12:23:52Z,store,360.69,4,completed,284.95
O000780,C00613,2026-07-11T21:52:00Z,mobile,359.54,1,completed,284.04
O000781,C00146,2026-07-02T15:20:40Z,web,81.77,5,completed,64.60
O000782,C00506,2026-07-28T20:24:10Z,store,363.55,4,completed,287.20
O000783,C00256,2026-07-07T20:19:01Z,partner,437.42,4,completed,345.56
O000784,C00889,2026-07-23T04:50:28Z,partner,82.56,5,completed,65.22
O000785,C00938,2026-07-12T15:50:15Z,mobile,382.30,3,completed,302.02
O000786,C00152,2026-07-14T06:38:28Z,mobile,286.10,5,completed,226.02
O000787,C01005,2026-07-08T00:35:31Z,partner,157.33,1,completed,124.29
O000788,C00019,2026-07-15T13:34:04Z,store,257.24,5,completed,203.22
O000790,C00070,2026-07-24T01:50:41Z,web,340.84,5,completed,269.26
O000791,C00200,2026-07-30T16:07:22Z,mobile,207.01,4,completed,163.54
O000792,C00757,2026-07-22T11:10:18Z,mobile,367.89,2,completed,290.63
O000793,C01083,2026-07-23T16:03:22Z,partner,30.52,5,completed,24.11
O000794,C00073,2026-07-14T04:11:19Z,partner,9.20,1,completed,7.27
O000795,C00325,2026-07-21T16:12:20Z,mobile,421.80,3,completed,333.22
O000796,C00161,2026-07-31T00:42:14Z,partner,20.35,6,completed,16.08
O000797,C00658,2026-07-24T02:33:50Z,store,321.19,2,completed,253.74
O000798,C00579,2026-07-05T08:49:36Z,web,408.47,6,completed,322.69
O000799,C00836,2026-07-30T00:52:51Z,store,164.45,4,completed,129.92
O000800,C00607,2026-07-27T06:04:25Z,partner,66.51,1,completed,52.54
O000801,C00428,2026-07-28T19:07:44Z,partner,393.97,6,completed,311.24
O000802,C00076,2026-07-31T08:08:41Z,store,299.90,5,completed,236.92
O000803,C00645,2026-07-22T23:41:19Z,partner,447.28,1,completed,353.35
O000804,C01081,2026-07-15T00:11:38Z,partner,469.15,1,completed,370.63
O000805,C00723,2026-07-27T03:44:39Z,web,351.18,5,completed,277.43
O000806,C01073,2026-07-04T15:03:18Z,partner,232.72,1,completed,183.85
O000807,C00623,2026-07-04T19:23:56Z,partner,228.44,1,completed,180.47
O000808,C00687,2026-07-28T23:20:28Z,partner,81.65,5,completed,64.50
O000809,C00567,2026-07-26T01:13:18Z,partner,23.94,5,completed,18.91
O000810,C00451,2026-07-17T04:45:38Z,mobile,178.91,3,completed,141.34
O000811,C00194,2026-07-07T14:44:38Z,partner,30.15,4,completed,23.82
O000813,C00801,2026-07-02T09:02:56Z,store,471.10,1,completed,372.17
O000814,C00142,2026-07-27T18:30:38Z,web,19.39,2,completed,15.32
O000815,C00852,2026-07-07T04:42:50Z,partner,318.05,4,completed,251.26
O000816,C01145,2026-07-16T07:42:46Z,web,191.99,4,completed,151.67
O000817,C01003,2026-07-16T03:35:30Z,store,79.16,1,completed,62.54
O000818,C00550,2026-07-10T14:26:48Z,store,269.23,5,completed,212.69
O000819,C00821,2026-07-05T20:32:11Z,web,247.82,2,completed,195.78
O000820,C00467,2026-07-11T19:59:27Z,store,453.13,5,completed,357.97
O000821,C00362,2026-07-27T05:20:50Z,web,285.42,4,completed,225.48
O000822,C00723,2026-07-07T05:34:29Z,store,284.78,4,completed,224.98
O000823,C00057,2026-07-23T17:57:58Z,mobile,314.92,2,completed,248.79
O000824,C00018,2026-07-16T02:09:59Z,mobile,476.98,3,completed,376.81
O000825,C00802,2026-07-06T16:21:28Z,mobile,242.66,4,completed,191.70
O000826,C00506,2026-07-19T12:58:54Z,mobile,448.43,6,completed,354.26
O000827,C00867,2026-07-10T12:45:29Z,store,465.63,6,completed,367.85
O000828,C00408,2026-07-09T07:26:34Z,store,252.79,6,completed,199.70
O000829,C00112,2026-07-04T03:21:03Z,web,472.92,3,completed,373.61
O000830,C01036,2026-07-15T18:50:45Z,web,315.46,4,completed,249.21
O000831,C00689,2026-07-18T20:23:02Z,store,35.49,4,completed,28.04
O000832,C01059,2026-07-21T05:32:26Z,web,109.32,4,completed,86.36
O000833,C00367,2026-07-09T02:28:25Z,web,490.75,3,completed,387.69
O000834,C00582,2026-07-25T12:58:27Z,mobile,71.14,6,completed,56.20
O000836,C01199,2026-07-07T06:23:58Z,web,5.72,4,completed,4.52
O000837,C00781,2026-07-17T01:35:36Z,partner,471.82,2,completed,372.74
O000838,C00203,2026-07-14T00:27:57Z,mobile,343.79,4,completed,271.59
O000839,C00137,2026-07-24T05:31:38Z,store,74.89,3,completed,59.16
O000840,C01047,2026-07-19T03:36:14Z,partner,389.07,3,completed,307.37
O000841,C00421,2026-07-03T09:51:22Z,partner,373.76,4,completed,295.27
O000842,C00060,2026-07-19T00:51:26Z,mobile,16.55,3,completed,13.07
O000843,C00210,2026-07-16T20:17:22Z,store,17.19,6,completed,13.58
O000844,C00224,2026-07-16T19:16:57Z,mobile,60.46,3,completed,47.76
O000845,C00085,2026-07-28T15:53:42Z,partner,143.49,6,completed,113.36
O000846,C00208,2026-07-22T07:16:24Z,partner,90.32,5,completed,71.35
O000847,C01131,2026-07-09T12:32:38Z,mobile,386.35,3,completed,305.22
O000848,C01144,2026-07-30T06:37:52Z,store,216.52,3,completed,171.05
O000849,C01103,2026-07-28T07:17:45Z,partner,204.01,5,completed,161.17
O000850,C00663,2026-07-11T22:26:23Z,mobile,209.75,3,completed,165.70
O000851,C00603,2026-07-13T08:35:31Z,mobile,461.82,1,completed,364.84
O000852,C00412,2026-07-24T11:17:52Z,web,280.88,5,completed,221.90
O000853,C00012,2026-07-31T14:11:36Z,mobile,251.22,4,completed,198.46
O000854,C00467,2026-07-29T13:44:59Z,web,335.08,4,completed,264.71
O000855,C00557,2026-07-04T04:38:12Z,partner,273.33,6,completed,215.93
O000856,C00337,2026-07-05T20:09:52Z,mobile,232.67,1,completed,183.81
O000857,C01123,2026-07-18T01:33:18Z,web,319.38,1,completed,252.31
O000858,C01182,2026-07-26T04:02:07Z,partner,211.23,2,completed,166.87
O000859,C00156,2026-07-02T16:08:24Z,partner,18.69,6,completed,14.77
O000860,C00253,2026-07-18T09:42:05Z,mobile,436.78,6,completed,345.06
O000861,C00020,2026-07-16T01:53:50Z,store,270.09,3,completed,213.37
O000862,C00590,2026-07-26T00:02:25Z,mobile,193.73,1,completed,153.05
O000863,C00198,2026-07-06T07:29:32Z,web,7.19,4,completed,5.68
O000864,C00117,2026-07-16T12:45:27Z,partner,63.57,6,completed,50.22
O000865,C00111,2026-07-17T11:59:45Z,partner,491.69,1,completed,388.44
O000866,C00815,2026-07-03T13:00:02Z,partner,468.02,2,completed,369.74
O000867,C00821,2026-07-01T04:48:12Z,store,462.41,5,completed,365.30
O000868,C00975,2026-07-31T10:28:20Z,partner,182.30,4,completed,144.02
O000869,C00072,2026-07-17T11:00:58Z,web,236.86,2,completed,187.12
O000871,C00437,2026-07-05T14:22:59Z,mobile,90.26,3,completed,71.31
O000872,C00672,2026-07-15T12:35:17Z,partner,466.77,5,completed,368.75
O000874,C01057,2026-07-31T23:21:07Z,web,279.86,4,completed,221.09
O000875,C00737,2026-07-12T05:23:36Z,store,292.08,6,completed,230.74
O000876,C00122,2026-07-01T01:03:25Z,store,396.24,5,completed,313.03
O000877,C00090,2026-07-21T09:14:17Z,web,368.92,3,completed,291.45
O000878,C00481,2026-07-03T12:38:59Z,store,348.32,4,completed,275.17
O000879,C00351,2026-07-01T11:26:35Z,partner,139.91,6,completed,110.53
O000881,C01146,2026-07-15T15:57:26Z,mobile,497.49,6,completed,393.02
O000882,C00357,2026-07-24T03:32:55Z,web,13.47,2,completed,10.64
O000883,C00173,2026-07-04T23:07:03Z,web,478.20,4,completed,377.78
O000884,C00856,2026-07-29T18:28:37Z,partner,415.09,4,completed,327.92
O000885,C00673,2026-07-22T06:07:59Z,store,200.45,6,completed,158.36
O000886,C00085,2026-07-15T17:15:05Z,store,254.40,4,completed,200.98
O000888,C00980,2026-07-04T18:24:58Z,web,250.98,4,completed,198.27
O000889,C00966,2026-07-10T16:29:41Z,mobile,119.82,3,completed,94.66
O000891,C00133,2026-07-10T11:12:27Z,mobile,329.86,3,completed,260.59
O000892,C00008,2026-07-03T18:38:51Z,web,377.67,6,completed,298.36
O000894,C00849,2026-07-20T10:04:59Z,store,344.78,6,completed,272.38
O000895,C00974,2026-07-24T19:27:26Z,web,274.34,1,completed,216.73
O000896,C00547,2026-07-06T06:34:28Z,web,278.28,6,completed,219.84
O000897,C00324,2026-07-15T15:22:46Z,web,20.63,2,completed,16.30
O000898,C00261,2026-07-15T02:41:20Z,store,342.87,4,completed,270.87
O000899,C00349,2026-07-09T07:40:14Z,web,128.33,2,completed,101.38
O000900,C00084,2026-07-22T09:32:20Z,store,414.43,4,completed,327.40
O000901,C00717,2026-07-18T11:10:16Z,mobile,134.20,2,completed,106.02
O000902,C00310,2026-07-06T16:48:07Z,mobile,445.76,4,completed,352.15
O000903,C00870,2026-07-29T04:15:47Z,web,480.95,3,completed,379.95
O000904,C01147,2026-07-14T03:04:58Z,store,281.51,6,completed,222.39
O000905,C00023,2026-07-23T09:07:12Z,partner,72.50,2,completed,57.28
O000906,C01180,2026-07-21T10:28:12Z,mobile,194.18,3,completed,153.40
O000907,C00494,2026-07-05T11:53:49Z,partner,454.93,5,completed,359.39
O000908,C00485,2026-07-01T18:58:30Z,web,479.57,1,completed,378.86
O000909,C01144,2026-07-08T17:43:23Z,web,414.91,4,completed,327.78
O000910,C01103,2026-07-05T15:50:02Z,mobile,99.36,5,completed,78.49
O000911,C00830,2026-07-14T01:58:07Z,partner,75.00,2,completed,59.25
O000912,C01087,2026-07-26T21:48:54Z,mobile,431.77,3,completed,341.10
O000913,C01196,2026-07-27T13:25:12Z,web,270.48,6,completed,213.68
O000915,C00686,2026-07-12T17:34:09Z,store,276.16,2,completed,218.17
O000916,C00169,2026-07-29T22:01:48Z,store,262.90,3,completed,207.69
O000917,C00035,2026-07-22T20:49:22Z,store,238.90,6,completed,188.73
O000920,C01073,2026-07-01T14:36:12Z,web,405.52,6,completed,320.36
O000921,C00053,2026-07-01T20:16:54Z,store,322.06,4,completed,254.43
O000922,C00547,2026-07-27T13:35:42Z,partner,87.04,5,completed,68.76
O000923,C00490,2026-07-23T07:31:44Z,store,141.50,2,completed,111.79
O000924,C00777,2026-07-15T07:26:01Z,web,396.55,1,completed,313.27
O000925,C00783,2026-07-26T20:19:17Z,web,404.83,2,completed,319.82
O000927,C00949,2026-07-15T19:35:33Z,store,457.34,4,completed,361.30
O000928,C00499,2026-07-18T14:42:40Z,web,356.76,6,completed,281.84
O000929,C00550,2026-07-05T10:24:17Z,mobile,482.32,5,completed,381.03
O000930,C01042,2026-07-05T14:23:26Z,web,421.17,5,completed,332.72
O000931,C00542,2026-07-08T14:26:47Z,partner,466.22,3,completed,368.31
O000932,C00195,2026-07-25T11:00:33Z,store,107.28,6,completed,84.75
O000933,C00866,2026-07-19T21:30:20Z,partner,338.69,6,completed,267.57
O000934,C00671,2026-07-24T15:27:14Z,mobile,355.32,1,completed,280.70
O000935,C00241,2026-07-12T23:03:09Z,partner,243.02,4,completed,191.99
O000936,C00693,2026-07-18T21:51:42Z,web,246.82,1,completed,194.99
O000937,C00596,2026-07-26T08:18:05Z,mobile,329.14,6,completed,260.02
O000939,C01186,2026-07-07T21:30:36Z,partner,52.20,1,completed,41.24
O000940,C01018,2026-07-10T17:29:16Z,web,25.51,1,completed,20.15
O000941,C00057,2026-07-10T20:04:07Z,web,376.14,5,completed,297.15
O000942,C00700,2026-07-27T20:23:24Z,partner,401.37,2,completed,317.08
O000944,C00719,2026-07-01T11:48:20Z,web,226.91,6,completed,179.26
O000945,C00784,2026-07-15T04:50:13Z,store,53.84,5,completed,42.53
O000946,C01099,2026-07-11T06:21:42Z,store,41.74,6,completed,32.97
O000947,C01191,2026-07-05T07:26:38Z,web,422.74,5,completed,333.96
O000948,C00649,2026-07-20T12:45:00Z,store,297.06,5,completed,234.68
O000949,C01016,2026-07-15T07:52:07Z,store,125.95,4,completed,99.50
O000950,C00738,2026-07-12T20:23:14Z,partner,365.42,5,completed,288.68
O000951,C00774,2026-07-21T16:24:45Z,partner,178.18,2,completed,140.76
O000953,C00640,2026-07-08T07:50:25Z,mobile,348.74,6,completed,275.50
O000954,C00531,2026-07-23T19:23:08Z,partner,10.91,5,completed,8.62
O000955,C00035,2026-07-11T01:00:36Z,web,390.41,6,completed,308.42
O000956,C01021,2026-07-26T20:04:56Z,partner,62.82,4,completed,49.63
O000957,C01108,2026-07-09T03:13:26Z,store,47.48,5,completed,37.51
O000958,C00953,2026-07-26T23:59:49Z,store,482.00,1,completed,380.78
O000959,C00397,2026-07-29T17:04:23Z,partner,197.45,4,completed,155.99
O000960,C01112,2026-07-15T17:29:59Z,mobile,244.68,1,completed,193.30
O000961,C00350,2026-07-29T05:14:14Z,store,250.13,3,completed,197.60
O000962,C00360,2026-07-29T03:09:45Z,web,404.84,4,completed,319.82
O000964,C00040,2026-07-28T12:12:54Z,partner,450.48,6,completed,355.88
O000965,C00281,2026-07-03T20:05:10Z,mobile,205.31,2,completed,162.19
O000966,C00717,2026-07-22T19:44:37Z,store,276.13,2,completed,218.14
O000967,C00206,2026-07-31T16:12:54Z,web,482.71,5,completed,381.34
O000968,C00044,2026-07-11T23:28:06Z,store,57.91,6,completed,45.75
O000969,C00157,2026-07-05T15:34:48Z,store,182.12,6,completed,143.87
O000970,C01187,2026-07-27T06:16:05Z,partner,436.08,3,completed,344.50
O000971,C00443,2026-07-26T02:48:00Z,web,90.01,5,completed,71.11
O000972,C00698,2026-07-14T08:05:55Z,web,55.31,3,completed,43.69
O000973,C00594,2026-07-29T22:26:35Z,store,189.19,3,completed,149.46
O000974,C00326,2026-07-29T19:35:07Z,web,93.49,4,completed,73.86
O000975,C00487,2026-07-10T02:56:44Z,web,223.32,3,completed,176.42
O000977,C00682,2026-07-01T14:47:15Z,partner,195.27,2,completed,154.26
O000978,C00527,2026-07-26T13:01:59Z,web,65.42,4,completed,51.68
O000979,C01084,2026-07-10T06:26:34Z,partner,196.86,5,completed,155.52
O000980,C00535,2026-07-21T22:18:57Z,mobile,228.12,1,completed,180.21
O000981,C00897,2026-07-01T10:36:42Z,store,426.53,4,completed,336.96
O000982,C00656,2026-07-16T19:22:42Z,web,234.10,1,completed,184.94
O000983,C01024,2026-07-21T19:58:26Z,partner,243.42,2,completed,192.30
O000984,C00470,2026-07-14T10:16:04Z,partner,18.69,3,completed,14.77
O000985,C01119,2026-07-11T01:33:46Z,store,239.39,3,completed,189.12
O000986,C00041,2026-07-29T04:19:35Z,mobile,33.09,1,completed,26.14
O000987,C00113,2026-07-19T03:11:17Z,web,463.59,2,completed,366.24
O000988,C00128,2026-07-19T05:39:27Z,partner,147.14,1,completed,116.24
O000989,C00812,2026-07-25T11:19:35Z,partner,173.55,6,completed,137.10
O000990,C01113,2026-07-02T18:33:01Z,store,409.01,1,completed,323.12
O000991,C00293,2026-07-28T14:59:23Z,partner,266.40,3,completed,210.46
O000992,C00637,2026-07-02T04:48:43Z,mobile,338.62,1,completed,267.51
O000993,C00365,2026-07-14T18:49:07Z,store,483.35,5,completed,381.85
O000994,C00285,2026-07-28T18:26:03Z,web,39.12,4,completed,30.90
O000995,C00865,2026-07-31T04:11:31Z,partner,412.26,6,completed,325.69
O000996,C00186,2026-07-03T16:37:22Z,partner,377.88,6,completed,298.53
O000997,C00704,2026-07-18T13:41:19Z,store,369.53,5,completed,291.93
O000998,C00185,2026-07-27T13:01:25Z,web,139.38,4,completed,110.11
O000999,C00024,2026-07-17T11:21:21Z,partner,468.13,5,completed,369.82
O001000,C00581,2026-07-30T01:49:29Z,partner,65.50,5,completed,51.75
O001001,C00112,2026-07-20T05:48:01Z,store,32.45,4,completed,25.64
O001002,C00761,2026-07-31T00:29:04Z,mobile,33.52,2,completed,26.48
O001003,C00226,2026-07-10T05:46:43Z,mobile,434.32,6,completed,343.11
O001004,C00125,2026-07-08T10:51:41Z,web,270.44,3,completed,213.65
O001005,C00146,2026-07-30T05:42:06Z,partner,272.82,4,completed,215.53
O001006,C00768,2026-07-18T20:48:38Z,partner,237.56,6,completed,187.67
O001007,C00101,2026-07-05T18:04:17Z,web,250.22,5,completed,197.67
O001008,C00382,2026-07-31T08:44:01Z,web,200.66,2,completed,158.52
O001009,C00680,2026-07-27T16:00:20Z,mobile,335.95,3,completed,265.40
O001010,C00313,2026-07-11T18:27:18Z,web,166.69,1,completed,131.69
O001011,C00426,2026-07-09T17:24:01Z,web,134.95,6,completed,106.61
O001013,C00862,2026-07-26T21:31:08Z,partner,408.39,5,completed,322.63
O001014,C00952,2026-07-01T12:59:11Z,partner,167.45,5,completed,132.29
O001015,C00372,2026-07-19T08:05:03Z,store,356.64,3,completed,281.75
O001016,C00766,2026-07-26T00:28:31Z,partner,320.33,5,completed,253.06
O001017,C00658,2026-07-07T20:35:08Z,partner,55.05,4,completed,43.49
O001018,C01003,2026-07-17T03:59:09Z,store,122.55,6,completed,96.81
O001019,C00972,2026-07-30T10:16:14Z,web,381.14,1,completed,301.10
O001020,C00761,2026-07-30T22:17:19Z,mobile,278.79,1,completed,220.24
O001021,C00006,2026-07-03T14:14:51Z,store,366.67,3,completed,289.67
O001022,C00474,2026-07-29T07:29:30Z,mobile,393.29,1,completed,310.70
O001023,C00285,2026-07-31T12:45:32Z,mobile,257.36,2,completed,203.31
O001024,C01071,2026-07-07T18:23:12Z,web,479.31,3,completed,378.65
O001025,C00181,2026-07-22T06:14:44Z,web,41.70,3,completed,32.94
O001026,C00496,2026-07-04T10:43:24Z,web,78.81,6,completed,62.26
O001027,C00132,2026-07-28T04:38:45Z,store,99.25,5,completed,78.41
O001029,C00644,2026-07-23T06:35:38Z,web,78.09,4,completed,61.69
O001030,C00819,2026-07-09T05:37:47Z,web,35.48,4,completed,28.03
O001031,C00019,2026-07-21T01:44:18Z,store,450.35,1,completed,355.78
O001033,C00013,2026-07-12T06:36:06Z,partner,268.96,1,completed,212.48
O001035,C00550,2026-07-25T01:05:59Z,mobile,342.61,2,completed,270.66
O001036,C00547,2026-07-19T10:42:42Z,mobile,491.75,1,completed,388.48
O001037,C00527,2026-07-26T20:25:02Z,store,342.33,1,completed,270.44
O001038,C01134,2026-07-31T03:01:54Z,store,57.51,3,completed,45.43
O001039,C00758,2026-07-07T19:01:35Z,mobile,18.11,5,completed,14.31
O001040,C00028,2026-07-17T13:38:33Z,mobile,385.23,6,completed,304.33
O001041,C00249,2026-07-08T01:11:20Z,partner,247.06,1,completed,195.18
O001042,C00050,2026-07-18T20:34:47Z,mobile,115.93,1,completed,91.58
O001043,C00262,2026-07-16T16:19:03Z,store,451.99,1,completed,357.07
O001044,C00488,2026-07-28T21:18:07Z,partner,419.17,6,completed,331.14
O001045,C00094,2026-07-28T09:55:57Z,mobile,329.62,6,completed,260.40
O001046,C00148,2026-07-17T02:40:03Z,web,16.14,3,completed,12.75
O001047,C01100,2026-07-03T01:59:06Z,mobile,359.15,3,completed,283.73
O001048,C00119,2026-07-13T09:42:06Z,mobile,324.62,1,completed,256.45
O001049,C00744,2026-07-23T11:22:29Z,mobile,143.23,2,completed,113.15
O001050,C01142,2026-07-13T17:53:23Z,partner,284.16,3,completed,224.49
O001051,C01011,2026-07-07T19:37:49Z,partner,393.43,6,completed,310.81
O001052,C00567,2026-07-26T03:14:37Z,web,111.71,5,completed,88.25
O001053,C00827,2026-07-12T01:22:19Z,partner,84.90,1,completed,67.07
O001054,C01126,2026-07-31T20:35:51Z,web,173.01,1,completed,136.68
O001055,C00300,2026-07-16T17:32:18Z,web,472.39,2,completed,373.19
O001056,C01082,2026-07-25T18:17:31Z,web,85.97,2,completed,67.92
O001057,C01019,2026-07-29T11:54:46Z,mobile,439.04,1,completed,346.84
O001058,C00029,2026-07-13T08:00:44Z,partner,419.95,5,completed,331.76
O001059,C00432,2026-07-25T21:02:35Z,web,487.04,3,completed,384.76
O001060,C00948,2026-07-27T22:59:06Z,store,339.16,2,completed,267.94
O001061,C00413,2026-07-02T01:20:52Z,partner,140.89,1,completed,111.30
O001062,C00030,2026-07-19T03:18:31Z,store,42.91,6,completed,33.90
O001063,C01088,2026-07-22T07:51:57Z,store,150.24,5,completed,118.69
O001064,C01041,2026-07-24T23:19:54Z,store,376.42,6,completed,297.37
O001065,C00719,2026-07-15T08:20:55Z,web,30.86,3,completed,24.38
O001066,C01066,2026-07-10T06:38:55Z,store,6.38,5,completed,5.04
O001067,C00243,2026-07-30T00:36:08Z,store,408.34,2,completed,322.59
O001068,C01199,2026-07-10T00:07:49Z,store,402.71,6,completed,318.14
O001069,C00990,2026-07-31T17:16:52Z,partner,87.94,6,completed,69.47
O001070,C00770,2026-07-02T18:26:50Z,web,8.36,3,completed,6.60
O001071,C00057,2026-07-15T16:41:29Z,web,402.17,3,completed,317.71
O001072,C00850,2026-07-28T06:24:57Z,store,58.34,3,completed,46.09
O001073,C00112,2026-07-31T09:32:50Z,web,481.13,5,completed,380.09
O001075,C00545,2026-07-26T02:30:09Z,partner,292.37,2,completed,230.97
O001076,C00709,2026-07-25T07:11:12Z,partner,441.63,4,completed,348.89
O001077,C00829,2026-07-13T10:09:13Z,store,88.11,6,completed,69.61
O001078,C00534,2026-07-06T23:16:43Z,web,378.45,3,completed,298.98
O001079,C00933,2026-07-21T21:01:34Z,partner,492.15,1,completed,388.80
O001080,C00742,2026-07-07T15:19:09Z,web,76.21,5,completed,60.21
O001081,C01062,2026-07-20T13:47:17Z,mobile,75.02,5,completed,59.27
O001082,C00494,2026-07-04T08:19:37Z,web,280.64,3,completed,221.71
O001083,C01041,2026-07-10T20:15:01Z,mobile,7.13,5,completed,5.63
O001084,C00231,2026-07-02T14:47:01Z,web,42.40,5,completed,33.50
O001085,C00417,2026-07-29T14:00:09Z,web,68.75,2,completed,54.31
O001087,C01127,2026-07-26T03:53:52Z,store,76.59,2,completed,60.51
O001088,C00333,2026-07-21T10:30:51Z,mobile,36.26,5,completed,28.65
O001089,C00631,2026-07-16T05:01:43Z,store,175.75,3,completed,138.84
O001090,C00433,2026-07-16T08:41:02Z,store,249.91,2,completed,197.43
O001091,C00137,2026-07-17T15:24:59Z,mobile,47.06,4,completed,37.18
O001092,C00053,2026-07-15T18:55:05Z,partner,406.49,6,completed,321.13
O001093,C00537,2026-07-10T07:27:57Z,mobile,207.36,6,completed,163.81
O001094,C00957,2026-07-25T10:10:23Z,web,154.70,3,completed,122.21
O001095,C01029,2026-07-23T10:28:05Z,mobile,114.42,2,completed,90.39
O001096,C00021,2026-07-02T13:38:54Z,partner,228.51,3,completed,180.52
O001097,C00745,2026-07-20T19:47:34Z,mobile,117.90,6,completed,93.14
O001098,C00872,2026-07-08T00:59:32Z,web,85.04,2,completed,67.18
O001099,C00537,2026-07-13T15:01:23Z,mobile,211.08,1,completed,166.75
O001100,C00243,2026-07-10T04:57:33Z,partner,426.80,5,completed,337.17
O001101,C00974,2026-07-09T12:31:47Z,mobile,438.06,5,completed,346.07
O001102,C01104,2026-07-11T02:25:38Z,web,92.39,2,completed,72.99
O001104,C00816,2026-07-27T04:37:23Z,web,106.07,2,completed,83.80
O001105,C00241,2026-07-18T20:05:28Z,mobile,7.68,1,completed,6.07
O001106,C00189,2026-07-08T13:16:29Z,store,287.87,1,completed,227.42
O001107,C00043,2026-07-10T14:21:36Z,partner,55.48,1,completed,43.83
O001108,C00814,2026-07-13T20:20:26Z,web,332.12,1,completed,262.37
O001109,C01016,2026-07-17T10:55:33Z,store,83.83,5,completed,66.23
O001110,C00318,2026-07-04T18:01:04Z,store,381.88,1,completed,301.69
O001111,C00845,2026-07-01T05:49:53Z,mobile,480.77,5,completed,379.81
O001112,C01080,2026-07-08T21:48:58Z,store,138.37,4,completed,109.31
O001113,C00732,2026-07-18T22:06:01Z,partner,379.36,6,completed,299.69
O001114,C00219,2026-07-31T12:25:15Z,partner,117.26,4,completed,92.64
O001115,C00557,2026-07-29T10:10:04Z,mobile,415.92,1,completed,328.58
O001116,C00263,2026-07-25T10:08:12Z,store,131.90,2,completed,104.20
O001117,C00032,2026-07-28T09:03:43Z,web,225.00,6,completed,177.75
O001118,C00048,2026-07-20T18:29:37Z,store,150.61,4,completed,118.98
O001119,C00707,2026-07-22T05:29:35Z,mobile,227.40,4,completed,179.65
O001120,C00892,2026-07-19T15:17:24Z,web,213.46,3,completed,168.63
O001121,C00358,2026-07-14T08:45:12Z,store,406.43,4,completed,321.08
O001122,C00775,2026-07-14T12:56:25Z,web,260.03,3,completed,205.42
O001123,C00846,2026-07-31T05:12:30Z,web,421.95,1,completed,333.34
O001124,C00628,2026-07-16T17:48:04Z,store,211.64,6,completed,167.20
O001125,C00129,2026-07-04T22:54:28Z,mobile,414.08,6,completed,327.12
O001126,C00102,2026-07-07T03:19:37Z,store,158.62,1,completed,125.31
O001127,C01177,2026-07-10T15:29:15Z,web,422.67,3,completed,333.91
O001128,C00522,2026-07-29T10:08:25Z,partner,309.19,4,completed,244.26
O001129,C00148,2026-07-02T01:09:49Z,mobile,184.41,6,completed,145.68
O001130,C00211,2026-07-08T22:16:03Z,partner,236.93,2,completed,187.17
O001131,C01089,2026-07-13T10:47:33Z,mobile,153.17,4,completed,121.00
O001132,C00403,2026-07-05T15:12:29Z,partner,408.63,2,completed,322.82
O001134,C00636,2026-07-02T10:44:49Z,web,402.42,1,completed,317.91
O001135,C00243,2026-07-04T12:31:27Z,partner,421.78,4,completed,333.21
O001136,C00433,2026-07-17T04:05:21Z,mobile,428.71,3,completed,338.68
O001137,C00819,2026-07-11T22:26:56Z,mobile,236.55,6,completed,186.87
O001138,C00656,2026-07-21T20:46:18Z,mobile,401.64,3,completed,317.30
O001139,C00723,2026-07-07T16:26:50Z,web,187.28,5,completed,147.95
O001140,C00023,2026-07-05T23:47:24Z,partner,411.17,2,completed,324.82
O001141,C00244,2026-07-13T23:27:15Z,web,174.80,3,completed,138.09
O001142,C00657,2026-07-21T15:39:16Z,web,390.19,3,completed,308.25
O001143,C00559,2026-07-02T02:31:15Z,partner,27.29,3,completed,21.56
O001144,C00062,2026-07-02T02:37:20Z,web,404.30,2,completed,319.40
O001145,C00913,2026-07-02T09:19:24Z,mobile,295.27,5,completed,233.26
O001146,C00772,2026-07-12T00:30:39Z,partner,266.71,4,completed,210.70
O001147,C00534,2026-07-04T06:16:07Z,partner,139.50,2,completed,110.20
O001148,C00793,2026-07-20T04:01:56Z,partner,80.77,3,completed,63.81
O001149,C00401,2026-07-30T14:51:44Z,store,287.72,3,completed,227.30
O001150,C00878,2026-07-13T23:55:53Z,partner,162.99,1,completed,128.76
O001152,C00883,2026-07-26T12:33:40Z,web,205.40,5,completed,162.27
O001153,C01101,2026-07-14T04:49:02Z,store,470.97,5,completed,372.07
O001154,C01020,2026-07-19T08:25:32Z,mobile,103.49,2,completed,81.76
O001155,C00996,2026-07-22T06:01:52Z,web,25.15,4,completed,19.87
O001156,C01081,2026-07-21T20:38:35Z,partner,331.17,2,completed,261.62
O001157,C00965,2026-07-29T14:24:43Z,web,154.05,6,completed,121.70
O001158,C00712,2026-07-09T23:45:21Z,partner,313.03,4,completed,247.29
O001159,C00237,2026-07-13T21:11:53Z,partner,315.49,2,completed,249.24
O001161,C00570,2026-07-18T23:00:15Z,store,40.70,5,completed,32.15
O001162,C00106,2026-07-04T16:08:34Z,store,461.93,6,completed,364.92
O001163,C01064,2026-07-28T17:06:31Z,web,177.78,6,completed,140.45
O001164,C00880,2026-07-02T06:41:22Z,mobile,62.11,6,completed,49.07
O001165,C00020,2026-07-20T04:38:10Z,mobile,499.91,3,completed,394.93
O001167,C00641,2026-07-17T15:25:09Z,web,78.99,5,completed,62.40
O001168,C00872,2026-07-02T17:19:07Z,store,495.20,2,completed,391.21
O001169,C00471,2026-07-21T10:19:34Z,mobile,349.15,2,completed,275.83
O001170,C01129,2026-07-12T07:57:56Z,web,360.70,4,completed,284.95
O001171,C00893,2026-07-21T07:14:54Z,mobile,421.30,3,completed,332.83
O001172,C00086,2026-07-27T07:20:38Z,mobile,346.40,5,completed,273.66
O001173,C00933,2026-07-18T21:23:45Z,web,182.07,1,completed,143.84
O001174,C00578,2026-07-15T23:48:40Z,partner,457.53,4,completed,361.45
O001175,C00788,2026-07-13T15:42:11Z,store,71.98,1,completed,56.86
O001176,C01058,2026-07-22T01:29:32Z,web,246.78,6,completed,194.96
O001177,C00970,2026-07-07T22:26:04Z,store,415.03,5,completed,327.87
O001178,C00710,2026-07-07T09:26:48Z,mobile,198.84,2,completed,157.08
O001179,C00672,2026-07-31T15:46:10Z,web,55.24,4,completed,43.64
O001180,C00141,2026-07-24T21:14:13Z,partner,102.30,3,completed,80.82
O001181,C00494,2026-07-09T08:09:03Z,web,493.82,5,completed,390.12
O001182,C00406,2026-07-29T06:42:50Z,store,174.78,3,completed,138.08
O001183,C01060,2026-07-06T00:17:11Z,web,198.94,5,completed,157.16
O001184,C00442,2026-07-30T10:04:42Z,store,70.51,3,completed,55.70
O001185,C00307,2026-07-20T23:20:40Z,web,296.10,5,completed,233.92
O001186,C00681,2026-07-26T14:55:38Z,partner,449.47,5,completed,355.08
O001187,C00270,2026-07-03T23:49:00Z,partner,439.44,2,completed,347.16
O001189,C00062,2026-07-03T20:37:02Z,web,431.99,4,completed,341.27
O001190,C00589,2026-07-13T00:41:00Z,store,428.59,4,completed,338.59
O001191,C00921,2026-07-17T03:43:22Z,mobile,267.24,5,completed,211.12
O001192,C00763,2026-07-15T03:31:41Z,mobile,366.72,3,completed,289.71
O001193,C00180,2026-07-23T03:41:13Z,partner,150.23,5,completed,118.68
O001194,C00087,2026-07-05T16:17:17Z,web,27.32,5,completed,21.58
O001196,C01084,2026-07-12T04:20:08Z,mobile,264.86,1,completed,209.24
O001197,C00259,2026-07-21T04:12:45Z,mobile,243.12,3,completed,192.06
O001198,C00620,2026-07-09T07:40:20Z,mobile,489.33,6,completed,386.57
O001199,C00616,2026-07-07T08:26:02Z,web,205.47,6,completed,162.32
O001200,C01094,2026-07-30T04:38:27Z,partner,68.34,5,completed,53.99
O001201,C01193,2026-07-30T23:31:08Z,web,247.39,4,completed,195.44
O001202,C00640,2026-07-17T10:16:24Z,web,413.76,2,completed,326.87
O001203,C00852,2026-07-29T10:42:05Z,mobile,254.39,5,completed,200.97
O001204,C00968,2026-07-17T19:20:46Z,mobile,429.05,3,completed,338.95
O001205,C00157,2026-07-25T16:35:12Z,store,340.62,5,completed,269.09
O001206,C01080,2026-07-03T22:20:01Z,web,18.88,3,completed,14.92
O001207,C00599,2026-07-24T13:44:40Z,web,309.23,2,completed,244.29
O001208,C00178,2026-07-02T09:14:48Z,mobile,365.68,3,completed,288.89
O001209,C00709,2026-07-29T14:47:00Z,store,373.82,5,completed,295.32
O001210,C00566,2026-07-11T05:01:36Z,store,88.77,3,completed,70.13
O001211,C00063,2026-07-27T01:14:27Z,partner,97.67,4,completed,77.16
O001212,C00267,2026-07-20T08:32:21Z,mobile,434.95,6,completed,343.61
O001213,C01165,2026-07-25T21:32:22Z,store,343.03,3,completed,270.99
O001214,C00162,2026-07-09T12:58:08Z,mobile,342.05,2,completed,270.22
O001215,C00478,2026-07-24T11:47:45Z,web,300.70,2,completed,237.55
O001216,C00145,2026-07-22T17:59:27Z,mobile,382.17,4,completed,301.91
O001218,C00560,2026-07-21T15:23:36Z,store,89.02,6,completed,70.33
O001219,C01146,2026-07-21T04:20:19Z,mobile,205.28,1,completed,162.17
O001220,C00358,2026-07-12T03:21:23Z,web,68.70,6,completed,54.27
O001221,C01138,2026-07-08T19:39:04Z,mobile,352.65,2,completed,278.59
O001222,C00400,2026-07-11T02:39:14Z,partner,385.83,1,completed,304.81
O001223,C00131,2026-07-08T05:16:19Z,mobile,378.22,6,completed,298.79
O001224,C00724,2026-07-18T05:21:25Z,mobile,25.77,1,completed,20.36
O001225,C00628,2026-07-15T12:28:51Z,web,322.27,4,completed,254.59
O001226,C00718,2026-07-30T11:40:58Z,mobile,133.42,1,completed,105.40
O001227,C00548,2026-07-05T09:18:15Z,mobile,487.93,6,completed,385.46
O001228,C01170,2026-07-04T14:11:00Z,partner,446.59,2,completed,352.81
O001229,C00327,2026-07-07T21:43:42Z,mobile,393.18,5,completed,310.61
O001230,C00854,2026-07-28T12:33:56Z,store,66.19,1,completed,52.29
O001231,C00067,2026-07-27T07:27:23Z,web,475.97,3,completed,376.02
O001232,C00891,2026-07-02T08:10:08Z,partner,255.05,4,completed,201.49
O001233,C00443,2026-07-25T22:43:08Z,store,469.73,3,completed,371.09
O001234,C00874,2026-07-11T21:58:36Z,web,437.50,6,completed,345.63
O001235,C00011,2026-07-05T16:33:24Z,store,207.90,5,completed,164.24
O001236,C00911,2026-07-16T15:39:09Z,mobile,310.44,5,completed,245.25
O001237,C00987,2026-07-10T14:19:42Z,store,229.03,4,completed,180.93
O001238,C00867,2026-07-19T04:46:00Z,mobile,434.12,2,completed,342.95
O001239,C00415,2026-07-24T10:00:45Z,mobile,12.30,1,completed,9.72
O001240,C00530,2026-07-05T09:44:35Z,web,17.29,5,completed,13.66
O001241,C00630,2026-07-29T16:25:41Z,mobile,172.41,5,completed,136.20
O001242,C00553,2026-07-10T03:01:56Z,mobile,415.19,5,completed,328.00
O001243,C00767,2026-07-05T15:44:57Z,web,74.76,1,completed,59.06
O001244,C00669,2026-07-06T03:11:09Z,mobile,431.24,2,completed,340.68
O001245,C01180,2026-07-22T07:46:49Z,partner,323.38,6,completed,255.47
O001246,C00560,2026-07-08T17:45:09Z,store,208.00,1,completed,164.32
O001247,C01010,2026-07-05T11:49:11Z,store,396.77,5,completed,313.45
O001248,C00320,2026-07-15T23:54:24Z,store,451.67,1,completed,356.82
O001249,C00338,2026-07-24T23:50:37Z,partner,165.89,6,completed,131.05
O001250,C00915,2026-07-28T08:24:10Z,store,152.83,3,completed,120.74
O001251,C00377,2026-07-15T03:38:16Z,partner,460.32,2,completed,363.65
O001252,C00636,2026-07-11T11:57:07Z,web,434.97,2,completed,343.63
O001253,C00258,2026-07-04T06:56:03Z,mobile,320.58,6,completed,253.26
O001256,C00663,2026-07-16T03:54:36Z,store,22.58,1,completed,17.84
O001257,C00386,2026-07-11T09:30:30Z,partner,171.88,6,completed,135.79
O001258,C00957,2026-07-31T12:17:26Z,web,110.11,2,completed,86.99
O001259,C00564,2026-07-10T23:09:50Z,web,182.09,3,completed,143.85
O001260,C01180,2026-07-13T19:34:12Z,web,147.10,3,completed,116.21
O001261,C01117,2026-07-21T13:06:09Z,web,285.82,6,completed,225.80
O001262,C00804,2026-07-23T17:27:59Z,web,305.88,2,completed,241.65
O001263,C00658,2026-07-22T04:15:13Z,partner,191.99,5,completed,151.67
O001264,C00649,2026-07-02T18:49:57Z,web,313.40,1,completed,247.59
O001265,C01020,2026-07-02T18:23:44Z,web,270.67,2,completed,213.83
O001266,C00233,2026-07-10T20:02:59Z,mobile,497.97,1,completed,393.40
O001268,C00111,2026-07-01T13:42:21Z,store,385.28,6,completed,304.37
O001269,C00521,2026-07-17T15:53:14Z,mobile,278.55,6,completed,220.05
O001270,C00148,2026-07-07T06:39:40Z,store,131.80,2,completed,104.12
O001271,C01083,2026-07-07T00:34:35Z,partner,231.33,4,completed,182.75
O001272,C01163,2026-07-18T18:17:37Z,web,356.65,3,completed,281.75
O001273,C00255,2026-07-13T07:35:05Z,web,414.34,6,completed,327.33
O001274,C00806,2026-07-01T06:37:04Z,partner,315.35,4,completed,249.13
O001276,C00789,2026-07-12T03:07:32Z,mobile,50.89,2,completed,40.20
O001277,C00509,2026-07-17T17:31:33Z,web,414.11,4,completed,327.15
O001278,C00269,2026-07-23T04:17:52Z,store,329.57,1,completed,260.36
O001279,C00407,2026-07-30T17:59:49Z,web,176.46,1,completed,139.40
O001280,C01088,2026-07-06T01:25:49Z,store,142.08,3,completed,112.24
O001281,C00065,2026-07-18T03:29:58Z,web,206.43,3,completed,163.08
O001282,C00882,2026-07-08T22:07:06Z,store,441.05,6,completed,348.43
O001283,C00584,2026-07-09T21:07:34Z,mobile,469.29,4,completed,370.74
O001284,C00135,2026-07-06T18:02:09Z,store,92.42,5,completed,73.01
O001285,C00413,2026-07-21T13:50:02Z,mobile,482.06,5,completed,380.83
O001286,C00054,2026-07-27T15:29:16Z,web,465.15,1,completed,367.47
O001287,C00313,2026-07-21T02:33:22Z,partner,53.45,2,completed,42.23
O001288,C01071,2026-07-15T00:36:02Z,mobile,398.63,1,completed,314.92
O001289,C00642,2026-07-22T16:44:03Z,mobile,342.27,5,completed,270.39
O001290,C00052,2026-07-22T23:07:57Z,web,21.20,4,completed,16.75
O001291,C01171,2026-07-17T17:15:28Z,store,36.40,2,completed,28.76
O001292,C00516,2026-07-15T21:21:01Z,web,485.41,2,completed,383.47
O001293,C00762,2026-07-22T16:06:31Z,partner,230.11,1,completed,181.79
O001294,C00231,2026-07-30T00:09:45Z,mobile,73.00,2,completed,57.67
O001295,C01020,2026-07-30T01:51:55Z,web,56.05,4,completed,44.28
O001296,C00752,2026-07-07T19:37:11Z,web,209.11,6,completed,165.20
O001297,C00586,2026-07-14T03:27:55Z,mobile,168.67,6,completed,133.25
O001298,C00452,2026-07-07T22:01:17Z,mobile,459.68,1,completed,363.15
O001299,C00424,2026-07-25T14:00:00Z,web,197.65,3,completed,156.14
O001300,C00260,2026-07-25T06:13:26Z,mobile,242.29,4,completed,191.41
O001301,C00152,2026-07-06T20:23:05Z,store,138.82,2,completed,109.67
O001302,C00799,2026-07-13T00:12:05Z,store,348.36,2,completed,275.20
O001303,C00526,2026-07-25T11:57:18Z,web,364.84,3,completed,288.22
O001304,C00126,2026-07-03T16:55:09Z,partner,90.98,1,completed,71.87
O001305,C01091,2026-07-08T02:59:08Z,partner,193.79,3,completed,153.09
O001306,C00428,2026-07-18T10:13:18Z,mobile,274.54,5,completed,216.89
O001307,C00063,2026-07-30T22:39:10Z,web,481.99,4,completed,380.77
O001308,C00328,2026-07-01T19:10:27Z,store,394.89,2,completed,311.96
O001309,C00230,2026-07-12T20:26:09Z,web,394.34,6,completed,311.53
O001310,C00872,2026-07-05T11:20:50Z,store,234.07,2,completed,184.92
O001311,C00271,2026-07-13T20:29:51Z,partner,458.42,3,completed,362.15
O001312,C00649,2026-07-28T01:34:45Z,partner,88.22,2,completed,69.69
O001313,C00207,2026-07-16T19:34:25Z,partner,220.33,4,completed,174.06
O001314,C00145,2026-07-11T17:28:39Z,store,389.36,1,completed,307.59
O001315,C00332,2026-07-01T18:02:51Z,store,301.87,5,completed,238.48
O001316,C00737,2026-07-19T02:27:46Z,mobile,258.58,6,completed,204.28
O001317,C00479,2026-07-08T03:56:48Z,partner,199.61,6,completed,157.69
O001318,C00347,2026-07-07T13:25:13Z,partner,452.43,3,completed,357.42
O001319,C00686,2026-07-15T02:49:42Z,mobile,317.81,6,completed,251.07
O001320,C00196,2026-07-25T23:10:39Z,mobile,351.94,3,completed,278.03
O001321,C00376,2026-07-07T14:22:04Z,web,87.51,5,completed,69.13
O001322,C00145,2026-07-27T23:38:26Z,store,27.69,1,completed,21.88
O001323,C01132,2026-07-29T04:34:40Z,mobile,175.53,2,completed,138.67
O001324,C01135,2026-07-16T13:06:19Z,store,15.94,4,completed,12.59
O001325,C00001,2026-07-03T06:02:41Z,mobile,319.39,2,completed,252.32
O001326,C01158,2026-07-15T22:14:54Z,partner,123.48,3,completed,97.55
O001327,C00790,2026-07-22T02:39:21Z,store,112.73,6,completed,89.06
O001328,C00945,2026-07-16T05:05:48Z,partner,145.21,3,completed,114.72
O001329,C00044,2026-07-27T02:18:37Z,partner,65.02,3,completed,51.37
O001330,C00672,2026-07-21T14:40:10Z,partner,299.17,4,completed,236.34
O001331,C00176,2026-07-28T20:37:07Z,mobile,208.11,6,completed,164.41
O001332,C01007,2026-07-12T17:18:09Z,mobile,137.34,5,completed,108.50
O001333,C00944,2026-07-25T19:37:05Z,web,381.54,1,completed,301.42
O001334,C01138,2026-07-20T23:09:03Z,web,199.13,4,completed,157.31
O001335,C00747,2026-07-11T04:29:32Z,mobile,397.81,1,completed,314.27
O001336,C00848,2026-07-30T02:44:26Z,store,446.46,3,completed,352.70
O001337,C00331,2026-07-30T15:45:07Z,mobile,440.55,2,completed,348.03
O001338,C00843,2026-07-12T13:01:55Z,web,465.36,2,completed,367.63
O001339,C00918,2026-07-24T21:37:00Z,store,459.04,1,completed,362.64
O001341,C00121,2026-07-08T01:14:07Z,web,469.12,5,completed,370.60
O001342,C01123,2026-07-26T05:04:06Z,web,356.05,6,completed,281.28
O001343,C01015,2026-07-16T06:02:18Z,web,216.67,5,completed,171.17
O001344,C00998,2026-07-05T21:01:50Z,mobile,19.23,2,completed,15.19
O001345,C00739,2026-07-28T05:01:20Z,web,469.21,2,completed,370.68
O001346,C01166,2026-07-06T15:14:43Z,store,476.67,5,completed,376.57
O001347,C01156,2026-07-02T03:59:31Z,store,123.92,3,completed,97.90
O001348,C00286,2026-07-15T18:09:36Z,web,175.33,3,completed,138.51
O001349,C01037,2026-07-09T23:26:24Z,web,406.15,5,completed,320.86
O001350,C01000,2026-07-03T10:00:31Z,mobile,308.61,5,completed,243.80
O001351,C00244,2026-07-05T06:35:02Z,store,256.17,4,completed,202.37
O001352,C00014,2026-07-04T18:41:07Z,web,254.09,5,completed,200.73
O001353,C00011,2026-07-12T22:15:21Z,web,258.55,5,completed,204.25
O001354,C00213,2026-07-21T22:00:14Z,partner,86.66,4,completed,68.46
O001355,C00143,2026-07-13T16:18:52Z,store,227.42,2,completed,179.66
O001356,C00145,2026-07-01T07:36:06Z,store,56.58,1,completed,44.70
O001357,C00216,2026-07-30T21:18:15Z,mobile,375.64,2,completed,296.76
O001358,C01117,2026-07-12T15:26:15Z,store,291.57,6,completed,230.34
O001359,C00176,2026-07-30T01:32:19Z,mobile,388.48,1,completed,306.90
O001360,C01004,2026-07-26T20:12:07Z,store,436.88,5,completed,345.14
O001361,C00496,2026-07-02T17:51:59Z,mobile,238.65,4,completed,188.53
O001362,C00817,2026-07-29T21:40:46Z,web,456.46,1,completed,360.60
O001363,C00540,2026-07-23T03:32:56Z,partner,33.99,4,completed,26.85
O001364,C00990,2026-07-23T03:27:35Z,mobile,18.98,6,completed,14.99
O001365,C00921,2026-07-20T06:18:02Z,mobile,63.51,5,completed,50.17
O001366,C01181,2026-07-11T15:09:04Z,partner,243.93,4,completed,192.70
O001367,C00709,2026-07-26T10:08:57Z,mobile,409.70,4,completed,323.66
O001368,C01167,2026-07-15T19:30:10Z,mobile,246.66,4,completed,194.86
O001369,C00058,2026-07-17T11:33:17Z,web,478.47,1,completed,377.99
O001370,C00347,2026-07-17T05:42:08Z,mobile,374.67,3,completed,295.99
O001371,C00065,2026-07-08T21:29:01Z,partner,475.62,6,completed,375.74
O001372,C00079,2026-07-17T03:55:41Z,mobile,182.61,6,completed,144.26
O001373,C00217,2026-07-05T12:47:08Z,partner,161.62,4,completed,127.68
O001374,C01010,2026-07-10T19:20:57Z,web,107.31,3,completed,84.77
O001375,C01062,2026-07-23T01:17:11Z,web,47.77,1,completed,37.74
O001376,C00294,2026-07-14T16:20:48Z,web,445.23,2,completed,351.73
O001377,C00018,2026-07-01T13:14:56Z,mobile,47.69,3,completed,37.68
O001378,C00301,2026-07-09T17:32:29Z,store,187.94,5,completed,148.47
O001379,C00236,2026-07-03T15:30:27Z,mobile,323.78,4,completed,255.79
O001380,C00305,2026-07-13T21:27:24Z,partner,412.66,6,completed,326.00
O001381,C00523,2026-07-14T05:20:56Z,mobile,465.20,2,completed,367.51
O001383,C00633,2026-07-28T06:47:03Z,store,13.49,5,completed,10.66
O001384,C00907,2026-07-23T07:41:37Z,store,327.14,3,completed,258.44
O001386,C00970,2026-07-03T02:51:38Z,store,346.01,4,completed,273.35
O001387,C00617,2026-07-31T17:35:38Z,mobile,159.89,4,completed,126.31
O001388,C00456,2026-07-14T05:31:21Z,mobile,281.03,5,completed,222.01
O001389,C01070,2026-07-20T20:52:24Z,web,235.45,2,completed,186.01
O001390,C01043,2026-07-18T18:04:37Z,store,56.36,2,completed,44.52
O001391,C00961,2026-07-08T13:43:48Z,web,404.01,4,completed,319.17
O001392,C00391,2026-07-18T17:28:14Z,store,494.49,5,completed,390.65
O001393,C00194,2026-07-24T17:07:41Z,partner,328.79,1,completed,259.74
O001394,C00207,2026-07-27T23:43:58Z,mobile,436.79,5,completed,345.06
O001395,C00030,2026-07-21T02:14:15Z,web,296.66,1,completed,234.36
O001396,C00870,2026-07-18T08:27:54Z,mobile,366.77,1,completed,289.75
O001397,C00832,2026-07-27T13:29:45Z,partner,96.25,3,completed,76.04
O001398,C01187,2026-07-11T23:37:02Z,partner,21.25,1,completed,16.79
O001399,C00928,2026-07-03T07:19:09Z,store,364.97,1,completed,288.33
O001400,C00376,2026-07-17T18:32:55Z,web,85.40,2,completed,67.47
O001401,C00370,2026-07-03T01:08:33Z,mobile,227.10,3,completed,179.41
O001402,C01012,2026-07-06T15:40:21Z,store,330.06,5,completed,260.75
O001404,C00351,2026-07-10T07:34:38Z,partner,5.10,4,completed,4.03
O001405,C00376,2026-07-12T22:26:15Z,partner,14.51,1,completed,11.46
O001406,C00489,2026-07-02T02:21:42Z,web,188.03,2,completed,148.54
O001407,C00511,2026-07-08T00:07:08Z,mobile,451.95,3,completed,357.04
O001408,C00174,2026-07-15T09:05:37Z,partner,125.01,3,completed,98.76
O001410,C01187,2026-07-07T01:44:19Z,web,156.26,1,completed,123.45
O001411,C00251,2026-07-14T08:43:39Z,store,416.31,6,completed,328.88
O001412,C00812,2026-07-08T11:05:25Z,mobile,314.80,1,completed,248.69
O001414,C00197,2026-07-13T20:37:48Z,partner,32.12,3,completed,25.37
O001415,C00047,2026-07-27T08:52:38Z,store,374.74,5,completed,296.04
O001416,C00210,2026-07-19T06:12:01Z,web,452.37,4,completed,357.37
O001417,C00424,2026-07-25T03:31:00Z,web,213.79,6,completed,168.89
O001418,C00159,2026-07-02T21:13:53Z,mobile,124.00,3,completed,97.96
O001419,C01002,2026-07-28T11:47:40Z,partner,293.34,1,completed,231.74
O001420,C00718,2026-07-29T22:08:38Z,partner,76.76,3,completed,60.64
O001421,C00559,2026-07-20T04:03:55Z,store,484.57,6,completed,382.81
O001422,C00013,2026-07-26T02:17:35Z,mobile,215.67,5,completed,170.38
O001423,C00966,2026-07-27T21:09:56Z,store,321.83,5,completed,254.25
O001424,C00837,2026-07-02T01:40:39Z,web,244.93,5,completed,193.49
O001425,C01081,2026-07-29T02:36:30Z,web,411.57,3,completed,325.14
O001426,C00939,2026-07-16T16:59:41Z,mobile,399.61,5,completed,315.69
O001427,C00836,2026-07-11T04:01:29Z,store,42.92,2,completed,33.91
O001428,C00624,2026-07-02T05:30:15Z,web,35.38,3,completed,27.95
O001429,C00188,2026-07-23T06:31:02Z,web,278.91,6,completed,220.34
O001430,C00640,2026-07-13T18:54:26Z,partner,474.93,1,completed,375.19
O001431,C01030,2026-07-03T05:43:22Z,web,175.91,4,completed,138.97
O001432,C00188,2026-07-05T04:19:29Z,partner,72.50,2,completed,57.28
O001433,C00210,2026-07-16T03:23:14Z,mobile,488.98,1,completed,386.29
O001434,C00378,2026-07-04T08:17:35Z,web,154.17,5,completed,121.79
O001435,C00873,2026-07-28T04:15:15Z,partner,414.98,3,completed,327.83
O001436,C00109,2026-07-11T00:11:32Z,mobile,397.41,1,completed,313.95
O001437,C01040,2026-07-11T00:01:47Z,partner,399.28,6,completed,315.43
O001438,C00236,2026-07-03T23:29:16Z,partner,75.08,2,completed,59.31
O001440,C00483,2026-07-03T11:07:25Z,mobile,356.17,6,completed,281.37
O001441,C00162,2026-07-05T16:17:19Z,partner,131.67,2,completed,104.02
O001442,C00177,2026-07-27T06:44:33Z,mobile,106.47,1,completed,84.11
O001444,C00759,2026-07-02T09:18:13Z,mobile,138.20,2,completed,109.18
O001445,C01085,2026-07-12T02:18:17Z,mobile,296.19,2,completed,233.99
O001446,C00152,2026-07-13T10:18:49Z,store,211.38,4,completed,166.99
O001447,C00858,2026-07-19T07:48:34Z,store,312.87,6,completed,247.17
O001448,C00065,2026-07-17T12:38:53Z,mobile,390.82,1,completed,308.75
O001449,C01183,2026-07-31T03:38:47Z,mobile,73.21,4,completed,57.84
O001450,C00374,2026-07-14T11:50:06Z,store,468.61,1,completed,370.20
O001451,C01149,2026-07-02T14:07:24Z,partner,47.44,6,completed,37.48
O001452,C01142,2026-07-07T22:12:47Z,store,380.69,5,completed,300.75
O001453,C00545,2026-07-13T10:16:23Z,mobile,119.66,3,completed,94.53
O001454,C00744,2026-07-10T01:39:25Z,web,226.61,5,completed,179.02
O001455,C00203,2026-07-18T04:41:15Z,web,401.56,3,completed,317.23
O001456,C01182,2026-07-29T09:03:36Z,mobile,29.04,5,completed,22.94
O001457,C00558,2026-07-01T10:53:40Z,mobile,21.38,3,completed,16.89
O001458,C00983,2026-07-25T00:33:30Z,mobile,394.64,2,completed,311.77
O001459,C01078,2026-07-12T20:13:31Z,web,231.58,4,completed,182.95
O001460,C00845,2026-07-29T03:32:07Z,web,81.09,4,completed,64.06
O001461,C00400,2026-07-11T23:57:01Z,store,235.70,3,completed,186.20
O001462,C00745,2026-07-29T06:05:49Z,store,392.07,3,completed,309.74
O001463,C01026,2026-07-17T04:55:24Z,mobile,32.15,6,completed,25.40
O001464,C01155,2026-07-23T21:46:14Z,mobile,393.27,2,completed,310.68
O001465,C00961,2026-07-15T14:51:15Z,partner,16.65,2,completed,13.15
O001466,C00941,2026-07-20T10:50:21Z,mobile,488.51,2,completed,385.92
O001467,C00470,2026-07-08T05:14:31Z,web,218.59,1,completed,172.69
O001468,C00427,2026-07-30T11:30:50Z,store,468.40,4,completed,370.04
O001469,C00638,2026-07-05T07:30:33Z,mobile,165.81,3,completed,130.99
O001470,C00205,2026-07-17T07:13:32Z,web,456.17,2,completed,360.37
O001471,C00034,2026-07-08T16:01:01Z,web,242.75,6,completed,191.77
O001472,C00411,2026-07-18T21:25:22Z,web,394.45,4,completed,311.62
O001473,C00347,2026-07-14T17:31:04Z,partner,179.47,2,completed,141.78
O001474,C00702,2026-07-06T06:45:34Z,web,322.83,1,completed,255.04
O001475,C00735,2026-07-15T03:08:49Z,store,475.32,4,completed,375.50
O001476,C00204,2026-07-22T03:27:12Z,mobile,455.04,2,completed,359.48
O001477,C00286,2026-07-18T10:21:03Z,web,43.28,1,completed,34.19
O001478,C01078,2026-07-22T19:34:35Z,mobile,347.78,6,completed,274.75
O001479,C00782,2026-07-27T05:00:29Z,web,431.43,4,completed,340.83
O001480,C00611,2026-07-17T04:40:55Z,store,162.51,4,completed,128.38
O001482,C00075,2026-07-26T09:16:45Z,web,397.96,5,completed,314.39
O001483,C00840,2026-07-24T14:17:59Z,store,295.21,4,completed,233.22
O001484,C00521,2026-07-07T13:00:21Z,store,472.24,2,completed,373.07
O001485,C01036,2026-07-09T13:53:50Z,store,121.36,2,completed,95.87
O001486,C00926,2026-07-21T02:53:28Z,mobile,168.28,3,completed,132.94
O001487,C00250,2026-07-18T13:55:40Z,web,115.03,2,completed,90.87
O001488,C00246,2026-07-30T19:24:49Z,web,217.33,2,completed,171.69
O001489,C01100,2026-07-29T04:51:06Z,partner,319.94,3,completed,252.75
O001490,C00417,2026-07-22T10:56:20Z,mobile,399.66,3,completed,315.73
O001491,C00913,2026-07-01T16:34:38Z,web,226.66,1,completed,179.06
O001492,C00962,2026-07-14T10:08:46Z,web,381.11,6,completed,301.08
O001493,C01112,2026-07-23T19:03:13Z,mobile,180.14,4,completed,142.31
O001494,C00440,2026-07-23T08:56:12Z,web,478.31,4,completed,377.86
O001495,C00472,2026-07-24T19:23:41Z,mobile,72.24,4,completed,57.07
O001496,C00458,2026-07-28T02:19:30Z,partner,329.69,6,completed,260.46
O001497,C00751,2026-07-15T10:56:25Z,partner,214.65,1,completed,169.57
O001498,C00770,2026-07-13T10:47:32Z,web,90.16,3,completed,71.23
O001499,C00315,2026-07-07T17:39:29Z,web,407.22,3,completed,321.70
O001500,C00356,2026-07-17T12:23:49Z,partner,393.94,1,completed,311.21
O001501,C00827,2026-07-25T15:33:36Z,web,478.42,4,completed,377.95
O001502,C01122,2026-07-01T17:30:26Z,mobile,332.17,3,completed,262.41
O001503,C00552,2026-07-17T09:30:27Z,partner,426.11,6,completed,336.63
O001504,C00616,2026-07-29T09:57:38Z,partner,30.36,6,completed,23.98
O001505,C00399,2026-07-03T14:11:44Z,web,411.77,4,completed,325.30
O001506,C01132,2026-07-10T22:39:22Z,mobile,291.76,5,completed,230.49
O001507,C00946,2026-07-19T13:59:33Z,web,157.85,5,completed,124.70
O001508,C00176,2026-07-31T14:26:13Z,web,363.84,6,completed,287.43
O001510,C01052,2026-07-02T03:34:26Z,store,478.49,2,completed,378.01
O001511,C01188,2026-07-10T10:10:08Z,partner,416.63,6,completed,329.14
O001512,C00359,2026-07-19T10:46:37Z,partner,24.96,3,completed,19.72
O001513,C01119,2026-07-06T05:16:35Z,web,374.90,2,completed,296.17
O001514,C00705,2026-07-29T05:05:40Z,partner,124.71,2,completed,98.52
O001515,C00025,2026-07-22T11:56:46Z,web,373.58,4,completed,295.13
O001517,C00887,2026-07-26T12:01:23Z,web,431.77,5,completed,341.10
O001518,C00892,2026-07-03T09:33:47Z,store,324.47,5,completed,256.33
O001519,C00890,2026-07-01T02:11:40Z,mobile,388.97,4,completed,307.29
O001520,C01164,2026-07-06T20:59:19Z,store,239.70,3,completed,189.36
O001521,C00900,2026-07-21T09:49:57Z,web,471.36,5,completed,372.37
O001522,C00397,2026-07-23T10:18:13Z,store,261.19,4,completed,206.34
O001523,C00909,2026-07-06T02:48:47Z,mobile,231.51,3,completed,182.89
O001524,C00997,2026-07-09T06:48:59Z,mobile,88.07,2,completed,69.58
O001525,C00958,2026-07-26T05:15:03Z,mobile,240.82,1,completed,190.25
O001526,C00559,2026-07-19T22:46:15Z,store,5.94,2,completed,4.69
O001527,C00587,2026-07-31T20:04:20Z,store,427.40,3,completed,337.65
O001528,C01150,2026-07-28T08:31:40Z,store,249.62,2,completed,197.20
O001529,C01032,2026-07-22T22:17:24Z,partner,16.04,4,completed,12.67
O001530,C00984,2026-07-20T04:48:12Z,web,188.39,2,completed,148.83
O001531,C00374,2026-07-10T19:32:43Z,store,141.22,5,completed,111.56
O001532,C00077,2026-07-20T14:18:27Z,mobile,361.59,1,completed,285.66
O001533,C00990,2026-07-21T22:16:02Z,store,496.78,4,completed,392.46
O001534,C00887,2026-07-15T05:33:54Z,partner,463.49,1,completed,366.16
O001535,C00717,2026-07-27T09:17:11Z,store,406.87,6,completed,321.43
O001537,C01103,2026-07-22T16:47:43Z,mobile,434.83,6,completed,343.52
O001538,C00394,2026-07-28T13:10:42Z,mobile,329.24,5,completed,260.10
O001539,C00252,2026-07-22T21:14:13Z,web,281.55,6,completed,222.42
O001540,C00556,2026-07-10T11:11:05Z,mobile,49.26,1,completed,38.92
O001541,C00964,2026-07-26T07:20:39Z,partner,208.95,3,completed,165.07
O001542,C00566,2026-07-10T01:31:52Z,web,259.02,6,completed,204.63
O001544,C00661,2026-07-13T05:07:04Z,web,255.05,1,completed,201.49
O001545,C00723,2026-07-25T11:02:42Z,partner,44.49,2,completed,35.15
O001546,C00573,2026-07-06T04:30:58Z,mobile,192.52,2,completed,152.09
O001547,C01175,2026-07-10T13:01:00Z,store,358.96,4,completed,283.58
O001548,C00249,2026-07-13T11:19:04Z,store,27.23,4,completed,21.51
O001549,C00226,2026-07-06T00:45:00Z,mobile,380.42,4,completed,300.53
O001550,C01110,2026-07-03T18:57:13Z,mobile,207.03,5,completed,163.55
O001551,C00721,2026-07-01T04:49:12Z,web,377.58,5,completed,298.29
O001552,C00564,2026-07-27T21:03:22Z,mobile,371.02,1,completed,293.11
O001553,C00264,2026-07-27T03:55:58Z,web,137.62,5,completed,108.72
O001554,C00292,2026-07-18T11:38:00Z,partner,208.87,3,completed,165.01
O001555,C01172,2026-07-27T21:59:36Z,web,58.12,4,completed,45.91
O001556,C00565,2026-07-06T03:11:06Z,partner,35.82,6,completed,28.30
O001557,C00145,2026-07-19T15:00:25Z,partner,35.28,4,completed,27.87
O001558,C00902,2026-07-24T15:56:34Z,store,58.11,4,completed,45.91
O001559,C00555,2026-07-26T21:23:11Z,mobile,413.26,3,completed,326.48
O001560,C00509,2026-07-02T12:09:10Z,store,19.32,6,completed,15.26
O001561,C00916,2026-07-18T08:09:03Z,web,241.62,2,completed,190.88
O001562,C00834,2026-07-07T11:39:25Z,mobile,76.40,1,completed,60.36
O001563,C00931,2026-07-12T08:22:50Z,partner,401.15,6,completed,316.91
O001564,C01003,2026-07-02T15:27:04Z,mobile,248.97,5,completed,196.69
O001565,C00407,2026-07-30T21:35:25Z,store,405.18,2,completed,320.09
O001566,C01163,2026-07-23T04:40:31Z,web,432.40,5,completed,341.60
O001567,C00786,2026-07-19T10:18:05Z,store,279.71,3,completed,220.97
O001568,C00316,2026-07-27T22:29:58Z,store,71.65,3,completed,56.60
O001569,C00416,2026-07-27T07:45:29Z,web,177.74,3,completed,140.41
O001570,C00698,2026-07-06T23:33:36Z,partner,256.87,2,completed,202.93
O001571,C01091,2026-07-29T09:31:27Z,partner,383.05,4,completed,302.61
O001573,C00329,2026-07-31T17:28:25Z,mobile,203.97,4,completed,161.14
O001575,C00566,2026-07-23T00:18:46Z,partner,168.49,4,completed,133.11
O001576,C00287,2026-07-29T21:28:44Z,web,283.84,2,completed,224.23
O001577,C00142,2026-07-02T13:08:39Z,web,9.98,6,completed,7.88
O001578,C01198,2026-07-19T07:36:52Z,partner,167.52,4,completed,132.34
O001579,C00439,2026-07-11T04:58:06Z,web,377.77,1,completed,298.44
O001580,C00366,2026-07-23T10:58:16Z,partner,189.68,3,completed,149.85
O001581,C00799,2026-07-03T23:39:10Z,partner,418.54,2,completed,330.65
O001582,C00637,2026-07-19T15:14:53Z,partner,323.45,3,completed,255.53
O001583,C00157,2026-07-24T18:45:49Z,web,50.80,3,completed,40.13
O001584,C00448,2026-07-12T01:24:59Z,partner,344.20,5,completed,271.92
O001585,C01009,2026-07-29T23:24:07Z,web,210.79,2,completed,166.52
O001586,C00652,2026-07-31T01:10:38Z,store,341.56,5,completed,269.83
O001587,C00804,2026-07-20T03:23:40Z,store,78.35,1,completed,61.90
O001588,C00917,2026-07-28T00:26:14Z,store,15.00,5,completed,11.85
O001589,C00893,2026-07-13T13:35:14Z,store,19.62,1,completed,15.50
O001590,C01125,2026-07-27T02:01:52Z,store,174.85,3,completed,138.13
O001591,C00611,2026-07-26T03:33:50Z,web,416.13,2,completed,328.74
O001592,C00552,2026-07-26T09:22:09Z,partner,481.77,5,completed,380.60
O001593,C00710,2026-07-31T17:13:09Z,mobile,238.16,3,completed,188.15
O001594,C00828,2026-07-31T08:36:01Z,web,182.41,5,completed,144.10
O001595,C01183,2026-07-23T01:58:59Z,mobile,307.68,6,completed,243.07
O001596,C00644,2026-07-21T21:01:10Z,mobile,362.43,6,completed,286.32
O001598,C01085,2026-07-18T09:01:07Z,web,9.79,2,completed,7.73
O001599,C01007,2026-07-09T00:04:43Z,store,77.67,2,completed,61.36
O001600,C00880,2026-07-25T00:57:15Z,mobile,116.74,2,completed,92.22
O001601,C00983,2026-07-06T11:18:01Z,partner,350.26,2,completed,276.71
O001602,C00673,2026-07-05T01:08:07Z,store,388.88,2,completed,307.22
O001603,C00152,2026-07-27T08:29:21Z,mobile,170.45,3,completed,134.66
O001604,C00593,2026-07-16T07:49:18Z,store,448.77,3,completed,354.53
O001606,C01112,2026-07-05T22:33:35Z,mobile,260.48,3,completed,205.78
O001607,C00815,2026-07-12T09:52:49Z,partner,252.73,4,completed,199.66
O001608,C00993,2026-07-29T23:03:25Z,web,123.16,2,completed,97.30
O001609,C00124,2026-07-11T20:58:40Z,mobile,113.02,1,completed,89.29
O001610,C00332,2026-07-01T20:24:06Z,web,488.86,2,completed,386.20
O001612,C00056,2026-07-18T07:53:47Z,partner,470.97,5,completed,372.07
O001613,C00131,2026-07-16T00:07:41Z,mobile,182.88,2,completed,144.48
O001614,C00208,2026-07-08T10:16:59Z,mobile,214.38,6,completed,169.36
O001615,C00627,2026-07-30T13:37:09Z,web,210.42,1,completed,166.23
O001616,C01169,2026-07-01T10:12:44Z,partner,396.74,5,completed,313.42
O001617,C00056,2026-07-28T21:02:43Z,web,134.96,1,completed,106.62
O001618,C00175,2026-07-09T21:47:25Z,web,66.47,2,completed,52.51
O001619,C00230,2026-07-23T07:14:50Z,partner,153.35,6,completed,121.15
O001620,C00371,2026-07-14T07:44:40Z,partner,143.89,6,completed,113.67
O001621,C00192,2026-07-07T09:03:54Z,web,381.51,1,completed,301.39
O001622,C00019,2026-07-26T19:28:15Z,mobile,16.40,5,completed,12.96
O001623,C00079,2026-07-16T00:23:38Z,web,406.46,1,completed,321.10
O001624,C00174,2026-07-31T23:43:24Z,partner,203.75,6,completed,160.96
O001625,C00185,2026-07-25T13:00:17Z,mobile,144.46,1,completed,114.12
O001626,C00870,2026-07-01T09:38:34Z,web,355.60,1,completed,280.92
O001627,C00669,2026-07-15T01:15:21Z,web,18.96,3,completed,14.98
O001628,C00560,2026-07-30T09:59:41Z,store,318.12,4,completed,251.31
O001629,C01102,2026-07-28T03:08:54Z,store,155.22,3,completed,122.62
O001630,C00729,2026-07-07T09:30:20Z,store,416.01,5,completed,328.65
O001631,C00542,2026-07-08T01:17:01Z,store,303.91,1,completed,240.09
O001632,C00824,2026-07-18T21:58:20Z,partner,313.96,5,completed,248.03
O001633,C00328,2026-07-11T08:59:35Z,store,398.93,6,completed,315.15
O001634,C01139,2026-07-22T12:43:19Z,web,73.69,2,completed,58.22
O001635,C00309,2026-07-24T08:59:12Z,partner,213.68,2,completed,168.81
O001636,C00249,2026-07-23T21:05:28Z,partner,447.04,6,completed,353.16
O001637,C00096,2026-07-06T08:25:58Z,mobile,331.94,3,completed,262.23
O001638,C00208,2026-07-07T10:11:26Z,store,306.74,2,completed,242.32
O001639,C00602,2026-07-28T06:38:46Z,mobile,321.32,6,completed,253.84
O001640,C01134,2026-07-29T02:26:45Z,web,441.70,4,completed,348.94
O001641,C00774,2026-07-12T05:42:52Z,partner,330.76,6,completed,261.30
O001642,C00015,2026-07-07T13:49:07Z,mobile,178.11,5,completed,140.71
O001643,C00378,2026-07-27T08:21:08Z,mobile,208.90,3,completed,165.03
O001644,C00101,2026-07-15T09:00:38Z,web,244.42,3,completed,193.09
O001645,C00215,2026-07-15T10:25:43Z,mobile,262.59,3,completed,207.45
O001646,C00273,2026-07-21T14:46:28Z,web,349.44,6,completed,276.06
O001647,C01116,2026-07-14T05:02:55Z,web,286.96,4,completed,226.70
O001649,C00145,2026-07-16T04:27:47Z,web,38.16,4,completed,30.15
O001650,C00925,2026-07-14T12:18:39Z,web,375.29,6,completed,296.48
O001651,C01136,2026-07-10T23:53:02Z,mobile,103.71,6,completed,81.93
O001652,C01190,2026-07-27T00:14:43Z,store,63.84,6,completed,50.43
O001653,C00560,2026-07-15T17:02:40Z,web,462.75,2,completed,365.57
O001654,C00562,2026-07-20T05:07:00Z,store,274.30,3,completed,216.70
O001656,C00929,2026-07-24T03:01:14Z,partner,249.51,5,completed,197.11
O001657,C01097,2026-07-15T21:11:37Z,mobile,142.53,4,completed,112.60
O001658,C00206,2026-07-13T12:55:18Z,web,295.89,4,completed,233.75
O001659,C00578,2026-07-08T23:16:50Z,web,106.88,4,completed,84.44
O001660,C00968,2026-07-31T10:53:17Z,mobile,399.94,6,completed,315.95
O001662,C01153,2026-07-26T03:19:05Z,partner,246.66,3,completed,194.86
O001663,C00368,2026-07-02T16:42:35Z,web,99.23,5,completed,78.39
O001664,C00809,2026-07-08T10:22:10Z,mobile,306.02,5,completed,241.76
O001665,C01163,2026-07-30T18:56:34Z,web,170.12,4,completed,134.39
O001666,C00104,2026-07-25T17:31:58Z,web,137.13,1,completed,108.33
O001667,C01113,2026-07-19T01:50:38Z,store,287.33,6,completed,226.99
O001668,C01073,2026-07-12T07:44:00Z,partner,456.76,1,completed,360.84
O001669,C00434,2026-07-22T04:32:27Z,mobile,272.52,5,completed,215.29
O001670,C01130,2026-07-19T05:46:17Z,partner,253.25,1,completed,200.07
O001671,C00582,2026-07-31T12:40:51Z,web,365.69,5,completed,288.90
O001672,C00581,2026-07-03T13:12:41Z,store,286.33,1,completed,226.20
O001673,C00821,2026-07-01T22:03:39Z,mobile,41.61,5,completed,32.87
O001674,C01133,2026-07-13T00:19:13Z,partner,415.72,6,completed,328.42
O001675,C00995,2026-07-16T12:59:38Z,web,148.02,6,completed,116.94
O001676,C00226,2026-07-02T19:31:01Z,store,312.17,2,completed,246.61
O001677,C00321,2026-07-26T07:24:15Z,web,265.54,6,completed,209.78
O001678,C01003,2026-07-19T07:37:11Z,web,451.05,4,completed,356.33
O001679,C00027,2026-07-14T09:13:28Z,mobile,30.26,3,completed,23.91
O001680,C00896,2026-07-25T14:21:36Z,partner,69.36,2,completed,54.79
O001681,C01098,2026-07-21T17:15:09Z,mobile,164.06,4,completed,129.61
O001682,C01024,2026-07-15T18:34:47Z,partner,369.57,4,completed,291.96
O001684,C00478,2026-07-23T03:48:26Z,web,306.43,4,completed,242.08
O001685,C00038,2026-07-27T05:17:48Z,store,34.93,3,completed,27.59
O001686,C00702,2026-07-22T23:10:56Z,partner,236.57,2,completed,186.89
O001687,C00611,2026-07-25T17:21:51Z,web,141.58,2,completed,111.85
O001689,C00115,2026-07-06T04:26:52Z,web,183.39,3,completed,144.88
O001690,C01007,2026-07-12T18:21:40Z,web,242.49,4,completed,191.57
O001691,C00002,2026-07-06T00:43:46Z,store,409.33,1,completed,323.37
O001692,C00881,2026-07-22T16:52:25Z,mobile,161.16,3,completed,127.32
O001693,C00738,2026-07-11T21:05:35Z,partner,7.09,1,completed,5.60
O001694,C00184,2026-07-01T11:49:59Z,store,333.05,1,completed,263.11
O001695,C00040,2026-07-30T18:49:44Z,store,29.44,2,completed,23.26
O001697,C00147,2026-07-22T06:28:36Z,partner,32.25,3,completed,25.48
O001698,C01053,2026-07-06T11:35:33Z,partner,337.53,1,completed,266.65
O001699,C00262,2026-07-05T10:07:25Z,partner,457.03,4,completed,361.05
O001700,C00669,2026-07-17T10:24:12Z,store,327.56,1,completed,258.77
O001701,C01056,2026-07-06T04:21:00Z,partner,121.25,3,completed,95.79
O001702,C00030,2026-07-10T10:59:51Z,partner,95.23,5,completed,75.23
O001703,C00435,2026-07-20T06:32:58Z,web,434.28,6,completed,343.08
O001704,C01045,2026-07-07T19:57:02Z,web,399.42,5,completed,315.54
O001705,C01090,2026-07-01T13:09:56Z,partner,86.98,6,completed,68.71
O001706,C01098,2026-07-12T06:08:38Z,store,315.94,4,completed,249.59
O001707,C00682,2026-07-24T10:49:42Z,partner,75.98,2,completed,60.02
O001708,C00933,2026-07-27T14:17:37Z,web,177.00,3,completed,139.83
O001709,C00816,2026-07-25T10:27:13Z,store,454.75,5,completed,359.25
O001710,C01185,2026-07-02T09:21:12Z,partner,438.54,2,completed,346.45
O001711,C00611,2026-07-02T09:35:44Z,mobile,345.88,3,completed,273.25
O001712,C00464,2026-07-12T04:30:55Z,web,352.23,2,completed,278.26
O001713,C00825,2026-07-31T21:38:30Z,web,410.97,4,completed,324.67
O001714,C00182,2026-07-17T00:54:06Z,partner,33.82,6,completed,26.72
O001715,C00978,2026-07-20T17:19:35Z,store,191.47,3,completed,151.26
O001716,C00917,2026-07-21T23:36:44Z,mobile,211.91,1,completed,167.41
O001717,C01104,2026-07-13T09:29:44Z,web,279.52,5,completed,220.82
O001718,C00283,2026-07-07T08:18:31Z,web,254.36,4,completed,200.94
O001719,C00968,2026-07-03T14:50:04Z,partner,129.85,2,completed,102.58
O001721,C00224,2026-07-13T02:52:22Z,web,206.92,6,completed,163.47
O001723,C00210,2026-07-29T10:50:56Z,partner,414.72,4,completed,327.63
O001724,C00422,2026-07-18T00:21:06Z,web,175.69,4,completed,138.80
O001725,C00534,2026-07-05T03:01:40Z,web,454.84,4,completed,359.32
O001726,C00635,2026-07-19T12:35:40Z,web,446.48,4,completed,352.72
O001727,C00284,2026-07-14T03:01:19Z,mobile,48.06,6,completed,37.97
O001728,C00583,2026-07-18T23:52:17Z,web,105.68,5,completed,83.49
O001730,C00996,2026-07-30T13:22:18Z,store,100.33,2,completed,79.26
O001731,C01041,2026-07-14T13:01:54Z,store,234.07,3,completed,184.92
O001732,C00258,2026-07-12T19:51:27Z,store,469.57,4,completed,370.96
O001733,C00738,2026-07-24T21:17:17Z,web,301.78,3,completed,238.41
O001734,C00589,2026-07-10T23:35:51Z,store,488.51,6,completed,385.92
O001735,C00404,2026-07-08T13:16:02Z,web,346.19,5,completed,273.49
O001736,C00923,2026-07-21T09:02:56Z,mobile,463.87,3,completed,366.46
O001737,C00480,2026-07-11T11:42:17Z,store,327.63,6,completed,258.83
O001738,C00311,2026-07-17T23:51:48Z,web,85.37,2,completed,67.44
O001739,C00800,2026-07-01T15:33:17Z,store,176.41,1,completed,139.36
O001740,C00722,2026-07-20T02:45:37Z,partner,347.86,3,completed,274.81
O001741,C00174,2026-07-27T21:19:12Z,web,141.53,6,completed,111.81
O001742,C00704,2026-07-31T02:01:47Z,partner,159.41,1,completed,125.93
O001743,C00544,2026-07-18T01:37:07Z,mobile,256.14,1,completed,202.35
O001744,C01153,2026-07-10T09:38:14Z,web,16.89,6,completed,13.34
O001745,C00703,2026-07-14T01:44:06Z,partner,395.06,1,completed,312.10
O001746,C01068,2026-07-29T10:22:05Z,store,24.06,5,completed,19.01
O001747,C00126,2026-07-23T20:01:21Z,store,99.79,1,completed,78.83
O001748,C00820,2026-07-16T20:06:04Z,mobile,376.30,3,completed,297.28
O001749,C01123,2026-07-06T10:14:37Z,store,235.09,5,completed,185.72
O001750,C00366,2026-07-19T01:35:15Z,store,389.92,6,completed,308.04
O001751,C00989,2026-07-18T14:10:40Z,store,418.27,4,completed,330.43
O001752,C00271,2026-07-04T18:51:20Z,mobile,6.53,4,completed,5.16
O001753,C00923,2026-07-26T10:20:38Z,web,230.64,2,completed,182.21
O001754,C00656,2026-07-16T03:50:08Z,store,35.07,6,completed,27.71
O001755,C00147,2026-07-23T12:28:47Z,mobile,285.86,4,completed,225.83
O001756,C00358,2026-07-15T12:46:26Z,partner,295.10,4,completed,233.13
O001757,C00893,2026-07-26T16:48:23Z,mobile,63.16,6,completed,49.90
O001758,C00719,2026-07-08T04:05:05Z,partner,406.07,2,completed,320.80
O001759,C00295,2026-07-06T04:04:50Z,store,342.07,4,completed,270.24
O001760,C00186,2026-07-21T14:29:47Z,partner,148.28,6,completed,117.14
O001761,C00566,2026-07-26T19:56:25Z,partner,351.23,6,completed,277.47
O001762,C00052,2026-07-17T01:52:36Z,web,494.04,6,completed,390.29
O001763,C00261,2026-07-22T05:33:22Z,store,364.79,2,completed,288.18
O001765,C00235,2026-07-15T05:57:43Z,mobile,249.95,3,completed,197.46
O001766,C00862,2026-07-27T10:32:45Z,partner,167.95,3,completed,132.68
O001767,C00180,2026-07-17T15:14:58Z,mobile,341.65,5,completed,269.90
O001768,C01044,2026-07-24T06:07:51Z,mobile,396.41,2,completed,313.16
O001769,C00972,2026-07-29T18:35:22Z,store,165.13,5,completed,130.45
O001770,C00410,2026-07-06T08:13:10Z,partner,416.21,5,completed,328.81
O001771,C00487,2026-07-30T05:53:34Z,mobile,467.83,6,completed,369.59
O001772,C00483,2026-07-09T00:46:29Z,mobile,332.56,5,completed,262.72
O001773,C00052,2026-07-22T07:57:50Z,mobile,230.64,2,completed,182.21
O001774,C00868,2026-07-17T10:33:44Z,partner,251.64,1,completed,198.80
O001775,C00452,2026-07-26T04:34:05Z,mobile,105.38,1,completed,83.25
O001777,C00462,2026-07-21T16:15:11Z,web,253.67,1,completed,200.40
O001778,C00812,2026-07-07T06:24:21Z,mobile,51.20,2,completed,40.45
O001779,C01011,2026-07-16T08:27:42Z,mobile,282.40,1,completed,223.10
O001780,C00869,2026-07-10T14:20:58Z,mobile,433.07,3,completed,342.13
O001781,C00162,2026-07-31T16:45:18Z,store,72.12,2,completed,56.97
O001782,C00517,2026-07-15T01:49:24Z,partner,194.14,3,completed,153.37
O001783,C01104,2026-07-27T15:45:22Z,partner,242.36,2,completed,191.46
O001784,C00694,2026-07-05T04:17:09Z,mobile,73.93,3,completed,58.40
O001785,C00057,2026-07-18T04:58:23Z,store,327.48,3,completed,258.71
O001786,C00087,2026-07-26T09:49:14Z,web,127.35,5,completed,100.61
O001788,C00427,2026-07-05T21:00:29Z,web,260.77,3,completed,206.01
O001789,C00970,2026-07-21T08:11:04Z,store,78.02,3,completed,61.64
O001790,C00909,2026-07-18T17:46:06Z,mobile,117.25,6,completed,92.63
O001791,C00126,2026-07-16T17:27:05Z,web,9.92,3,completed,7.84
O001792,C00316,2026-07-03T13:28:53Z,store,61.11,3,completed,48.28
O001793,C01073,2026-07-19T11:17:05Z,web,126.36,2,completed,99.82
O001794,C00268,2026-07-21T17:23:23Z,web,430.27,1,completed,339.91
O001796,C00227,2026-07-22T12:09:53Z,mobile,358.98,1,completed,283.59
O001797,C00670,2026-07-03T17:43:51Z,mobile,114.09,6,completed,90.13
O001798,C00475,2026-07-06T09:03:42Z,mobile,82.81,5,completed,65.42
O001799,C00480,2026-07-30T00:21:35Z,mobile,166.66,1,completed,131.66
O001800,C00611,2026-07-21T03:20:57Z,web,334.25,5,completed,264.06
O001801,C00283,2026-07-18T07:47:23Z,web,485.74,4,completed,383.73
O001802,C01002,2026-07-20T18:57:31Z,partner,416.98,1,completed,329.41
O001803,C00814,2026-07-31T14:29:29Z,web,330.42,2,completed,261.03
O001804,C00286,2026-07-11T01:04:58Z,mobile,306.32,3,completed,241.99
O001805,C00792,2026-07-15T05:53:47Z,partner,388.64,5,completed,307.03
O001806,C00905,2026-07-06T17:57:23Z,partner,337.80,2,completed,266.86
O001808,C01060,2026-07-07T08:57:23Z,mobile,46.00,1,completed,36.34
O001809,C00369,2026-07-02T19:00:32Z,web,73.03,2,completed,57.69
O001811,C00569,2026-07-03T11:02:27Z,web,94.82,5,completed,74.91
O001812,C00960,2026-07-05T14:54:38Z,partner,222.27,5,completed,175.59
O001814,C00856,2026-07-17T12:27:19Z,web,239.53,2,completed,189.23
O001815,C00369,2026-07-05T09:06:49Z,partner,444.99,5,completed,351.54
O001816,C00384,2026-07-18T08:54:52Z,store,52.57,5,completed,41.53
O001817,C01013,2026-07-15T18:49:33Z,web,200.87,1,completed,158.69
O001818,C00921,2026-07-01T14:51:20Z,mobile,185.30,3,completed,146.39
O001819,C00712,2026-07-09T14:27:16Z,partner,164.10,1,completed,129.64
O001820,C01035,2026-07-13T16:46:56Z,mobile,203.26,4,completed,160.58
O001821,C00424,2026-07-24T05:42:50Z,store,121.06,6,completed,95.64
O001822,C00485,2026-07-10T13:29:01Z,web,278.35,6,completed,219.90
O001823,C01160,2026-07-29T04:20:11Z,mobile,466.62,6,completed,368.63
O001825,C00497,2026-07-11T21:12:17Z,store,96.77,4,completed,76.45
O001826,C01151,2026-07-02T07:44:00Z,web,306.02,6,completed,241.76
O001828,C00133,2026-07-26T07:39:27Z,store,295.79,6,completed,233.67
O001830,C00801,2026-07-23T12:07:29Z,store,416.12,6,completed,328.73
O001831,C00723,2026-07-16T16:33:34Z,mobile,83.00,2,completed,65.57
O001832,C01043,2026-07-31T21:40:08Z,mobile,26.02,5,completed,20.56
O001833,C00371,2026-07-17T01:36:00Z,mobile,6.42,5,completed,5.07
O001834,C00905,2026-07-28T00:22:14Z,web,214.28,3,completed,169.28
O001835,C00895,2026-07-01T03:20:56Z,mobile,92.75,6,completed,73.27
O001836,C00525,2026-07-31T07:33:23Z,mobile,218.45,5,completed,172.58
O001837,C00903,2026-07-12T02:31:20Z,store,214.44,3,completed,169.41
O001838,C00987,2026-07-02T04:13:40Z,mobile,285.35,2,completed,225.43
O001839,C00617,2026-07-11T05:14:54Z,mobile,366.22,4,completed,289.31
O001840,C00816,2026-07-10T20:01:47Z,web,494.87,4,completed,390.95
O001841,C00939,2026-07-28T16:49:14Z,store,114.21,4,completed,90.23
O001842,C00881,2026-07-06T07:53:18Z,mobile,431.30,4,completed,340.73
O001843,C00389,2026-07-04T11:26:35Z,mobile,333.00,1,completed,263.07
O001844,C01063,2026-07-24T22:51:21Z,partner,147.15,2,completed,116.25
O001845,C00476,2026-07-05T13:50:15Z,partner,413.95,4,completed,327.02
O001846,C00070,2026-07-18T04:22:37Z,store,386.57,5,completed,305.39
O001847,C01135,2026-07-02T03:48:14Z,partner,415.14,6,completed,327.96
O001848,C00739,2026-07-25T11:57:05Z,web,330.77,5,completed,261.31
O001849,C00547,2026-07-06T07:10:57Z,partner,387.02,1,completed,305.75
O001850,C01122,2026-07-01T18:35:14Z,mobile,148.53,6,completed,117.34
O001851,C00666,2026-07-27T15:55:41Z,mobile,338.76,1,completed,267.62
O001852,C00523,2026-07-19T05:27:05Z,mobile,19.07,1,completed,15.07
O001853,C00719,2026-07-23T13:04:41Z,web,366.21,3,completed,289.31
O001854,C00464,2026-07-21T20:25:08Z,web,469.21,4,completed,370.68
O001855,C00290,2026-07-16T19:41:55Z,web,457.17,2,completed,361.16
O001856,C00200,2026-07-12T07:08:13Z,mobile,141.43,2,completed,111.73
O001858,C00061,2026-07-22T12:23:13Z,partner,113.65,1,completed,89.78
O001859,C00135,2026-07-09T00:37:44Z,mobile,410.27,6,completed,324.11
O001861,C00329,2026-07-11T10:39:49Z,web,125.05,6,completed,98.79
O001862,C00598,2026-07-30T05:11:05Z,web,310.71,3,completed,245.46
O001863,C00561,2026-07-09T02:11:17Z,store,8.61,4,completed,6.80
O001864,C00007,2026-07-31T08:13:04Z,mobile,86.27,5,completed,68.15
O001865,C00015,2026-07-26T05:52:37Z,partner,336.87,4,completed,266.13
O001866,C00607,2026-07-17T00:34:21Z,store,258.67,5,completed,204.35
O001867,C00580,2026-07-25T13:48:49Z,mobile,315.15,3,completed,248.97
O001868,C00931,2026-07-30T05:56:47Z,mobile,217.82,6,completed,172.08
O001869,C00655,2026-07-19T03:00:30Z,mobile,177.23,1,completed,140.01
O001870,C00044,2026-07-31T15:51:15Z,partner,52.06,6,completed,41.13
O001871,C00853,2026-07-23T05:06:18Z,store,369.90,2,completed,292.22
O001872,C00410,2026-07-01T14:04:43Z,partner,17.32,2,completed,13.68
O001873,C00867,2026-07-13T23:52:56Z,store,82.90,5,completed,65.49
O001874,C00878,2026-07-12T02:24:09Z,mobile,205.34,5,completed,162.22
O001875,C00995,2026-07-31T00:18:17Z,partner,20.98,3,completed,16.57
O001876,C00949,2026-07-28T02:22:45Z,web,368.11,1,completed,290.81
O001877,C00293,2026-07-18T04:51:33Z,mobile,405.86,4,completed,320.63
O001878,C00313,2026-07-07T23:26:35Z,store,76.75,6,completed,60.63
O001879,C00408,2026-07-14T22:11:57Z,partner,375.89,3,completed,296.95
O001880,C01030,2026-07-15T18:05:09Z,store,121.78,1,completed,96.21
O001881,C00183,2026-07-26T15:34:17Z,store,249.69,3,completed,197.26
O001882,C00287,2026-07-27T08:33:57Z,store,479.24,3,completed,378.60
O001883,C00223,2026-07-17T04:12:20Z,mobile,11.37,3,completed,8.98
O001884,C01135,2026-07-14T01:56:13Z,partner,44.91,4,completed,35.48
O001885,C00508,2026-07-31T09:51:04Z,mobile,27.09,6,completed,21.40
O001886,C01162,2026-07-09T20:16:28Z,mobile,488.76,6,completed,386.12
O001887,C00603,2026-07-19T21:40:45Z,partner,78.24,6,completed,61.81
O001888,C00206,2026-07-20T18:29:41Z,web,312.76,2,completed,247.08
O001889,C00632,2026-07-20T05:34:42Z,mobile,237.96,6,completed,187.99
O001890,C00841,2026-07-05T22:17:31Z,partner,57.93,2,completed,45.76
O001892,C00991,2026-07-21T12:49:39Z,web,106.05,4,completed,83.78
O001893,C00248,2026-07-28T21:58:12Z,web,207.04,3,completed,163.56
O001894,C01110,2026-07-10T16:26:20Z,mobile,267.85,6,completed,211.60
O001896,C00953,2026-07-23T20:00:48Z,web,28.13,5,completed,22.22
O001897,C00772,2026-07-26T04:48:32Z,mobile,373.04,3,completed,294.70
O001898,C00742,2026-07-13T04:18:06Z,partner,176.84,5,completed,139.70
O001900,C01080,2026-07-04T20:11:29Z,partner,244.59,1,completed,193.23
O001901,C00495,2026-07-25T14:07:03Z,store,467.22,2,completed,369.10
O001902,C00105,2026-07-30T19:08:41Z,store,162.74,2,completed,128.56
O001903,C01008,2026-07-17T14:16:46Z,store,295.63,2,completed,233.55
O001904,C00165,2026-07-28T14:50:19Z,web,282.13,2,completed,222.88
O001905,C00479,2026-07-03T05:45:22Z,web,455.00,2,completed,359.45
O001906,C00527,2026-07-08T10:23:19Z,store,179.10,3,completed,141.49
O001907,C00678,2026-07-19T02:41:25Z,partner,189.91,6,completed,150.03
O001908,C00278,2026-07-21T09:28:03Z,partner,277.02,2,completed,218.85
O001909,C01050,2026-07-23T16:02:10Z,mobile,56.72,6,completed,44.81
O001910,C00477,2026-07-07T10:41:51Z,partner,406.74,6,completed,321.32
O001911,C01006,2026-07-21T15:25:03Z,store,110.80,3,completed,87.53
O001912,C00313,2026-07-11T11:49:13Z,partner,329.12,2,completed,260.00
O001913,C00421,2026-07-05T10:01:24Z,mobile,161.36,4,completed,127.47
O001914,C00886,2026-07-03T08:46:56Z,partner,396.49,2,completed,313.23
O001915,C00024,2026-07-25T12:50:55Z,partner,176.11,3,completed,139.13
O001916,C00254,2026-07-20T09:22:12Z,store,318.15,1,completed,251.34
O001917,C00680,2026-07-29T15:01:26Z,mobile,272.20,1,completed,215.04
O001918,C00150,2026-07-23T20:39:06Z,partner,273.45,4,completed,216.03
O001919,C00059,2026-07-10T20:05:33Z,store,348.75,4,completed,275.51
O001920,C00237,2026-07-14T01:40:10Z,partner,104.14,4,completed,82.27
O001921,C00426,2026-07-17T05:25:29Z,partner,66.11,1,completed,52.23
O001922,C00665,2026-07-15T21:57:11Z,mobile,302.43,2,completed,238.92
O001923,C00722,2026-07-13T06:37:40Z,store,469.18,5,completed,370.65
O001924,C00970,2026-07-01T01:21:12Z,mobile,364.00,4,completed,287.56
O001925,C00018,2026-07-04T15:41:30Z,partner,478.91,1,completed,378.34
O001926,C00752,2026-07-11T21:51:14Z,partner,318.86,1,completed,251.90
O001927,C00633,2026-07-27T18:08:46Z,store,388.19,1,completed,306.67
O001928,C01019,2026-07-19T20:17:43Z,store,65.13,3,completed,51.45
O001931,C00028,2026-07-23T01:46:43Z,partner,395.09,4,completed,312.12
O001932,C01152,2026-07-08T11:10:10Z,store,440.04,2,completed,347.63
O001933,C01046,2026-07-26T21:20:35Z,mobile,113.29,1,completed,89.50
O001934,C00137,2026-07-31T08:19:52Z,partner,184.64,3,completed,145.87
O001935,C00269,2026-07-11T23:52:05Z,web,134.77,5,completed,106.47
O001936,C00021,2026-07-02T22:23:24Z,store,103.21,2,completed,81.54
O001937,C00339,2026-07-06T12:43:53Z,mobile,478.28,4,completed,377.84
O001938,C00884,2026-07-01T09:11:13Z,store,198.97,1,completed,157.19
O001939,C00731,2026-07-12T04:10:37Z,store,377.69,1,completed,298.38
O001940,C00486,2026-07-04T06:24:17Z,web,464.55,6,completed,366.99
O001941,C00161,2026-07-15T06:18:40Z,mobile,470.10,5,completed,371.38
O001942,C00601,2026-07-08T09:52:50Z,partner,301.15,2,completed,237.91
O001944,C00779,2026-07-04T08:40:05Z,web,368.56,5,completed,291.16
O001945,C01024,2026-07-14T09:10:48Z,partner,318.82,5,completed,251.87
O001946,C01008,2026-07-07T07:01:43Z,store,276.64,3,completed,218.55
O001947,C00216,2026-07-23T20:28:44Z,web,403.08,5,completed,318.43
O001948,C00756,2026-07-25T20:15:16Z,store,219.10,6,completed,173.09
O001949,C00319,2026-07-04T15:28:15Z,partner,342.88,3,completed,270.88
O001950,C00035,2026-07-26T14:31:30Z,mobile,5.54,1,completed,4.38
O001951,C00654,2026-07-01T13:04:50Z,partner,339.89,6,completed,268.51
O001952,C00959,2026-07-16T06:51:37Z,store,480.96,1,completed,379.96
O001953,C00064,2026-07-02T20:41:04Z,partner,347.31,2,completed,274.37
O001954,C00825,2026-07-06T02:22:16Z,mobile,290.13,2,completed,229.20
O001955,C00592,2026-07-20T04:18:23Z,partner,151.94,3,completed,120.03
O001956,C00821,2026-07-28T01:22:40Z,web,349.34,5,completed,275.98
O001957,C00221,2026-07-02T04:19:37Z,web,85.78,4,completed,67.77
O001958,C00804,2026-07-09T04:20:22Z,store,228.55,1,completed,180.55
O001959,C00001,2026-07-05T16:14:42Z,web,484.19,3,completed,382.51
O001960,C00106,2026-07-17T13:50:53Z,partner,146.34,1,completed,115.61
O001961,C00414,2026-07-15T19:36:10Z,store,442.37,4,completed,349.47
O001962,C00028,2026-07-22T20:51:47Z,mobile,279.32,1,completed,220.66
O001963,C00309,2026-07-16T01:25:32Z,web,15.22,5,completed,12.02
O001964,C00962,2026-07-12T02:44:43Z,store,436.73,3,completed,345.02
O001965,C00426,2026-07-02T03:41:53Z,partner,362.83,6,completed,286.64
O001966,C01193,2026-07-17T16:19:40Z,store,79.31,3,completed,62.65
O001967,C00043,2026-07-28T04:38:36Z,store,29.77,1,completed,23.52
O001968,C00190,2026-07-19T17:39:05Z,partner,389.80,4,completed,307.94
O001969,C00755,2026-07-28T01:18:44Z,mobile,66.18,3,completed,52.28
O001970,C00977,2026-07-17T09:56:42Z,mobile,60.69,2,completed,47.95
O001971,C01176,2026-07-18T08:28:39Z,web,395.29,5,completed,312.28
O001972,C00082,2026-07-15T05:18:33Z,web,356.94,2,completed,281.98
O001973,C00233,2026-07-12T18:38:18Z,mobile,196.81,4,completed,155.48
O001974,C00730,2026-07-05T17:38:43Z,web,295.02,5,completed,233.07
O001976,C00457,2026-07-21T01:56:54Z,store,20.81,2,completed,16.44
O001977,C00902,2026-07-04T12:38:00Z,web,128.08,3,completed,101.18
O001978,C00238,2026-07-22T17:50:43Z,partner,303.32,3,completed,239.62
O001979,C00377,2026-07-30T16:46:03Z,mobile,326.67,2,completed,258.07
O001980,C00192,2026-07-26T14:30:47Z,web,20.96,1,completed,16.56
O001981,C00724,2026-07-15T10:48:48Z,partner,400.27,4,completed,316.21
O001982,C01017,2026-07-22T13:11:13Z,mobile,163.71,6,completed,129.33
O001983,C00953,2026-07-13T23:27:57Z,store,407.38,5,completed,321.83
O001984,C00284,2026-07-10T08:50:08Z,partner,267.86,3,completed,211.61
O001985,C00293,2026-07-19T13:29:55Z,partner,276.89,6,completed,218.74
O001986,C00863,2026-07-02T23:58:27Z,partner,116.95,2,completed,92.39
O001987,C00129,2026-07-01T03:59:19Z,store,237.35,2,completed,187.51
O001988,C00824,2026-07-21T08:28:19Z,mobile,319.46,1,completed,252.37
O001989,C00645,2026-07-14T23:54:22Z,store,455.72,3,completed,360.02
O001990,C00601,2026-07-23T18:29:46Z,store,426.06,2,completed,336.59
O001991,C00368,2026-07-11T10:34:56Z,partner,451.64,5,completed,356.80
O001992,C00167,2026-07-03T08:03:07Z,store,215.57,2,completed,170.30
O001993,C00942,2026-07-27T20:45:13Z,partner,257.56,3,completed,203.47
O001994,C01018,2026-07-18T09:02:53Z,web,272.67,1,completed,215.41
O001995,C00300,2026-07-28T12:26:12Z,web,259.20,5,completed,204.77
O001996,C00106,2026-07-10T11:25:05Z,store,221.79,2,completed,175.21
O001998,C00268,2026-07-20T15:16:18Z,mobile,188.90,1,completed,149.23
O001999,C00325,2026-07-31T09:58:04Z,web,327.31,6,completed,258.57
O002000,C00072,2026-07-21T14:36:30Z,store,125.08,2,completed,98.81
O002001,C00045,2026-07-06T11:57:29Z,partner,330.99,5,completed,261.48
O002002,C00297,2026-07-04T12:38:47Z,web,186.91,5,completed,147.66
O002003,C00186,2026-07-28T14:14:37Z,store,217.89,4,completed,172.13
O002004,C00465,2026-07-11T20:22:43Z,partner,327.90,2,completed,259.04
O002005,C00025,2026-07-02T20:26:17Z,web,248.64,4,completed,196.43
O002006,C01026,2026-07-06T07:22:56Z,web,498.70,1,completed,393.97
O002007,C00972,2026-07-06T06:57:26Z,web,205.70,4,completed,162.50
O002008,C00756,2026-07-03T21:42:38Z,mobile,448.69,4,completed,354.47
O002009,C00378,2026-07-06T06:24:42Z,web,411.16,3,completed,324.82
O002010,C00611,2026-07-30T12:38:16Z,store,229.77,5,completed,181.52
O002011,C00329,2026-07-30T14:52:54Z,mobile,249.54,2,completed,197.14
O002012,C00385,2026-07-29T07:45:34Z,mobile,392.63,2,completed,310.18
O002013,C01139,2026-07-18T10:23:20Z,mobile,245.43,4,completed,193.89
O002014,C00438,2026-07-16T14:31:29Z,store,48.03,1,completed,37.94
O002015,C00580,2026-07-11T06:52:08Z,partner,350.10,5,completed,276.58
O002016,C00738,2026-07-01T04:36:18Z,mobile,324.17,5,completed,256.09
O002017,C00671,2026-07-13T17:59:01Z,partner,324.99,5,completed,256.74
O002018,C00244,2026-07-15T15:12:34Z,partner,434.63,6,completed,343.36
O002019,C01020,2026-07-09T03:52:15Z,mobile,36.21,1,completed,28.61
O002020,C00098,2026-07-30T13:18:03Z,partner,10.75,6,completed,8.49
O002022,C00843,2026-07-05T03:24:44Z,web,454.69,2,completed,359.21
O002023,C00458,2026-07-07T17:05:20Z,store,423.07,6,completed,334.23
O002024,C00091,2026-07-01T21:50:47Z,partner,251.57,6,completed,198.74
O002025,C00034,2026-07-16T00:25:18Z,mobile,51.74,6,completed,40.87
O002026,C00385,2026-07-06T11:32:07Z,web,302.61,4,completed,239.06
O002027,C00601,2026-07-04T18:27:42Z,web,447.59,6,completed,353.60
O002028,C00559,2026-07-03T23:45:43Z,store,26.53,1,completed,20.96
O002030,C00244,2026-07-22T19:12:52Z,store,413.48,2,completed,326.65
O002031,C00524,2026-07-26T11:20:33Z,mobile,253.92,2,completed,200.60
O002032,C00576,2026-07-02T00:58:12Z,mobile,98.39,5,completed,77.73
O002033,C00420,2026-07-31T22:14:00Z,partner,464.28,1,completed,366.78
O002034,C00716,2026-07-12T08:59:25Z,web,194.29,3,completed,153.49
O002035,C00616,2026-07-18T14:17:41Z,store,402.60,5,completed,318.05
O002036,C00760,2026-07-25T23:13:07Z,store,260.71,1,completed,205.96
O002037,C01165,2026-07-28T08:07:04Z,partner,284.53,6,completed,224.78
O002039,C00088,2026-07-04T01:25:55Z,store,339.11,2,completed,267.90
O002040,C00493,2026-07-03T05:17:03Z,partner,214.14,5,completed,169.17
O002042,C00564,2026-07-10T10:35:42Z,mobile,427.69,4,completed,337.88
O002043,C00002,2026-07-05T03:12:08Z,mobile,487.32,1,completed,384.98
O002044,C00790,2026-07-30T22:26:22Z,store,449.22,6,completed,354.88
O002045,C00198,2026-07-10T13:55:13Z,web,148.49,2,completed,117.31
O002046,C01175,2026-07-05T02:03:13Z,store,262.96,5,completed,207.74
O002047,C00903,2026-07-23T11:37:36Z,store,313.82,2,completed,247.92
O002048,C00316,2026-07-18T02:59:45Z,mobile,494.30,4,completed,390.50
O002049,C00864,2026-07-03T06:05:56Z,partner,268.63,6,completed,212.22
O002050,C00117,2026-07-27T18:49:20Z,partner,293.11,1,completed,231.56
O002051,C00930,2026-07-26T09:58:11Z,mobile,301.57,3,completed,238.24
O002052,C00808,2026-07-25T11:41:24Z,web,201.58,2,completed,159.25
O002053,C00646,2026-07-20T14:46:51Z,partner,199.51,1,completed,157.61
O002054,C00596,2026-07-04T04:27:18Z,partner,193.61,5,completed,152.95
O002055,C00928,2026-07-01T15:51:14Z,store,495.19,1,completed,391.20
O002056,C00335,2026-07-11T21:16:22Z,mobile,460.74,1,completed,363.98
O002057,C00501,2026-07-22T01:59:52Z,partner,458.60,5,completed,362.29
O002058,C00952,2026-07-26T10:26:14Z,partner,75.22,6,completed,59.42
O002059,C00329,2026-07-15T13:28:08Z,partner,453.32,2,completed,358.12
O002060,C00785,2026-07-09T08:46:13Z,web,155.25,2,completed,122.65
O002061,C00137,2026-07-07T16:20:59Z,partner,278.28,3,completed,219.84
O002062,C00385,2026-07-09T16:14:11Z,web,92.76,6,completed,73.28
O002063,C00469,2026-07-03T13:20:49Z,store,333.22,2,completed,263.24
O002064,C00555,2026-07-19T04:16:19Z,mobile,145.57,4,completed,115.00
O002065,C00838,2026-07-08T19:07:20Z,store,253.69,6,completed,200.42
O002066,C00240,2026-07-23T06:47:03Z,store,188.80,6,completed,149.15
O002067,C00156,2026-07-30T01:58:47Z,partner,429.44,5,completed,339.26
O002068,C00485,2026-07-01T03:12:43Z,web,109.16,5,completed,86.24
O002069,C00517,2026-07-31T11:12:23Z,mobile,205.58,6,completed,162.41
O002071,C00926,2026-07-13T23:30:06Z,store,59.51,5,completed,47.01
O002072,C00873,2026-07-30T17:23:06Z,store,285.95,6,completed,225.90
O002073,C00757,2026-07-29T20:02:27Z,web,354.82,5,completed,280.31
O002074,C00071,2026-07-22T23:07:32Z,web,133.86,2,completed,105.75
O002075,C01100,2026-07-29T19:54:24Z,store,237.48,3,completed,187.61
O002076,C00682,2026-07-31T10:12:04Z,partner,428.07,1,completed,338.18
O002077,C00774,2026-07-21T01:26:18Z,web,215.58,1,completed,170.31
O002078,C00890,2026-07-18T13:09:57Z,partner,117.61,2,completed,92.91
O002079,C01102,2026-07-05T00:48:55Z,partner,196.51,3,completed,155.24
O002080,C01023,2026-07-01T19:22:49Z,mobile,457.24,1,completed,361.22
O002084,C01031,2026-07-02T06:54:55Z,partner,271.95,2,completed,214.84
O002085,C00689,2026-07-15T14:42:40Z,web,391.31,5,completed,309.13
O002086,C00387,2026-07-13T12:44:51Z,mobile,159.18,3,completed,125.75
O002087,C00362,2026-07-21T10:01:12Z,store,23.94,6,completed,18.91
O002088,C01042,2026-07-21T07:17:09Z,store,141.24,6,completed,111.58
O002089,C00713,2026-07-07T01:36:19Z,store,242.79,1,completed,191.80
O002090,C00957,2026-07-25T14:33:57Z,store,304.65,5,completed,240.67
O002091,C00710,2026-07-13T16:40:03Z,partner,450.65,2,completed,356.01
O002092,C00528,2026-07-15T09:17:25Z,store,395.12,3,completed,312.14
O002093,C00706,2026-07-27T09:26:08Z,store,339.00,2,completed,267.81
O002094,C00708,2026-07-14T10:47:42Z,store,221.65,6,completed,175.10
O002095,C00595,2026-07-06T00:33:49Z,web,457.17,2,completed,361.16
O002096,C01064,2026-07-23T12:20:32Z,partner,493.54,4,completed,389.90
O002097,C00760,2026-07-18T11:14:15Z,partner,8.62,6,completed,6.81
O002098,C01169,2026-07-07T01:09:35Z,mobile,263.66,4,completed,208.29
O002099,C01071,2026-07-18T20:42:00Z,mobile,33.58,6,completed,26.53
O002100,C00416,2026-07-16T07:05:27Z,partner,444.29,6,completed,350.99
O002101,C00092,2026-07-08T13:42:02Z,web,298.91,1,completed,236.14
O002102,C01070,2026-07-31T12:36:37Z,web,8.00,6,completed,6.32
O002103,C00876,2026-07-27T11:16:13Z,web,72.72,3,completed,57.45
O002104,C01009,2026-07-02T01:07:11Z,partner,359.53,4,completed,284.03
O002105,C01014,2026-07-19T09:24:43Z,store,87.71,5,completed,69.29
O002107,C00566,2026-07-19T19:20:06Z,mobile,467.60,2,completed,369.40
O002108,C00244,2026-07-21T20:13:59Z,web,396.31,3,completed,313.08
O002109,C00335,2026-07-29T08:42:47Z,web,489.42,5,completed,386.64
O002110,C00396,2026-07-31T10:38:02Z,store,375.20,6,completed,296.41
O002111,C00604,2026-07-17T18:00:47Z,partner,400.72,6,completed,316.57
O002112,C00379,2026-07-27T21:07:45Z,web,333.27,2,completed,263.28
O002113,C01009,2026-07-20T09:14:31Z,partner,336.37,3,completed,265.73
O002114,C00805,2026-07-20T09:45:30Z,mobile,121.51,6,completed,95.99
O002115,C00729,2026-07-01T00:02:48Z,partner,44.54,1,completed,35.19
O002116,C00362,2026-07-17T20:25:16Z,partner,495.77,2,completed,391.66
O002117,C00969,2026-07-14T09:08:33Z,web,409.90,4,completed,323.82
O002118,C00054,2026-07-01T00:36:07Z,store,432.88,5,completed,341.98
O002119,C01042,2026-07-27T01:56:34Z,web,299.36,3,completed,236.49
O002120,C00155,2026-07-29T05:26:55Z,web,417.08,4,completed,329.49
O002121,C01153,2026-07-25T23:49:53Z,store,17.28,3,completed,13.65
O002122,C00875,2026-07-11T01:23:33Z,mobile,332.16,6,completed,262.41
O002123,C00859,2026-07-29T11:59:28Z,mobile,21.27,3,completed,16.80
O002124,C00264,2026-07-10T05:14:53Z,mobile,176.22,4,completed,139.21
O002125,C00175,2026-07-10T03:45:11Z,store,257.63,2,completed,203.53
O002126,C00501,2026-07-06T08:00:34Z,web,32.99,1,completed,26.06
O002127,C00645,2026-07-02T05:54:33Z,store,466.14,5,completed,368.25
O002128,C01030,2026-07-08T02:10:29Z,mobile,108.01,5,completed,85.33
O002129,C00981,2026-07-19T17:37:48Z,partner,109.87,5,completed,86.80
O002130,C00817,2026-07-06T04:54:13Z,store,404.77,1,completed,319.77
O002131,C01162,2026-07-02T11:06:48Z,web,459.13,1,completed,362.71
O002132,C00788,2026-07-05T13:48:50Z,mobile,455.19,6,completed,359.60
O002133,C00323,2026-07-31T06:05:39Z,store,222.71,4,completed,175.94
O002134,C00111,2026-07-12T19:00:12Z,web,355.44,5,completed,280.80
O002135,C00436,2026-07-19T02:55:09Z,web,192.19,6,completed,151.83
O002136,C01136,2026-07-16T10:35:46Z,mobile,182.27,6,completed,143.99
O002137,C00996,2026-07-09T14:07:04Z,web,266.76,6,completed,210.74
O002138,C00129,2026-07-13T22:44:14Z,mobile,192.09,4,completed,151.75
O002140,C00704,2026-07-18T19:15:41Z,mobile,102.41,5,completed,80.90
O002141,C00663,2026-07-14T00:59:11Z,web,301.18,6,completed,237.93
O002142,C00302,2026-07-28T10:34:36Z,mobile,365.12,3,completed,288.44
O002144,C00546,2026-07-24T14:42:45Z,store,325.10,3,completed,256.83
O002145,C00981,2026-07-17T08:42:04Z,mobile,13.18,4,completed,10.41
O002146,C00982,2026-07-27T23:26:34Z,mobile,129.65,2,completed,102.42
O002147,C00538,2026-07-13T06:04:32Z,web,252.35,3,completed,199.36
O002148,C00086,2026-07-29T13:46:50Z,mobile,185.64,4,completed,146.66
O002149,C00244,2026-07-02T07:35:16Z,web,8.98,2,completed,7.09
O002150,C00196,2026-07-03T04:17:08Z,store,122.27,3,completed,96.59
O002151,C00272,2026-07-04T15:27:34Z,mobile,69.39,3,completed,54.82
O002153,C00938,2026-07-29T13:01:49Z,store,58.54,3,completed,46.25
O002155,C00204,2026-07-17T19:43:24Z,partner,28.44,4,completed,22.47
O002156,C00938,2026-07-10T19:07:56Z,store,348.42,3,completed,275.25
O002157,C00913,2026-07-08T10:03:01Z,web,269.22,2,completed,212.68
O002158,C00210,2026-07-23T04:31:31Z,store,463.74,2,completed,366.35
O002159,C00819,2026-07-05T15:22:38Z,store,495.56,5,completed,391.49
O002160,C00661,2026-07-19T16:19:51Z,partner,416.61,6,completed,329.12
O002161,C00693,2026-07-05T00:25:01Z,mobile,318.95,3,completed,251.97
O002162,C00566,2026-07-01T08:21:43Z,store,345.96,1,completed,273.31
O002163,C00095,2026-07-16T19:29:35Z,web,393.71,4,completed,311.03
O002164,C00293,2026-07-03T19:01:59Z,web,308.98,6,completed,244.09
O002165,C00027,2026-07-20T11:04:20Z,web,125.63,2,completed,99.25
O002166,C00254,2026-07-06T18:43:19Z,store,438.48,5,completed,346.40
O002167,C00543,2026-07-04T20:41:11Z,partner,226.91,6,completed,179.26
O002168,C00253,2026-07-04T16:06:41Z,partner,265.78,5,completed,209.97
O002169,C01003,2026-07-20T19:38:43Z,mobile,431.31,5,completed,340.73
O002170,C00940,2026-07-03T01:17:09Z,mobile,407.35,4,completed,321.81
O002171,C00424,2026-07-10T17:01:14Z,mobile,131.75,2,completed,104.08
O002172,C00830,2026-07-18T00:20:16Z,partner,230.14,6,completed,181.81
O002173,C00929,2026-07-09T10:18:08Z,mobile,56.84,4,completed,44.90
O002174,C00893,2026-07-12T09:01:01Z,mobile,470.92,4,completed,372.03
O002175,C00937,2026-07-29T16:50:09Z,web,390.27,1,completed,308.31
O002177,C00643,2026-07-25T23:11:43Z,mobile,370.00,4,completed,292.30
O002178,C00448,2026-07-10T02:03:54Z,partner,171.20,4,completed,135.25
O002179,C00022,2026-07-20T11:31:41Z,partner,413.36,6,completed,326.55
O002180,C01032,2026-07-17T14:08:38Z,web,252.64,2,completed,199.59
O002181,C00175,2026-07-26T23:09:48Z,web,446.14,3,completed,352.45
O002182,C00547,2026-07-26T06:14:14Z,store,12.67,6,completed,10.01
O002183,C01138,2026-07-20T07:19:25Z,partner,69.95,6,completed,55.26
O002184,C00740,2026-07-01T05:51:58Z,partner,187.42,3,completed,148.06
O002185,C00400,2026-07-13T11:30:19Z,store,48.05,5,completed,37.96
O002186,C00609,2026-07-08T18:32:29Z,partner,89.80,5,completed,70.94
O002187,C00946,2026-07-28T09:12:11Z,store,224.27,6,completed,177.17
O002188,C00335,2026-07-05T05:44:14Z,web,218.96,1,completed,172.98
O002189,C00524,2026-07-13T17:24:12Z,web,492.32,4,completed,388.93
O002190,C00237,2026-07-04T15:45:53Z,web,399.67,6,completed,315.74
O002191,C00467,2026-07-06T06:47:21Z,store,451.07,1,completed,356.35
O002192,C00308,2026-07-17T14:38:13Z,web,280.37,4,completed,221.49
O002193,C00277,2026-07-22T15:47:06Z,web,295.60,2,completed,233.52
O002194,C00092,2026-07-01T17:18:58Z,store,15.49,6,completed,12.24
O002195,C00374,2026-07-07T08:41:44Z,store,246.33,1,completed,194.60
O002196,C00328,2026-07-01T14:06:40Z,partner,17.63,3,completed,13.93
O002197,C00094,2026-07-21T04:17:52Z,store,396.05,1,completed,312.88
O002198,C00097,2026-07-15T02:59:25Z,partner,150.14,5,completed,118.61
O002199,C00534,2026-07-15T17:42:21Z,store,69.06,6,completed,54.56
O002200,C01001,2026-07-14T10:02:49Z,partner,11.38,2,completed,8.99
O002201,C00197,2026-07-30T00:54:59Z,web,195.70,3,completed,154.60
O002202,C00988,2026-07-20T00:35:23Z,web,400.73,4,completed,316.58
O002203,C00675,2026-07-01T15:33:28Z,store,444.47,1,completed,351.13
O002204,C00093,2026-07-07T04:20:35Z,mobile,59.42,1,completed,46.94
O002205,C01005,2026-07-02T13:47:17Z,web,78.49,3,completed,62.01
O002206,C00842,2026-07-07T07:03:57Z,store,69.61,2,completed,54.99
O002207,C01051,2026-07-13T07:07:40Z,store,483.87,2,completed,382.26
O002208,C00459,2026-07-03T22:57:24Z,partner,432.03,1,completed,341.30
O002209,C00150,2026-07-04T16:03:07Z,web,204.44,3,completed,161.51
O002210,C00063,2026-07-29T23:06:18Z,partner,188.66,3,completed,149.04
O002211,C00481,2026-07-04T16:06:16Z,partner,52.80,1,completed,41.71
O002212,C00554,2026-07-20T08:29:28Z,mobile,159.74,2,completed,126.19
O002213,C00852,2026-07-30T21:23:40Z,partner,195.38,5,completed,154.35
O002214,C00958,2026-07-27T15:49:34Z,store,435.44,5,completed,344.00
O002215,C00190,2026-07-15T05:37:13Z,web,401.18,2,completed,316.93
O002216,C00054,2026-07-22T08:19:32Z,web,52.45,5,completed,41.44
O002217,C01023,2026-07-30T14:51:05Z,mobile,40.39,4,completed,31.91
O002218,C00874,2026-07-08T12:18:13Z,store,128.08,2,completed,101.18
O002219,C00947,2026-07-28T07:31:08Z,web,134.95,1,completed,106.61
O002220,C00600,2026-07-27T21:46:19Z,store,42.92,3,completed,33.91
O002221,C00428,2026-07-01T00:44:41Z,store,382.44,1,completed,302.13
O002222,C01063,2026-07-12T00:35:03Z,store,252.38,4,completed,199.38
O002224,C00097,2026-07-11T08:52:44Z,mobile,76.71,3,completed,60.60
O002225,C00184,2026-07-01T07:31:57Z,web,442.80,5,completed,349.81
O002226,C00386,2026-07-29T20:57:59Z,mobile,409.80,4,completed,323.74
O002227,C01180,2026-07-27T07:54:58Z,store,428.03,3,completed,338.14
O002228,C00441,2026-07-19T08:55:09Z,web,207.32,3,completed,163.78
O002229,C00317,2026-07-28T15:55:52Z,web,342.92,3,completed,270.91
O002230,C00022,2026-07-07T14:08:58Z,store,144.09,4,completed,113.83
O002231,C00029,2026-07-31T03:49:58Z,store,463.27,2,completed,365.98
O002233,C00924,2026-07-20T10:50:13Z,web,181.13,2,completed,143.09
O002234,C00849,2026-07-02T16:29:12Z,store,211.10,5,completed,166.77
O002235,C00341,2026-07-22T09:57:49Z,web,213.59,3,completed,168.74
O002236,C00476,2026-07-03T13:50:07Z,store,363.25,3,completed,286.97
O002237,C00948,2026-07-27T18:48:16Z,mobile,471.31,1,completed,372.33
O002238,C00122,2026-07-15T12:09:41Z,partner,106.67,6,completed,84.27
O002239,C00394,2026-07-19T04:12:37Z,store,256.02,4,completed,202.26
O002240,C00524,2026-07-22T03:13:53Z,web,499.65,4,completed,394.72
O002241,C01155,2026-07-14T06:43:07Z,store,231.99,3,completed,183.27
O002242,C01077,2026-07-25T00:34:31Z,store,52.40,6,completed,41.40
O002243,C00766,2026-07-20T07:09:11Z,web,377.02,1,completed,297.85
O002244,C00659,2026-07-28T18:17:19Z,web,338.63,4,completed,267.52
O002245,C00431,2026-07-13T07:37:14Z,partner,252.17,5,completed,199.21
O002247,C00741,2026-07-06T18:01:07Z,web,350.26,6,completed,276.71
O002248,C00715,2026-07-11T00:09:09Z,web,162.18,4,completed,128.12
O002249,C00897,2026-07-18T11:50:01Z,mobile,406.35,1,completed,321.02
O002250,C00196,2026-07-30T21:52:50Z,web,164.28,6,completed,129.78
O002251,C00525,2026-07-09T12:51:22Z,web,388.07,1,completed,306.58
O002252,C00280,2026-07-17T00:43:52Z,mobile,232.08,3,completed,183.34
O002253,C00420,2026-07-12T16:02:58Z,mobile,129.72,2,completed,102.48
O002254,C00794,2026-07-04T09:59:18Z,web,318.31,6,completed,251.46
O002255,C00911,2026-07-02T22:05:33Z,store,429.83,1,completed,339.57
O002256,C00361,2026-07-14T10:57:23Z,mobile,467.58,3,completed,369.39
O002257,C00522,2026-07-25T04:23:13Z,mobile,186.25,1,completed,147.14
O002259,C00687,2026-07-01T15:54:33Z,mobile,245.70,3,completed,194.10
O002260,C00989,2026-07-20T18:34:20Z,web,490.17,6,completed,387.23
O002261,C00043,2026-07-23T23:32:10Z,web,168.19,1,completed,132.87
O002262,C00756,2026-07-14T00:23:29Z,mobile,37.62,1,completed,29.72
O002263,C00206,2026-07-07T22:33:44Z,store,340.24,6,completed,268.79
O002264,C00617,2026-07-26T12:47:23Z,store,345.12,1,completed,272.64
O002265,C00138,2026-07-29T10:38:05Z,web,102.62,2,completed,81.07
O002266,C00718,2026-07-17T01:05:05Z,store,227.72,1,completed,179.90
O002267,C00243,2026-07-22T14:23:10Z,web,115.25,1,completed,91.05
O002268,C01009,2026-07-07T02:28:22Z,web,71.34,6,completed,56.36
O002269,C00673,2026-07-05T06:29:59Z,partner,18.46,3,completed,14.58
O002270,C00720,2026-07-02T08:36:40Z,web,41.38,6,completed,32.69
O002271,C01040,2026-07-22T08:26:09Z,partner,22.34,3,completed,17.65
O002272,C00515,2026-07-27T22:33:49Z,web,389.36,4,completed,307.59
O002274,C00299,2026-07-22T19:53:27Z,store,355.55,5,completed,280.88
O002275,C01051,2026-07-28T19:58:48Z,mobile,315.20,5,completed,249.01
O002276,C01124,2026-07-19T02:01:39Z,store,462.65,4,completed,365.49
O002277,C00634,2026-07-06T10:15:41Z,web,274.40,5,completed,216.78
O002278,C00539,2026-07-15T04:04:28Z,store,53.06,6,completed,41.92
O002279,C00548,2026-07-07T03:12:57Z,mobile,150.46,5,completed,118.86
O002280,C00490,2026-07-01T01:43:04Z,mobile,432.64,5,completed,341.79
O002281,C00903,2026-07-02T11:37:54Z,mobile,316.82,2,completed,250.29
O002282,C00278,2026-07-19T11:35:15Z,mobile,285.11,6,completed,225.24
O002283,C00796,2026-07-24T06:24:01Z,mobile,244.21,3,completed,192.93
O002284,C00416,2026-07-10T18:12:57Z,store,277.18,4,completed,218.97
O002285,C00638,2026-07-21T22:25:05Z,partner,172.80,5,completed,136.51
O002286,C00272,2026-07-22T05:30:07Z,store,61.30,3,completed,48.43
O002287,C00869,2026-07-17T19:04:51Z,mobile,479.35,3,completed,378.69
O002288,C01127,2026-07-04T21:28:17Z,store,426.70,4,completed,337.09
O002289,C00156,2026-07-03T07:37:52Z,mobile,72.00,3,completed,56.88
O002290,C00758,2026-07-31T11:15:13Z,store,217.24,3,completed,171.62
O002292,C00100,2026-07-04T03:49:20Z,mobile,472.03,4,completed,372.90
O002293,C01149,2026-07-06T06:03:42Z,mobile,124.27,2,completed,98.17
O002294,C00529,2026-07-29T18:33:21Z,mobile,300.98,5,completed,237.77
O002295,C00764,2026-07-11T05:29:40Z,store,154.41,1,completed,121.98
O002296,C00549,2026-07-06T04:14:32Z,store,345.79,1,completed,273.17
O002297,C00525,2026-07-17T17:49:13Z,store,26.77,6,completed,21.15
O002298,C00640,2026-07-07T12:27:44Z,store,267.65,4,completed,211.44
O002299,C00222,2026-07-12T02:21:26Z,store,236.60,1,completed,186.91
O002300,C01117,2026-07-22T10:56:22Z,mobile,462.09,1,completed,365.05
O002301,C01001,2026-07-17T18:18:27Z,store,241.93,2,completed,191.12
O002302,C00836,2026-07-19T10:50:07Z,mobile,391.43,5,completed,309.23
O002303,C01186,2026-07-01T19:24:41Z,store,148.70,4,completed,117.47
O002304,C01154,2026-07-07T11:15:10Z,mobile,194.56,5,completed,153.70
O002308,C00488,2026-07-24T07:24:27Z,partner,381.28,4,completed,301.21
O002309,C00045,2026-07-20T12:39:37Z,partner,269.32,5,completed,212.76
O002310,C00310,2026-07-14T06:07:30Z,mobile,110.16,3,completed,87.03
O002311,C00206,2026-07-21T00:56:34Z,web,208.34,4,completed,164.59
O002312,C00711,2026-07-11T20:44:58Z,partner,186.91,3,completed,147.66
O002313,C01196,2026-07-23T22:53:31Z,mobile,30.21,6,completed,23.87
O002314,C00527,2026-07-08T09:11:24Z,web,245.48,1,completed,193.93
O002315,C00616,2026-07-23T13:40:05Z,mobile,386.47,3,completed,305.31
O002316,C00208,2026-07-29T19:02:49Z,store,370.38,2,completed,292.60
O002317,C00405,2026-07-27T10:32:17Z,web,128.42,4,completed,101.45
O002318,C00329,2026-07-26T00:52:02Z,web,294.65,5,completed,232.77
O002319,C01038,2026-07-28T15:35:35Z,partner,129.69,3,completed,102.46
O002320,C00701,2026-07-25T09:43:09Z,mobile,454.84,6,completed,359.32
O002321,C01158,2026-07-19T18:21:39Z,partner,327.33,2,completed,258.59
O002322,C01099,2026-07-07T04:53:31Z,partner,159.31,6,completed,125.85
O002323,C00211,2026-07-11T17:23:09Z,store,379.59,1,completed,299.88
O002324,C01170,2026-07-15T00:15:56Z,web,400.42,2,completed,316.33
O002325,C00825,2026-07-03T03:34:49Z,store,497.22,2,completed,392.80
O002327,C00320,2026-07-23T16:22:19Z,web,425.95,4,completed,336.50
O002328,C00224,2026-07-01T15:10:21Z,store,235.78,3,completed,186.27
O002329,C00554,2026-07-19T10:59:02Z,web,306.94,1,completed,242.48
O002331,C00885,2026-07-23T07:07:46Z,store,146.97,1,completed,116.11
O002332,C00507,2026-07-13T07:34:17Z,partner,95.19,4,completed,75.20
O002333,C00388,2026-07-30T22:56:08Z,partner,270.49,5,completed,213.69
O002334,C00374,2026-07-24T05:54:19Z,store,225.83,5,completed,178.41
O002335,C00390,2026-07-03T08:38:23Z,partner,365.89,3,completed,289.05
O002336,C01056,2026-07-25T09:45:05Z,mobile,34.29,1,completed,27.09
O002337,C01200,2026-07-15T19:40:32Z,store,317.32,4,completed,250.68
O002338,C00799,2026-07-21T16:11:58Z,web,67.80,6,completed,53.56
O002339,C00098,2026-07-28T11:32:09Z,mobile,445.83,2,completed,352.21
O002340,C01112,2026-07-26T10:04:57Z,store,342.76,3,completed,270.78
O002341,C00482,2026-07-19T10:48:27Z,mobile,165.91,3,completed,131.07
O002342,C00777,2026-07-18T18:10:11Z,web,263.86,3,completed,208.45
O002343,C01083,2026-07-04T05:13:34Z,web,222.35,3,completed,175.66
O002344,C00418,2026-07-13T03:03:10Z,store,345.34,2,completed,272.82
O002345,C00339,2026-07-11T17:50:56Z,mobile,197.21,4,completed,155.80
O002346,C00045,2026-07-28T07:11:03Z,mobile,394.39,3,completed,311.57
O002347,C00512,2026-07-12T01:42:47Z,web,210.82,4,completed,166.55
O002348,C01189,2026-07-08T08:40:00Z,partner,400.52,3,completed,316.41
O002349,C00730,2026-07-18T22:38:34Z,store,391.16,4,completed,309.02
O002350,C01185,2026-07-07T19:00:40Z,store,110.30,1,completed,87.14
O002351,C00931,2026-07-19T21:33:02Z,store,350.90,1,completed,277.21
O002352,C01016,2026-07-02T14:02:12Z,store,276.25,6,completed,218.24
O002353,C00010,2026-07-16T16:00:49Z,store,283.85,6,completed,224.24
O002354,C00182,2026-07-24T17:22:27Z,partner,369.13,2,completed,291.61
O002355,C00175,2026-07-20T12:41:19Z,partner,218.36,4,completed,172.50
O002356,C00152,2026-07-05T16:13:34Z,mobile,405.44,3,completed,320.30
O002357,C00825,2026-07-03T07:17:03Z,web,344.75,5,completed,272.35
O002358,C00016,2026-07-25T00:35:24Z,store,185.80,1,completed,146.78
O002359,C00248,2026-07-28T08:08:19Z,partner,10.32,6,completed,8.15
O002360,C00236,2026-07-07T04:45:26Z,mobile,212.53,5,completed,167.90
O002361,C00362,2026-07-17T16:20:16Z,store,471.32,3,completed,372.34
O002362,C00440,2026-07-16T10:02:07Z,mobile,455.33,4,completed,359.71
O002363,C00226,2026-07-29T15:27:36Z,web,395.43,1,completed,312.39
O002364,C01194,2026-07-31T12:08:02Z,mobile,256.65,1,completed,202.75
O002365,C00550,2026-07-17T06:24:12Z,store,130.72,1,completed,103.27
O002366,C00532,2026-07-23T17:05:24Z,partner,382.59,6,completed,302.25
O002367,C00978,2026-07-25T08:46:22Z,store,185.13,6,completed,146.25
O002368,C00821,2026-07-05T14:12:54Z,partner,370.12,5,completed,292.39
O002369,C01102,2026-07-28T08:01:13Z,web,202.72,3,completed,160.15
O002371,C00476,2026-07-05T05:48:22Z,partner,212.42,6,completed,167.81
O002372,C00730,2026-07-19T19:00:45Z,partner,370.43,1,completed,292.64
O002373,C00273,2026-07-15T00:36:53Z,web,181.32,3,completed,143.24
O002374,C00099,2026-07-02T05:27:37Z,web,288.61,5,completed,228.00
O002375,C00448,2026-07-07T13:21:15Z,store,418.58,4,completed,330.68
O002376,C01089,2026-07-31T12:22:58Z,partner,185.65,4,completed,146.66
O002377,C00632,2026-07-05T23:08:24Z,partner,95.72,3,completed,75.62
O002378,C00569,2026-07-13T18:45:10Z,partner,143.83,3,completed,113.63
O002379,C00897,2026-07-04T23:27:15Z,store,276.98,3,completed,218.81
O002380,C00754,2026-07-30T09:22:34Z,mobile,38.15,1,completed,30.14
O002381,C00787,2026-07-15T09:36:48Z,web,472.19,3,completed,373.03
O002382,C00234,2026-07-30T08:19:15Z,mobile,65.50,6,completed,51.75
O002383,C00197,2026-07-10T08:23:11Z,web,465.43,5,completed,367.69
O002384,C00970,2026-07-30T15:04:19Z,partner,112.77,1,completed,89.09
O002385,C00131,2026-07-11T15:14:31Z,store,76.37,4,completed,60.33
O002386,C00256,2026-07-04T06:19:19Z,store,446.02,1,completed,352.36
O002387,C00292,2026-07-19T08:25:21Z,web,32.56,2,completed,25.72
O002388,C00612,2026-07-17T11:51:05Z,partner,265.56,3,completed,209.79
O002389,C00572,2026-07-19T16:58:24Z,mobile,23.89,6,completed,18.87
O002390,C00460,2026-07-15T07:15:28Z,store,499.45,6,completed,394.57
O002391,C00735,2026-07-31T04:00:39Z,store,154.23,5,completed,121.84
O002392,C01099,2026-07-09T17:42:24Z,store,372.99,4,completed,294.66
O002393,C00610,2026-07-23T13:56:46Z,web,68.63,6,completed,54.22
O002395,C00408,2026-07-23T04:08:43Z,partner,320.69,6,completed,253.35
O002396,C01112,2026-07-12T17:08:56Z,store,210.26,1,completed,166.11
O002397,C01054,2026-07-23T23:36:08Z,store,481.69,3,completed,380.54
O002398,C00830,2026-07-01T13:24:45Z,mobile,384.85,3,completed,304.03
O002399,C00781,2026-07-24T15:09:25Z,partner,406.89,3,completed,321.44
O002400,C00718,2026-07-26T07:42:57Z,mobile,287.06,2,completed,226.78
O002401,C00208,2026-07-23T18:00:26Z,store,100.79,6,completed,79.62
O002402,C00547,2026-07-11T00:45:23Z,web,63.03,2,completed,49.79
O002403,C00476,2026-07-14T17:35:01Z,web,344.13,6,completed,271.86
O002404,C00849,2026-07-17T10:41:29Z,mobile,381.21,5,completed,301.16
O002405,C00173,2026-07-15T00:56:23Z,store,347.69,5,completed,274.68
O002406,C00778,2026-07-20T17:57:14Z,web,34.47,4,completed,27.23
O002407,C00156,2026-07-18T04:09:21Z,store,150.23,3,completed,118.68
O002408,C00378,2026-07-31T18:49:44Z,partner,499.72,3,completed,394.78
O002409,C00889,2026-07-15T18:09:58Z,mobile,19.33,3,completed,15.27
O002410,C00560,2026-07-27T19:11:58Z,store,337.01,4,completed,266.24
O002411,C01155,2026-07-09T21:24:54Z,store,74.24,5,completed,58.65
O002412,C01179,2026-07-09T20:37:31Z,mobile,463.71,5,completed,366.33
O002413,C00412,2026-07-24T09:10:47Z,mobile,252.49,4,completed,199.47
O002414,C00183,2026-07-10T15:16:34Z,store,127.29,2,completed,100.56
O002415,C00556,2026-07-17T23:07:00Z,store,132.23,3,completed,104.46
O002416,C00327,2026-07-07T22:03:19Z,partner,495.61,3,completed,391.53
O002417,C01019,2026-07-07T03:14:06Z,store,318.81,1,completed,251.86
O002418,C00483,2026-07-13T10:06:05Z,web,151.27,1,completed,119.50
O002419,C00152,2026-07-18T21:36:53Z,web,62.02,1,completed,49.00
O002420,C00466,2026-07-10T12:30:40Z,mobile,418.56,5,completed,330.66
O002421,C00603,2026-07-25T06:26:11Z,web,105.15,6,completed,83.07
O002422,C01187,2026-07-15T03:50:13Z,mobile,225.54,1,completed,178.18
O002423,C00951,2026-07-31T13:12:07Z,mobile,205.06,6,completed,162.00
O002424,C00674,2026-07-29T02:09:06Z,partner,448.72,5,completed,354.49
O002425,C00872,2026-07-21T11:59:09Z,partner,158.08,3,completed,124.88
O002428,C00947,2026-07-27T09:44:14Z,partner,132.40,4,completed,104.60
O002429,C01029,2026-07-07T00:59:24Z,store,54.00,3,completed,42.66
O002431,C00676,2026-07-03T16:21:56Z,store,440.16,1,completed,347.73
O002432,C00764,2026-07-14T21:14:16Z,partner,447.45,2,completed,353.49
O002433,C00308,2026-07-04T15:40:49Z,mobile,110.32,3,completed,87.15
O002434,C00043,2026-07-28T13:35:39Z,mobile,274.93,4,completed,217.19
O002435,C00932,2026-07-31T06:37:06Z,partner,212.01,2,completed,167.49
O002437,C00304,2026-07-21T14:04:36Z,partner,274.16,3,completed,216.59
O002438,C00476,2026-07-21T03:44:35Z,web,248.29,1,completed,196.15
O002439,C00152,2026-07-21T03:32:15Z,web,120.70,5,completed,95.35
O002440,C00854,2026-07-14T12:33:05Z,store,289.32,6,completed,228.56
O002441,C00206,2026-07-07T06:52:47Z,partner,65.94,6,completed,52.09
O002442,C00864,2026-07-11T23:49:09Z,mobile,28.96,4,completed,22.88
O002443,C00061,2026-07-29T10:49:56Z,mobile,201.54,1,completed,159.22
O002444,C00165,2026-07-02T11:58:06Z,mobile,206.48,1,completed,163.12
O002445,C01104,2026-07-23T03:06:52Z,store,452.21,3,completed,357.25
O002446,C01090,2026-07-16T03:34:26Z,store,295.95,5,completed,233.80
O002447,C00924,2026-07-04T00:09:57Z,web,387.32,4,completed,305.98
O002448,C00693,2026-07-11T20:02:22Z,store,413.80,4,completed,326.90
O002449,C00755,2026-07-02T11:16:07Z,store,6.83,3,completed,5.40
O002450,C00106,2026-07-09T13:22:42Z,web,139.15,4,completed,109.93
O002451,C00029,2026-07-28T14:02:18Z,store,54.66,4,completed,43.18
O002452,C00827,2026-07-17T17:03:18Z,partner,394.30,6,completed,311.50
O002453,C01162,2026-07-02T02:57:05Z,web,315.92,6,completed,249.58
O002454,C00869,2026-07-31T06:28:49Z,web,162.14,1,completed,128.09
O002455,C01094,2026-07-14T08:01:08Z,store,111.10,6,completed,87.77
O002456,C00809,2026-07-20T02:31:30Z,mobile,61.22,6,completed,48.36
O002457,C00037,2026-07-06T03:45:24Z,web,160.66,4,completed,126.92
O002458,C00084,2026-07-27T20:55:07Z,web,327.86,6,completed,259.01
O002459,C00952,2026-07-20T14:11:08Z,mobile,419.39,5,completed,331.32
O002460,C00193,2026-07-16T10:55:26Z,mobile,488.09,5,completed,385.59
O002461,C01145,2026-07-12T00:17:28Z,store,11.00,5,completed,8.69
O002462,C00702,2026-07-11T00:00:12Z,mobile,223.62,2,completed,176.66
O002463,C00328,2026-07-07T05:26:24Z,mobile,257.91,3,completed,203.75
O002464,C01018,2026-07-04T09:05:57Z,mobile,169.63,5,completed,134.01
O002465,C00032,2026-07-21T04:05:49Z,partner,103.88,4,completed,82.07
O002466,C00568,2026-07-14T23:18:09Z,partner,175.93,2,completed,138.98
O002467,C00831,2026-07-04T22:09:43Z,web,55.65,4,completed,43.96
O002468,C00106,2026-07-29T23:08:34Z,mobile,205.82,2,completed,162.60
O002469,C00537,2026-07-12T05:18:29Z,partner,365.82,2,completed,289.00
O002471,C00984,2026-07-09T04:27:55Z,store,140.77,3,completed,111.21
O002472,C01009,2026-07-06T10:09:04Z,store,461.59,1,completed,364.66
O002473,C00557,2026-07-23T08:50:59Z,mobile,138.96,4,completed,109.78
O002474,C01042,2026-07-07T11:51:30Z,store,236.73,5,completed,187.02
O002475,C00077,2026-07-17T13:45:35Z,web,167.46,1,completed,132.29
O002476,C00954,2026-07-06T13:25:42Z,mobile,273.58,1,completed,216.13
O002478,C00947,2026-07-09T01:51:46Z,partner,377.07,4,completed,297.89
O002479,C00123,2026-07-20T10:46:19Z,partner,436.32,4,completed,344.69
O002480,C00175,2026-07-13T22:48:40Z,mobile,478.34,2,completed,377.89
O002481,C00651,2026-07-09T10:13:43Z,store,192.53,2,completed,152.10
O002482,C00101,2026-07-18T19:42:16Z,partner,490.07,5,completed,387.16
O002483,C01162,2026-07-06T04:39:22Z,partner,235.00,2,completed,185.65
O002484,C00750,2026-07-10T09:04:06Z,web,337.99,6,completed,267.01
O002485,C01177,2026-07-04T15:26:49Z,web,23.10,2,completed,18.25
O002486,C00233,2026-07-30T13:40:22Z,mobile,144.06,1,completed,113.81
O002487,C00691,2026-07-30T02:19:54Z,web,326.02,3,completed,257.56
O002488,C00343,2026-07-01T00:41:16Z,partner,140.42,2,completed,110.93
O002489,C01107,2026-07-30T05:54:44Z,web,190.75,4,completed,150.69
O002490,C00149,2026-07-21T15:21:56Z,web,444.06,1,completed,350.81
O002491,C00254,2026-07-25T02:48:34Z,mobile,227.10,4,completed,179.41
O002492,C00110,2026-07-02T07:37:39Z,web,176.58,6,completed,139.50
O002493,C00750,2026-07-18T16:10:33Z,partner,328.10,3,completed,259.20
O002494,C01037,2026-07-05T15:07:19Z,mobile,482.04,6,completed,380.81
O002495,C00879,2026-07-26T07:09:21Z,mobile,342.58,5,completed,270.64
O002496,C00959,2026-07-25T14:05:09Z,store,44.31,5,completed,35.00
O002497,C01176,2026-07-30T03:03:13Z,mobile,301.54,1,completed,238.22
O002498,C00250,2026-07-20T11:32:20Z,store,21.32,4,completed,16.84
O002499,C00109,2026-07-22T17:26:48Z,store,171.53,1,completed,135.51
O002500,C00767,2026-07-09T18:07:29Z,store,156.84,6,completed,123.90
O002501,C00652,2026-07-22T00:55:12Z,store,139.28,1,completed,110.03
O002503,C00742,2026-07-06T22:46:58Z,partner,83.30,1,completed,65.81
O002504,C00077,2026-07-04T05:07:11Z,store,350.42,1,completed,276.83
O002505,C00296,2026-07-29T01:06:13Z,partner,474.85,1,completed,375.13
O002506,C00306,2026-07-27T00:18:09Z,mobile,346.94,2,completed,274.08
O002507,C01074,2026-07-26T00:50:29Z,web,108.28,2,completed,85.54
O002508,C00295,2026-07-20T00:20:00Z,store,100.71,5,completed,79.56
O002510,C00169,2026-07-30T23:31:57Z,web,179.91,3,completed,142.13
O002511,C00949,2026-07-08T03:36:13Z,mobile,176.05,2,completed,139.08
O002512,C01153,2026-07-27T10:24:09Z,store,360.81,4,completed,285.04
O002513,C00507,2026-07-26T00:31:18Z,partner,388.88,5,completed,307.22
O002514,C00308,2026-07-07T14:02:54Z,partner,300.12,6,completed,237.09
O002515,C00909,2026-07-01T16:07:12Z,partner,381.92,5,completed,301.72
O002516,C01119,2026-07-01T06:21:12Z,partner,368.45,2,completed,291.08
O002517,C01124,2026-07-06T00:14:34Z,web,269.38,5,completed,212.81
O002519,C00397,2026-07-04T14:06:51Z,web,74.40,3,completed,58.78
O002520,C01062,2026-07-06T07:15:20Z,partner,125.73,5,completed,99.33
O002521,C00772,2026-07-29T10:15:59Z,partner,465.96,6,completed,368.11
O002522,C00082,2026-07-05T13:19:26Z,store,87.15,6,completed,68.85
O002523,C01031,2026-07-26T05:07:54Z,store,343.93,3,completed,271.70
O002524,C00855,2026-07-13T20:59:23Z,mobile,328.14,4,completed,259.23
O002525,C01091,2026-07-22T16:46:01Z,store,19.58,5,completed,15.47
O002526,C00176,2026-07-14T13:56:40Z,web,289.63,2,completed,228.81
O002527,C00153,2026-07-26T10:35:27Z,web,484.81,6,completed,383.00
O002528,C00331,2026-07-24T07:02:24Z,web,391.54,5,completed,309.32
O002529,C00755,2026-07-31T03:04:42Z,mobile,319.27,3,completed,252.22
O002530,C00522,2026-07-19T03:57:21Z,store,298.97,6,completed,236.19
O002531,C00955,2026-07-31T12:10:21Z,mobile,278.42,6,completed,219.95
O002532,C00554,2026-07-02T13:17:06Z,store,68.98,6,completed,54.49
O002533,C00255,2026-07-09T17:08:26Z,partner,189.37,5,completed,149.60
O002534,C01091,2026-07-02T11:01:38Z,store,493.44,2,completed,389.82
O002535,C00192,2026-07-03T22:41:18Z,mobile,489.77,1,completed,386.92
O002536,C00641,2026-07-06T18:08:30Z,mobile,261.19,5,completed,206.34
O002537,C00995,2026-07-27T08:57:08Z,web,192.31,2,completed,151.92
O002538,C00085,2026-07-28T07:11:08Z,web,64.72,2,completed,51.13
O002540,C00690,2026-07-01T05:56:22Z,web,228.87,3,completed,180.81
O002541,C00866,2026-07-08T13:29:54Z,mobile,393.52,5,completed,310.88
O002542,C00763,2026-07-07T12:27:20Z,partner,280.72,4,completed,221.77
O002543,C01069,2026-07-08T10:24:36Z,store,495.86,5,completed,391.73
O002544,C00278,2026-07-14T08:56:15Z,store,143.28,3,completed,113.19
O002545,C01176,2026-07-24T09:53:02Z,store,107.61,1,completed,85.01
O002546,C00315,2026-07-17T18:03:53Z,web,353.03,1,completed,278.89
O002547,C00361,2026-07-24T16:37:49Z,partner,172.16,2,completed,136.01
O002548,C00335,2026-07-28T05:08:28Z,store,98.90,1,completed,78.13
O002549,C00118,2026-07-26T20:38:56Z,partner,328.96,6,completed,259.88
O002550,C00898,2026-07-16T14:38:22Z,mobile,282.36,5,completed,223.06
O002551,C00300,2026-07-12T12:21:28Z,partner,407.42,2,completed,321.86
O002552,C01038,2026-07-28T21:24:09Z,mobile,94.16,2,completed,74.39
O002553,C00933,2026-07-27T01:37:52Z,web,124.50,3,completed,98.36
O002554,C00677,2026-07-25T17:48:05Z,store,331.01,4,completed,261.50
O002555,C00883,2026-07-11T11:14:50Z,store,372.07,3,completed,293.94
O002556,C00875,2026-07-06T02:41:36Z,partner,35.53,4,completed,28.07
O002557,C01182,2026-07-06T17:58:22Z,store,365.12,1,completed,288.44
O002558,C00131,2026-07-01T05:15:09Z,partner,19.68,3,completed,15.55
O002559,C00426,2026-07-23T10:54:17Z,partner,73.03,5,completed,57.69
O002560,C00661,2026-07-22T11:45:34Z,web,252.01,3,completed,199.09
O002561,C01181,2026-07-31T15:02:32Z,web,67.49,5,completed,53.32
O002562,C00375,2026-07-24T07:09:51Z,partner,41.03,6,completed,32.41
O002563,C00901,2026-07-10T12:55:12Z,web,160.20,2,completed,126.56
O002564,C00095,2026-07-10T03:33:19Z,mobile,181.09,4,completed,143.06
O002565,C00794,2026-07-27T16:21:55Z,partner,377.73,3,completed,298.41
O002566,C00541,2026-07-29T11:44:12Z,mobile,200.33,1,completed,158.26
O002567,C00352,2026-07-10T13:38:41Z,web,302.55,1,completed,239.01
O002569,C00111,2026-07-13T08:42:07Z,mobile,169.26,1,completed,133.72
O002570,C00034,2026-07-14T02:08:29Z,store,176.79,3,completed,139.66
O002571,C00451,2026-07-05T02:37:37Z,web,234.67,4,completed,185.39
O002572,C00282,2026-07-29T15:51:15Z,store,133.00,1,completed,105.07
O002573,C00097,2026-07-31T17:19:13Z,mobile,50.04,2,completed,39.53
O002574,C00417,2026-07-07T17:39:56Z,store,429.98,5,completed,339.68
O002575,C00560,2026-07-21T02:25:17Z,partner,51.68,5,completed,40.83
O002576,C00559,2026-07-11T04:17:00Z,mobile,252.46,1,completed,199.44
O002577,C01021,2026-07-06T15:48:39Z,web,246.96,3,completed,195.10
O002578,C00439,2026-07-02T21:38:56Z,partner,340.08,4,completed,268.66
O002579,C00340,2026-07-06T04:01:12Z,store,274.84,5,completed,217.12
O002581,C01056,2026-07-05T05:53:22Z,web,195.90,3,completed,154.76
O002582,C00570,2026-07-26T18:40:31Z,partner,15.98,1,completed,12.62
O002583,C01127,2026-07-19T03:38:36Z,web,224.26,4,completed,177.17
O002584,C00233,2026-07-15T01:55:57Z,store,423.04,1,completed,334.20
O002585,C00124,2026-07-01T07:35:20Z,mobile,353.82,4,completed,279.52
O002587,C00087,2026-07-22T16:39:01Z,mobile,375.80,3,completed,296.88
O002588,C00114,2026-07-28T14:30:00Z,store,185.42,2,completed,146.48
O002589,C00824,2026-07-25T23:41:29Z,store,373.98,2,completed,295.44
O002591,C00253,2026-07-17T12:15:11Z,web,194.12,5,completed,153.35
O002592,C00327,2026-07-05T12:02:14Z,partner,461.67,3,completed,364.72
O002593,C00935,2026-07-17T21:26:34Z,store,24.58,6,completed,19.42
O002594,C00260,2026-07-27T17:22:10Z,mobile,287.95,3,completed,227.48
O002595,C00244,2026-07-05T07:29:39Z,web,114.48,5,completed,90.44
O002596,C00184,2026-07-06T09:14:25Z,store,28.27,5,completed,22.33
O002597,C00425,2026-07-10T06:35:04Z,mobile,411.46,4,completed,325.05
O002598,C00242,2026-07-23T06:15:30Z,store,186.26,5,completed,147.15
O002599,C00025,2026-07-03T04:32:25Z,store,70.34,3,completed,55.57
O002600,C00020,2026-07-27T00:47:38Z,store,421.11,4,completed,332.68
O002601,C01195,2026-07-07T11:16:38Z,web,142.60,4,completed,112.65
O002602,C00445,2026-07-20T19:57:23Z,mobile,263.80,1,completed,208.40
O002603,C00576,2026-07-13T03:25:20Z,partner,434.59,5,completed,343.33
O002604,C00825,2026-07-05T06:19:42Z,mobile,148.39,5,completed,117.23
O002605,C00313,2026-07-05T17:33:23Z,web,78.55,3,completed,62.05
O002607,C00453,2026-07-20T07:13:21Z,mobile,138.82,5,completed,109.67
O002608,C00104,2026-07-29T07:17:24Z,partner,121.54,3,completed,96.02
O002609,C00541,2026-07-04T07:49:57Z,mobile,330.45,6,completed,261.06
O002610,C00379,2026-07-23T19:34:45Z,partner,426.23,5,completed,336.72
O002611,C00648,2026-07-02T15:53:24Z,store,31.09,5,completed,24.56
O002612,C00184,2026-07-31T15:47:26Z,web,266.06,4,completed,210.19
O002614,C00746,2026-07-30T02:24:34Z,web,432.03,4,completed,341.30
O002615,C01149,2026-07-30T05:47:52Z,store,365.90,5,completed,289.06
O002616,C00506,2026-07-15T06:23:25Z,web,225.62,2,completed,178.24
O002617,C00073,2026-07-20T15:25:03Z,mobile,398.84,1,completed,315.08
O002618,C00246,2026-07-06T16:15:01Z,store,170.31,2,completed,134.54
O002620,C00521,2026-07-15T21:40:29Z,web,234.66,4,completed,185.38
O002621,C00029,2026-07-26T13:30:26Z,store,142.55,5,completed,112.61
O002622,C01019,2026-07-28T05:31:04Z,mobile,279.67,5,completed,220.94
O002623,C00182,2026-07-22T12:07:02Z,web,281.94,5,completed,222.73
O002624,C01158,2026-07-11T23:01:58Z,mobile,176.16,1,completed,139.17
O002625,C00323,2026-07-20T02:49:59Z,store,203.77,3,completed,160.98
O002626,C00248,2026-07-27T22:24:16Z,web,489.41,3,completed,386.63
O002627,C01099,2026-07-30T18:14:18Z,store,145.10,6,completed,114.63
O002628,C00710,2026-07-25T20:15:33Z,web,107.20,1,completed,84.69
O002629,C00544,2026-07-25T20:21:29Z,store,109.11,1,completed,86.20
O002630,C00269,2026-07-13T05:31:04Z,mobile,45.79,6,completed,36.17
O002631,C00562,2026-07-12T12:50:50Z,store,270.79,1,completed,213.92
O002632,C00373,2026-07-17T12:33:24Z,mobile,246.34,5,completed,194.61
O002633,C00382,2026-07-06T05:32:13Z,store,161.72,1,completed,127.76
O002634,C00818,2026-07-01T00:01:05Z,mobile,494.33,3,completed,390.52
O002635,C01069,2026-07-11T10:22:10Z,store,312.67,6,completed,247.01
O002636,C00871,2026-07-09T12:04:43Z,mobile,102.02,6,completed,80.60
O002637,C00311,2026-07-19T18:34:04Z,partner,75.14,3,completed,59.36
O002638,C00198,2026-07-19T03:49:45Z,store,289.95,2,completed,229.06
O002639,C00185,2026-07-06T10:12:25Z,store,99.95,4,completed,78.96
O002640,C00525,2026-07-08T08:03:07Z,web,35.92,2,completed,28.38
O002641,C00973,2026-07-28T13:35:21Z,partner,474.42,5,completed,374.79
O002642,C00285,2026-07-21T00:29:00Z,store,253.61,6,completed,200.35
O002643,C00241,2026-07-16T16:55:48Z,mobile,292.64,2,completed,231.19
O002644,C00357,2026-07-25T03:24:36Z,mobile,266.25,1,completed,210.34
O002645,C00467,2026-07-02T06:45:03Z,store,404.14,2,completed,319.27
O002646,C00720,2026-07-22T07:59:53Z,partner,276.45,5,completed,218.40
O002647,C00681,2026-07-14T00:21:45Z,store,149.00,2,completed,117.71
O002648,C00687,2026-07-27T21:50:58Z,web,155.18,5,completed,122.59
O002649,C00110,2026-07-24T21:28:25Z,mobile,214.52,1,completed,169.47
O002650,C00699,2026-07-07T22:40:13Z,web,117.79,5,completed,93.05
O002651,C00971,2026-07-07T09:49:12Z,mobile,167.69,2,completed,132.48
O002652,C00225,2026-07-29T20:06:40Z,partner,245.55,5,completed,193.98
O002654,C00833,2026-07-24T13:38:13Z,mobile,66.61,4,completed,52.62
O002655,C00549,2026-07-25T03:46:03Z,store,430.63,3,completed,340.20
O002656,C00989,2026-07-29T01:13:26Z,mobile,331.33,4,completed,261.75
O002657,C00431,2026-07-12T22:12:01Z,store,329.10,4,completed,259.99
O002658,C00960,2026-07-13T09:41:22Z,web,300.73,1,completed,237.58
O002659,C00121,2026-07-12T07:30:34Z,partner,449.94,5,completed,355.45
O002660,C00547,2026-07-20T22:25:31Z,mobile,9.84,4,completed,7.77
O002661,C00528,2026-07-20T19:32:09Z,web,245.66,5,completed,194.07
O002662,C00883,2026-07-09T15:29:13Z,store,220.92,3,completed,174.53
O002663,C00627,2026-07-10T09:49:39Z,store,25.26,2,completed,19.96
O002665,C00857,2026-07-29T12:26:16Z,partner,179.56,3,completed,141.85
O002666,C00494,2026-07-15T12:27:44Z,store,499.18,6,completed,394.35
O002667,C00477,2026-07-16T23:38:39Z,web,483.49,4,completed,381.96
O002668,C00703,2026-07-11T04:44:07Z,store,311.09,5,completed,245.76
O002669,C01147,2026-07-30T15:22:25Z,partner,380.12,5,completed,300.29
O002670,C00676,2026-07-25T23:33:09Z,mobile,360.56,5,completed,284.84
O002671,C00736,2026-07-05T10:13:07Z,partner,418.96,6,completed,330.98
O002673,C00196,2026-07-28T13:26:45Z,store,119.94,4,completed,94.75
O002674,C00535,2026-07-31T04:08:40Z,store,475.09,4,completed,375.32
O002675,C00502,2026-07-10T18:37:40Z,web,219.44,4,completed,173.36
O002676,C00271,2026-07-29T06:35:08Z,partner,107.65,4,completed,85.04
O002677,C00288,2026-07-19T02:40:41Z,web,130.65,2,completed,103.21
O002678,C00551,2026-07-01T22:46:13Z,partner,334.31,2,completed,264.10
O002679,C01021,2026-07-14T11:44:38Z,partner,493.35,1,completed,389.75
O002680,C00634,2026-07-23T00:23:03Z,store,390.33,2,completed,308.36
O002682,C00127,2026-07-23T04:40:28Z,store,289.79,3,completed,228.93
O002683,C01006,2026-07-31T23:19:58Z,mobile,226.39,2,completed,178.85
O002684,C00483,2026-07-24T19:57:14Z,store,356.61,4,completed,281.72
O002685,C00529,2026-07-11T07:13:52Z,partner,324.89,4,completed,256.66
O002686,C00127,2026-07-24T19:47:16Z,mobile,177.49,5,completed,140.22
O002687,C00346,2026-07-26T19:59:17Z,web,90.10,6,completed,71.18
O002688,C00298,2026-07-25T06:03:21Z,mobile,30.52,1,completed,24.11
O002689,C01135,2026-07-15T18:15:57Z,web,152.38,4,completed,120.38
O002690,C01039,2026-07-16T01:20:52Z,store,175.44,6,completed,138.60
O002691,C00416,2026-07-30T12:40:50Z,mobile,106.84,2,completed,84.40
O002692,C01110,2026-07-27T07:24:38Z,web,332.84,2,completed,262.94
O002693,C00246,2026-07-26T19:12:06Z,mobile,163.44,2,completed,129.12
O002694,C00954,2026-07-10T13:43:58Z,mobile,398.06,4,completed,314.47
O002695,C00745,2026-07-02T07:27:17Z,partner,79.55,5,completed,62.84
O002696,C01146,2026-07-26T06:02:51Z,store,312.13,5,completed,246.58
O002697,C00300,2026-07-23T13:54:31Z,store,33.11,6,completed,26.16
O002698,C00475,2026-07-19T06:11:51Z,store,488.49,3,completed,385.91
O002699,C00480,2026-07-25T01:18:11Z,partner,197.79,1,completed,156.25
O002700,C00820,2026-07-29T19:43:28Z,store,461.00,2,completed,364.19
O002701,C00674,2026-07-11T04:42:18Z,partner,378.68,5,completed,299.16
O002702,C01064,2026-07-07T05:13:13Z,partner,460.86,4,completed,364.08
O002703,C00591,2026-07-15T04:05:15Z,web,27.95,6,completed,22.08
O002704,C00392,2026-07-25T08:39:39Z,mobile,218.88,3,completed,172.92
O002705,C00067,2026-07-15T12:52:12Z,partner,488.98,5,completed,386.29
O002706,C00065,2026-07-29T06:52:49Z,store,361.27,1,completed,285.40
O002707,C00264,2026-07-18T02:04:08Z,partner,21.76,6,completed,17.19
O002708,C00568,2026-07-19T00:42:44Z,web,142.90,4,completed,112.89
O002709,C00245,2026-07-15T12:58:28Z,mobile,168.84,2,completed,133.38
O002710,C00699,2026-07-31T00:00:59Z,partner,300.58,3,completed,237.46
O002711,C00585,2026-07-07T07:04:45Z,web,297.12,3,completed,234.72
O002712,C00050,2026-07-06T18:00:16Z,store,282.19,3,completed,222.93
O002714,C00238,2026-07-19T19:12:02Z,store,355.81,4,completed,281.09
O002715,C01090,2026-07-15T01:22:28Z,partner,9.44,3,completed,7.46
O002716,C00178,2026-07-07T22:58:05Z,mobile,390.32,4,completed,308.35
O002717,C00554,2026-07-08T15:00:32Z,mobile,251.67,6,completed,198.82
O002718,C01071,2026-07-31T23:36:06Z,web,311.73,4,completed,246.27
O002719,C00184,2026-07-15T04:06:37Z,web,441.41,6,completed,348.71
O002720,C00798,2026-07-04T00:25:38Z,web,257.57,5,completed,203.48
O002721,C00768,2026-07-24T22:34:48Z,web,287.33,5,completed,226.99
O002723,C00615,2026-07-14T03:10:59Z,web,448.32,4,completed,354.17
O002724,C00425,2026-07-24T03:03:02Z,mobile,153.43,6,completed,121.21
O002725,C00555,2026-07-22T15:25:20Z,web,68.55,2,completed,54.15
O002727,C00764,2026-07-26T10:04:20Z,mobile,346.47,4,completed,273.71
O002728,C01067,2026-07-11T14:25:45Z,store,109.82,6,completed,86.76
O002729,C00241,2026-07-31T16:31:09Z,store,348.70,3,completed,275.47
O002730,C00546,2026-07-21T07:05:50Z,partner,187.85,4,completed,148.40
O002731,C01109,2026-07-09T11:58:53Z,web,213.44,1,completed,168.62
O002732,C00396,2026-07-11T18:29:05Z,mobile,229.18,6,completed,181.05
O002733,C01179,2026-07-19T13:36:38Z,partner,92.40,2,completed,73.00
O002734,C00453,2026-07-29T12:27:33Z,store,256.26,6,completed,202.45
O002735,C00602,2026-07-17T08:14:17Z,mobile,488.73,1,completed,386.10
O002736,C00892,2026-07-09T11:25:29Z,mobile,270.43,6,completed,213.64
O002737,C00452,2026-07-06T22:52:50Z,mobile,367.34,1,completed,290.20
O002738,C00020,2026-07-15T07:46:31Z,mobile,291.91,3,completed,230.61
O002739,C01095,2026-07-08T11:44:13Z,partner,128.79,5,completed,101.74
O002740,C00683,2026-07-04T03:39:10Z,web,449.66,6,completed,355.23
O002741,C00391,2026-07-31T14:52:42Z,mobile,256.07,5,completed,202.30
O002742,C00209,2026-07-12T23:06:14Z,store,68.58,1,completed,54.18
O002743,C00541,2026-07-10T23:16:33Z,mobile,173.40,3,completed,136.99
O002744,C01176,2026-07-21T15:10:33Z,store,119.85,5,completed,94.68
O002745,C00765,2026-07-17T05:53:31Z,partner,183.45,5,completed,144.93
O002746,C00929,2026-07-05T18:49:10Z,web,232.44,3,completed,183.63
O002747,C00072,2026-07-12T09:59:32Z,partner,383.88,2,completed,303.27
O002748,C01170,2026-07-27T09:07:04Z,mobile,116.16,3,completed,91.77
O002749,C00062,2026-07-17T04:38:52Z,partner,354.76,3,completed,280.26
O002750,C00173,2026-07-21T09:40:46Z,web,24.33,1,completed,19.22
O002751,C00038,2026-07-24T10:14:46Z,web,383.88,4,completed,303.27
O002752,C00654,2026-07-24T14:14:56Z,web,16.76,5,completed,13.24
O002753,C00133,2026-07-30T00:52:52Z,mobile,196.28,6,completed,155.06
O002754,C00155,2026-07-16T13:50:04Z,store,136.50,6,completed,107.84
O002755,C00453,2026-07-15T09:09:41Z,store,362.91,6,completed,286.70
O002756,C00858,2026-07-19T05:09:28Z,mobile,224.50,6,completed,177.36
O002757,C00448,2026-07-22T14:01:08Z,mobile,353.47,2,completed,279.24
O002758,C00076,2026-07-31T23:59:28Z,partner,455.44,2,completed,359.80
O002759,C01058,2026-07-17T00:10:28Z,partner,473.16,6,completed,373.80
O002760,C00057,2026-07-22T23:13:08Z,partner,309.55,1,completed,244.54
O002761,C00494,2026-07-29T00:07:00Z,web,145.45,5,completed,114.91
O002762,C00001,2026-07-27T01:43:58Z,web,154.31,5,completed,121.90
O002763,C00045,2026-07-23T23:15:18Z,web,109.40,6,completed,86.43
O002764,C00589,2026-07-26T07:01:42Z,partner,167.82,3,completed,132.58
O002765,C00099,2026-07-18T03:07:55Z,store,100.43,1,completed,79.34
O002766,C00449,2026-07-04T11:21:24Z,mobile,216.80,3,completed,171.27
O002768,C01117,2026-07-19T06:59:47Z,mobile,128.64,1,completed,101.63
O002769,C01108,2026-07-29T13:35:24Z,partner,237.54,2,completed,187.66
O002770,C00495,2026-07-22T20:49:36Z,partner,276.31,4,completed,218.28
O002771,C01171,2026-07-26T01:25:06Z,web,132.37,5,completed,104.57
O002773,C01030,2026-07-09T09:06:00Z,store,112.86,3,completed,89.16
O002774,C01130,2026-07-26T07:27:41Z,web,293.53,1,completed,231.89
O002775,C00392,2026-07-02T21:47:30Z,store,397.42,6,completed,313.96
O002776,C00034,2026-07-04T02:41:20Z,mobile,105.53,1,completed,83.37
O002777,C00527,2026-07-06T06:59:29Z,mobile,462.66,3,completed,365.50
O002779,C00508,2026-07-31T04:44:40Z,store,385.29,2,completed,304.38
O002780,C01062,2026-07-02T01:43:10Z,mobile,81.57,6,completed,64.44
O002781,C01082,2026-07-05T18:25:02Z,web,142.45,4,completed,112.54
O002782,C00396,2026-07-06T05:50:37Z,mobile,446.45,5,completed,352.70
O002783,C00387,2026-07-10T17:40:36Z,mobile,426.71,4,completed,337.10
O002784,C00477,2026-07-05T01:54:02Z,store,16.52,3,completed,13.05
O002785,C00983,2026-07-01T11:15:26Z,web,374.59,6,completed,295.93
O002786,C00036,2026-07-03T09:38:07Z,store,17.63,4,completed,13.93
O002787,C01191,2026-07-05T17:24:44Z,mobile,445.12,5,completed,351.64
O002789,C00479,2026-07-23T15:34:08Z,partner,68.92,2,completed,54.45
O002790,C00058,2026-07-18T06:21:10Z,web,225.22,4,completed,177.92
O002791,C00479,2026-07-15T23:41:54Z,partner,334.76,3,completed,264.46
O002792,C00163,2026-07-29T03:54:58Z,mobile,177.63,1,completed,140.33
O002793,C00464,2026-07-19T12:20:57Z,store,388.27,3,completed,306.73
O002794,C00055,2026-07-14T07:01:56Z,partner,5.48,1,completed,4.33
O002795,C01093,2026-07-22T23:20:33Z,partner,356.39,1,completed,281.55
O002796,C00439,2026-07-09T23:35:58Z,store,481.27,2,completed,380.20
O002797,C00608,2026-07-30T17:19:07Z,web,92.26,4,completed,72.89
O002798,C00424,2026-07-08T23:12:42Z,mobile,114.05,5,completed,90.10
O002799,C01068,2026-07-07T02:28:43Z,store,427.83,3,completed,337.99
O002800,C00438,2026-07-03T10:58:19Z,partner,225.30,1,completed,177.99
O002801,C00540,2026-07-06T04:26:52Z,partner,122.13,2,completed,96.48
O002802,C00308,2026-07-16T15:46:19Z,partner,436.18,2,completed,344.58
O002803,C00131,2026-07-30T10:45:13Z,store,261.61,1,completed,206.67
O002804,C00274,2026-07-20T16:52:32Z,partner,448.17,6,completed,354.05
O002805,C00662,2026-07-01T19:07:17Z,mobile,374.52,5,completed,295.87
O002806,C00443,2026-07-10T08:08:26Z,mobile,203.39,2,completed,160.68
O002807,C00480,2026-07-03T00:38:10Z,mobile,241.09,6,completed,190.46
O002808,C00527,2026-07-06T10:43:27Z,partner,240.75,2,completed,190.19
O002809,C00722,2026-07-08T18:28:06Z,partner,460.70,5,completed,363.95
O002810,C00265,2026-07-29T01:55:01Z,partner,256.87,5,completed,202.93
O002811,C00300,2026-07-12T21:34:48Z,mobile,364.80,1,completed,288.19
O002812,C00227,2026-07-04T11:47:01Z,web,280.95,6,completed,221.95
O002813,C00634,2026-07-24T07:39:01Z,partner,485.21,4,completed,383.32
O002814,C01193,2026-07-30T21:02:24Z,web,483.02,2,completed,381.59
O002815,C00020,2026-07-31T05:43:59Z,web,453.56,2,completed,358.31
O002816,C00860,2026-07-15T01:40:08Z,store,91.82,6,completed,72.54
O002817,C00294,2026-07-15T02:00:59Z,partner,218.38,4,completed,172.52
O002818,C00915,2026-07-09T18:47:01Z,partner,126.66,1,completed,100.06
O002819,C00153,2026-07-24T00:14:42Z,mobile,355.00,6,completed,280.45
O002820,C01062,2026-07-29T04:37:16Z,mobile,279.08,6,completed,220.47
O002821,C00645,2026-07-06T22:18:04Z,partner,301.25,5,completed,237.99
O002822,C01199,2026-07-15T06:50:03Z,web,270.76,2,completed,213.90
O002823,C00507,2026-07-25T21:17:20Z,store,450.49,6,completed,355.89
O002824,C01064,2026-07-12T04:11:46Z,web,334.43,1,completed,264.20
O002826,C00825,2026-07-10T17:35:10Z,web,411.01,1,completed,324.70
O002827,C00504,2026-07-21T08:10:19Z,partner,342.88,2,completed,270.88
O002828,C00938,2026-07-31T22:34:08Z,mobile,286.86,6,completed,226.62
O002829,C00895,2026-07-03T12:58:00Z,mobile,84.96,4,completed,67.12
O002830,C00070,2026-07-29T20:38:48Z,partner,498.65,2,completed,393.93
O002831,C00388,2026-07-28T17:00:41Z,store,46.42,6,completed,36.67
O002832,C00208,2026-07-12T12:27:21Z,partner,361.22,5,completed,285.36
O002833,C00253,2026-07-30T18:17:42Z,partner,58.34,5,completed,46.09
O002834,C00618,2026-07-16T16:51:04Z,partner,392.31,5,completed,309.92
O002836,C01141,2026-07-22T01:39:23Z,web,336.74,1,completed,266.02
O002837,C00020,2026-07-30T07:13:35Z,store,447.49,3,completed,353.52
O002839,C00952,2026-07-06T12:01:53Z,partner,112.87,2,completed,89.17
O002840,C00368,2026-07-09T09:15:04Z,partner,489.55,4,completed,386.74
O002841,C00355,2026-07-26T15:11:02Z,store,321.12,5,completed,253.68
O002842,C00470,2026-07-01T05:28:20Z,web,205.75,2,completed,162.54
O002843,C00721,2026-07-24T08:36:32Z,web,106.29,6,completed,83.97
O002844,C00856,2026-07-29T06:09:29Z,mobile,292.13,6,completed,230.78
O002845,C00905,2026-07-27T13:47:32Z,partner,259.68,3,completed,205.15
O002846,C01173,2026-07-16T16:47:27Z,partner,395.41,1,completed,312.37
O002847,C00166,2026-07-13T19:26:05Z,partner,311.98,4,completed,246.46
O002848,C00266,2026-07-01T06:48:45Z,web,221.13,2,completed,174.69
O002849,C01161,2026-07-19T04:56:36Z,mobile,143.85,6,completed,113.64
O002850,C00875,2026-07-16T08:51:08Z,mobile,141.12,4,completed,111.48
O002851,C00224,2026-07-30T18:04:05Z,web,433.67,1,completed,342.60
O002852,C00229,2026-07-03T10:52:01Z,mobile,192.67,2,completed,152.21
O002853,C00943,2026-07-27T08:40:07Z,mobile,282.41,4,completed,223.10
O002854,C00033,2026-07-01T17:46:49Z,store,8.02,5,completed,6.34
O002855,C00825,2026-07-23T20:25:29Z,mobile,192.82,2,completed,152.33
O002857,C00596,2026-07-05T19:59:49Z,partner,54.04,2,completed,42.69
O002858,C00940,2026-07-02T19:44:52Z,web,116.40,2,completed,91.96
O002859,C01138,2026-07-15T00:42:27Z,web,90.61,1,completed,71.58
O002860,C00346,2026-07-04T11:36:36Z,web,251.38,5,completed,198.59
O002861,C00565,2026-07-28T14:33:43Z,partner,63.04,1,completed,49.80
O002862,C00539,2026-07-07T03:25:43Z,store,278.38,3,completed,219.92
O002863,C00506,2026-07-18T09:12:58Z,partner,47.82,1,completed,37.78
O002864,C00229,2026-07-28T08:00:33Z,web,250.73,1,completed,198.08
O002865,C00540,2026-07-01T23:51:30Z,web,404.96,6,completed,319.92
O002866,C00332,2026-07-12T13:58:00Z,store,481.83,3,completed,380.65
O002868,C00661,2026-07-29T03:56:44Z,web,426.52,5,completed,336.95
O002869,C00318,2026-07-29T03:38:46Z,partner,319.92,4,completed,252.74
O002870,C00536,2026-07-18T19:42:37Z,web,130.59,3,completed,103.17
O002871,C00733,2026-07-25T07:37:10Z,mobile,223.42,6,completed,176.50
O002874,C00454,2026-07-16T14:44:19Z,partner,170.96,2,completed,135.06
O002875,C00205,2026-07-12T12:55:07Z,partner,99.23,4,completed,78.39
O002876,C01096,2026-07-22T15:30:08Z,store,307.22,1,completed,242.70
O002877,C00018,2026-07-05T21:06:30Z,web,461.93,4,completed,364.92
O002878,C00861,2026-07-26T07:35:51Z,mobile,243.54,6,completed,192.40
O002879,C01162,2026-07-24T14:44:25Z,mobile,41.02,6,completed,32.41
O002880,C00477,2026-07-29T11:44:13Z,partner,392.26,2,completed,309.89
O002881,C00406,2026-07-08T07:31:13Z,partner,305.55,3,completed,241.38
O002882,C00739,2026-07-25T20:04:34Z,mobile,162.74,6,completed,128.56
O002883,C01050,2026-07-27T15:33:51Z,store,237.17,1,completed,187.36
O002884,C00117,2026-07-06T20:22:03Z,mobile,492.19,4,completed,388.83
O002885,C01119,2026-07-29T02:01:54Z,store,99.13,1,completed,78.31
O002886,C00517,2026-07-06T20:56:33Z,store,308.29,4,completed,243.55
O002887,C00008,2026-07-11T08:06:04Z,mobile,260.54,5,completed,205.83
O002888,C00190,2026-07-14T00:40:07Z,store,328.01,4,completed,259.13
O002889,C00615,2026-07-17T14:40:01Z,store,326.96,2,completed,258.30
O002890,C00165,2026-07-08T00:19:25Z,web,492.29,6,completed,388.91
O002891,C01164,2026-07-16T21:17:00Z,web,372.09,3,completed,293.95
O002892,C00276,2026-07-15T09:03:02Z,mobile,478.62,1,completed,378.11
O002893,C00673,2026-07-26T09:18:45Z,web,143.89,2,completed,113.67
O002894,C00698,2026-07-27T00:54:53Z,mobile,187.73,1,completed,148.31
O002895,C00983,2026-07-07T20:27:46Z,store,294.67,3,completed,232.79
O002896,C01084,2026-07-20T06:17:14Z,partner,251.21,3,completed,198.46
O002897,C01175,2026-07-16T14:51:53Z,store,422.54,6,completed,333.81
O002898,C00695,2026-07-11T06:02:10Z,partner,386.53,2,completed,305.36
O002899,C00484,2026-07-24T01:56:22Z,store,225.54,2,completed,178.18
O002900,C00560,2026-07-13T17:17:51Z,partner,464.15,3,completed,366.68
O002902,C00783,2026-07-21T13:17:49Z,mobile,33.03,1,completed,26.09
O002903,C00140,2026-07-19T18:37:31Z,partner,189.55,1,completed,149.74
O002904,C01072,2026-07-05T07:12:11Z,mobile,473.58,3,completed,374.13
O002905,C00106,2026-07-19T00:47:35Z,mobile,77.79,4,completed,61.45
O002906,C00097,2026-07-15T15:07:18Z,partner,36.91,6,completed,29.16
O002907,C00464,2026-07-30T15:14:13Z,web,428.49,2,completed,338.51
O002908,C00098,2026-07-19T17:06:32Z,store,25.45,1,completed,20.11
O002909,C00537,2026-07-28T08:05:50Z,web,370.54,5,completed,292.73
O002910,C01031,2026-07-04T00:21:55Z,web,9.80,3,completed,7.74
O002911,C01023,2026-07-22T02:04:22Z,store,238.65,1,completed,188.53
O002912,C00509,2026-07-30T05:37:55Z,mobile,379.11,5,completed,299.50
O002913,C00099,2026-07-10T14:15:48Z,store,432.35,3,completed,341.56
O002914,C00728,2026-07-26T04:40:47Z,store,307.06,6,completed,242.58
O002915,C00936,2026-07-08T20:20:18Z,web,329.97,2,completed,260.68
O002916,C00542,2026-07-24T08:38:12Z,mobile,106.21,5,completed,83.91
O002917,C00177,2026-07-17T20:08:48Z,web,474.76,2,completed,375.06
O002918,C00609,2026-07-04T11:47:24Z,partner,271.27,6,completed,214.30
O002919,C00602,2026-07-10T18:26:34Z,partner,301.49,5,completed,238.18
O002920,C00827,2026-07-24T19:23:24Z,web,499.50,1,completed,394.61
O002921,C00235,2026-07-19T02:05:43Z,store,157.68,1,completed,124.57
O002922,C00231,2026-07-08T01:50:56Z,partner,302.42,3,completed,238.91
O002923,C00731,2026-07-05T11:47:43Z,mobile,491.19,4,completed,388.04
O002924,C00983,2026-07-15T22:25:33Z,partner,496.31,2,completed,392.08
O002925,C00065,2026-07-02T20:36:07Z,store,433.85,2,completed,342.74
O002927,C00551,2026-07-19T11:55:04Z,mobile,382.21,1,completed,301.95
O002928,C00273,2026-07-07T23:43:27Z,mobile,233.09,2,completed,184.14
O002929,C00542,2026-07-23T13:45:36Z,mobile,240.88,3,completed,190.30
O002930,C00790,2026-07-05T05:58:25Z,partner,369.78,4,completed,292.13
O002931,C00347,2026-07-27T03:51:25Z,store,118.99,2,completed,94.00
O002932,C00922,2026-07-26T14:22:59Z,mobile,339.14,4,completed,267.92
O002933,C00445,2026-07-11T05:10:41Z,store,390.80,2,completed,308.73
O002934,C00297,2026-07-13T21:34:20Z,store,430.77,1,completed,340.31
O002935,C00012,2026-07-13T18:29:28Z,partner,355.58,6,completed,280.91
O002936,C00364,2026-07-02T22:50:27Z,mobile,91.48,6,completed,72.27
O002937,C00511,2026-07-23T13:44:34Z,mobile,24.52,4,completed,19.37
O002938,C00227,2026-07-12T13:05:23Z,web,14.63,6,completed,11.56
O002939,C01096,2026-07-09T17:08:58Z,mobile,87.44,1,completed,69.08
O002940,C00820,2026-07-12T06:11:09Z,partner,81.77,5,completed,64.60
O002941,C00308,2026-07-21T09:21:23Z,web,161.45,3,completed,127.55
O002942,C00425,2026-07-27T11:42:19Z,partner,56.20,5,completed,44.40
O002943,C00733,2026-07-23T08:58:18Z,store,245.03,1,completed,193.57
O002944,C00844,2026-07-05T18:18:55Z,web,155.29,1,completed,122.68
O002945,C00053,2026-07-14T19:24:41Z,mobile,243.22,4,completed,192.14
O002946,C00791,2026-07-29T18:22:38Z,mobile,144.94,3,completed,114.50
O002947,C00225,2026-07-18T06:09:26Z,web,170.87,2,completed,134.99
O002948,C00201,2026-07-02T23:23:53Z,partner,233.22,6,completed,184.24
O002949,C00477,2026-07-03T19:14:12Z,web,352.23,4,completed,278.26
O002950,C00814,2026-07-14T00:12:08Z,partner,381.02,1,completed,301.01
O002951,C01068,2026-07-12T00:29:13Z,partner,197.39,2,completed,155.94
O002952,C00445,2026-07-26T04:04:45Z,web,205.23,3,completed,162.13
O002953,C00888,2026-07-24T18:06:26Z,web,450.66,4,completed,356.02
O002954,C00896,2026-07-04T10:05:10Z,web,205.02,5,completed,161.97
O002955,C00687,2026-07-09T11:53:49Z,web,209.96,6,completed,165.87
O002956,C00573,2026-07-28T06:05:12Z,web,148.07,5,completed,116.98
O002957,C00882,2026-07-07T09:23:01Z,store,23.52,4,completed,18.58
O002958,C00356,2026-07-31T10:48:24Z,mobile,361.45,1,completed,285.55
O002959,C00612,2026-07-06T03:53:15Z,partner,45.61,6,completed,36.03
O002960,C00898,2026-07-18T17:51:19Z,web,481.58,1,completed,380.45
O002961,C00477,2026-07-13T01:42:18Z,web,339.00,5,completed,267.81
O002962,C00050,2026-07-13T08:35:27Z,mobile,35.34,1,completed,27.92
O002963,C00172,2026-07-16T08:57:06Z,partner,390.17,5,completed,308.23
O002964,C00355,2026-07-08T18:23:13Z,store,306.16,3,completed,241.87
O002965,C00906,2026-07-26T23:31:39Z,store,67.23,2,completed,53.11
O002966,C00716,2026-07-22T11:29:04Z,partner,120.79,3,completed,95.42
O002967,C00070,2026-07-08T01:58:17Z,partner,196.73,1,completed,155.42
O002968,C00287,2026-07-21T21:47:30Z,store,337.88,4,completed,266.93
O002969,C00891,2026-07-24T22:23:38Z,partner,140.47,4,completed,110.97
O002970,C00332,2026-07-30T14:53:20Z,web,110.59,1,completed,87.37
O002972,C00982,2026-07-10T00:32:11Z,web,133.39,3,completed,105.38
O002973,C00053,2026-07-29T19:48:11Z,mobile,7.70,1,completed,6.08
O002974,C00558,2026-07-15T01:27:13Z,web,414.61,6,completed,327.54
O002975,C00706,2026-07-25T21:38:38Z,mobile,336.09,2,completed,265.51
O002976,C01105,2026-07-07T15:33:51Z,mobile,26.74,1,completed,21.12
O002977,C00617,2026-07-23T11:19:04Z,mobile,145.89,1,completed,115.25
O002978,C00494,2026-07-10T02:49:34Z,store,341.60,4,completed,269.86
O002979,C00439,2026-07-10T21:52:55Z,web,403.74,5,completed,318.95
O002981,C00711,2026-07-24T20:20:28Z,mobile,225.31,6,completed,177.99
O002982,C00705,2026-07-19T11:16:44Z,mobile,5.29,4,completed,4.18
O002983,C00819,2026-07-27T18:56:21Z,mobile,258.89,6,completed,204.52
O002984,C00255,2026-07-11T17:50:49Z,web,481.94,6,completed,380.73
O002985,C00655,2026-07-13T11:01:04Z,partner,448.66,2,completed,354.44
O002986,C00237,2026-07-30T08:11:24Z,store,465.29,3,completed,367.58
O002987,C00693,2026-07-19T22:34:20Z,web,458.23,1,completed,362.00
O002989,C00360,2026-07-30T17:00:10Z,partner,474.72,5,completed,375.03
O002990,C00755,2026-07-10T13:40:38Z,web,496.37,1,completed,392.13
O002991,C00380,2026-07-04T15:27:51Z,partner,491.22,1,completed,388.06
O002992,C00769,2026-07-06T23:46:54Z,store,169.59,1,completed,133.98
O002993,C00608,2026-07-21T03:29:56Z,store,496.03,4,completed,391.86
O002994,C00801,2026-07-19T13:34:29Z,web,141.12,3,completed,111.48
O002995,C01077,2026-07-27T16:08:29Z,web,345.16,6,completed,272.68
O002996,C00066,2026-07-10T14:00:20Z,web,417.32,1,completed,329.68
O002998,C00192,2026-07-24T08:56:24Z,web,499.08,4,completed,394.27
O002999,C00352,2026-07-14T13:23:23Z,mobile,377.24,5,completed,298.02
O003001,C00222,2026-07-26T05:40:29Z,partner,88.89,3,completed,70.22
O003002,C00291,2026-07-16T05:54:18Z,partner,263.45,6,completed,208.13
O003003,C01035,2026-07-22T00:47:12Z,store,257.60,5,completed,203.50
O003004,C00841,2026-07-25T19:14:45Z,web,292.83,6,completed,231.34
O003005,C00354,2026-07-23T21:18:18Z,store,289.35,3,completed,228.59
O003006,C00576,2026-07-11T10:35:17Z,partner,31.32,4,completed,24.74
O003007,C01102,2026-07-28T20:21:39Z,mobile,109.96,4,completed,86.87
O003008,C00679,2026-07-13T20:15:34Z,store,317.48,4,completed,250.81
O003010,C00177,2026-07-30T19:14:43Z,store,449.55,6,completed,355.14
O003011,C00560,2026-07-20T23:05:14Z,partner,375.26,5,completed,296.46
O003013,C00927,2026-07-29T14:14:25Z,mobile,460.44,6,completed,363.75
O003014,C00757,2026-07-18T22:41:27Z,partner,86.96,4,completed,68.70
O003015,C00290,2026-07-14T11:05:15Z,web,40.09,2,completed,31.67
O003016,C00659,2026-07-19T01:41:06Z,partner,236.64,5,completed,186.95
O003017,C01037,2026-07-12T10:08:05Z,store,314.74,2,completed,248.64
O003018,C00953,2026-07-08T16:55:07Z,store,127.55,3,completed,100.76
O003019,C00390,2026-07-06T03:13:17Z,mobile,154.31,2,completed,121.90
O003020,C00644,2026-07-17T09:39:19Z,partner,392.06,1,completed,309.73
O003021,C00645,2026-07-02T09:13:40Z,web,37.03,4,completed,29.25
O003022,C00028,2026-07-04T14:44:16Z,store,418.11,5,completed,330.31
O003023,C00458,2026-07-05T13:40:27Z,mobile,278.02,1,completed,219.64
O003024,C00502,2026-07-09T15:49:13Z,web,476.39,2,completed,376.35
O003025,C00277,2026-07-16T04:05:08Z,partner,178.14,2,completed,140.73
O003026,C00150,2026-07-15T04:17:56Z,web,310.95,6,completed,245.65
O003027,C00410,2026-07-01T05:04:17Z,web,413.54,1,completed,326.70
O003028,C00256,2026-07-01T20:37:39Z,partner,297.34,4,completed,234.90
O003029,C00035,2026-07-16T13:21:55Z,partner,409.81,6,completed,323.75
O003030,C00684,2026-07-15T19:49:17Z,partner,175.04,2,completed,138.28
O003031,C00285,2026-07-25T22:47:19Z,mobile,466.68,3,completed,368.68
O003032,C00187,2026-07-17T00:30:15Z,mobile,74.58,3,completed,58.92
O003033,C00773,2026-07-02T20:15:34Z,web,478.77,2,completed,378.23
O003035,C00707,2026-07-11T01:43:31Z,web,113.88,6,completed,89.97
O003036,C01172,2026-07-23T21:56:51Z,web,388.31,2,completed,306.76
O003037,C00128,2026-07-23T09:09:27Z,mobile,416.13,6,completed,328.74
O003038,C00001,2026-07-26T07:17:32Z,web,178.88,5,completed,141.32
O003039,C00132,2026-07-25T08:45:14Z,partner,64.91,2,completed,51.28
O003040,C00216,2026-07-08T20:33:28Z,store,310.64,1,completed,245.41
O003041,C01167,2026-07-09T10:35:54Z,web,483.59,3,completed,382.04
O003042,C01119,2026-07-11T04:57:34Z,partner,249.51,1,completed,197.11
O003043,C00919,2026-07-27T02:09:58Z,web,10.07,5,completed,7.96
O003044,C00791,2026-07-05T13:17:50Z,mobile,201.54,6,completed,159.22
O003045,C00417,2026-07-08T13:57:57Z,store,240.17,3,completed,189.73
O003046,C00233,2026-07-06T05:20:19Z,web,179.33,1,completed,141.67
O003047,C00057,2026-07-30T22:13:36Z,web,288.52,1,completed,227.93
O003048,C00469,2026-07-14T20:04:29Z,web,425.50,2,completed,336.15
O003049,C01039,2026-07-31T06:28:20Z,store,428.00,2,completed,338.12
O003050,C01097,2026-07-16T16:45:30Z,web,434.27,3,completed,343.07
O003051,C00939,2026-07-06T11:41:02Z,partner,116.37,2,completed,91.93
O003052,C00263,2026-07-17T13:42:29Z,mobile,493.37,3,completed,389.76
O003053,C01150,2026-07-22T06:31:44Z,web,112.89,2,completed,89.18
O003054,C01001,2026-07-06T10:58:17Z,store,466.88,1,completed,368.84
O003055,C00647,2026-07-26T19:39:13Z,web,287.16,5,completed,226.86
O003056,C01081,2026-07-07T23:12:00Z,mobile,251.05,3,completed,198.33
O003057,C00818,2026-07-29T10:20:25Z,partner,473.33,1,completed,373.93
O003058,C00062,2026-07-17T20:29:31Z,partner,31.39,1,completed,24.80
O003059,C01013,2026-07-25T00:48:00Z,web,348.76,5,completed,275.52
O003060,C00232,2026-07-20T19:32:18Z,partner,215.42,6,completed,170.18
O003061,C00206,2026-07-20T07:06:35Z,mobile,351.06,2,completed,277.34
O003062,C00924,2026-07-13T13:58:52Z,store,411.30,1,completed,324.93
O003063,C01009,2026-07-28T04:29:32Z,mobile,43.43,6,completed,34.31
O003064,C00734,2026-07-13T03:03:58Z,store,138.71,5,completed,109.58
O003065,C00988,2026-07-03T03:41:50Z,mobile,163.83,4,completed,129.43
O003066,C00711,2026-07-27T06:46:48Z,partner,116.85,3,completed,92.31
O003067,C00732,2026-07-05T20:19:04Z,partner,97.33,6,completed,76.89
O003068,C00291,2026-07-13T18:22:07Z,store,146.04,1,completed,115.37
O003069,C00537,2026-07-14T09:19:59Z,mobile,229.28,4,completed,181.13
O003070,C00140,2026-07-18T16:25:35Z,mobile,471.01,1,completed,372.10
O003071,C00488,2026-07-08T11:03:32Z,partner,116.20,6,completed,91.80
O003072,C00811,2026-07-28T01:10:28Z,web,487.39,4,completed,385.04
O003073,C00526,2026-07-13T16:51:38Z,store,435.29,3,completed,343.88
O003074,C00795,2026-07-26T10:03:53Z,web,219.77,3,completed,173.62
O003075,C00579,2026-07-09T19:13:42Z,partner,92.23,1,completed,72.86
O003076,C00531,2026-07-11T00:24:16Z,mobile,265.86,3,completed,210.03
O003077,C00409,2026-07-23T18:56:44Z,store,115.18,1,completed,90.99
O003078,C00648,2026-07-01T20:55:40Z,mobile,170.97,6,completed,135.07
O003079,C00496,2026-07-07T09:12:51Z,partner,34.40,5,completed,27.18
O003080,C00760,2026-07-18T00:26:25Z,partner,30.70,3,completed,24.25
O003081,C01039,2026-07-04T15:06:34Z,partner,273.89,2,completed,216.37
O003082,C01006,2026-07-02T02:33:45Z,partner,320.47,2,completed,253.17
O003083,C00059,2026-07-07T16:10:37Z,web,279.97,3,completed,221.18
O003084,C00264,2026-07-11T10:29:31Z,web,10.15,1,completed,8.02
O003085,C01087,2026-07-18T23:11:27Z,partner,101.65,6,completed,80.30
O003087,C00053,2026-07-26T08:12:20Z,partner,298.81,2,completed,236.06
O003088,C00757,2026-07-01T16:30:31Z,store,16.37,2,completed,12.93
O003089,C01053,2026-07-20T20:14:35Z,partner,18.89,6,completed,14.92
O003090,C00945,2026-07-17T03:46:47Z,store,29.02,5,completed,22.93
O003091,C01050,2026-07-27T06:43:49Z,web,241.85,3,completed,191.06
O003092,C01028,2026-07-15T18:12:57Z,store,59.53,1,completed,47.03
O003093,C00306,2026-07-10T12:40:00Z,web,81.26,1,completed,64.20
O003094,C00058,2026-07-01T18:43:31Z,store,290.60,5,completed,229.57
O003095,C00583,2026-07-30T04:10:56Z,store,98.10,3,completed,77.50
O003096,C01087,2026-07-28T08:35:24Z,web,9.76,2,completed,7.71
O003097,C00431,2026-07-04T07:52:34Z,mobile,190.62,4,completed,150.59
O003099,C01134,2026-07-01T09:24:48Z,web,151.43,5,completed,119.63
O003101,C00474,2026-07-23T04:13:46Z,mobile,18.69,2,completed,14.77
O003102,C00206,2026-07-19T04:37:51Z,store,71.92,4,completed,56.82
O003103,C00326,2026-07-13T09:17:00Z,store,467.33,5,completed,369.19
O003104,C00341,2026-07-05T07:40:23Z,store,389.17,1,completed,307.44
O003105,C00464,2026-07-16T21:50:43Z,partner,124.54,2,completed,98.39
O003106,C01059,2026-07-28T00:17:42Z,web,160.40,1,completed,126.72
O003107,C00411,2026-07-21T16:05:09Z,partner,339.72,6,completed,268.38
O003108,C00495,2026-07-27T04:48:43Z,partner,341.94,2,completed,270.13
O003109,C00386,2026-07-27T00:43:52Z,partner,181.17,5,completed,143.12
O003110,C01008,2026-07-06T11:44:09Z,store,412.07,3,completed,325.54
O003111,C01018,2026-07-20T06:16:45Z,mobile,436.55,3,completed,344.87
O003112,C00761,2026-07-09T11:15:34Z,partner,212.12,2,completed,167.57
O003114,C00700,2026-07-17T01:50:30Z,partner,488.96,3,completed,386.28
O003116,C01017,2026-07-02T16:04:40Z,partner,92.63,6,completed,73.18
O003117,C00144,2026-07-22T08:16:24Z,partner,139.60,5,completed,110.28
O003118,C00210,2026-07-16T07:23:43Z,mobile,207.51,5,completed,163.93
O003119,C00065,2026-07-22T09:40:03Z,partner,415.24,3,completed,328.04
O003120,C00238,2026-07-06T07:37:00Z,web,304.97,5,completed,240.93
O003121,C00244,2026-07-21T08:22:50Z,mobile,78.14,6,completed,61.73
O003122,C00850,2026-07-01T05:42:01Z,store,202.84,5,completed,160.24
O003123,C00680,2026-07-03T20:53:38Z,mobile,79.04,1,completed,62.44
O003124,C00985,2026-07-11T14:10:48Z,store,322.14,6,completed,254.49
O003125,C01045,2026-07-01T20:47:19Z,partner,38.88,6,completed,30.72
O003126,C00098,2026-07-08T10:32:07Z,web,387.16,6,completed,305.86
O003127,C00144,2026-07-25T17:43:47Z,store,246.77,6,completed,194.95
O003128,C00178,2026-07-11T16:53:35Z,partner,498.03,5,completed,393.44
O003129,C00822,2026-07-31T07:40:53Z,web,195.87,3,completed,154.74
O003130,C00229,2026-07-02T15:36:56Z,web,74.58,6,completed,58.92
O003131,C00882,2026-07-05T15:05:41Z,store,252.62,1,completed,199.57
O003132,C00072,2026-07-20T07:44:27Z,web,201.44,1,completed,159.14
O003133,C00470,2026-07-26T22:42:27Z,web,97.66,6,completed,77.15
O003134,C00411,2026-07-31T11:39:09Z,store,398.17,5,completed,314.55
O003135,C00262,2026-07-03T07:33:02Z,partner,89.53,4,completed,70.73
O003136,C00904,2026-07-06T15:18:21Z,mobile,319.69,2,completed,252.56
O003137,C00882,2026-07-19T15:43:03Z,partner,367.85,3,completed,290.60
O003138,C00035,2026-07-26T09:46:27Z,mobile,34.66,1,completed,27.38
O003139,C00058,2026-07-12T22:54:56Z,web,99.10,6,completed,78.29
O003140,C00606,2026-07-24T15:00:01Z,web,203.87,2,completed,161.06
O003141,C00852,2026-07-07T20:43:37Z,partner,189.12,4,completed,149.40
O003142,C00843,2026-07-10T18:03:22Z,partner,146.29,3,completed,115.57
O003143,C00702,2026-07-05T12:47:08Z,web,80.11,2,completed,63.29
O003144,C00536,2026-07-19T19:48:32Z,store,318.37,1,completed,251.51
O003145,C00655,2026-07-27T04:13:29Z,mobile,457.07,3,completed,361.09
O003146,C01191,2026-07-25T10:57:54Z,store,351.17,6,completed,277.42
O003147,C00416,2026-07-08T20:08:33Z,partner,220.28,2,completed,174.02
O003150,C00193,2026-07-04T23:19:57Z,mobile,97.48,2,completed,77.01
O003151,C00422,2026-07-22T11:19:28Z,partner,82.52,4,completed,65.19
O003152,C01165,2026-07-17T21:22:53Z,store,174.25,2,completed,137.66
O003153,C00918,2026-07-16T11:46:55Z,store,162.07,2,completed,128.04
O003154,C00529,2026-07-10T13:56:30Z,store,366.39,1,completed,289.45
O003155,C00422,2026-07-05T01:07:56Z,mobile,147.55,3,completed,116.56
O003156,C01016,2026-07-25T18:13:37Z,partner,231.42,4,completed,182.82
O003157,C00470,2026-07-27T01:53:03Z,partner,77.59,4,completed,61.30
O003158,C00650,2026-07-08T10:12:12Z,partner,349.29,2,completed,275.94
O003159,C00576,2026-07-03T10:05:58Z,mobile,112.68,5,completed,89.02
O003160,C01163,2026-07-16T11:15:08Z,store,140.08,1,completed,110.66
O003161,C00795,2026-07-07T06:18:16Z,mobile,33.84,2,completed,26.73
O003162,C00472,2026-07-09T23:04:00Z,partner,436.44,4,completed,344.79
O003163,C00720,2026-07-02T14:30:56Z,web,107.21,3,completed,84.70
O003164,C00559,2026-07-02T22:29:41Z,partner,373.46,5,completed,295.03
O003165,C00623,2026-07-08T15:47:08Z,mobile,357.88,4,completed,282.73
O003166,C00737,2026-07-05T05:37:46Z,mobile,303.97,1,completed,240.14
O003168,C01040,2026-07-01T10:17:01Z,mobile,263.11,3,completed,207.86
O003169,C00351,2026-07-27T09:56:01Z,store,61.11,4,completed,48.28
O003170,C00336,2026-07-26T23:26:06Z,mobile,283.79,6,completed,224.19
O003171,C01063,2026-07-20T17:38:16Z,store,306.65,5,completed,242.25
O003172,C00337,2026-07-10T09:42:10Z,store,220.41,2,completed,174.12
O003173,C00649,2026-07-16T15:16:46Z,mobile,341.59,6,completed,269.86
O003174,C00750,2026-07-09T20:54:25Z,mobile,159.44,6,completed,125.96
O003175,C00353,2026-07-10T18:34:24Z,store,157.75,2,completed,124.62
O003176,C00539,2026-07-30T09:20:24Z,mobile,301.34,3,completed,238.06
O003177,C00707,2026-07-12T12:29:55Z,web,80.33,5,completed,63.46
O003179,C00236,2026-07-20T14:18:29Z,partner,395.40,6,completed,312.37
O003180,C00889,2026-07-18T23:01:40Z,partner,365.48,1,completed,288.73
O003181,C00780,2026-07-07T04:34:32Z,store,464.74,1,completed,367.14
O003182,C00198,2026-07-27T21:15:27Z,web,65.44,4,completed,51.70
O003183,C00665,2026-07-03T07:03:38Z,web,495.28,5,completed,391.27
O003184,C00047,2026-07-07T02:31:24Z,web,115.49,1,completed,91.24
O003185,C00170,2026-07-22T09:44:01Z,store,98.19,4,completed,77.57
O003187,C01071,2026-07-03T20:47:32Z,mobile,466.36,5,completed,368.42
O003188,C00049,2026-07-01T10:18:22Z,web,476.64,2,completed,376.55
O003189,C00595,2026-07-10T13:07:00Z,partner,326.47,4,completed,257.91
O003190,C00908,2026-07-16T10:42:07Z,store,460.77,4,completed,364.01
O003191,C01185,2026-07-15T18:43:58Z,web,39.78,1,completed,31.43
O003192,C00010,2026-07-18T00:43:56Z,web,84.89,1,completed,67.06
O003193,C00976,2026-07-07T04:52:55Z,store,146.24,6,completed,115.53
O003195,C00007,2026-07-15T23:12:28Z,web,395.77,1,completed,312.66
O003196,C01116,2026-07-11T05:00:44Z,store,12.82,1,completed,10.13
O003197,C00448,2026-07-19T23:25:10Z,mobile,201.54,3,completed,159.22
O003198,C00702,2026-07-16T07:41:55Z,store,397.05,6,completed,313.67
O003199,C01184,2026-07-20T05:07:56Z,partner,24.70,6,completed,19.51
O003200,C00428,2026-07-31T03:04:33Z,partner,458.32,3,completed,362.07
O003201,C00478,2026-07-08T14:52:34Z,store,468.25,1,completed,369.92
O003202,C00079,2026-07-03T10:55:47Z,partner,146.09,4,completed,115.41
O003203,C00290,2026-07-13T07:03:44Z,mobile,358.68,1,completed,283.36
O003204,C00771,2026-07-17T23:57:41Z,partner,319.69,1,completed,252.56
O003205,C00535,2026-07-15T14:42:16Z,store,304.07,4,completed,240.22
O003206,C00165,2026-07-01T04:08:19Z,store,14.22,3,completed,11.23
O003207,C01145,2026-07-21T10:22:59Z,store,476.00,5,completed,376.04
O003208,C00659,2026-07-06T22:13:01Z,mobile,107.54,1,completed,84.96
O003209,C00148,2026-07-31T01:13:57Z,partner,343.83,6,completed,271.63
O003210,C00562,2026-07-24T14:36:49Z,partner,110.01,5,completed,86.91
O003211,C00147,2026-07-09T23:45:23Z,store,269.09,3,completed,212.58
O003212,C00302,2026-07-23T02:56:30Z,partner,483.94,3,completed,382.31
O003213,C00918,2026-07-04T19:20:31Z,partner,34.68,1,completed,27.40
O003214,C00483,2026-07-25T23:11:29Z,partner,195.30,2,completed,154.29
O003215,C00595,2026-07-21T16:24:13Z,mobile,108.89,5,completed,86.02
O003216,C00716,2026-07-17T18:51:40Z,mobile,33.51,2,completed,26.47
O003218,C00769,2026-07-24T20:14:45Z,store,44.10,1,completed,34.84
O003219,C01073,2026-07-09T06:22:17Z,store,30.96,4,completed,24.46
O003220,C00099,2026-07-13T23:52:41Z,store,341.63,5,completed,269.89
O003221,C00548,2026-07-25T10:14:32Z,web,486.53,2,completed,384.36
O003222,C00698,2026-07-09T11:08:33Z,store,167.96,3,completed,132.69
O003223,C00447,2026-07-21T18:13:01Z,mobile,88.30,3,completed,69.76
O003224,C00827,2026-07-04T08:59:40Z,partner,202.92,2,completed,160.31
O003225,C00806,2026-07-10T05:11:14Z,web,441.62,5,completed,348.88
O003226,C00653,2026-07-13T08:49:49Z,partner,167.16,4,completed,132.06
O003227,C00211,2026-07-15T06:19:15Z,mobile,304.11,2,completed,240.25
O003228,C00968,2026-07-22T02:20:53Z,partner,494.69,6,completed,390.81
O003229,C00306,2026-07-07T19:03:57Z,mobile,480.49,3,completed,379.59
O003231,C00160,2026-07-13T04:43:08Z,web,366.32,4,completed,289.39
O003232,C00578,2026-07-14T04:23:22Z,mobile,443.33,1,completed,350.23
O003233,C01071,2026-07-16T19:41:54Z,store,222.32,1,completed,175.63
O003234,C01180,2026-07-24T12:06:57Z,web,348.55,2,completed,275.35
O003235,C00870,2026-07-23T09:06:49Z,partner,461.59,1,completed,364.66
O003236,C01003,2026-07-20T01:27:11Z,partner,360.13,3,completed,284.50
O003237,C01169,2026-07-02T03:32:08Z,mobile,98.28,5,completed,77.64
O003238,C00964,2026-07-29T21:24:51Z,mobile,177.73,6,completed,140.41
O003239,C00507,2026-07-18T05:04:32Z,store,69.12,5,completed,54.60
O003240,C00059,2026-07-20T10:18:01Z,mobile,20.45,3,completed,16.16
O003241,C00682,2026-07-23T03:57:32Z,web,116.69,6,completed,92.19
O003243,C00982,2026-07-27T09:49:28Z,store,35.11,6,completed,27.74
O003244,C00396,2026-07-24T11:35:42Z,web,13.19,1,completed,10.42
O003245,C00990,2026-07-02T12:40:20Z,mobile,15.00,1,completed,11.85
O003247,C00337,2026-07-27T21:55:38Z,partner,144.52,6,completed,114.17
O003248,C00702,2026-07-18T17:40:09Z,store,358.57,5,completed,283.27
O003249,C00634,2026-07-10T17:51:16Z,mobile,195.00,3,completed,154.05
O003250,C00533,2026-07-10T00:12:47Z,web,467.05,5,completed,368.97
O003251,C00391,2026-07-27T07:09:48Z,mobile,435.74,2,completed,344.23
O003252,C00088,2026-07-19T14:19:58Z,mobile,30.27,3,completed,23.91
O003253,C00713,2026-07-25T13:57:54Z,partner,385.99,4,completed,304.93
O003254,C00847,2026-07-19T16:03:42Z,store,99.70,1,completed,78.76
O003255,C00484,2026-07-14T06:25:57Z,store,226.87,1,completed,179.23
O003256,C00478,2026-07-19T10:08:50Z,partner,136.85,2,completed,108.11
O003257,C00531,2026-07-19T19:42:55Z,mobile,477.69,5,completed,377.38
O003258,C00012,2026-07-16T13:49:12Z,store,168.12,4,completed,132.81
O003259,C00608,2026-07-28T08:32:40Z,store,276.36,5,completed,218.32
O003260,C00558,2026-07-20T05:15:42Z,web,427.34,3,completed,337.60
O003261,C00062,2026-07-31T03:35:28Z,partner,300.31,4,completed,237.24
O003262,C01022,2026-07-28T17:00:29Z,web,453.57,5,completed,358.32
O003263,C00371,2026-07-11T02:27:39Z,store,438.24,5,completed,346.21
O003264,C00687,2026-07-03T16:02:09Z,partner,11.63,2,completed,9.19
O003265,C00603,2026-07-28T14:37:05Z,web,430.11,2,completed,339.79
O003267,C00093,2026-07-27T03:11:44Z,partner,282.57,6,completed,223.23
O003268,C00468,2026-07-27T09:43:48Z,web,376.26,5,completed,297.25
O003269,C01052,2026-07-09T18:05:02Z,partner,30.89,1,completed,24.40
O003270,C00971,2026-07-15T08:06:26Z,store,148.60,3,completed,117.39
O003271,C01001,2026-07-07T05:59:05Z,store,177.61,2,completed,140.31
O003272,C00423,2026-07-09T16:47:04Z,store,360.06,1,completed,284.45
O003273,C00523,2026-07-11T15:02:50Z,partner,457.23,4,completed,361.21
O003274,C00907,2026-07-16T00:47:35Z,store,418.60,3,completed,330.69
O003275,C01060,2026-07-10T03:45:14Z,partner,101.50,3,completed,80.19
O003276,C00476,2026-07-27T05:31:43Z,partner,225.08,5,completed,177.81
O003278,C00018,2026-07-19T00:48:43Z,web,11.09,2,completed,8.76
O003279,C01008,2026-07-10T10:16:41Z,store,105.31,5,completed,83.19
O003281,C00001,2026-07-02T14:07:46Z,store,399.46,5,completed,315.57
O003282,C00084,2026-07-27T22:34:07Z,partner,200.00,2,completed,158.00
O003283,C00266,2026-07-04T10:55:05Z,store,253.94,5,completed,200.61
O003284,C01188,2026-07-30T19:53:57Z,web,201.26,6,completed,159.00
O003285,C00100,2026-07-23T09:33:23Z,partner,447.09,3,completed,353.20
O003286,C00586,2026-07-23T23:28:29Z,web,216.24,6,completed,170.83
O003287,C00282,2026-07-07T05:53:29Z,mobile,321.22,6,completed,253.76
O003288,C00196,2026-07-05T18:11:48Z,partner,159.99,4,completed,126.39
O003290,C00258,2026-07-17T21:33:53Z,store,400.77,1,completed,316.61
O003291,C00116,2026-07-27T04:29:24Z,web,358.62,5,completed,283.31
O003292,C00887,2026-07-26T15:48:32Z,web,342.36,6,completed,270.46
O003294,C00563,2026-07-31T02:48:06Z,store,37.95,1,completed,29.98
O003295,C00700,2026-07-21T19:50:21Z,store,491.69,6,completed,388.44
O003296,C00326,2026-07-09T02:39:52Z,mobile,270.19,5,completed,213.45
O003297,C00969,2026-07-03T00:12:10Z,partner,364.37,3,completed,287.85
O003298,C00106,2026-07-12T22:09:06Z,mobile,461.29,6,completed,364.42
O003299,C00522,2026-07-30T14:46:22Z,mobile,462.04,6,completed,365.01
O003300,C00711,2026-07-26T03:04:10Z,partner,418.33,2,completed,330.48
O003301,C01132,2026-07-04T17:14:26Z,mobile,311.52,5,completed,246.10
O003302,C00535,2026-07-27T03:24:03Z,store,5.04,1,completed,3.98
O003303,C00952,2026-07-19T06:41:23Z,web,370.68,5,completed,292.84
O003304,C00025,2026-07-18T23:11:07Z,partner,479.51,2,completed,378.81
O003305,C00527,2026-07-08T13:36:23Z,partner,244.91,5,completed,193.48
O003306,C00366,2026-07-29T22:16:27Z,web,387.60,1,completed,306.20
O003307,C00726,2026-07-15T17:45:51Z,partner,235.64,3,completed,186.16
O003308,C00446,2026-07-26T16:04:27Z,web,321.44,4,completed,253.94
O003309,C01175,2026-07-26T10:34:28Z,mobile,137.51,3,completed,108.63
O003310,C00335,2026-07-14T01:32:01Z,mobile,219.00,3,completed,173.01
O003312,C00399,2026-07-07T14:16:03Z,web,107.14,4,completed,84.64
O003313,C00232,2026-07-06T06:08:55Z,web,190.02,4,completed,150.12
O003314,C00794,2026-07-08T10:34:17Z,web,189.86,5,completed,149.99
O003315,C00392,2026-07-16T14:36:20Z,store,481.80,1,completed,380.62
O003316,C00672,2026-07-25T00:49:48Z,web,202.60,6,completed,160.05
O003317,C01193,2026-07-19T09:38:31Z,mobile,494.79,1,completed,390.88
O003318,C00979,2026-07-06T17:24:40Z,web,317.65,3,completed,250.94
O003319,C00990,2026-07-25T02:56:57Z,partner,236.73,6,completed,187.02
O003320,C00540,2026-07-24T01:01:04Z,partner,141.54,6,completed,111.82
O003321,C00222,2026-07-06T12:31:49Z,store,163.17,1,completed,128.90
O003322,C00751,2026-07-22T08:38:45Z,store,377.55,4,completed,298.26
O003323,C00824,2026-07-18T07:51:44Z,store,432.09,6,completed,341.35
O003325,C00421,2026-07-15T08:43:56Z,partner,55.11,6,completed,43.54
O003326,C00986,2026-07-03T11:35:07Z,store,328.64,4,completed,259.63
O003327,C00972,2026-07-08T00:59:03Z,partner,471.44,6,completed,372.44
O003328,C00597,2026-07-01T01:20:03Z,web,162.84,2,completed,128.64
O003329,C00921,2026-07-07T17:19:52Z,store,353.59,2,completed,279.34
O003330,C01021,2026-07-15T16:11:32Z,mobile,461.08,6,completed,364.25
O003331,C00850,2026-07-07T02:41:32Z,partner,406.39,4,completed,321.05
O003332,C00964,2026-07-26T15:43:28Z,store,404.78,1,completed,319.78
O003333,C00098,2026-07-25T06:09:29Z,store,288.37,6,completed,227.81
O003334,C00885,2026-07-11T00:14:23Z,mobile,107.39,6,completed,84.84
O003335,C00017,2026-07-22T08:16:40Z,mobile,492.49,2,completed,389.07
O003336,C00547,2026-07-24T07:08:19Z,web,319.89,2,completed,252.71
O003337,C00486,2026-07-24T00:01:15Z,store,298.39,5,completed,235.73
O003338,C00826,2026-07-25T20:09:07Z,store,24.97,6,completed,19.73
O003339,C00637,2026-07-28T03:37:48Z,partner,455.91,1,completed,360.17
O003340,C01198,2026-07-17T04:43:19Z,partner,293.27,4,completed,231.68
O003341,C00114,2026-07-12T01:54:42Z,mobile,288.24,5,completed,227.71
O003342,C00572,2026-07-01T12:41:38Z,store,453.31,2,completed,358.11
O003343,C00701,2026-07-27T03:38:06Z,partner,129.68,4,completed,102.45
O003344,C01190,2026-07-05T03:48:14Z,store,208.77,6,completed,164.93
O003345,C00337,2026-07-15T05:14:45Z,web,465.05,6,completed,367.39
O003347,C00292,2026-07-20T20:58:43Z,mobile,233.84,6,completed,184.73
O003348,C00598,2026-07-11T12:19:47Z,web,362.85,6,completed,286.65
O003349,C00903,2026-07-16T13:29:30Z,web,340.83,2,completed,269.26
O003350,C00470,2026-07-25T04:11:57Z,mobile,454.65,5,completed,359.17
O003351,C00295,2026-07-09T17:14:04Z,mobile,58.57,1,completed,46.27
O003352,C00876,2026-07-14T09:12:08Z,store,320.53,6,completed,253.22
O003353,C00761,2026-07-07T18:53:11Z,store,422.07,4,completed,333.44
O003354,C00301,2026-07-13T19:21:58Z,store,17.85,5,completed,14.10
O003355,C00719,2026-07-08T15:13:08Z,partner,266.49,2,completed,210.53
O003357,C00891,2026-07-03T07:58:53Z,web,487.04,3,completed,384.76
O003359,C00735,2026-07-09T02:40:31Z,web,189.89,5,completed,150.01
O003360,C00246,2026-07-03T06:52:53Z,store,20.26,5,completed,16.01
O003361,C00101,2026-07-03T23:25:40Z,mobile,403.94,4,completed,319.11
O003362,C00859,2026-07-14T17:21:58Z,web,460.10,5,completed,363.48
O003363,C00519,2026-07-26T01:49:40Z,web,128.63,6,completed,101.62
O003364,C00023,2026-07-06T21:59:06Z,mobile,241.03,2,completed,190.41
O003366,C00763,2026-07-18T13:28:46Z,store,76.16,2,completed,60.17
O003368,C00698,2026-07-26T19:17:13Z,web,237.63,3,completed,187.73
O003369,C00392,2026-07-22T01:57:54Z,web,139.76,6,completed,110.41
O003370,C00371,2026-07-28T02:40:50Z,store,87.95,6,completed,69.48
O003371,C01113,2026-07-12T22:24:39Z,store,37.71,4,completed,29.79
O003372,C00815,2026-07-04T01:07:01Z,mobile,197.70,1,completed,156.18
O003373,C01198,2026-07-02T02:18:42Z,mobile,221.55,3,completed,175.02
O003374,C00843,2026-07-13T02:16:38Z,web,70.67,5,completed,55.83
O003375,C00450,2026-07-15T11:28:16Z,mobile,107.45,3,completed,84.89
O003376,C01074,2026-07-23T09:40:33Z,mobile,369.05,2,completed,291.55
O003377,C00754,2026-07-25T19:34:47Z,store,411.63,5,completed,325.19
O003378,C00297,2026-07-05T14:13:12Z,store,109.81,3,completed,86.75
O003379,C00444,2026-07-02T07:32:09Z,web,403.91,6,completed,319.09
O003380,C00704,2026-07-27T20:05:20Z,web,282.88,3,completed,223.48
O003381,C00641,2026-07-23T07:13:56Z,web,101.30,5,completed,80.03
O003382,C00353,2026-07-25T12:08:09Z,mobile,62.97,6,completed,49.75
O003384,C00003,2026-07-12T17:41:50Z,store,81.56,5,completed,64.43
O003385,C00042,2026-07-28T14:03:58Z,mobile,266.92,6,completed,210.87
O003386,C01192,2026-07-29T02:51:40Z,web,113.75,1,completed,89.86
O003388,C00380,2026-07-05T12:57:04Z,store,376.73,5,completed,297.62
O003389,C01029,2026-07-10T22:59:17Z,store,311.10,5,completed,245.77
O003390,C00390,2026-07-31T21:58:45Z,store,183.54,3,completed,145.00
O003391,C00419,2026-07-12T22:09:03Z,mobile,230.93,2,completed,182.43
O003392,C00780,2026-07-09T22:52:00Z,partner,235.10,6,completed,185.73
O003393,C00723,2026-07-01T03:58:48Z,mobile,331.70,2,completed,262.04
O003394,C00154,2026-07-01T19:58:48Z,store,97.69,6,completed,77.18
O003395,C00339,2026-07-23T21:30:10Z,store,355.78,1,completed,281.07
O003397,C00830,2026-07-22T11:12:48Z,mobile,394.99,6,completed,312.04
O003398,C00498,2026-07-09T22:49:06Z,mobile,213.23,6,completed,168.45
O003399,C00652,2026-07-13T20:07:57Z,partner,221.08,1,completed,174.65
O003400,C00907,2026-07-25T19:16:26Z,store,19.50,5,completed,15.41
O003401,C00606,2026-07-04T03:41:34Z,web,444.25,5,completed,350.96
O003402,C00229,2026-07-11T05:37:52Z,partner,259.94,3,completed,205.35
O003403,C00197,2026-07-14T05:53:10Z,store,266.78,1,completed,210.76
O003404,C00326,2026-07-30T17:07:45Z,mobile,228.48,5,completed,180.50
O003405,C00031,2026-07-28T13:31:59Z,web,420.55,2,completed,332.23
O003406,C00400,2026-07-20T03:11:08Z,store,52.43,4,completed,41.42
O003407,C00945,2026-07-18T06:19:08Z,partner,256.15,1,completed,202.36
O003408,C00395,2026-07-12T15:14:33Z,mobile,371.10,2,completed,293.17
O003409,C00303,2026-07-26T00:26:00Z,store,105.23,1,completed,83.13
O003410,C00946,2026-07-20T00:07:04Z,partner,419.66,6,completed,331.53
O003411,C00014,2026-07-19T03:09:07Z,mobile,291.47,6,completed,230.26
O003412,C00590,2026-07-24T20:01:15Z,store,22.64,6,completed,17.89
O003413,C01078,2026-07-06T21:50:08Z,mobile,499.68,4,completed,394.75
O003414,C00603,2026-07-14T20:22:03Z,store,42.71,3,completed,33.74
O003415,C00027,2026-07-08T17:52:20Z,mobile,219.85,4,completed,173.68
O003416,C00833,2026-07-11T01:58:29Z,mobile,142.86,4,completed,112.86
O003418,C01103,2026-07-24T02:33:48Z,store,55.69,2,completed,44.00
O003419,C00548,2026-07-10T22:23:24Z,store,229.24,5,completed,181.10
O003420,C00203,2026-07-14T09:13:18Z,mobile,85.35,5,completed,67.43
O003422,C00766,2026-07-18T21:33:27Z,mobile,219.89,4,completed,173.71
O003423,C00942,2026-07-26T13:20:13Z,store,487.53,2,completed,385.15
O003424,C01181,2026-07-02T12:10:09Z,mobile,47.37,3,completed,37.42
O003425,C00023,2026-07-20T09:29:24Z,web,84.16,2,completed,66.49
O003426,C01142,2026-07-06T13:44:51Z,partner,493.03,2,completed,389.49
O003427,C00625,2026-07-16T19:23:52Z,partner,86.96,3,completed,68.70
O003428,C00504,2026-07-04T15:05:10Z,web,148.66,2,completed,117.44
O003429,C00063,2026-07-19T02:05:58Z,mobile,30.32,6,completed,23.95
O003430,C00748,2026-07-07T09:10:12Z,web,46.20,4,completed,36.50
O003431,C00117,2026-07-27T11:22:00Z,web,417.92,2,completed,330.16
O003433,C00424,2026-07-19T14:40:06Z,web,480.27,3,completed,379.41
O003434,C00420,2026-07-27T10:09:39Z,web,201.92,4,completed,159.52
O003435,C01106,2026-07-14T13:49:09Z,store,324.07,1,completed,256.02
O003436,C00021,2026-07-25T01:58:45Z,web,388.20,1,completed,306.68
O003437,C00985,2026-07-08T21:27:57Z,partner,354.05,2,completed,279.70
O003438,C00961,2026-07-28T23:48:16Z,partner,401.08,4,completed,316.85
O003439,C00133,2026-07-30T00:39:45Z,store,324.29,6,completed,256.19
O003440,C00506,2026-07-17T06:41:13Z,partner,369.84,6,completed,292.17
O003441,C00208,2026-07-14T01:28:49Z,web,485.18,5,completed,383.29
O003444,C00584,2026-07-24T15:54:17Z,partner,146.59,5,completed,115.81
O003445,C00599,2026-07-08T14:15:26Z,partner,451.91,4,completed,357.01
O003446,C00341,2026-07-21T09:01:25Z,mobile,192.43,3,completed,152.02
O003447,C00907,2026-07-11T04:57:48Z,partner,300.78,3,completed,237.62
O003448,C01123,2026-07-17T10:05:30Z,mobile,368.41,6,completed,291.04
O003449,C00260,2026-07-08T12:07:50Z,web,228.90,3,completed,180.83
O003450,C00975,2026-07-23T01:51:25Z,store,227.68,1,completed,179.87
O003451,C01095,2026-07-30T11:17:49Z,store,307.34,2,completed,242.80
O003452,C00397,2026-07-05T15:52:18Z,web,189.51,2,completed,149.71
O003453,C00600,2026-07-20T06:13:50Z,mobile,216.65,6,completed,171.15
O003454,C00178,2026-07-14T10:42:36Z,partner,309.80,1,completed,244.74
O003455,C00188,2026-07-03T19:20:21Z,store,307.27,2,completed,242.74
O003456,C00335,2026-07-30T01:42:28Z,web,141.49,3,completed,111.78
O003457,C00950,2026-07-14T13:21:17Z,partner,350.93,1,completed,277.23
O003458,C00260,2026-07-20T11:40:48Z,mobile,79.10,5,completed,62.49
O003459,C00242,2026-07-15T05:32:47Z,partner,32.30,1,completed,25.52
O003460,C00890,2026-07-14T19:13:48Z,web,485.19,1,completed,383.30
O003461,C00634,2026-07-17T10:44:50Z,partner,268.44,4,completed,212.07
O003462,C00101,2026-07-06T08:26:51Z,mobile,54.04,2,completed,42.69
O003463,C00534,2026-07-29T22:22:28Z,store,63.17,5,completed,49.90
O003464,C00925,2026-07-26T07:27:48Z,mobile,152.89,2,completed,120.78
O003466,C00955,2026-07-31T09:41:49Z,mobile,289.10,3,completed,228.39
O003467,C00560,2026-07-30T06:10:20Z,mobile,349.24,4,completed,275.90
O003468,C00792,2026-07-21T06:12:46Z,mobile,332.56,1,completed,262.72
O003470,C00756,2026-07-04T08:03:48Z,mobile,482.25,1,completed,380.98
O003471,C00398,2026-07-13T09:27:35Z,store,279.82,3,completed,221.06
O003472,C00613,2026-07-02T15:37:31Z,partner,372.80,1,completed,294.51
O003473,C00331,2026-07-09T03:30:16Z,web,248.84,4,completed,196.58
O003474,C00021,2026-07-06T22:34:09Z,mobile,275.73,6,completed,217.83
O003475,C01034,2026-07-19T17:58:34Z,mobile,211.32,3,completed,166.94
O003476,C01118,2026-07-31T21:31:19Z,web,447.67,2,completed,353.66
O003477,C00457,2026-07-14T04:24:12Z,mobile,19.10,5,completed,15.09
O003478,C00675,2026-07-16T16:05:24Z,store,242.40,3,completed,191.50
O003479,C00997,2026-07-06T00:49:56Z,partner,95.49,4,completed,75.44
O003480,C00517,2026-07-11T13:17:11Z,web,329.69,5,completed,260.46
O003481,C00032,2026-07-09T21:02:02Z,partner,405.05,5,completed,319.99
O003482,C00761,2026-07-27T14:35:39Z,mobile,176.65,6,completed,139.55
O003483,C00494,2026-07-19T17:09:18Z,store,481.34,2,completed,380.26
O003484,C00901,2026-07-30T08:39:37Z,partner,100.80,3,completed,79.63
O003485,C00227,2026-07-29T21:31:37Z,mobile,478.55,5,completed,378.05
O003486,C00867,2026-07-06T09:09:57Z,store,26.71,4,completed,21.10
O003487,C00014,2026-07-31T06:56:04Z,store,111.52,1,completed,88.10
O003488,C00179,2026-07-22T13:49:55Z,store,114.39,6,completed,90.37
O003489,C00124,2026-07-23T12:05:20Z,store,128.52,1,completed,101.53
O003491,C00776,2026-07-06T04:21:59Z,mobile,226.44,4,completed,178.89
O003492,C00532,2026-07-15T23:02:13Z,partner,33.88,4,completed,26.77
O003493,C00516,2026-07-20T03:01:08Z,store,66.87,1,completed,52.83
O003494,C00398,2026-07-23T03:46:59Z,mobile,66.39,5,completed,52.45
O003495,C00394,2026-07-14T13:17:41Z,web,294.35,3,completed,232.54
O003496,C01148,2026-07-11T22:08:43Z,partner,411.18,4,completed,324.83
O003497,C00291,2026-07-10T21:19:50Z,mobile,410.68,6,completed,324.44
O003498,C00402,2026-07-11T15:23:41Z,partner,205.78,4,completed,162.57
O003499,C00467,2026-07-28T18:05:21Z,web,74.90,3,completed,59.17
O003500,C00965,2026-07-31T16:32:54Z,partner,317.37,3,completed,250.72
O003501,C00845,2026-07-21T04:58:08Z,web,436.88,5,completed,345.14
O003502,C00599,2026-07-03T13:09:29Z,store,134.45,2,completed,106.22
O003503,C00526,2026-07-29T01:57:49Z,partner,247.30,2,completed,195.37
O003504,C00528,2026-07-13T19:27:23Z,mobile,251.23,6,completed,198.47
O003505,C00932,2026-07-21T04:11:06Z,partner,205.06,5,completed,162.00
O003506,C00282,2026-07-28T05:34:11Z,mobile,205.99,2,completed,162.73
O003507,C00200,2026-07-11T01:10:59Z,partner,127.17,6,completed,100.46
O003508,C00859,2026-07-09T20:56:20Z,mobile,276.96,2,completed,218.80
O003509,C00354,2026-07-02T04:03:23Z,store,179.10,6,completed,141.49
O003510,C00087,2026-07-14T17:47:07Z,mobile,319.73,4,completed,252.59
O003511,C00404,2026-07-31T16:00:35Z,store,239.80,5,completed,189.44
O003512,C01113,2026-07-19T15:34:53Z,store,316.23,1,completed,249.82
O003513,C00993,2026-07-31T00:40:52Z,web,35.47,2,completed,28.02
O003515,C00747,2026-07-27T01:12:51Z,partner,493.87,3,completed,390.16
O003516,C00825,2026-07-01T00:49:51Z,partner,482.54,4,completed,381.21
O003517,C00866,2026-07-05T08:27:31Z,partner,152.21,3,completed,120.25
O003518,C00627,2026-07-05T16:19:43Z,mobile,273.83,5,completed,216.33
O003519,C00838,2026-07-04T05:34:17Z,store,224.43,1,completed,177.30
O003520,C00351,2026-07-22T07:03:02Z,partner,397.25,2,completed,313.83
O003521,C00022,2026-07-01T14:24:51Z,mobile,5.88,3,completed,4.65
O003522,C00408,2026-07-07T03:19:31Z,web,420.16,4,completed,331.93
O003523,C00242,2026-07-07T18:26:28Z,mobile,343.71,2,completed,271.53
O003524,C00804,2026-07-10T08:16:58Z,store,177.42,2,completed,140.16
O003525,C00528,2026-07-12T00:07:24Z,store,313.09,6,completed,247.34
O003526,C00764,2026-07-06T10:36:07Z,store,79.04,6,completed,62.44
O003527,C00621,2026-07-31T03:02:29Z,partner,79.23,4,completed,62.59
O003528,C00330,2026-07-15T09:12:49Z,mobile,46.40,6,completed,36.66
O003529,C00857,2026-07-14T02:24:30Z,store,424.52,4,completed,335.37
O003530,C00419,2026-07-26T18:22:51Z,mobile,446.39,5,completed,352.65
O003531,C00702,2026-07-22T04:54:40Z,partner,384.61,1,completed,303.84
O003532,C00407,2026-07-29T00:13:01Z,mobile,189.41,5,completed,149.63
O003533,C00896,2026-07-18T16:08:36Z,mobile,264.21,1,completed,208.73
O003534,C00289,2026-07-13T19:22:43Z,mobile,468.23,6,completed,369.90
O003535,C00955,2026-07-19T00:45:44Z,partner,61.24,2,completed,48.38
O003537,C00295,2026-07-03T10:37:11Z,partner,351.41,4,completed,277.61
O003538,C00653,2026-07-12T08:15:52Z,store,320.77,5,completed,253.41
O003539,C00648,2026-07-29T09:58:40Z,mobile,319.70,2,completed,252.56
O003540,C01171,2026-07-17T03:24:40Z,web,214.50,5,completed,169.46
O003541,C00948,2026-07-15T18:10:35Z,mobile,224.33,5,completed,177.22
O003542,C01200,2026-07-24T11:15:45Z,partner,216.14,4,completed,170.75
O003543,C00451,2026-07-20T08:34:22Z,web,25.08,5,completed,19.81
O003544,C00471,2026-07-21T14:48:10Z,store,201.37,4,completed,159.08
O003545,C00410,2026-07-07T07:15:24Z,web,456.97,3,completed,361.01
O003546,C00436,2026-07-06T09:11:07Z,store,346.26,2,completed,273.55
O003547,C00786,2026-07-26T01:19:42Z,web,66.91,3,completed,52.86
O003548,C00795,2026-07-04T05:31:46Z,web,279.56,2,completed,220.85
O003549,C00322,2026-07-07T07:19:45Z,store,82.89,4,completed,65.48
O003550,C00423,2026-07-08T10:21:02Z,web,103.56,3,completed,81.81
O003551,C00572,2026-07-16T20:05:38Z,partner,247.86,6,completed,195.81
O003552,C00815,2026-07-15T23:24:15Z,web,444.32,1,completed,351.01
O003553,C00361,2026-07-12T06:28:58Z,store,486.15,1,completed,384.06
O003554,C00229,2026-07-19T00:39:53Z,mobile,343.64,2,completed,271.48
O003555,C00870,2026-07-29T17:24:47Z,partner,261.27,6,completed,206.40
O003557,C00559,2026-07-10T09:08:57Z,mobile,266.18,1,completed,210.28
O003558,C00211,2026-07-11T03:43:30Z,partner,489.40,5,completed,386.63
O003559,C00862,2026-07-29T03:56:56Z,mobile,65.61,3,completed,51.83
O003561,C00669,2026-07-22T09:45:24Z,store,212.44,3,completed,167.83
O003562,C00793,2026-07-21T03:25:37Z,store,184.74,2,completed,145.94
O003563,C00390,2026-07-19T16:57:27Z,partner,149.33,4,completed,117.97
O003564,C00921,2026-07-06T00:26:52Z,web,429.10,5,completed,338.99
O003565,C00016,2026-07-15T18:23:00Z,web,146.80,1,completed,115.97
O003566,C00892,2026-07-13T14:01:01Z,partner,473.84,6,completed,374.33
O003567,C00503,2026-07-22T16:29:20Z,store,413.55,2,completed,326.70
O003568,C00038,2026-07-05T22:23:49Z,partner,404.34,1,completed,319.43
O003569,C00891,2026-07-21T22:14:08Z,web,284.12,2,completed,224.45
O003570,C00236,2026-07-05T03:21:51Z,mobile,187.65,5,completed,148.24
O003571,C00939,2026-07-10T19:44:38Z,store,173.38,2,completed,136.97
O003572,C00911,2026-07-23T03:58:24Z,web,244.04,1,completed,192.79
O003573,C00993,2026-07-15T04:58:47Z,partner,293.56,3,completed,231.91
O003574,C01091,2026-07-30T09:54:54Z,web,413.01,5,completed,326.28
O003575,C01017,2026-07-31T15:31:19Z,store,380.46,6,completed,300.56
O003576,C00493,2026-07-11T04:47:17Z,mobile,269.88,3,completed,213.21
O003577,C00774,2026-07-05T06:34:55Z,web,122.56,3,completed,96.82
O003578,C01159,2026-07-15T02:00:52Z,mobile,228.89,1,completed,180.82
O003579,C01137,2026-07-09T01:19:38Z,store,191.65,1,completed,151.40
O003580,C00187,2026-07-27T05:06:52Z,partner,22.24,2,completed,17.57
O003581,C00527,2026-07-13T02:05:07Z,mobile,5.00,3,completed,3.95
O003582,C01083,2026-07-04T14:53:02Z,web,37.37,3,completed,29.52
O003583,C00602,2026-07-13T12:40:20Z,store,345.39,6,completed,272.86
O003584,C00342,2026-07-16T10:11:12Z,web,459.26,2,completed,362.82
O003585,C00183,2026-07-31T20:13:21Z,mobile,44.45,3,completed,35.12
O003586,C00700,2026-07-25T05:07:17Z,mobile,492.75,5,completed,389.27
O003587,C00137,2026-07-18T03:06:34Z,store,404.70,5,completed,319.71
O003588,C00554,2026-07-23T23:09:36Z,mobile,246.00,5,completed,194.34
O003589,C00320,2026-07-07T05:32:22Z,partner,348.99,1,completed,275.70
O003590,C00986,2026-07-25T22:04:37Z,web,319.68,1,completed,252.55
O003591,C00467,2026-07-25T17:14:32Z,mobile,322.20,2,completed,254.54
O003592,C00047,2026-07-27T23:24:59Z,web,208.06,1,completed,164.37
O003593,C01143,2026-07-08T06:33:17Z,partner,33.04,1,completed,26.10
O003594,C00849,2026-07-18T08:56:46Z,store,36.84,4,completed,29.10
O003595,C01079,2026-07-20T05:16:33Z,store,159.09,2,completed,125.68
O003596,C00793,2026-07-08T16:49:15Z,web,190.51,2,completed,150.50
O003597,C00690,2026-07-02T14:39:27Z,partner,275.27,4,completed,217.46
O003598,C00342,2026-07-25T14:06:42Z,mobile,142.50,3,completed,112.58
O003599,C00704,2026-07-10T02:14:49Z,store,452.03,1,completed,357.10
O003600,C00741,2026-07-08T01:36:37Z,partner,228.44,3,completed,180.47
O003601,C00173,2026-07-13T17:35:10Z,mobile,15.01,3,completed,11.86
O003602,C00160,2026-07-04T12:15:05Z,web,390.69,4,completed,308.65
O003603,C00639,2026-07-23T13:05:49Z,partner,452.05,5,completed,357.12
O003604,C00345,2026-07-06T20:47:39Z,web,493.94,6,completed,390.21
O003605,C01193,2026-07-23T19:09:20Z,web,318.45,1,completed,251.58
O003607,C00589,2026-07-05T23:06:24Z,mobile,69.12,2,completed,54.60
O003608,C00156,2026-07-29T02:52:52Z,store,241.66,2,completed,190.91
O003609,C00159,2026-07-29T13:26:56Z,partner,384.11,2,completed,303.45
O003610,C00049,2026-07-24T03:57:10Z,store,318.97,4,completed,251.99
O003612,C00585,2026-07-20T06:07:55Z,web,211.84,4,completed,167.35
O003613,C00677,2026-07-03T08:42:05Z,mobile,275.34,3,completed,217.52
O003614,C00725,2026-07-01T00:18:47Z,web,257.24,5,completed,203.22
O003616,C00142,2026-07-31T23:05:01Z,partner,491.34,4,completed,388.16
O003617,C00319,2026-07-23T11:49:03Z,mobile,64.23,3,completed,50.74
O003618,C00421,2026-07-29T00:08:58Z,web,499.09,5,completed,394.28
O003619,C00135,2026-07-21T12:30:27Z,web,457.76,6,completed,361.63
O003620,C00186,2026-07-01T18:24:08Z,mobile,301.41,6,completed,238.11
O003621,C01024,2026-07-03T22:07:06Z,partner,437.73,2,completed,345.81
O003622,C00748,2026-07-25T04:08:24Z,store,392.73,3,completed,310.26
O003623,C00550,2026-07-05T22:26:19Z,store,373.50,2,completed,295.06
O003624,C00037,2026-07-30T07:28:55Z,web,348.13,5,completed,275.02
O003625,C00012,2026-07-19T00:12:23Z,mobile,144.22,5,completed,113.93
O003626,C00261,2026-07-09T10:24:28Z,partner,236.46,1,completed,186.80
O003627,C00474,2026-07-27T02:57:16Z,mobile,400.29,3,completed,316.23
O003628,C00241,2026-07-01T02:49:41Z,web,275.47,5,completed,217.62
O003629,C01160,2026-07-15T07:09:43Z,mobile,101.32,1,completed,80.04
O003630,C01117,2026-07-22T03:43:10Z,web,260.49,2,completed,205.79
O003631,C01190,2026-07-03T03:34:22Z,mobile,87.56,4,completed,69.17
O003633,C00786,2026-07-29T04:06:57Z,partner,452.49,1,completed,357.47
O003634,C00203,2026-07-26T10:55:47Z,mobile,230.21,3,completed,181.87
O003635,C00525,2026-07-27T03:04:47Z,store,45.96,1,completed,36.31
O003636,C00403,2026-07-15T20:59:27Z,mobile,291.41,3,completed,230.21
O003637,C00593,2026-07-27T20:30:54Z,mobile,392.66,6,completed,310.20
O003638,C00691,2026-07-02T18:35:10Z,mobile,74.70,3,completed,59.01
O003639,C00689,2026-07-25T10:42:26Z,partner,63.41,3,completed,50.09
O003640,C00564,2026-07-24T15:47:46Z,web,268.18,1,completed,211.86
O003641,C00059,2026-07-25T20:46:35Z,store,293.20,4,completed,231.63
O003642,C00546,2026-07-04T18:19:30Z,store,277.91,2,completed,219.55
O003643,C01132,2026-07-05T19:40:23Z,store,104.89,2,completed,82.86
O003644,C00502,2026-07-17T05:43:54Z,mobile,90.13,3,completed,71.20
O003645,C00987,2026-07-03T16:16:37Z,store,377.60,5,completed,298.30
O003646,C00217,2026-07-31T15:22:42Z,mobile,107.65,2,completed,85.04
O003647,C00455,2026-07-20T01:06:10Z,partner,431.06,6,completed,340.54
O003648,C00764,2026-07-31T10:49:02Z,web,152.39,6,completed,120.39
O003649,C00693,2026-07-07T16:22:20Z,mobile,67.52,3,completed,53.34
O003651,C00042,2026-07-09T16:16:38Z,mobile,128.58,3,completed,101.58
O003652,C00300,2026-07-29T21:44:14Z,mobile,262.18,5,completed,207.12
O003653,C00796,2026-07-04T08:56:13Z,store,74.22,4,completed,58.63
O003655,C00364,2026-07-03T15:39:07Z,mobile,473.33,5,completed,373.93
O003656,C00807,2026-07-20T04:33:35Z,partner,249.53,6,completed,197.13
O003657,C00751,2026-07-27T02:19:24Z,store,466.43,3,completed,368.48
O003658,C00366,2026-07-23T03:21:16Z,partner,371.79,5,completed,293.71
O003659,C00742,2026-07-25T02:09:45Z,web,357.69,4,completed,282.58
O003660,C00199,2026-07-31T01:13:23Z,partner,40.27,3,completed,31.81
O003661,C00597,2026-07-07T13:20:47Z,web,288.71,6,completed,228.08
O003662,C00899,2026-07-03T10:48:53Z,mobile,53.26,6,completed,42.08
O003663,C00910,2026-07-20T03:29:52Z,mobile,453.40,3,completed,358.19
O003664,C00036,2026-07-17T22:12:55Z,mobile,50.14,5,completed,39.61
O003665,C00753,2026-07-28T00:49:55Z,web,473.28,1,completed,373.89
O003666,C01129,2026-07-20T18:58:35Z,web,10.42,2,completed,8.23
O003667,C00281,2026-07-02T02:11:56Z,partner,68.91,5,completed,54.44
O003668,C00083,2026-07-08T02:13:42Z,store,36.61,4,completed,28.92
O003669,C00042,2026-07-08T07:09:25Z,partner,150.35,1,completed,118.78
O003670,C00032,2026-07-28T20:29:01Z,web,145.23,6,completed,114.73
O003671,C00022,2026-07-08T08:00:56Z,web,364.33,2,completed,287.82
O003672,C00288,2026-07-20T17:56:57Z,store,462.30,1,completed,365.22
O003673,C01189,2026-07-05T12:57:14Z,mobile,188.97,3,completed,149.29
O003674,C00193,2026-07-25T14:13:20Z,mobile,101.39,2,completed,80.10
O003675,C00532,2026-07-30T09:09:48Z,partner,266.93,1,completed,210.87
O003676,C00012,2026-07-14T12:18:36Z,store,373.28,1,completed,294.89
O003679,C00305,2026-07-29T08:12:30Z,partner,134.89,4,completed,106.56
O003680,C00016,2026-07-30T05:34:09Z,partner,359.56,3,completed,284.05
O003681,C00374,2026-07-21T20:56:26Z,web,445.02,1,completed,351.57
O003682,C00724,2026-07-11T02:51:06Z,web,214.87,6,completed,169.75
O003683,C00369,2026-07-28T06:20:44Z,web,335.55,3,completed,265.08
O003684,C00536,2026-07-20T06:59:34Z,store,420.46,6,completed,332.16
O003685,C00658,2026-07-03T07:26:46Z,web,484.58,5,completed,382.82
O003686,C00257,2026-07-27T02:54:52Z,partner,201.65,1,completed,159.30
O003687,C01029,2026-07-23T23:23:28Z,partner,332.13,6,completed,262.38
O003688,C00802,2026-07-29T18:01:54Z,web,403.08,5,completed,318.43
O003689,C00659,2026-07-05T22:40:03Z,partner,158.85,5,completed,125.49
O003690,C00541,2026-07-04T14:27:01Z,store,423.58,4,completed,334.63
O003691,C00378,2026-07-09T01:24:07Z,store,347.12,3,completed,274.22
O003692,C00197,2026-07-20T01:42:28Z,partner,182.85,5,completed,144.45
O003693,C00176,2026-07-14T22:21:49Z,partner,465.62,3,completed,367.84
O003695,C00673,2026-07-15T07:06:57Z,web,491.92,4,completed,388.62
O003697,C00583,2026-07-29T00:38:57Z,store,111.62,4,completed,88.18
O003698,C01117,2026-07-05T16:18:21Z,store,55.79,1,completed,44.07
O003699,C00944,2026-07-17T03:30:18Z,partner,388.16,2,completed,306.65
O003700,C00405,2026-07-26T22:08:12Z,mobile,128.14,5,completed,101.23
O003701,C00354,2026-07-03T04:08:05Z,web,168.92,3,completed,133.45
O003703,C00289,2026-07-18T22:22:05Z,mobile,185.79,2,completed,146.77
O003704,C00657,2026-07-23T11:54:22Z,store,414.24,1,completed,327.25
O003705,C00612,2026-07-20T11:20:38Z,partner,254.63,3,completed,201.16
O003706,C00548,2026-07-28T09:36:49Z,store,391.25,3,completed,309.09
O003707,C00402,2026-07-08T22:15:55Z,mobile,210.48,3,completed,166.28
O003708,C00474,2026-07-31T21:02:55Z,web,18.88,6,completed,14.92
O003709,C00946,2026-07-09T01:53:01Z,partner,41.91,5,completed,33.11
O003710,C00831,2026-07-10T15:49:39Z,mobile,130.91,6,completed,103.42
O003711,C00256,2026-07-09T03:28:49Z,web,34.37,1,completed,27.15
O003712,C01036,2026-07-04T15:56:41Z,partner,457.71,6,completed,361.59
O003713,C00701,2026-07-24T15:22:18Z,partner,366.69,3,completed,289.69
O003714,C00635,2026-07-08T08:28:33Z,store,146.43,4,completed,115.68
O003715,C01054,2026-07-27T09:09:27Z,web,114.07,4,completed,90.12
O003716,C00089,2026-07-25T14:52:06Z,web,172.78,2,completed,136.50
O003717,C00868,2026-07-18T19:05:48Z,partner,333.39,4,completed,263.38
O003718,C00574,2026-07-23T05:50:59Z,partner,186.83,5,completed,147.60
O003719,C00144,2026-07-23T16:36:39Z,web,284.76,6,completed,224.96
O003721,C00300,2026-07-04T06:09:35Z,web,219.14,4,completed,173.12
O003722,C00550,2026-07-12T21:17:43Z,web,412.28,6,completed,325.70
O003723,C00598,2026-07-18T18:34:11Z,mobile,197.39,3,completed,155.94
O003724,C00757,2026-07-31T00:32:01Z,web,375.36,1,completed,296.53
O003725,C00382,2026-07-10T03:51:43Z,web,484.16,4,completed,382.49
O003726,C00647,2026-07-24T22:12:09Z,mobile,133.80,1,completed,105.70
O003727,C00162,2026-07-03T13:19:26Z,mobile,280.23,2,completed,221.38
O003728,C00819,2026-07-21T08:55:39Z,store,182.53,2,completed,144.20
O003729,C00572,2026-07-14T17:12:29Z,mobile,20.00,2,completed,15.80
O003730,C00700,2026-07-10T15:41:00Z,partner,64.79,3,completed,51.18
O003731,C00534,2026-07-30T06:36:01Z,web,52.05,1,completed,41.12
O003732,C00424,2026-07-03T16:07:22Z,mobile,52.36,2,completed,41.36
O003733,C00147,2026-07-01T03:29:54Z,mobile,210.01,3,completed,165.91
O003734,C00116,2026-07-12T15:37:14Z,mobile,309.55,1,completed,244.54
O003735,C00759,2026-07-08T20:15:45Z,mobile,23.63,2,completed,18.67
O003736,C00881,2026-07-03T07:13:18Z,web,120.18,3,completed,94.94
O003737,C00863,2026-07-11T15:56:49Z,store,382.25,2,completed,301.98
O003738,C00112,2026-07-15T10:17:37Z,web,335.12,4,completed,264.74
O003739,C00210,2026-07-15T06:00:16Z,mobile,32.74,3,completed,25.86
O003741,C01054,2026-07-12T15:56:44Z,partner,283.83,4,completed,224.23
O003742,C00245,2026-07-09T00:12:54Z,partner,366.00,5,completed,289.14
O003743,C00623,2026-07-05T00:14:25Z,store,190.92,1,completed,150.83
O003744,C00266,2026-07-28T21:22:14Z,mobile,208.31,6,completed,164.56
O003745,C00947,2026-07-15T16:31:34Z,web,66.23,6,completed,52.32
O003746,C00180,2026-07-30T15:36:08Z,mobile,324.01,4,completed,255.97
O003748,C00353,2026-07-04T14:20:25Z,partner,325.48,6,completed,257.13
O003749,C00196,2026-07-29T22:50:38Z,partner,95.07,1,completed,75.11
O003750,C00814,2026-07-03T15:01:29Z,partner,172.19,6,completed,136.03
O003751,C00732,2026-07-03T12:00:49Z,mobile,115.28,4,completed,91.07
O003752,C01187,2026-07-22T16:29:47Z,partner,123.28,2,completed,97.39
O003753,C00040,2026-07-06T11:50:04Z,mobile,154.27,1,completed,121.87
O003754,C00603,2026-07-07T06:11:03Z,mobile,345.11,5,completed,272.64
O003755,C00624,2026-07-09T01:14:33Z,store,200.07,3,completed,158.06
O003756,C01084,2026-07-25T10:34:56Z,web,486.76,1,completed,384.54
O003757,C00868,2026-07-07T08:10:20Z,partner,236.80,1,completed,187.07
O003758,C00396,2026-07-07T11:39:08Z,web,356.98,3,completed,282.01
O003759,C00461,2026-07-05T05:25:58Z,web,343.63,1,completed,271.47
O003760,C00342,2026-07-11T14:04:18Z,store,299.07,6,completed,236.27
O003761,C00317,2026-07-07T06:30:49Z,mobile,381.40,2,completed,301.31
O003762,C00230,2026-07-01T12:25:47Z,web,200.58,3,completed,158.46
O003763,C00026,2026-07-01T19:38:47Z,store,274.49,1,completed,216.85
O003764,C00597,2026-07-31T06:38:08Z,mobile,318.96,6,completed,251.98
O003765,C00984,2026-07-12T23:23:15Z,partner,10.16,1,completed,8.03
O003766,C00151,2026-07-15T10:20:42Z,store,340.61,1,completed,269.08
O003767,C00347,2026-07-22T07:42:15Z,mobile,382.11,6,completed,301.87
O003768,C00884,2026-07-09T13:23:12Z,web,195.17,6,completed,154.18
O003769,C00702,2026-07-07T15:47:47Z,mobile,22.63,1,completed,17.88
O003770,C00365,2026-07-12T05:21:16Z,mobile,357.48,3,completed,282.41
O003771,C00369,2026-07-03T06:24:35Z,web,246.56,3,completed,194.78
O003772,C00373,2026-07-14T19:57:25Z,partner,441.71,4,completed,348.95
O003774,C00765,2026-07-17T21:24:46Z,web,405.22,6,completed,320.12
O003775,C00780,2026-07-05T19:26:08Z,partner,258.06,3,completed,203.87
O003776,C01016,2026-07-16T02:54:56Z,web,309.42,1,completed,244.44
O003777,C00143,2026-07-20T09:34:05Z,store,274.59,2,completed,216.93
O003778,C00260,2026-07-30T19:52:45Z,partner,335.70,3,completed,265.20
O003779,C00327,2026-07-14T09:25:13Z,mobile,136.50,2,completed,107.84
O003780,C00782,2026-07-02T10:03:26Z,store,56.23,4,completed,44.42
O003781,C00835,2026-07-07T06:01:48Z,mobile,151.04,6,completed,119.32
O003782,C00072,2026-07-12T14:26:02Z,store,468.50,1,completed,370.12
O003783,C01080,2026-07-14T16:29:01Z,mobile,269.94,5,completed,213.25
O003784,C00671,2026-07-01T12:26:47Z,mobile,343.81,3,completed,271.61
O003785,C00269,2026-07-27T12:04:27Z,partner,335.61,6,completed,265.13
O003786,C00641,2026-07-05T03:02:09Z,partner,406.77,3,completed,321.35
O003787,C01160,2026-07-30T00:58:27Z,mobile,68.14,6,completed,53.83
O003788,C00116,2026-07-09T19:59:46Z,mobile,224.43,4,completed,177.30
O003789,C01105,2026-07-07T09:16:03Z,store,222.91,5,completed,176.10
O003790,C00928,2026-07-29T05:18:47Z,mobile,427.45,3,completed,337.69
O003791,C01031,2026-07-19T06:33:01Z,web,64.90,4,completed,51.27
O003792,C01003,2026-07-15T08:29:58Z,web,56.01,2,completed,44.25
O003793,C00298,2026-07-07T12:04:25Z,web,477.39,6,completed,377.14
O003794,C00616,2026-07-15T20:50:56Z,partner,70.89,1,completed,56.00
O003795,C00620,2026-07-10T13:24:19Z,mobile,385.92,4,completed,304.88
O003797,C00021,2026-07-22T00:05:28Z,store,199.09,4,completed,157.28
O003798,C00507,2026-07-28T08:10:47Z,partner,487.92,3,completed,385.46
O003799,C00627,2026-07-23T01:43:21Z,web,489.24,2,completed,386.50
O003800,C00909,2026-07-09T13:04:38Z,web,185.13,3,completed,146.25
O003801,C00177,2026-07-06T19:45:57Z,partner,91.68,5,completed,72.43
O003802,C00548,2026-07-05T04:25:54Z,web,288.54,4,completed,227.95
O003803,C00429,2026-07-14T01:07:04Z,web,152.44,5,completed,120.43
O003804,C00690,2026-07-26T14:21:41Z,store,350.73,6,completed,277.08
O003805,C00004,2026-07-08T11:00:51Z,partner,444.41,4,completed,351.08
O003806,C00802,2026-07-07T22:48:19Z,partner,101.03,3,completed,79.81
O003807,C00199,2026-07-10T09:36:24Z,partner,32.89,5,completed,25.98
O003808,C00330,2026-07-13T18:03:47Z,store,106.77,5,completed,84.35
O003809,C00358,2026-07-19T23:53:35Z,partner,393.54,2,completed,310.90
O003810,C00016,2026-07-18T08:45:56Z,mobile,137.64,2,completed,108.74
O003811,C01062,2026-07-18T20:58:14Z,mobile,409.65,4,completed,323.62
O003812,C01071,2026-07-03T11:25:19Z,mobile,75.92,4,completed,59.98
O003813,C01101,2026-07-19T16:13:13Z,web,411.87,6,completed,325.38
O003814,C00491,2026-07-26T19:12:25Z,mobile,91.98,6,completed,72.66
O003815,C01021,2026-07-06T02:40:38Z,mobile,393.65,5,completed,310.98
O003816,C01130,2026-07-13T08:21:47Z,mobile,178.73,1,completed,141.20
O003817,C00690,2026-07-22T15:13:26Z,web,311.80,3,completed,246.32
O003818,C00175,2026-07-15T18:03:45Z,store,220.37,5,completed,174.09
O003819,C00071,2026-07-26T05:26:21Z,partner,323.92,5,completed,255.90
O003820,C01133,2026-07-12T05:01:57Z,partner,258.83,5,completed,204.48
O003821,C00461,2026-07-25T16:22:08Z,partner,74.79,6,completed,59.08
O003822,C00388,2026-07-04T12:34:39Z,store,360.05,3,completed,284.44
O003823,C01123,2026-07-15T10:31:25Z,web,314.11,3,completed,248.15
O003824,C00956,2026-07-14T13:09:10Z,mobile,381.65,2,completed,301.50
O003825,C00797,2026-07-23T11:13:48Z,mobile,235.30,4,completed,185.89
O003826,C00469,2026-07-17T19:39:47Z,web,123.04,5,completed,97.20
O003827,C00661,2026-07-20T14:14:57Z,partner,103.76,1,completed,81.97
O003828,C00603,2026-07-23T10:16:39Z,mobile,187.54,4,completed,148.16
O003829,C00610,2026-07-13T10:44:51Z,store,492.75,6,completed,389.27
O003830,C01157,2026-07-13T15:39:03Z,store,272.44,1,completed,215.23
O003831,C00235,2026-07-19T17:07:49Z,partner,356.09,2,completed,281.31
O003832,C00797,2026-07-30T09:25:34Z,store,407.57,4,completed,321.98
O003833,C01194,2026-07-18T13:09:18Z,partner,358.06,6,completed,282.87
O003835,C01137,2026-07-28T20:43:21Z,web,19.78,1,completed,15.63
O003836,C00688,2026-07-06T10:45:57Z,web,263.95,2,completed,208.52
O003837,C00210,2026-07-14T03:40:49Z,store,280.63,4,completed,221.70
O003838,C00932,2026-07-13T15:40:02Z,mobile,289.22,2,completed,228.48
O003839,C00332,2026-07-07T14:08:44Z,web,266.64,6,completed,210.65
O003841,C01136,2026-07-15T18:13:44Z,partner,167.82,2,completed,132.58
O003842,C00589,2026-07-27T17:38:32Z,store,6.29,5,completed,4.97
O003843,C00034,2026-07-17T09:03:51Z,store,164.57,1,completed,130.01
O003844,C00666,2026-07-13T18:47:38Z,partner,213.42,1,completed,168.60
O003845,C00232,2026-07-04T16:28:46Z,partner,247.57,2,completed,195.58
O003846,C01182,2026-07-26T07:58:28Z,mobile,91.81,5,completed,72.53
O003847,C00984,2026-07-13T23:14:56Z,partner,262.94,5,completed,207.72
O003848,C00370,2026-07-14T05:52:31Z,partner,297.33,2,completed,234.89
O003849,C00962,2026-07-04T18:16:27Z,mobile,377.05,2,completed,297.87
O003850,C00973,2026-07-09T23:17:10Z,web,446.04,5,completed,352.37
O003851,C00312,2026-07-08T01:21:28Z,web,41.23,4,completed,32.57
O003852,C00938,2026-07-30T06:57:00Z,mobile,333.11,6,completed,263.16
O003853,C00089,2026-07-27T08:52:51Z,mobile,479.63,6,completed,378.91
O003854,C00622,2026-07-11T16:50:29Z,web,111.13,5,completed,87.79
O003855,C00357,2026-07-29T09:38:01Z,partner,159.59,4,completed,126.08
O003856,C00978,2026-07-07T05:06:22Z,mobile,114.52,2,completed,90.47
O003857,C00658,2026-07-25T17:58:16Z,store,291.43,4,completed,230.23
O003858,C00363,2026-07-20T11:17:43Z,web,377.59,4,completed,298.30
O003859,C00336,2026-07-30T01:51:59Z,partner,395.36,3,completed,312.33
O003860,C00678,2026-07-08T21:31:55Z,web,444.11,6,completed,350.85
O003861,C00350,2026-07-13T04:51:48Z,store,189.75,6,completed,149.90
O003862,C00056,2026-07-13T07:11:33Z,mobile,31.98,5,completed,25.26
O003863,C00960,2026-07-22T17:28:52Z,store,104.04,6,completed,82.19
O003864,C00212,2026-07-18T17:18:39Z,store,389.32,5,completed,307.56
O003865,C00297,2026-07-28T05:13:33Z,store,296.64,2,completed,234.35
O003866,C00226,2026-07-16T02:15:05Z,web,499.66,5,completed,394.73
O003867,C00404,2026-07-11T15:39:24Z,mobile,203.16,2,completed,160.50
O003868,C00625,2026-07-02T20:12:30Z,store,348.93,6,completed,275.65
O003869,C00322,2026-07-02T21:49:54Z,partner,6.43,3,completed,5.08
O003870,C00147,2026-07-07T01:08:30Z,web,473.94,5,completed,374.41
O003871,C00042,2026-07-15T16:44:04Z,mobile,299.35,2,completed,236.49
O003872,C00619,2026-07-07T23:28:22Z,mobile,99.92,2,completed,78.94
O003873,C00037,2026-07-19T00:59:42Z,partner,212.09,3,completed,167.55
O003874,C00383,2026-07-16T01:45:02Z,partner,186.09,1,completed,147.01
O003875,C00911,2026-07-02T00:16:45Z,partner,222.68,1,completed,175.92
O003876,C01143,2026-07-24T05:16:24Z,store,142.53,1,completed,112.60
O003877,C00994,2026-07-07T04:02:45Z,partner,286.12,6,completed,226.03
O003878,C00069,2026-07-29T09:28:44Z,web,189.76,6,completed,149.91
O003879,C01114,2026-07-05T23:05:16Z,store,285.78,4,completed,225.77
O003880,C00769,2026-07-15T00:32:24Z,mobile,451.45,6,completed,356.65
O003881,C01197,2026-07-28T14:06:06Z,partner,263.28,2,completed,207.99
O003882,C00236,2026-07-05T02:37:03Z,store,488.89,4,completed,386.22
O003883,C00004,2026-07-21T10:38:03Z,partner,362.54,5,completed,286.41
O003884,C01122,2026-07-20T13:48:06Z,partner,365.12,5,completed,288.44
O003885,C00467,2026-07-28T04:26:49Z,mobile,446.60,1,completed,352.81
O003886,C00196,2026-07-16T04:59:01Z,store,253.70,4,completed,200.42
O003887,C00189,2026-07-11T01:02:28Z,mobile,491.41,2,completed,388.21
O003888,C00784,2026-07-15T10:20:08Z,web,125.36,3,completed,99.03
O003889,C00441,2026-07-11T20:36:48Z,store,349.64,1,completed,276.22
O003890,C00544,2026-07-20T01:20:29Z,partner,322.47,6,completed,254.75
O003891,C00719,2026-07-28T10:45:48Z,web,472.24,5,completed,373.07
O003892,C00817,2026-07-07T12:09:51Z,partner,240.76,4,completed,190.20
O003893,C00366,2026-07-15T02:50:33Z,mobile,315.23,6,completed,249.03
O003894,C00581,2026-07-29T23:53:08Z,mobile,37.36,6,completed,29.51
O003895,C00915,2026-07-11T11:05:20Z,mobile,489.98,2,completed,387.08
O003896,C00677,2026-07-31T14:38:30Z,web,169.03,6,completed,133.53
O003897,C00638,2026-07-12T10:33:45Z,partner,468.72,2,completed,370.29
O003898,C00449,2026-07-16T05:17:16Z,store,16.53,6,completed,13.06
O003899,C00568,2026-07-24T10:29:24Z,partner,467.16,5,completed,369.06
O003900,C01119,2026-07-12T21:50:16Z,partner,6.24,5,completed,4.93
O003901,C00365,2026-07-01T18:31:19Z,partner,246.92,6,completed,195.07
O003902,C00571,2026-07-29T17:13:33Z,mobile,363.96,1,completed,287.53
O003903,C00162,2026-07-18T15:10:00Z,store,433.43,4,completed,342.41
O003904,C00739,2026-07-11T21:42:19Z,partner,400.03,2,completed,316.02
O003905,C01177,2026-07-06T02:14:45Z,web,74.92,5,completed,59.19
O003906,C01177,2026-07-14T06:33:22Z,mobile,244.18,1,completed,192.90
O003907,C00792,2026-07-31T04:33:50Z,web,349.37,4,completed,276.00
O003908,C00282,2026-07-20T21:31:38Z,mobile,400.94,5,completed,316.74
O003909,C00911,2026-07-24T19:10:05Z,mobile,228.76,3,completed,180.72
O003910,C00488,2026-07-02T23:32:41Z,store,93.53,6,completed,73.89
O003911,C00491,2026-07-31T03:04:24Z,web,227.37,6,completed,179.62
O003912,C00219,2026-07-02T15:52:40Z,partner,180.20,4,completed,142.36
O003913,C00472,2026-07-05T16:46:08Z,web,70.56,6,completed,55.74
O003914,C00530,2026-07-01T05:46:01Z,store,324.28,3,completed,256.18
O003915,C00711,2026-07-17T05:56:01Z,web,355.40,6,completed,280.77
O003916,C00040,2026-07-04T21:52:20Z,mobile,420.31,5,completed,332.04
O003917,C00669,2026-07-04T20:04:49Z,mobile,494.68,5,completed,390.80
O003918,C00451,2026-07-12T03:41:57Z,partner,486.97,6,completed,384.71
O003919,C00276,2026-07-23T03:28:28Z,mobile,465.41,6,completed,367.67
O003920,C00726,2026-07-12T00:08:21Z,partner,106.50,5,completed,84.14
O003921,C01175,2026-07-02T23:28:36Z,store,133.99,4,completed,105.85
O003922,C00029,2026-07-28T04:28:43Z,store,418.54,4,completed,330.65
O003923,C01174,2026-07-02T05:08:35Z,partner,11.32,4,completed,8.94
O003924,C00024,2026-07-13T02:00:00Z,mobile,366.03,2,completed,289.16
O003925,C00088,2026-07-01T17:58:08Z,mobile,380.63,5,completed,300.70
O003926,C01153,2026-07-02T06:18:13Z,web,422.48,1,completed,333.76
O003927,C00362,2026-07-16T00:42:41Z,mobile,194.92,1,completed,153.99
O003928,C00180,2026-07-03T02:55:46Z,web,38.67,6,completed,30.55
O003929,C00590,2026-07-12T08:24:20Z,mobile,199.48,3,completed,157.59
O003930,C00986,2026-07-10T07:50:53Z,mobile,121.48,1,completed,95.97
O003931,C00301,2026-07-29T23:47:24Z,web,21.96,1,completed,17.35
O003932,C00678,2026-07-29T14:24:30Z,mobile,165.20,3,completed,130.51
O003933,C01043,2026-07-13T19:36:30Z,partner,321.50,6,completed,253.99
O003934,C00075,2026-07-31T10:06:14Z,mobile,398.97,3,completed,315.19
O003935,C01163,2026-07-27T16:28:13Z,web,264.56,1,completed,209.00
O003936,C00484,2026-07-27T02:00:58Z,web,192.05,2,completed,151.72
O003938,C01062,2026-07-11T18:30:56Z,store,472.14,3,completed,372.99
O003939,C00143,2026-07-01T16:20:21Z,web,50.46,2,completed,39.86
O003940,C00334,2026-07-14T23:29:25Z,store,175.07,6,completed,138.31
O003941,C00754,2026-07-19T03:03:24Z,web,298.33,1,completed,235.68
O003943,C00052,2026-07-28T17:10:15Z,web,464.29,2,completed,366.79
O003944,C00948,2026-07-28T10:02:07Z,mobile,268.89,5,completed,212.42
O003945,C00290,2026-07-11T20:37:17Z,store,401.88,3,completed,317.49
O003946,C00899,2026-07-10T16:36:16Z,store,276.44,2,completed,218.39
O003948,C00578,2026-07-26T06:26:01Z,partner,417.65,4,completed,329.94
O003949,C00477,2026-07-01T15:07:48Z,web,307.24,6,completed,242.72
O003950,C00869,2026-07-31T09:44:24Z,store,346.99,5,completed,274.12
O003951,C00012,2026-07-18T07:25:16Z,web,302.83,1,completed,239.24
O003952,C00777,2026-07-13T13:08:42Z,web,130.65,3,completed,103.21
O003953,C00301,2026-07-02T08:10:01Z,mobile,326.92,6,completed,258.27
O003954,C01185,2026-07-13T16:54:37Z,partner,204.79,6,completed,161.78
O003955,C00167,2026-07-05T21:58:18Z,mobile,58.88,2,completed,46.52
O003956,C00611,2026-07-12T08:57:49Z,store,171.53,2,completed,135.51
O003957,C00359,2026-07-02T00:56:36Z,web,61.31,4,completed,48.43
O003958,C01170,2026-07-29T08:33:37Z,partner,77.36,2,completed,61.11
O003959,C01190,2026-07-12T14:58:47Z,store,143.36,5,completed,113.25
O003960,C00864,2026-07-16T07:07:08Z,web,271.80,5,completed,214.72
O003961,C01189,2026-07-11T04:42:25Z,web,385.46,5,completed,304.51
O003962,C00107,2026-07-28T11:43:53Z,store,193.57,2,completed,152.92
O003963,C00501,2026-07-12T23:19:39Z,mobile,58.79,2,completed,46.44
O003964,C00222,2026-07-14T10:52:36Z,web,151.30,6,completed,119.53
O003965,C00763,2026-07-08T18:19:38Z,store,87.55,6,completed,69.16
O003966,C00540,2026-07-04T18:13:52Z,partner,82.24,3,completed,64.97
O003968,C00983,2026-07-18T02:17:20Z,partner,403.70,6,completed,318.92
O003969,C00433,2026-07-12T03:26:24Z,mobile,159.49,3,completed,126.00
O003970,C00020,2026-07-13T15:10:29Z,mobile,484.64,3,completed,382.87
O003971,C00506,2026-07-14T17:27:31Z,mobile,145.42,4,completed,114.88
O003972,C00939,2026-07-19T11:06:41Z,store,402.79,3,completed,318.20
O003973,C00051,2026-07-07T22:01:34Z,partner,404.86,5,completed,319.84
O003974,C01069,2026-07-08T13:48:23Z,partner,10.98,4,completed,8.67
O003975,C00551,2026-07-06T18:01:04Z,partner,434.78,3,completed,343.48
O003976,C00373,2026-07-17T15:01:44Z,store,303.67,2,completed,239.90
O003977,C01078,2026-07-31T00:24:11Z,store,130.18,6,completed,102.84
O003978,C00299,2026-07-01T17:59:07Z,store,121.50,3,completed,95.98
O003979,C00060,2026-07-23T16:08:55Z,web,428.49,4,completed,338.51
O003980,C00148,2026-07-08T00:59:32Z,mobile,260.81,2,completed,206.04
O003981,C00934,2026-07-24T18:01:35Z,web,16.90,5,completed,13.35
O003982,C00040,2026-07-04T05:42:29Z,partner,451.27,3,completed,356.50
O003983,C00221,2026-07-28T14:16:16Z,partner,436.18,3,completed,344.58
O003984,C01117,2026-07-17T07:04:35Z,partner,373.31,2,completed,294.91
O003985,C00340,2026-07-31T20:03:12Z,partner,152.98,6,completed,120.85
O003986,C01077,2026-07-14T07:20:47Z,store,484.98,1,completed,383.13
O003987,C00221,2026-07-28T04:46:11Z,partner,14.56,5,completed,11.50
O003988,C00391,2026-07-06T02:34:29Z,mobile,108.64,1,completed,85.83
O003989,C00858,2026-07-22T14:10:11Z,store,60.23,2,completed,47.58
O003990,C00442,2026-07-14T04:19:36Z,partner,136.30,6,completed,107.68
O003991,C01133,2026-07-25T13:08:20Z,partner,424.96,5,completed,335.72
O003992,C00621,2026-07-24T23:00:16Z,web,296.36,4,completed,234.12
O003993,C01013,2026-07-02T15:48:34Z,store,155.34,3,completed,122.72
O003994,C00898,2026-07-11T00:41:54Z,web,437.69,5,completed,345.78
O003995,C00641,2026-07-06T11:21:32Z,partner,401.92,4,completed,317.52
O003996,C00935,2026-07-07T07:42:30Z,web,401.45,6,completed,317.15
O003997,C00812,2026-07-16T20:04:43Z,store,336.72,1,completed,266.01
O003998,C00248,2026-07-18T16:48:34Z,web,408.40,1,completed,322.64
O003999,C00076,2026-07-30T15:23:04Z,partner,62.80,3,completed,49.61
O004000,C00386,2026-07-01T05:35:49Z,store,183.75,3,completed,145.16
O004001,C01187,2026-07-17T15:04:17Z,store,457.75,1,completed,361.62
O004002,C00635,2026-07-25T00:53:37Z,web,168.39,6,completed,133.03
O004003,C00482,2026-07-10T06:04:31Z,store,329.96,4,completed,260.67
O004005,C00262,2026-07-13T11:20:03Z,mobile,124.94,5,completed,98.70
O004006,C00435,2026-07-19T14:32:07Z,web,475.17,4,completed,375.38
O004007,C00301,2026-07-23T03:29:19Z,partner,462.44,3,completed,365.33
O004008,C00685,2026-07-24T18:32:44Z,partner,190.21,1,completed,150.27
O004009,C00808,2026-07-31T19:27:37Z,store,15.04,5,completed,11.88
O004011,C00347,2026-07-07T19:45:03Z,mobile,95.14,5,completed,75.16
O004012,C00220,2026-07-30T22:36:28Z,mobile,435.38,5,completed,343.95
O004013,C00431,2026-07-23T20:08:16Z,mobile,318.31,6,completed,251.46
O004014,C00947,2026-07-06T01:05:06Z,store,9.49,2,completed,7.50
O004015,C00528,2026-07-06T21:01:21Z,mobile,148.65,3,completed,117.43
O004017,C00880,2026-07-01T18:49:49Z,web,363.71,5,completed,287.33
O004018,C01044,2026-07-22T10:29:18Z,mobile,129.42,3,completed,102.24
O004019,C00116,2026-07-28T14:35:00Z,web,337.78,1,completed,266.85
O004021,C00996,2026-07-25T17:52:02Z,web,90.12,4,completed,71.19
O004022,C00027,2026-07-30T17:27:00Z,web,17.18,5,completed,13.57
O004023,C00580,2026-07-09T14:36:03Z,mobile,383.42,2,completed,302.90
O004024,C00720,2026-07-15T13:43:40Z,web,39.68,1,completed,31.35
O004025,C00155,2026-07-14T10:43:54Z,partner,171.60,4,completed,135.56
O004026,C00482,2026-07-14T05:58:39Z,web,45.43,1,completed,35.89
O004028,C01183,2026-07-14T20:30:10Z,store,489.02,4,completed,386.33
O004029,C00658,2026-07-09T23:00:52Z,store,243.67,2,completed,192.50
O004030,C01144,2026-07-25T01:12:47Z,partner,259.14,1,completed,204.72
O004031,C00183,2026-07-18T22:44:09Z,store,390.53,3,completed,308.52
O004032,C00163,2026-07-09T15:46:37Z,partner,291.90,5,completed,230.60
O004033,C01000,2026-07-14T16:37:08Z,mobile,249.87,6,completed,197.40
O004034,C00351,2026-07-19T15:10:20Z,mobile,426.13,5,completed,336.64
O004035,C00545,2026-07-14T05:54:54Z,partner,285.29,1,completed,225.38
O004036,C00422,2026-07-13T05:30:52Z,web,315.24,1,completed,249.04
O004037,C00707,2026-07-12T17:19:41Z,mobile,169.78,3,completed,134.13
O004038,C00608,2026-07-06T22:07:42Z,web,321.42,6,completed,253.92
O004039,C00771,2026-07-29T12:08:49Z,partner,52.88,4,completed,41.78
O004040,C01084,2026-07-01T02:30:03Z,store,302.36,4,completed,238.86
O004041,C00382,2026-07-23T14:51:22Z,mobile,458.60,5,completed,362.29
O004042,C00722,2026-07-31T17:25:25Z,web,459.04,3,completed,362.64
O004043,C00595,2026-07-13T17:13:33Z,store,139.66,2,completed,110.33
O004044,C00367,2026-07-11T12:13:30Z,partner,179.85,1,completed,142.08
O004045,C01002,2026-07-20T01:34:15Z,mobile,442.96,3,completed,349.94
O004046,C00783,2026-07-28T13:51:52Z,mobile,12.38,3,completed,9.78
O004047,C01042,2026-07-04T08:03:24Z,store,275.05,2,completed,217.29
O004048,C00124,2026-07-29T00:54:58Z,web,16.64,6,completed,13.15
O004049,C01017,2026-07-14T22:33:49Z,partner,330.25,4,completed,260.90
O004050,C00428,2026-07-01T02:04:20Z,partner,405.15,1,completed,320.07
O004051,C00030,2026-07-05T16:07:54Z,partner,306.94,4,completed,242.48
O004052,C00708,2026-07-16T16:01:53Z,partner,123.28,3,completed,97.39
O004053,C00026,2026-07-05T07:25:05Z,store,454.04,4,completed,358.69
O004054,C01055,2026-07-31T07:00:12Z,partner,238.99,4,completed,188.80
O004055,C00476,2026-07-08T01:02:20Z,store,6.54,6,completed,5.17
O004056,C00453,2026-07-18T07:45:11Z,mobile,146.86,3,completed,116.02
O004057,C00040,2026-07-19T21:53:27Z,mobile,64.04,3,completed,50.59
O004058,C01038,2026-07-26T10:46:56Z,partner,246.18,5,completed,194.48
O004059,C00343,2026-07-28T06:14:35Z,mobile,228.54,2,completed,180.55
O004060,C00716,2026-07-31T20:53:58Z,store,435.69,2,completed,344.20
O004061,C00328,2026-07-18T01:10:41Z,store,138.60,5,completed,109.49
O004062,C00057,2026-07-13T22:22:55Z,mobile,106.75,2,completed,84.33
O004063,C00856,2026-07-15T07:51:39Z,store,231.50,4,completed,182.89
O004064,C01028,2026-07-31T19:06:09Z,mobile,461.13,1,completed,364.29
O004065,C00673,2026-07-21T07:49:20Z,web,78.49,4,completed,62.01
O004066,C00907,2026-07-04T15:31:41Z,mobile,51.62,6,completed,40.78
O004067,C00394,2026-07-28T04:11:16Z,store,230.46,6,completed,182.06
O004068,C00030,2026-07-03T19:35:18Z,web,300.71,4,completed,237.56
O004069,C00759,2026-07-03T02:18:30Z,web,428.54,2,completed,338.55
O004070,C00778,2026-07-12T05:13:01Z,store,112.74,3,completed,89.06
O004071,C00896,2026-07-03T02:32:47Z,web,56.99,6,completed,45.02
O004072,C00441,2026-07-14T02:50:02Z,partner,372.55,5,completed,294.31
O004073,C00022,2026-07-27T08:55:11Z,web,192.14,3,completed,151.79
O004074,C00135,2026-07-27T01:22:45Z,mobile,62.53,2,completed,49.40
O004075,C00298,2026-07-14T15:55:27Z,store,367.84,4,completed,290.59
O004076,C00701,2026-07-03T06:48:46Z,store,236.39,4,completed,186.75
O004077,C00211,2026-07-19T16:47:50Z,partner,466.17,1,completed,368.27
O004078,C01040,2026-07-25T08:18:00Z,partner,117.15,5,completed,92.55
O004079,C00413,2026-07-14T15:12:27Z,web,354.15,3,completed,279.78
O004080,C01006,2026-07-05T03:48:03Z,store,120.34,5,completed,95.07
O004081,C00574,2026-07-16T18:24:34Z,partner,455.11,3,completed,359.54
O004082,C00921,2026-07-16T10:34:35Z,partner,372.49,5,completed,294.27
O004083,C00978,2026-07-22T09:24:07Z,store,84.63,2,completed,66.86
O004084,C00115,2026-07-07T02:43:48Z,mobile,85.43,2,completed,67.49
O004085,C00091,2026-07-06T20:56:40Z,partner,180.37,5,completed,142.49
O004086,C00588,2026-07-19T19:43:17Z,store,253.20,5,completed,200.03
O004088,C01046,2026-07-02T14:07:59Z,store,119.95,5,completed,94.76
O004089,C00679,2026-07-07T08:56:43Z,mobile,277.05,1,completed,218.87
O004090,C00563,2026-07-15T22:04:27Z,store,8.98,3,completed,7.09
O004091,C01160,2026-07-08T17:27:29Z,mobile,149.47,6,completed,118.08
O004092,C00653,2026-07-14T18:36:19Z,mobile,240.15,4,completed,189.72
O004093,C00290,2026-07-21T23:25:40Z,partner,295.55,5,completed,233.48
O004094,C00157,2026-07-09T20:25:47Z,web,133.95,6,completed,105.82
O004095,C00707,2026-07-24T09:59:19Z,partner,313.68,2,completed,247.81
O004096,C00280,2026-07-12T04:41:49Z,store,97.25,6,completed,76.83
O004097,C01067,2026-07-08T13:20:56Z,store,69.30,2,completed,54.75
O004099,C01148,2026-07-10T20:27:27Z,web,477.55,4,completed,377.26
O004100,C00680,2026-07-14T17:34:29Z,web,312.38,5,completed,246.78
O004101,C00688,2026-07-06T02:23:12Z,web,467.93,2,completed,369.66
O004102,C00887,2026-07-29T03:58:23Z,web,34.18,4,completed,27.00
O004103,C00318,2026-07-22T04:09:30Z,web,368.31,2,completed,290.96
O004104,C00495,2026-07-08T08:23:05Z,mobile,202.41,3,completed,159.90
O004105,C00555,2026-07-11T16:19:33Z,web,370.69,2,completed,292.85
O004106,C00407,2026-07-19T23:18:51Z,mobile,52.39,6,completed,41.39
O004107,C00910,2026-07-22T07:55:08Z,mobile,71.19,3,completed,56.24
O004108,C00998,2026-07-02T09:41:22Z,mobile,258.96,6,completed,204.58
O004109,C00901,2026-07-21T08:38:28Z,mobile,247.22,1,completed,195.30
O004111,C01175,2026-07-06T09:53:39Z,mobile,496.29,5,completed,392.07
O004112,C00994,2026-07-13T05:12:14Z,partner,259.80,6,completed,205.24
O004113,C00027,2026-07-22T05:08:40Z,store,5.36,1,completed,4.23
O004114,C00010,2026-07-28T11:13:31Z,mobile,116.25,4,completed,91.84
O004115,C00223,2026-07-12T01:45:08Z,mobile,245.35,4,completed,193.83
O004116,C00940,2026-07-23T02:26:13Z,store,271.39,3,completed,214.40
O004117,C00544,2026-07-24T02:10:00Z,mobile,357.42,1,completed,282.36
O004118,C00579,2026-07-18T21:49:06Z,mobile,420.62,4,completed,332.29
O004119,C00345,2026-07-15T02:12:14Z,mobile,406.07,4,completed,320.80
O004120,C00463,2026-07-23T09:01:51Z,web,278.93,4,completed,220.35
O004121,C00507,2026-07-10T19:24:19Z,partner,6.54,5,completed,5.17
O004122,C00183,2026-07-16T21:15:42Z,web,449.27,1,completed,354.92
O004123,C00878,2026-07-24T20:19:13Z,store,84.88,2,completed,67.06
O004124,C00068,2026-07-13T17:18:09Z,partner,337.51,6,completed,266.63
O004125,C00440,2026-07-02T14:27:19Z,web,77.95,4,completed,61.58
O004126,C00410,2026-07-05T23:06:39Z,store,341.22,4,completed,269.56
O004127,C00942,2026-07-10T09:13:58Z,partner,177.32,4,completed,140.08
O004128,C01156,2026-07-24T12:39:49Z,web,128.66,6,completed,101.64
O004129,C00592,2026-07-19T11:04:39Z,web,209.41,3,completed,165.43
O004130,C00090,2026-07-02T23:17:36Z,mobile,65.15,3,completed,51.47
O004131,C01075,2026-07-08T18:30:46Z,partner,302.78,2,completed,239.20
O004132,C01141,2026-07-24T09:38:40Z,mobile,258.03,3,completed,203.84
O004133,C00747,2026-07-09T21:20:00Z,web,27.70,2,completed,21.88
O004134,C01155,2026-07-12T09:22:04Z,web,456.48,1,completed,360.62
O004135,C00010,2026-07-26T12:11:08Z,mobile,219.94,5,completed,173.75
O004136,C00951,2026-07-02T19:11:20Z,web,18.71,1,completed,14.78
O004137,C00057,2026-07-15T10:13:10Z,store,458.41,1,completed,362.14
O004138,C01081,2026-07-19T15:38:26Z,partner,150.54,4,completed,118.93
O004139,C00756,2026-07-29T13:51:23Z,web,18.66,4,completed,14.74
O004140,C00552,2026-07-16T07:04:28Z,mobile,64.76,1,completed,51.16
O004141,C00132,2026-07-13T19:34:53Z,partner,312.76,4,completed,247.08
O004142,C01096,2026-07-12T20:55:05Z,store,370.94,3,completed,293.04
O004143,C00984,2026-07-24T13:13:23Z,web,183.48,1,completed,144.95
O004144,C01039,2026-07-19T08:28:21Z,mobile,486.67,2,completed,384.47
O004145,C00552,2026-07-19T06:44:19Z,web,307.97,3,completed,243.30
O004146,C00940,2026-07-22T22:21:24Z,partner,484.32,5,completed,382.61
O004147,C00857,2026-07-07T20:49:14Z,store,469.02,2,completed,370.53
O004148,C00597,2026-07-17T00:04:33Z,store,160.79,6,completed,127.02
O004149,C00413,2026-07-07T04:24:55Z,store,191.63,2,completed,151.39
O004150,C01125,2026-07-18T13:20:10Z,store,8.43,3,completed,6.66
O004151,C00252,2026-07-28T06:58:11Z,partner,446.52,1,completed,352.75
O004152,C00891,2026-07-10T00:10:36Z,store,351.88,1,completed,277.99
O004153,C00672,2026-07-20T16:38:00Z,store,7.40,5,completed,5.85
O004154,C00798,2026-07-10T11:51:35Z,store,64.88,3,completed,51.26
O004155,C01152,2026-07-20T18:54:56Z,mobile,11.51,5,completed,9.09
O004156,C00154,2026-07-16T11:56:49Z,store,312.15,3,completed,246.60
O004157,C00661,2026-07-21T13:29:09Z,mobile,192.02,6,completed,151.70
O004158,C00807,2026-07-28T03:29:02Z,partner,496.74,4,completed,392.42
O004159,C00724,2026-07-02T00:20:00Z,store,57.06,6,completed,45.08
O004160,C00459,2026-07-02T05:02:25Z,mobile,151.20,1,completed,119.45
O004161,C00408,2026-07-05T22:24:10Z,store,264.99,6,completed,209.34
O004162,C00679,2026-07-10T09:23:25Z,store,414.52,3,completed,327.47
O004163,C00628,2026-07-04T08:52:25Z,mobile,101.62,1,completed,80.28
O004164,C00277,2026-07-06T16:29:33Z,web,208.44,3,completed,164.67
O004165,C00287,2026-07-08T21:18:43Z,partner,475.00,2,completed,375.25
O004166,C00036,2026-07-27T19:12:59Z,partner,410.61,6,completed,324.38
O004167,C00987,2026-07-22T05:45:13Z,partner,488.70,2,completed,386.07
O004168,C01064,2026-07-10T07:18:51Z,partner,249.24,1,completed,196.90
O004169,C00528,2026-07-15T14:17:39Z,web,263.86,5,completed,208.45
O004170,C01025,2026-07-29T08:39:17Z,web,259.83,1,completed,205.27
O004172,C00454,2026-07-06T15:45:46Z,partner,161.22,1,completed,127.36
O004173,C00969,2026-07-05T05:43:49Z,store,483.93,5,completed,382.30
O004174,C01157,2026-07-15T02:14:39Z,partner,408.49,2,completed,322.71
O004175,C00220,2026-07-10T22:37:46Z,web,356.87,1,completed,281.93
O004176,C00717,2026-07-24T05:25:17Z,store,449.95,6,completed,355.46
O004177,C01111,2026-07-20T16:27:40Z,web,262.32,4,completed,207.23
O004178,C00553,2026-07-08T02:15:01Z,web,123.24,5,completed,97.36
O004179,C00093,2026-07-18T16:06:43Z,mobile,377.63,4,completed,298.33
O004180,C00517,2026-07-27T03:05:56Z,partner,108.63,4,completed,85.82
O004181,C00833,2026-07-25T22:07:54Z,web,222.68,3,completed,175.92
O004182,C00169,2026-07-11T05:17:16Z,mobile,108.98,6,completed,86.09
O004184,C00469,2026-07-17T05:40:13Z,web,324.06,2,completed,256.01
O004185,C00744,2026-07-01T17:16:49Z,store,399.68,5,completed,315.75
O004186,C00688,2026-07-12T16:27:20Z,partner,25.05,3,completed,19.79
O004187,C00798,2026-07-13T19:13:14Z,store,154.90,6,completed,122.37
O004188,C00227,2026-07-08T02:08:37Z,mobile,93.97,2,completed,74.24
O004191,C01042,2026-07-07T15:39:40Z,partner,260.35,4,completed,205.68
O004192,C00691,2026-07-01T08:55:30Z,store,419.28,5,completed,331.23
O004193,C00971,2026-07-18T19:17:37Z,mobile,166.46,6,completed,131.50
O004194,C01133,2026-07-08T19:19:25Z,store,206.96,4,completed,163.50
O004196,C01023,2026-07-20T06:34:05Z,store,165.75,5,completed,130.94
O004197,C00123,2026-07-07T07:54:44Z,web,200.07,1,completed,158.06
O004198,C00088,2026-07-19T17:31:01Z,web,480.40,3,completed,379.52
O004199,C01053,2026-07-31T22:51:09Z,store,133.16,3,completed,105.20
O004200,C00485,2026-07-04T03:27:24Z,store,499.42,6,completed,394.54
O004201,C00374,2026-07-01T07:32:01Z,mobile,342.88,6,completed,270.88
O004202,C00450,2026-07-04T18:14:44Z,web,146.58,4,completed,115.80
O004203,C01023,2026-07-06T13:28:48Z,partner,74.28,2,completed,58.68
O004204,C00528,2026-07-31T14:54:08Z,store,173.50,3,completed,137.06
O004205,C00232,2026-07-29T23:34:44Z,mobile,47.86,3,completed,37.81
O004206,C00112,2026-07-24T03:58:14Z,web,337.19,6,completed,266.38
O004207,C00697,2026-07-21T06:50:29Z,mobile,486.76,6,completed,384.54
O004208,C00679,2026-07-11T23:57:57Z,mobile,244.06,4,completed,192.81
O004209,C00258,2026-07-07T08:19:00Z,mobile,79.14,3,completed,62.52
O004210,C01132,2026-07-02T05:36:04Z,partner,44.69,6,completed,35.31
O004211,C01030,2026-07-13T01:29:02Z,store,124.30,2,completed,98.20
O004212,C00322,2026-07-27T11:20:58Z,store,120.75,4,completed,95.39
O004213,C00802,2026-07-29T18:30:08Z,store,219.92,4,completed,173.74
O004214,C00600,2026-07-25T16:02:37Z,web,138.15,4,completed,109.14
O004215,C00685,2026-07-07T16:29:28Z,store,226.51,1,completed,178.94
O004216,C00341,2026-07-30T12:44:06Z,web,129.53,6,completed,102.33
O004217,C00503,2026-07-26T23:17:52Z,store,7.15,5,completed,5.65
O004218,C00990,2026-07-17T15:13:12Z,partner,356.08,6,completed,281.30
O004219,C01163,2026-07-28T04:00:24Z,mobile,195.12,2,completed,154.14
O004220,C00535,2026-07-22T08:25:31Z,store,65.63,2,completed,51.85
O004221,C01003,2026-07-02T11:31:31Z,web,22.44,5,completed,17.73
O004222,C00004,2026-07-27T19:00:02Z,partner,341.13,5,completed,269.49
O004223,C00972,2026-07-06T13:18:44Z,mobile,425.14,3,completed,335.86
O004224,C00365,2026-07-06T02:35:20Z,partner,109.39,1,completed,86.42
O004225,C00659,2026-07-24T23:52:47Z,store,7.76,1,completed,6.13
O004226,C00236,2026-07-27T11:32:29Z,web,483.20,5,completed,381.73
O004227,C00158,2026-07-19T01:58:56Z,mobile,369.01,6,completed,291.52
O004228,C00171,2026-07-26T16:50:19Z,mobile,281.85,4,completed,222.66
O004229,C00322,2026-07-19T18:48:35Z,web,228.76,6,completed,180.72
O004230,C01006,2026-07-19T07:04:33Z,web,458.87,1,completed,362.51
O004231,C00916,2026-07-08T08:07:54Z,mobile,86.10,2,completed,68.02
O004232,C00478,2026-07-14T07:59:21Z,mobile,334.06,4,completed,263.91
O004233,C00823,2026-07-04T10:35:22Z,store,74.37,4,completed,58.75
O004234,C00570,2026-07-13T01:32:32Z,web,476.58,5,completed,376.50
O004235,C00051,2026-07-21T04:28:06Z,store,289.29,2,completed,228.54
O004236,C00836,2026-07-14T20:38:48Z,store,235.75,5,completed,186.24
O004237,C00511,2026-07-21T01:53:12Z,mobile,177.86,3,completed,140.51
O004238,C00987,2026-07-15T05:42:39Z,web,68.48,1,completed,54.10
O004239,C00022,2026-07-14T09:16:18Z,partner,213.75,1,completed,168.86
O004241,C01020,2026-07-17T22:40:20Z,mobile,446.98,4,completed,353.11
O004242,C00451,2026-07-13T05:51:37Z,web,357.00,6,completed,282.03
O004243,C00029,2026-07-20T10:25:32Z,web,181.39,5,completed,143.30
O004245,C00110,2026-07-26T13:45:41Z,partner,107.76,3,completed,85.13
O004246,C00804,2026-07-02T04:37:12Z,partner,183.43,4,completed,144.91
O004247,C00507,2026-07-07T11:31:07Z,web,40.72,3,completed,32.17
O004248,C01155,2026-07-29T04:27:36Z,web,474.53,3,completed,374.88
O004249,C00748,2026-07-09T16:54:56Z,partner,39.69,1,completed,31.36
O004251,C00832,2026-07-20T12:31:57Z,web,165.46,3,completed,130.71
O004252,C01034,2026-07-28T05:35:38Z,web,458.19,6,completed,361.97
O004253,C00178,2026-07-25T18:47:46Z,web,373.54,4,completed,295.10
O004254,C00349,2026-07-28T17:49:07Z,mobile,240.98,4,completed,190.37
O004255,C00907,2026-07-27T04:57:47Z,web,16.79,4,completed,13.26
O004257,C00934,2026-07-02T17:31:47Z,partner,367.82,2,completed,290.58
O004258,C00215,2026-07-16T04:56:52Z,web,224.64,6,completed,177.47
O004259,C00405,2026-07-29T14:24:13Z,web,158.32,6,completed,125.07
O004260,C00384,2026-07-12T21:34:21Z,mobile,285.52,2,completed,225.56
O004262,C00465,2026-07-30T09:48:11Z,mobile,358.60,2,completed,283.29
O004263,C00864,2026-07-17T21:15:57Z,partner,335.78,1,completed,265.27
O004264,C00223,2026-07-13T05:46:23Z,web,134.03,3,completed,105.88
O004265,C00206,2026-07-06T14:51:45Z,web,298.12,1,completed,235.51
O004266,C00489,2026-07-09T06:00:55Z,store,357.54,3,completed,282.46
O004267,C00363,2026-07-09T16:23:56Z,store,34.92,2,completed,27.59
O004268,C01051,2026-07-12T20:43:35Z,web,169.18,4,completed,133.65
O004269,C00013,2026-07-28T07:42:07Z,mobile,25.02,1,completed,19.77
O004270,C00814,2026-07-11T02:09:44Z,partner,451.67,3,completed,356.82
O004271,C00206,2026-07-13T19:43:38Z,partner,100.96,2,completed,79.76
O004272,C00026,2026-07-10T17:52:32Z,mobile,360.44,5,completed,284.75
O004273,C00577,2026-07-27T17:09:48Z,store,186.43,5,completed,147.28
O004274,C00312,2026-07-27T06:45:25Z,store,218.65,1,completed,172.73
O004276,C00634,2026-07-19T12:18:00Z,web,243.75,1,completed,192.56
O004277,C00094,2026-07-19T20:30:40Z,store,242.68,4,completed,191.72
O004279,C00824,2026-07-27T01:40:41Z,web,479.21,1,completed,378.58
O004280,C00441,2026-07-04T06:24:34Z,mobile,352.64,4,completed,278.59
O004281,C00375,2026-07-06T09:43:17Z,mobile,368.68,6,completed,291.26
O004282,C00456,2026-07-02T16:03:41Z,store,223.13,1,completed,176.27
O004283,C00387,2026-07-07T14:00:09Z,partner,338.87,2,completed,267.71
O004285,C00290,2026-07-22T17:01:58Z,mobile,375.99,4,completed,297.03
O004286,C01006,2026-07-18T21:38:17Z,web,74.98,3,completed,59.23
O004288,C01024,2026-07-27T18:19:33Z,web,434.57,4,completed,343.31
O004289,C00502,2026-07-03T13:07:01Z,store,449.17,3,completed,354.84
O004290,C00889,2026-07-04T17:47:52Z,mobile,490.01,1,completed,387.11
O004291,C00821,2026-07-05T21:35:43Z,store,352.97,4,completed,278.85
O004293,C00776,2026-07-06T14:56:03Z,web,424.57,4,completed,335.41
O004294,C00799,2026-07-23T02:41:46Z,partner,57.47,6,completed,45.40
O004295,C00374,2026-07-02T17:27:07Z,mobile,57.61,4,completed,45.51
O004296,C01123,2026-07-13T16:27:06Z,web,451.59,4,completed,356.76
O004297,C00578,2026-07-11T15:09:47Z,store,411.75,3,completed,325.28
O004298,C00378,2026-07-07T13:02:42Z,web,265.32,3,completed,209.60
O004299,C00778,2026-07-24T07:21:23Z,partner,112.60,1,completed,88.95
O004300,C00766,2026-07-23T17:03:35Z,partner,181.37,4,completed,143.28
O004301,C00472,2026-07-01T18:27:16Z,web,30.70,5,completed,24.25
O004302,C01124,2026-07-02T21:56:01Z,web,435.55,1,completed,344.08
O004303,C00772,2026-07-16T00:01:14Z,mobile,105.69,5,completed,83.50
O004304,C01011,2026-07-22T17:37:36Z,mobile,253.71,6,completed,200.43
O004305,C00924,2026-07-22T01:22:38Z,mobile,245.14,6,completed,193.66
O004306,C00611,2026-07-19T19:08:01Z,web,151.44,3,completed,119.64
O004307,C00963,2026-07-14T19:32:47Z,partner,82.82,5,completed,65.43
O004308,C00234,2026-07-17T05:29:19Z,store,170.23,3,completed,134.48
O004309,C00546,2026-07-31T22:54:48Z,partner,433.98,2,completed,342.84
O004310,C01013,2026-07-11T03:33:31Z,mobile,110.80,4,completed,87.53
O004311,C00592,2026-07-18T22:33:32Z,store,363.97,1,completed,287.54
O004312,C01175,2026-07-30T11:37:13Z,web,246.54,1,completed,194.77
O004313,C01185,2026-07-05T07:57:28Z,web,96.28,5,completed,76.06
O004314,C00580,2026-07-11T07:28:38Z,web,301.64,3,completed,238.30
O004315,C01100,2026-07-31T09:53:54Z,mobile,160.66,5,completed,126.92
O004316,C00594,2026-07-24T18:55:51Z,mobile,143.63,3,completed,113.47
O004317,C00695,2026-07-14T22:30:54Z,partner,63.14,1,completed,49.88
O004318,C00076,2026-07-11T02:56:25Z,mobile,240.59,6,completed,190.07
O004319,C00920,2026-07-27T05:37:30Z,mobile,280.78,4,completed,221.82
O004320,C00053,2026-07-13T21:03:32Z,web,333.42,6,completed,263.40
O004321,C00521,2026-07-17T05:12:30Z,partner,133.91,2,completed,105.79
O004322,C00506,2026-07-15T02:58:26Z,web,400.56,3,completed,316.44
O004323,C00560,2026-07-31T06:08:52Z,mobile,6.19,4,completed,4.89
O004324,C00330,2026-07-21T07:16:22Z,web,109.40,6,completed,86.43
O004327,C01145,2026-07-15T11:41:39Z,partner,382.77,1,completed,302.39
O004328,C00773,2026-07-17T18:08:22Z,partner,304.28,6,completed,240.38
O004329,C00293,2026-07-20T15:46:25Z,partner,46.09,3,completed,36.41
O004331,C00532,2026-07-27T07:01:29Z,partner,245.89,2,completed,194.25
O004332,C00460,2026-07-10T22:01:59Z,web,259.69,2,completed,205.16
O004333,C01160,2026-07-09T10:06:24Z,partner,448.21,1,completed,354.09
O004334,C00856,2026-07-28T15:16:53Z,partner,343.74,2,completed,271.55
O004335,C00497,2026-07-09T16:10:49Z,mobile,135.99,6,completed,107.43
O004336,C00773,2026-07-17T06:46:27Z,partner,480.82,6,completed,379.85
O004337,C01047,2026-07-20T21:25:29Z,mobile,442.41,6,completed,349.50
O004338,C00911,2026-07-10T13:24:46Z,mobile,166.61,4,completed,131.62
O004339,C00472,2026-07-14T08:24:29Z,partner,197.58,4,completed,156.09
O004340,C00638,2026-07-19T11:55:05Z,web,378.31,3,completed,298.86
O004341,C01054,2026-07-09T03:33:41Z,store,495.07,1,completed,391.11
O004342,C00729,2026-07-07T07:29:38Z,store,454.98,3,completed,359.43
O004343,C01187,2026-07-23T00:40:38Z,partner,63.55,3,completed,50.20
O004344,C00246,2026-07-21T13:32:52Z,store,72.98,2,completed,57.65
O004345,C01053,2026-07-06T06:27:03Z,web,280.91,6,completed,221.92
O004346,C00368,2026-07-18T01:38:00Z,store,415.44,6,completed,328.20
O004347,C00149,2026-07-02T12:24:11Z,web,32.59,1,completed,25.75
O004348,C00483,2026-07-05T17:01:54Z,web,280.23,2,completed,221.38
O004349,C00113,2026-07-23T08:52:50Z,store,255.33,1,completed,201.71
O004351,C00519,2026-07-02T07:22:05Z,store,97.34,1,completed,76.90
O004352,C00656,2026-07-16T03:00:36Z,partner,254.82,1,completed,201.31
O004353,C00549,2026-07-24T16:07:53Z,store,276.30,1,completed,218.28
O004354,C00902,2026-07-31T17:58:02Z,web,47.08,5,completed,37.19
O004355,C00049,2026-07-01T17:56:14Z,web,6.56,5,completed,5.18
O004356,C00248,2026-07-26T20:55:49Z,mobile,492.37,5,completed,388.97
O004357,C00419,2026-07-15T13:21:30Z,mobile,266.21,1,completed,210.31
O004358,C01168,2026-07-01T05:28:11Z,store,71.52,6,completed,56.50
O004359,C00294,2026-07-29T00:44:55Z,web,82.66,3,completed,65.30
O004360,C01195,2026-07-12T10:10:22Z,mobile,235.63,4,completed,186.15
O004361,C00355,2026-07-19T16:55:48Z,store,426.04,5,completed,336.57
O004362,C00268,2026-07-31T02:56:30Z,web,494.07,6,completed,390.32
O004363,C00153,2026-07-12T01:33:33Z,store,190.31,4,completed,150.34
O004364,C00738,2026-07-13T20:34:57Z,store,11.85,1,completed,9.36
O004365,C00513,2026-07-03T22:47:40Z,mobile,324.70,1,completed,256.51
O004366,C00355,2026-07-08T01:44:25Z,partner,50.74,3,completed,40.08
O004367,C01194,2026-07-20T23:41:30Z,partner,8.77,2,completed,6.93
O004369,C00248,2026-07-05T03:19:58Z,web,241.43,6,completed,190.73
O004370,C00529,2026-07-30T09:59:53Z,store,377.77,2,completed,298.44
O004371,C01113,2026-07-18T05:01:17Z,web,68.58,1,completed,54.18
O004372,C00071,2026-07-04T05:57:31Z,partner,460.44,5,completed,363.75
O004373,C00744,2026-07-15T14:49:37Z,web,345.82,4,completed,273.20
O004374,C01194,2026-07-04T18:23:59Z,partner,236.96,1,completed,187.20
O004375,C00108,2026-07-08T22:30:31Z,store,191.82,6,completed,151.54
O004376,C00982,2026-07-24T08:31:34Z,web,55.82,5,completed,44.10
O004377,C01177,2026-07-13T04:29:35Z,mobile,164.25,5,completed,129.76
O004378,C00834,2026-07-16T09:13:23Z,web,407.92,4,completed,322.26
O004379,C00926,2026-07-19T20:40:23Z,web,157.49,1,completed,124.42
O004380,C00548,2026-07-07T07:39:22Z,partner,42.74,1,completed,33.76
O004381,C01034,2026-07-20T05:45:59Z,web,84.23,2,completed,66.54
O004382,C00333,2026-07-28T08:17:55Z,web,317.73,5,completed,251.01
O004383,C01190,2026-07-03T20:41:54Z,partner,373.63,5,completed,295.17
O004384,C00533,2026-07-15T05:32:08Z,store,90.77,3,completed,71.71
O004385,C00564,2026-07-19T03:33:54Z,mobile,231.71,2,completed,183.05
O004386,C00937,2026-07-12T05:01:18Z,web,239.95,2,completed,189.56
O004387,C00401,2026-07-22T23:40:33Z,mobile,140.85,2,completed,111.27
O004388,C00282,2026-07-21T04:14:10Z,store,342.69,1,completed,270.73
O004389,C00409,2026-07-17T19:49:39Z,mobile,284.83,4,completed,225.02
O004390,C00321,2026-07-06T07:15:17Z,partner,99.29,2,completed,78.44
O004391,C00141,2026-07-25T08:53:30Z,store,459.60,5,completed,363.08
O004392,C00952,2026-07-08T01:57:22Z,store,217.74,6,completed,172.01
O004393,C01179,2026-07-03T19:33:51Z,store,371.00,1,completed,293.09
O004394,C00244,2026-07-05T17:08:12Z,partner,324.84,6,completed,256.62
O004395,C00247,2026-07-15T09:22:24Z,store,75.46,3,completed,59.61
O004396,C01000,2026-07-28T16:54:45Z,mobile,11.11,3,completed,8.78
O004397,C00616,2026-07-31T02:57:06Z,partner,122.11,6,completed,96.47
O004398,C00470,2026-07-23T02:49:34Z,store,73.01,6,completed,57.68
O004400,C00159,2026-07-31T12:08:15Z,web,406.33,6,completed,321.00
O004401,C01091,2026-07-25T09:51:28Z,mobile,426.93,6,completed,337.27
O004402,C00252,2026-07-14T01:32:51Z,web,363.55,4,completed,287.20
O004403,C00538,2026-07-02T07:01:25Z,web,195.46,4,completed,154.41
O004404,C00190,2026-07-18T23:32:13Z,web,460.70,1,completed,363.95
O004405,C00969,2026-07-01T22:31:23Z,mobile,343.60,1,completed,271.44
O004406,C00460,2026-07-26T19:28:54Z,web,436.15,5,completed,344.56
O004408,C00609,2026-07-26T16:20:19Z,web,6.23,6,completed,4.92
O004409,C00259,2026-07-19T00:48:56Z,store,19.07,1,completed,15.07
O004410,C01096,2026-07-09T22:38:32Z,mobile,427.58,3,completed,337.79
O004411,C00855,2026-07-19T16:09:46Z,partner,369.41,3,completed,291.83
O004412,C00882,2026-07-17T20:16:18Z,mobile,234.57,4,completed,185.31
O004413,C00032,2026-07-14T05:47:02Z,store,414.12,4,completed,327.15
O004414,C00357,2026-07-11T03:48:16Z,store,154.41,2,completed,121.98
O004415,C00725,2026-07-03T07:58:28Z,web,239.08,5,completed,188.87
O004416,C00663,2026-07-19T22:54:36Z,store,289.92,3,completed,229.04
O004417,C00807,2026-07-22T01:42:54Z,web,80.73,3,completed,63.78
O004418,C00347,2026-07-13T10:57:47Z,mobile,79.54,6,completed,62.84
O004419,C00525,2026-07-13T03:50:40Z,mobile,128.35,3,completed,101.40
O004420,C00956,2026-07-14T16:55:26Z,store,393.28,1,completed,310.69
O004421,C00670,2026-07-01T19:12:54Z,mobile,292.66,5,completed,231.20
O004422,C00416,2026-07-16T13:40:59Z,partner,385.76,4,completed,304.75
O004423,C00286,2026-07-15T06:42:00Z,store,195.60,2,completed,154.52
O004424,C00183,2026-07-02T14:28:31Z,partner,280.99,4,completed,221.98
O004425,C00857,2026-07-27T00:29:03Z,store,410.30,3,completed,324.14
O004426,C00104,2026-07-10T10:39:53Z,store,351.51,2,completed,277.69
O004427,C00844,2026-07-18T00:09:35Z,web,105.12,6,completed,83.04
O004428,C00735,2026-07-16T15:05:00Z,store,152.60,6,completed,120.55
O004429,C00339,2026-07-16T05:02:08Z,mobile,150.96,1,completed,119.26
O004430,C00152,2026-07-03T04:44:42Z,partner,434.92,4,completed,343.59
O004431,C00495,2026-07-13T17:48:10Z,store,388.09,3,completed,306.59
O004432,C00941,2026-07-28T02:02:40Z,web,13.44,4,completed,10.62
O004433,C00405,2026-07-26T02:26:56Z,mobile,235.43,4,completed,185.99
O004434,C00262,2026-07-26T23:05:47Z,mobile,168.49,6,completed,133.11
O004435,C00847,2026-07-11T19:04:58Z,partner,75.24,6,completed,59.44
O004436,C00773,2026-07-14T00:50:44Z,store,315.21,4,completed,249.02
O004437,C00001,2026-07-24T19:35:47Z,store,238.20,6,completed,188.18
O004438,C00153,2026-07-28T18:14:39Z,web,188.55,4,completed,148.95
O004439,C00287,2026-07-13T12:43:40Z,mobile,338.27,4,completed,267.23
O004440,C00903,2026-07-13T12:20:14Z,store,469.46,1,completed,370.87
O004441,C00046,2026-07-01T19:43:04Z,web,131.12,4,completed,103.58
O004442,C00512,2026-07-27T06:41:59Z,web,367.12,3,completed,290.02
O004444,C00729,2026-07-01T02:46:51Z,store,415.91,6,completed,328.57
O004445,C01127,2026-07-03T13:07:35Z,mobile,142.95,6,completed,112.93
O004446,C00527,2026-07-07T22:05:49Z,partner,409.84,5,completed,323.77
O004447,C00989,2026-07-31T21:57:01Z,mobile,467.66,2,completed,369.45
O004448,C00464,2026-07-03T13:23:39Z,store,234.69,6,completed,185.41
O004449,C01191,2026-07-16T11:29:01Z,mobile,466.93,2,completed,368.87
O004450,C00300,2026-07-08T21:29:20Z,partner,465.58,2,completed,367.81
O004451,C00910,2026-07-06T04:48:30Z,mobile,265.52,2,completed,209.76
O004452,C00012,2026-07-11T13:01:03Z,web,448.95,1,completed,354.67
O004453,C01090,2026-07-07T13:53:55Z,store,43.88,2,completed,34.67
O004454,C00201,2026-07-03T11:24:12Z,partner,345.05,4,completed,272.59
O004455,C00751,2026-07-23T19:32:12Z,partner,499.87,2,completed,394.90
O004456,C01088,2026-07-07T05:57:48Z,web,174.18,1,completed,137.60
O004457,C00125,2026-07-15T19:06:55Z,web,82.92,1,completed,65.51
O004458,C00968,2026-07-19T20:21:54Z,store,423.98,6,completed,334.94
O004459,C00107,2026-07-09T15:52:26Z,partner,410.03,3,completed,323.92
O004460,C00005,2026-07-26T04:10:42Z,partner,228.52,4,completed,180.53
O004461,C01115,2026-07-03T03:06:22Z,store,455.30,3,completed,359.69
O004462,C00717,2026-07-14T18:22:21Z,store,456.72,2,completed,360.81
O004463,C00156,2026-07-19T01:10:31Z,store,160.77,3,completed,127.01
O004464,C00884,2026-07-30T05:26:22Z,partner,388.71,5,completed,307.08
O004465,C00156,2026-07-14T09:03:53Z,web,16.14,4,completed,12.75
O004466,C00310,2026-07-25T16:23:11Z,partner,416.58,3,completed,329.10
O004467,C01191,2026-07-01T04:07:35Z,store,163.06,6,completed,128.82
O004468,C00689,2026-07-14T14:23:43Z,mobile,337.73,3,completed,266.81
O004469,C01150,2026-07-10T06:27:02Z,store,11.52,5,completed,9.10
O004470,C00860,2026-07-19T18:51:38Z,mobile,245.67,4,completed,194.08
O004471,C00842,2026-07-12T01:27:00Z,partner,331.85,6,completed,262.16
O004472,C00535,2026-07-31T13:28:15Z,mobile,227.26,3,completed,179.54
O004473,C00082,2026-07-09T13:01:29Z,mobile,175.22,6,completed,138.42
O004474,C00940,2026-07-18T20:28:21Z,partner,462.39,1,completed,365.29
O004475,C00720,2026-07-11T06:03:00Z,web,301.74,1,completed,238.37
O004476,C00342,2026-07-06T03:55:14Z,mobile,305.20,1,completed,241.11
O004477,C00548,2026-07-21T13:17:07Z,mobile,398.79,5,completed,315.04
O004478,C00701,2026-07-11T14:20:54Z,store,28.26,6,completed,22.33
O004479,C00026,2026-07-18T19:48:06Z,mobile,445.62,2,completed,352.04
O004480,C00461,2026-07-31T15:31:20Z,store,25.51,4,completed,20.15
O004481,C00863,2026-07-26T09:40:02Z,partner,226.06,2,completed,178.59
O004482,C00148,2026-07-26T22:57:41Z,mobile,442.39,2,completed,349.49
O004483,C00078,2026-07-14T00:04:32Z,mobile,492.90,5,completed,389.39
O004484,C00623,2026-07-06T12:49:55Z,mobile,51.09,1,completed,40.36
O004485,C00450,2026-07-20T15:45:59Z,store,287.21,4,completed,226.90
O004486,C00400,2026-07-22T20:44:49Z,store,426.99,1,completed,337.32
O004487,C00520,2026-07-01T00:16:38Z,mobile,268.09,1,completed,211.79
O004488,C00433,2026-07-11T17:56:41Z,web,468.55,3,completed,370.15
O004489,C00589,2026-07-26T14:07:47Z,partner,315.05,1,completed,248.89
O004491,C00095,2026-07-16T08:03:14Z,mobile,161.48,2,completed,127.57
O004492,C00872,2026-07-24T07:52:52Z,partner,121.06,1,completed,95.64
O004493,C00839,2026-07-27T04:32:26Z,store,469.66,1,completed,371.03
O004494,C00139,2026-07-22T16:32:31Z,store,292.13,4,completed,230.78
O004495,C00770,2026-07-25T17:28:51Z,store,69.50,1,completed,54.91
O004496,C00343,2026-07-03T03:29:48Z,partner,497.35,2,completed,392.91
O004497,C00030,2026-07-23T05:23:15Z,web,431.16,4,completed,340.62
O004498,C00407,2026-07-01T06:40:27Z,store,169.48,2,completed,133.89
O004499,C00375,2026-07-15T03:19:06Z,partner,137.11,3,completed,108.32
O004500,C00035,2026-07-13T00:15:56Z,partner,416.97,6,completed,329.41
O004501,C01006,2026-07-22T03:07:46Z,web,419.86,5,completed,331.69
O004502,C00169,2026-07-17T15:48:42Z,store,13.54,5,completed,10.70
O004503,C00235,2026-07-31T17:19:44Z,partner,297.97,2,completed,235.40
O004505,C00631,2026-07-15T16:38:49Z,store,115.80,4,completed,91.48
O004506,C00163,2026-07-19T15:06:30Z,mobile,269.85,6,completed,213.18
O004507,C00187,2026-07-31T19:14:53Z,mobile,478.09,5,completed,377.69
O004508,C00290,2026-07-09T05:45:00Z,store,477.29,4,completed,377.06
O004509,C00395,2026-07-10T10:33:07Z,store,46.08,1,completed,36.40
O004510,C01030,2026-07-08T23:43:22Z,mobile,457.55,3,completed,361.46
O004511,C00602,2026-07-16T07:47:05Z,partner,493.46,2,completed,389.83
O004512,C00652,2026-07-24T11:30:10Z,partner,106.33,6,completed,84.00
O004513,C00242,2026-07-13T04:57:26Z,store,351.31,1,completed,277.53
O004514,C00894,2026-07-08T05:04:25Z,web,55.81,3,completed,44.09
O004515,C00497,2026-07-23T04:08:59Z,partner,450.19,1,completed,355.65
O004516,C00908,2026-07-20T21:11:47Z,store,318.54,1,completed,251.65
O004517,C00960,2026-07-08T08:58:54Z,web,368.22,4,completed,290.89
O004518,C00780,2026-07-19T05:08:33Z,partner,138.80,5,completed,109.65
O004519,C00954,2026-07-20T02:03:35Z,web,329.65,1,completed,260.42
O004520,C00362,2026-07-23T23:53:01Z,store,239.01,2,completed,188.82
O004521,C00826,2026-07-11T17:45:29Z,web,192.34,1,completed,151.95
O004522,C00128,2026-07-19T16:31:01Z,mobile,371.43,4,completed,293.43
O004523,C00348,2026-07-07T20:53:47Z,web,400.59,3,completed,316.47
O004524,C01187,2026-07-03T10:40:17Z,store,297.41,3,completed,234.95
O004525,C00858,2026-07-23T08:58:07Z,store,416.19,3,completed,328.79
O004526,C00060,2026-07-14T19:40:00Z,web,498.51,6,completed,393.82
O004527,C01084,2026-07-01T23:06:23Z,mobile,101.64,4,completed,80.30
O004528,C00702,2026-07-01T09:01:47Z,partner,263.05,1,completed,207.81
O004529,C00664,2026-07-20T11:46:53Z,web,118.14,2,completed,93.33
O004530,C00405,2026-07-06T14:29:06Z,web,284.96,1,completed,225.12
O004531,C00952,2026-07-19T06:13:08Z,mobile,249.29,2,completed,196.94
O004532,C00076,2026-07-11T22:54:07Z,mobile,440.88,3,completed,348.30
O004533,C00146,2026-07-10T16:50:58Z,web,438.70,1,completed,346.57
O004534,C01149,2026-07-29T09:39:51Z,web,271.60,1,completed,214.56
O004536,C00129,2026-07-31T07:42:22Z,mobile,201.88,1,completed,159.49
O004537,C00124,2026-07-22T06:38:05Z,web,369.56,4,completed,291.95
O004538,C00583,2026-07-12T11:16:18Z,web,202.77,6,completed,160.19
O004539,C00474,2026-07-28T16:33:23Z,partner,113.53,6,completed,89.69
O004540,C00995,2026-07-20T13:47:52Z,store,405.90,3,completed,320.66
O004542,C00390,2026-07-12T12:09:05Z,store,499.74,6,completed,394.79
O004543,C01033,2026-07-19T02:20:04Z,partner,246.52,2,completed,194.75
O004544,C00363,2026-07-17T05:56:14Z,web,401.88,6,completed,317.49
O004545,C00626,2026-07-10T03:09:15Z,web,453.02,6,completed,357.89
O004546,C00929,2026-07-28T07:52:04Z,mobile,198.22,1,completed,156.59
O004547,C00894,2026-07-01T16:50:45Z,web,396.68,3,completed,313.38
O004548,C00720,2026-07-02T01:58:29Z,partner,430.74,5,completed,340.28
O004549,C00134,2026-07-31T20:40:10Z,web,21.39,3,completed,16.90
O004550,C01041,2026-07-11T17:16:08Z,mobile,297.03,1,completed,234.65
O004551,C00622,2026-07-10T23:04:53Z,store,355.78,6,completed,281.07
O004552,C01150,2026-07-27T23:17:49Z,partner,373.97,6,completed,295.44
O004553,C01090,2026-07-11T23:45:51Z,mobile,232.46,4,completed,183.64
O004554,C01104,2026-07-11T03:03:24Z,mobile,151.06,6,completed,119.34
O004557,C00999,2026-07-04T23:48:55Z,web,494.34,5,completed,390.53
O004558,C01056,2026-07-09T12:10:52Z,partner,29.18,4,completed,23.05
O004559,C01003,2026-07-14T05:00:21Z,web,231.74,1,completed,183.07
O004560,C00597,2026-07-22T04:48:24Z,store,444.59,5,completed,351.23
O004561,C01141,2026-07-13T19:06:25Z,mobile,489.98,1,completed,387.08
O004562,C01010,2026-07-17T02:57:43Z,mobile,64.93,6,completed,51.29
O004563,C00968,2026-07-24T06:26:56Z,web,408.82,3,completed,322.97
O004564,C00182,2026-07-16T16:34:12Z,store,400.31,4,completed,316.24
O004565,C00257,2026-07-06T15:52:30Z,partner,200.03,5,completed,158.02
O004566,C00262,2026-07-06T21:10:59Z,partner,85.85,3,completed,67.82
O004567,C00864,2026-07-09T02:45:27Z,mobile,336.47,5,completed,265.81
O004568,C00690,2026-07-01T12:59:05Z,store,104.88,4,completed,82.86
O004569,C00191,2026-07-11T04:08:45Z,web,309.01,6,completed,244.12
O004570,C00350,2026-07-25T07:08:40Z,partner,54.78,3,completed,43.28
O004571,C00757,2026-07-11T05:33:29Z,partner,151.95,6,completed,120.04
O004572,C00039,2026-07-08T10:00:47Z,web,22.26,2,completed,17.59
O004573,C00037,2026-07-25T02:04:41Z,store,461.47,3,completed,364.56
O004574,C00185,2026-07-01T03:07:19Z,partner,431.62,4,completed,340.98
O004575,C01015,2026-07-16T00:15:48Z,web,418.93,6,completed,330.95
O004576,C01051,2026-07-28T20:08:19Z,store,330.30,2,completed,260.94
O004577,C01040,2026-07-16T08:03:46Z,web,251.44,4,completed,198.64
O004578,C00877,2026-07-01T21:20:27Z,mobile,257.83,3,completed,203.69
O004579,C00051,2026-07-22T23:29:15Z,mobile,265.28,1,completed,209.57
O004580,C01181,2026-07-13T07:05:37Z,store,241.35,1,completed,190.67
O004581,C00108,2026-07-29T13:48:51Z,web,159.34,3,completed,125.88
O004582,C01143,2026-07-15T09:24:56Z,mobile,399.71,5,completed,315.77
O004583,C00472,2026-07-06T05:18:21Z,web,360.34,6,completed,284.67
O004584,C00116,2026-07-15T06:13:15Z,web,30.58,1,completed,24.16
O004585,C01096,2026-07-20T13:27:29Z,mobile,318.71,4,completed,251.78
O004587,C00642,2026-07-31T04:09:19Z,web,205.01,3,completed,161.96
O004588,C00468,2026-07-01T11:24:03Z,web,159.93,2,completed,126.34
O004589,C00670,2026-07-30T17:51:40Z,store,142.76,5,completed,112.78
O004590,C00957,2026-07-17T09:52:41Z,web,172.97,6,completed,136.65
O004591,C00776,2026-07-14T02:10:11Z,mobile,125.12,4,completed,98.84
O004592,C00111,2026-07-02T02:58:26Z,web,430.83,5,completed,340.36
O004593,C00472,2026-07-20T04:12:13Z,web,291.47,2,completed,230.26
O004594,C00569,2026-07-04T09:00:08Z,store,122.37,1,completed,96.67
O004595,C00587,2026-07-09T23:34:01Z,mobile,158.99,1,completed,125.60
O004596,C00735,2026-07-11T16:06:04Z,store,197.81,5,completed,156.27
O004597,C00525,2026-07-11T03:39:02Z,mobile,261.21,6,completed,206.36
O004598,C00680,2026-07-29T19:09:46Z,partner,67.92,2,completed,53.66
O004599,C00099,2026-07-01T23:45:08Z,store,11.88,5,completed,9.39
O004600,C01070,2026-07-26T11:57:42Z,partner,126.17,6,completed,99.67
O004601,C01163,2026-07-25T19:16:37Z,store,286.98,4,completed,226.71
O004602,C00033,2026-07-04T15:45:55Z,partner,493.03,2,completed,389.49
O004603,C00316,2026-07-14T16:13:32Z,partner,462.68,3,completed,365.52
O004604,C00082,2026-07-06T11:49:05Z,store,394.68,2,completed,311.80
O004605,C00242,2026-07-05T22:15:17Z,store,436.18,1,completed,344.58
O004606,C00872,2026-07-02T01:26:51Z,store,318.83,1,completed,251.88
O004607,C00756,2026-07-16T21:17:37Z,mobile,341.91,4,completed,270.11
O004608,C00717,2026-07-16T06:26:33Z,store,298.46,5,completed,235.78
O004609,C00484,2026-07-09T00:25:28Z,mobile,219.00,2,completed,173.01
O004610,C00245,2026-07-24T22:48:32Z,partner,222.84,4,completed,176.04
O004611,C00514,2026-07-30T02:30:20Z,partner,484.99,5,completed,383.14
O004612,C00603,2026-07-07T02:50:06Z,mobile,246.66,4,completed,194.86
O004613,C00095,2026-07-26T20:25:57Z,mobile,54.44,1,completed,43.01
O004614,C00565,2026-07-29T06:49:51Z,partner,102.70,1,completed,81.13
O004615,C00759,2026-07-11T21:18:08Z,mobile,151.80,6,completed,119.92
O004616,C00316,2026-07-16T05:50:25Z,mobile,456.31,3,completed,360.48
O004617,C00503,2026-07-05T16:36:39Z,partner,31.27,1,completed,24.70
O004618,C00988,2026-07-05T08:21:56Z,partner,117.15,2,completed,92.55
O004619,C00063,2026-07-09T17:28:14Z,mobile,211.08,6,completed,166.75
O004620,C00672,2026-07-25T08:17:35Z,partner,75.99,3,completed,60.03
O004621,C00597,2026-07-07T16:48:18Z,web,417.40,2,completed,329.75
O004622,C00290,2026-07-07T12:47:41Z,web,36.52,4,completed,28.85
O004623,C00991,2026-07-23T05:48:02Z,store,64.84,2,completed,51.22
O004624,C00542,2026-07-17T17:50:31Z,partner,260.71,3,completed,205.96
O004625,C00432,2026-07-03T10:51:28Z,web,169.45,5,completed,133.87
O004626,C01123,2026-07-14T08:28:55Z,web,337.73,4,completed,266.81
O004627,C00372,2026-07-24T10:48:28Z,mobile,113.44,4,completed,89.62
O004628,C01005,2026-07-14T02:22:46Z,partner,79.49,1,completed,62.80
O004629,C00487,2026-07-25T16:49:17Z,partner,210.45,2,completed,166.26
O004630,C00320,2026-07-15T04:20:22Z,partner,333.33,4,completed,263.33
O004631,C00336,2026-07-21T04:46:22Z,partner,32.99,3,completed,26.06
O004632,C00313,2026-07-17T13:02:20Z,partner,31.97,1,completed,25.26
O004633,C00414,2026-07-20T01:48:19Z,store,22.74,5,completed,17.96
O004635,C00796,2026-07-16T14:31:32Z,partner,60.74,3,completed,47.98
O004636,C00157,2026-07-09T12:16:12Z,mobile,312.34,4,completed,246.75
O004637,C01132,2026-07-01T13:09:24Z,partner,474.24,3,completed,374.65
O004638,C00884,2026-07-27T23:34:22Z,mobile,212.10,5,completed,167.56
O004639,C01078,2026-07-29T12:19:03Z,store,122.76,2,completed,96.98
O004640,C00222,2026-07-12T09:12:29Z,web,409.06,5,completed,323.16
O004641,C00804,2026-07-18T02:24:46Z,mobile,225.62,6,completed,178.24
O004642,C00048,2026-07-26T19:56:44Z,web,294.53,6,completed,232.68
O004643,C00653,2026-07-14T06:11:14Z,partner,351.43,5,completed,277.63
O004644,C01052,2026-07-01T01:02:35Z,store,335.75,6,completed,265.24
O004645,C00713,2026-07-20T14:39:15Z,mobile,464.92,5,completed,367.29
O004646,C00875,2026-07-13T03:18:54Z,store,134.23,4,completed,106.04
O004647,C00432,2026-07-24T15:37:39Z,web,210.34,2,completed,166.17
O004648,C01065,2026-07-06T12:37:18Z,store,348.41,2,completed,275.24
O004649,C00461,2026-07-23T03:57:45Z,web,291.97,3,completed,230.66
O004650,C00305,2026-07-01T22:04:47Z,web,67.61,1,completed,53.41
O004651,C00681,2026-07-05T19:55:59Z,web,439.27,6,completed,347.02
O004652,C00625,2026-07-04T02:20:52Z,web,28.16,5,completed,22.25
O004653,C00457,2026-07-22T07:06:51Z,partner,320.10,1,completed,252.88
O004654,C00220,2026-07-21T08:59:27Z,mobile,262.79,4,completed,207.60
O004655,C01182,2026-07-14T00:13:36Z,web,266.86,4,completed,210.82
O004656,C00185,2026-07-14T00:08:47Z,web,28.97,5,completed,22.89
O004657,C00152,2026-07-11T18:59:17Z,web,335.81,3,completed,265.29
O004658,C00697,2026-07-11T06:41:10Z,partner,188.76,6,completed,149.12
O004659,C01121,2026-07-30T03:43:32Z,store,328.35,5,completed,259.40
O004660,C01084,2026-07-08T07:50:26Z,store,435.75,1,completed,344.24
O004661,C00780,2026-07-11T09:41:43Z,mobile,292.29,5,completed,230.91
O004662,C00913,2026-07-13T02:21:03Z,web,232.07,3,completed,183.34
O004663,C00810,2026-07-25T12:54:37Z,partner,208.26,4,completed,164.53
O004664,C00238,2026-07-22T23:08:07Z,store,345.37,6,completed,272.84
O004665,C00655,2026-07-16T03:29:53Z,mobile,115.78,5,completed,91.47
O004666,C00086,2026-07-14T23:49:40Z,mobile,115.58,4,completed,91.31
O004667,C00980,2026-07-14T11:23:19Z,mobile,495.61,4,completed,391.53
O004668,C00216,2026-07-25T04:06:31Z,mobile,382.16,1,completed,301.91
O004669,C00266,2026-07-08T13:11:26Z,mobile,141.26,3,completed,111.60
O004670,C00071,2026-07-06T04:59:41Z,web,456.67,3,completed,360.77
O004672,C00222,2026-07-10T01:23:47Z,mobile,473.16,3,completed,373.80
O004673,C00860,2026-07-03T18:07:24Z,partner,313.52,2,completed,247.68
O004674,C00816,2026-07-11T00:35:47Z,mobile,410.94,4,completed,324.64
O004675,C00772,2026-07-29T13:53:46Z,partner,45.78,2,completed,36.17
O004676,C00007,2026-07-26T16:52:12Z,web,123.19,4,completed,97.32
O004677,C00671,2026-07-29T01:56:41Z,web,42.52,1,completed,33.59
O004679,C00018,2026-07-22T19:51:33Z,store,262.45,5,completed,207.34
O004680,C00449,2026-07-23T10:31:44Z,mobile,236.17,4,completed,186.57
O004681,C00839,2026-07-17T07:43:25Z,partner,360.56,1,completed,284.84
O004682,C00279,2026-07-22T13:17:48Z,mobile,82.89,1,completed,65.48
O004684,C00718,2026-07-01T09:51:21Z,web,191.95,6,completed,151.64
O004685,C00179,2026-07-11T07:31:00Z,store,333.71,2,completed,263.63
O004686,C00905,2026-07-07T10:28:25Z,partner,140.67,4,completed,111.13
O004687,C00412,2026-07-21T06:58:56Z,mobile,107.05,4,completed,84.57
O004688,C00047,2026-07-14T02:24:54Z,partner,473.69,6,completed,374.22
O004689,C00541,2026-07-20T14:07:47Z,web,479.67,6,completed,378.94
O004690,C00174,2026-07-17T01:29:30Z,web,261.98,4,completed,206.96
O004691,C00491,2026-07-09T05:49:15Z,web,463.27,5,completed,365.98
O004692,C00106,2026-07-23T09:30:45Z,store,264.48,5,completed,208.94
O004693,C00932,2026-07-11T08:51:21Z,store,402.81,1,completed,318.22
O004694,C00241,2026-07-19T21:40:44Z,store,43.27,6,completed,34.18
O004695,C00025,2026-07-11T05:01:23Z,mobile,382.34,3,completed,302.05
O004696,C00809,2026-07-24T03:36:18Z,partner,28.76,1,completed,22.72
O004697,C00975,2026-07-08T08:43:25Z,store,462.89,4,completed,365.68
O004698,C00020,2026-07-25T18:44:44Z,web,166.57,3,completed,131.59
O004699,C00722,2026-07-01T21:10:21Z,mobile,426.27,1,completed,336.75
O004700,C00541,2026-07-08T14:11:34Z,partner,323.05,2,completed,255.21
O004701,C00427,2026-07-17T06:52:50Z,partner,396.24,6,completed,313.03
O004702,C00455,2026-07-17T23:40:21Z,partner,133.36,1,completed,105.35
O004703,C00169,2026-07-31T09:40:10Z,mobile,378.95,3,completed,299.37
O004704,C00913,2026-07-25T04:35:16Z,mobile,349.89,1,completed,276.41
O004705,C00560,2026-07-31T06:45:32Z,mobile,253.17,6,completed,200.00
O004706,C00446,2026-07-12T13:22:04Z,web,337.11,3,completed,266.32
O004707,C00728,2026-07-13T19:10:56Z,mobile,324.87,6,completed,256.65
O004708,C00399,2026-07-11T06:24:07Z,store,193.60,2,completed,152.94
O004709,C00474,2026-07-12T04:07:55Z,partner,119.52,6,completed,94.42
O004710,C00081,2026-07-21T07:42:13Z,web,173.14,2,completed,136.78
O004711,C00288,2026-07-21T12:46:08Z,partner,130.54,1,completed,103.13
O004712,C00396,2026-07-09T07:45:53Z,web,278.20,4,completed,219.78
O004713,C00519,2026-07-11T08:02:03Z,web,232.77,4,completed,183.89
O004714,C01023,2026-07-15T02:38:31Z,mobile,476.18,4,completed,376.18
O004715,C01163,2026-07-22T09:15:02Z,store,76.79,3,completed,60.66
O004716,C00316,2026-07-10T11:58:59Z,store,66.15,6,completed,52.26
O004717,C00010,2026-07-06T15:53:18Z,partner,115.51,2,completed,91.25
O004718,C00853,2026-07-23T09:47:44Z,partner,438.43,5,completed,346.36
O004719,C01130,2026-07-18T18:07:07Z,store,426.59,1,completed,337.01
O004720,C00467,2026-07-15T03:57:24Z,partner,27.54,5,completed,21.76
O004721,C00177,2026-07-06T17:30:38Z,store,391.69,3,completed,309.44
O004722,C00180,2026-07-23T22:56:24Z,web,172.60,5,completed,136.35
O004723,C00740,2026-07-31T03:52:57Z,mobile,71.08,1,completed,56.15
O004724,C00487,2026-07-18T18:24:46Z,mobile,247.55,5,completed,195.56
O004725,C00194,2026-07-21T10:37:48Z,mobile,159.30,5,completed,125.85
O004726,C00847,2026-07-11T22:27:34Z,mobile,298.17,5,completed,235.55
O004727,C00010,2026-07-24T10:52:11Z,store,377.12,3,completed,297.92
O004728,C00912,2026-07-01T09:00:07Z,mobile,75.34,3,completed,59.52
O004729,C00713,2026-07-24T00:01:41Z,store,455.66,4,completed,359.97
O004730,C00836,2026-07-13T11:20:45Z,store,159.80,3,completed,126.24
O004731,C01122,2026-07-01T09:49:41Z,store,73.09,4,completed,57.74
O004732,C01150,2026-07-23T05:08:03Z,partner,99.98,4,completed,78.98
O004733,C00183,2026-07-07T08:51:17Z,mobile,348.91,6,completed,275.64
O004734,C00989,2026-07-25T17:38:59Z,mobile,123.43,3,completed,97.51
O004735,C00182,2026-07-24T23:24:01Z,mobile,71.50,6,completed,56.48
O004736,C00224,2026-07-26T23:47:40Z,partner,244.06,2,completed,192.81
O004737,C00486,2026-07-29T21:54:08Z,store,380.90,2,completed,300.91
O004738,C00751,2026-07-27T12:19:55Z,store,445.93,5,completed,352.28
O004739,C00211,2026-07-13T19:17:29Z,partner,237.44,2,completed,187.58
O004740,C00329,2026-07-20T13:55:14Z,web,172.33,4,completed,136.14
O004741,C00142,2026-07-30T00:52:15Z,mobile,54.21,2,completed,42.83
O004742,C00067,2026-07-30T07:38:59Z,mobile,83.80,2,completed,66.20
O004743,C00286,2026-07-05T02:52:38Z,web,98.51,3,completed,77.82
O004744,C00126,2026-07-14T02:07:17Z,web,247.92,4,completed,195.86
O004745,C00730,2026-07-28T21:02:06Z,web,174.81,2,completed,138.10
O004746,C00605,2026-07-16T16:20:50Z,partner,494.22,5,completed,390.43
O004747,C00534,2026-07-09T04:12:12Z,store,154.90,3,completed,122.37
O004748,C01001,2026-07-05T05:21:26Z,web,207.58,6,completed,163.99
O004749,C00258,2026-07-19T02:17:24Z,store,339.63,6,completed,268.31
O004750,C00183,2026-07-04T02:34:53Z,store,359.69,5,completed,284.16
O004751,C01193,2026-07-15T03:36:18Z,mobile,351.91,4,completed,278.01
O004752,C00265,2026-07-09T13:22:41Z,partner,27.00,4,completed,21.33
O004753,C01149,2026-07-26T01:37:07Z,partner,24.46,6,completed,19.32
O004754,C00885,2026-07-13T05:32:15Z,partner,149.85,2,completed,118.38
O004755,C01181,2026-07-02T09:59:05Z,mobile,62.11,6,completed,49.07
O004756,C00306,2026-07-30T13:17:40Z,web,14.26,1,completed,11.27
O004757,C00429,2026-07-22T22:46:52Z,web,262.38,3,completed,207.28
O004758,C00299,2026-07-28T06:33:53Z,mobile,103.19,1,completed,81.52
O004760,C00706,2026-07-18T15:27:32Z,partner,281.27,6,completed,222.20
O004761,C00747,2026-07-09T02:42:25Z,mobile,210.00,2,completed,165.90
O004762,C00118,2026-07-19T05:49:57Z,store,11.20,5,completed,8.85
O004763,C00094,2026-07-20T14:37:32Z,mobile,171.77,4,completed,135.70
O004764,C00892,2026-07-05T14:10:29Z,web,193.13,4,completed,152.57
O004765,C00642,2026-07-05T06:05:14Z,store,262.82,3,completed,207.63
O004766,C00677,2026-07-17T02:49:34Z,store,364.22,2,completed,287.73
O004767,C01042,2026-07-09T18:39:07Z,store,484.02,3,completed,382.38
O004769,C00993,2026-07-14T22:16:23Z,web,280.66,1,completed,221.72
O004770,C01174,2026-07-16T02:24:24Z,web,125.95,5,completed,99.50
O004771,C00131,2026-07-05T21:52:54Z,mobile,144.04,3,completed,113.79
O004772,C00696,2026-07-05T10:56:35Z,store,89.33,1,completed,70.57
O004773,C00188,2026-07-02T23:10:46Z,partner,327.06,3,completed,258.38
O004774,C00050,2026-07-26T09:57:49Z,partner,427.34,1,completed,337.60
O004775,C00323,2026-07-16T02:55:00Z,mobile,326.64,2,completed,258.05
O004777,C00049,2026-07-19T07:47:06Z,partner,355.58,4,completed,280.91
O004778,C00071,2026-07-23T07:40:47Z,store,353.85,1,completed,279.54
O004779,C01154,2026-07-04T02:01:37Z,store,266.33,6,completed,210.40
O004780,C00564,2026-07-09T19:03:19Z,web,239.37,3,completed,189.10
O004781,C00021,2026-07-11T03:58:12Z,store,347.09,4,completed,274.20
O004783,C00913,2026-07-05T09:08:18Z,partner,474.82,6,completed,375.11
O004784,C01102,2026-07-27T03:06:39Z,store,107.81,4,completed,85.17
O004785,C00237,2026-07-20T03:24:50Z,store,219.63,3,completed,173.51
O004786,C01109,2026-07-15T10:19:58Z,partner,108.50,3,completed,85.72
O004787,C00353,2026-07-01T11:55:00Z,partner,392.93,3,completed,310.41
O004788,C00015,2026-07-01T05:23:26Z,mobile,400.35,2,completed,316.28
O004789,C00521,2026-07-07T09:28:30Z,mobile,84.87,1,completed,67.05
O004791,C00117,2026-07-07T19:41:11Z,partner,402.36,3,completed,317.86
O004792,C00364,2026-07-30T03:43:20Z,web,50.32,1,completed,39.75
O004793,C00194,2026-07-29T17:10:06Z,partner,130.33,6,completed,102.96
O004794,C00167,2026-07-31T13:22:24Z,web,279.10,3,completed,220.49
O004795,C00375,2026-07-07T11:32:43Z,mobile,477.97,1,completed,377.60
O004796,C00220,2026-07-21T02:57:39Z,store,17.27,2,completed,13.64
O004797,C00541,2026-07-06T22:47:16Z,mobile,184.43,2,completed,145.70
O004798,C00195,2026-07-14T01:47:55Z,web,82.94,5,completed,65.52
O004799,C01018,2026-07-11T23:27:16Z,partner,209.91,2,completed,165.83
O004800,C01023,2026-07-16T12:54:28Z,store,445.59,4,completed,352.02
O004801,C00916,2026-07-18T14:10:19Z,web,244.75,2,completed,193.35
O004802,C00516,2026-07-18T16:26:32Z,web,177.06,1,completed,139.88
O004803,C00781,2026-07-15T19:46:02Z,partner,14.50,2,completed,11.46
O004804,C01029,2026-07-02T18:35:45Z,partner,306.14,4,completed,241.85
O004805,C00921,2026-07-15T07:30:52Z,partner,126.88,3,completed,100.24
O004806,C00976,2026-07-30T16:23:57Z,web,101.26,2,completed,80.00
O004807,C00279,2026-07-13T17:54:22Z,web,238.64,4,completed,188.53
O004808,C00843,2026-07-26T06:37:58Z,store,393.01,1,completed,310.48
O004809,C00792,2026-07-06T08:42:27Z,web,115.00,2,completed,90.85
O004810,C00094,2026-07-12T02:10:40Z,store,433.61,1,completed,342.55
O004811,C00523,2026-07-20T19:02:02Z,mobile,457.95,6,completed,361.78
O004812,C00809,2026-07-18T08:20:16Z,web,250.06,6,completed,197.55
O004813,C00392,2026-07-04T21:01:38Z,mobile,40.35,1,completed,31.88
O004814,C00838,2026-07-02T06:38:16Z,web,244.07,6,completed,192.82
O004815,C01093,2026-07-08T17:14:22Z,partner,348.67,4,completed,275.45
O004816,C00421,2026-07-21T22:13:53Z,web,257.98,5,completed,203.80
O004817,C00969,2026-07-03T13:16:26Z,partner,429.51,1,completed,339.31
O004818,C00754,2026-07-10T15:07:20Z,store,337.52,4,completed,266.64
O004819,C00201,2026-07-21T13:35:39Z,mobile,446.77,1,completed,352.95
O004820,C00147,2026-07-20T07:24:57Z,store,187.97,6,completed,148.50
O004821,C00187,2026-07-10T08:16:40Z,partner,390.45,5,completed,308.46
O004822,C00110,2026-07-20T03:45:04Z,partner,320.82,6,completed,253.45
O004823,C00065,2026-07-06T05:23:35Z,web,178.01,4,completed,140.63
O004824,C00656,2026-07-16T08:47:01Z,partner,480.89,5,completed,379.90
O004825,C00521,2026-07-24T19:53:20Z,web,468.87,2,completed,370.41
O004826,C00155,2026-07-24T11:52:18Z,store,193.12,5,completed,152.56
O004827,C01120,2026-07-01T04:55:16Z,web,377.16,5,completed,297.96
O004828,C00010,2026-07-20T19:55:04Z,store,27.69,2,completed,21.88
O004829,C00929,2026-07-30T23:35:09Z,web,117.19,1,completed,92.58
O004830,C00150,2026-07-08T04:56:41Z,web,417.03,6,completed,329.45
O004831,C00132,2026-07-03T05:42:56Z,web,253.06,6,completed,199.92
O004832,C00363,2026-07-02T03:25:41Z,mobile,69.40,5,completed,54.83
O004833,C01014,2026-07-01T11:01:12Z,mobile,438.15,4,completed,346.14
O004834,C00406,2026-07-01T00:56:11Z,partner,90.14,6,completed,71.21
O004835,C00875,2026-07-08T22:57:46Z,store,22.24,6,completed,17.57
O004836,C00622,2026-07-31T22:14:21Z,mobile,240.57,2,completed,190.05
O004837,C00739,2026-07-05T05:20:20Z,web,145.02,6,completed,114.57
O004838,C00488,2026-07-14T03:48:43Z,partner,43.93,5,completed,34.70
O004839,C00628,2026-07-01T07:36:46Z,partner,76.49,2,completed,60.43
O004840,C00053,2026-07-19T21:30:35Z,store,63.04,1,completed,49.80
O004841,C00150,2026-07-22T04:30:45Z,partner,185.36,1,completed,146.43
O004842,C00429,2026-07-08T04:30:44Z,mobile,334.34,2,completed,264.13
O004843,C00291,2026-07-01T13:09:32Z,partner,199.05,1,completed,157.25
O004844,C01043,2026-07-10T22:26:13Z,store,12.50,1,completed,9.88
O004845,C00134,2026-07-19T20:06:08Z,mobile,483.24,2,completed,381.76
O004846,C00303,2026-07-10T08:44:14Z,partner,190.78,6,completed,150.72
O004847,C00320,2026-07-14T23:34:55Z,store,479.82,1,completed,379.06
O004848,C00395,2026-07-17T10:46:09Z,store,406.87,6,completed,321.43
O004849,C00142,2026-07-07T21:52:41Z,mobile,36.25,3,completed,28.64
O004850,C01195,2026-07-27T09:28:39Z,partner,466.39,5,completed,368.45
O004851,C00938,2026-07-21T00:54:01Z,store,358.13,3,completed,282.92
O004852,C01131,2026-07-17T16:03:34Z,mobile,360.44,5,completed,284.75
O004853,C00717,2026-07-14T11:01:58Z,store,313.17,5,completed,247.40
O004854,C00055,2026-07-10T09:07:46Z,partner,178.47,6,completed,140.99
O004855,C00095,2026-07-06T16:28:38Z,mobile,406.85,4,completed,321.41
O004856,C01150,2026-07-05T08:49:35Z,store,242.05,6,completed,191.22
O004857,C00217,2026-07-16T08:29:33Z,store,262.05,1,completed,207.02
O004858,C00354,2026-07-18T02:57:07Z,store,265.48,2,completed,209.73
O004859,C00165,2026-07-23T10:44:22Z,partner,119.65,1,completed,94.52
O004860,C00024,2026-07-16T15:57:59Z,web,274.84,1,completed,217.12
O004861,C00822,2026-07-29T07:21:58Z,web,73.93,2,completed,58.40
O004862,C00165,2026-07-25T12:18:31Z,store,162.29,6,completed,128.21
O004863,C01148,2026-07-11T03:12:22Z,web,359.22,6,completed,283.78
O004864,C00230,2026-07-10T03:05:07Z,mobile,214.42,2,completed,169.39
O004865,C00980,2026-07-11T03:53:19Z,partner,8.45,1,completed,6.68
O004866,C01138,2026-07-08T08:05:27Z,mobile,135.30,2,completed,106.89
O004867,C00585,2026-07-17T21:22:47Z,store,48.67,2,completed,38.45
O004868,C00560,2026-07-16T08:38:33Z,partner,202.12,2,completed,159.67
O004869,C00485,2026-07-15T14:49:59Z,store,217.28,3,completed,171.65
O004870,C01126,2026-07-11T06:55:16Z,mobile,230.42,5,completed,182.03
O004871,C01065,2026-07-13T01:55:12Z,web,446.84,4,completed,353.00
O004872,C00065,2026-07-25T21:01:42Z,web,372.18,5,completed,294.02
O004873,C00760,2026-07-22T19:39:20Z,mobile,476.32,6,completed,376.29
O004874,C00170,2026-07-07T11:49:11Z,web,50.56,5,completed,39.94
O004875,C00775,2026-07-27T22:41:39Z,store,484.52,4,completed,382.77
O004876,C00766,2026-07-19T09:18:33Z,partner,224.14,3,completed,177.07
O004877,C00432,2026-07-17T11:33:48Z,mobile,323.46,6,completed,255.53
O004878,C00484,2026-07-28T03:27:10Z,web,289.61,6,completed,228.79
O004879,C00741,2026-07-03T20:06:14Z,mobile,121.62,5,completed,96.08
O004880,C00965,2026-07-23T02:48:39Z,partner,288.47,2,completed,227.89
O004881,C00294,2026-07-15T20:59:44Z,mobile,376.91,1,completed,297.76
O004882,C00838,2026-07-04T14:39:03Z,partner,433.59,2,completed,342.54
O004883,C01172,2026-07-23T09:52:43Z,web,340.18,1,completed,268.74
O004884,C00315,2026-07-08T03:35:01Z,mobile,281.94,5,completed,222.73
O004885,C01091,2026-07-15T06:43:08Z,store,423.92,5,completed,334.90
O004886,C00916,2026-07-16T13:11:29Z,mobile,171.31,6,completed,135.33
O004887,C00046,2026-07-20T13:01:07Z,partner,51.67,5,completed,40.82
O004888,C00185,2026-07-10T20:43:04Z,store,271.88,2,completed,214.79
O004889,C01103,2026-07-17T04:09:18Z,mobile,40.54,2,completed,32.03
O004890,C00670,2026-07-05T07:26:21Z,partner,88.21,6,completed,69.69
O004891,C00437,2026-07-22T22:39:45Z,mobile,103.38,6,completed,81.67
O004892,C00882,2026-07-15T04:29:23Z,web,161.38,2,completed,127.49
O004893,C00778,2026-07-19T16:00:36Z,web,193.35,2,completed,152.75
O004894,C00312,2026-07-14T14:01:04Z,web,30.97,3,completed,24.47
O004896,C00177,2026-07-04T11:54:20Z,mobile,239.80,1,completed,189.44
O004897,C00759,2026-07-03T14:14:27Z,partner,61.06,6,completed,48.24
O004898,C01027,2026-07-20T06:45:15Z,web,112.88,6,completed,89.18
O004899,C00383,2026-07-23T05:18:05Z,web,222.80,2,completed,176.01
O004900,C00790,2026-07-23T22:49:51Z,store,126.83,5,completed,100.20
O004901,C00517,2026-07-03T07:37:05Z,partner,275.75,2,completed,217.84
O004902,C00342,2026-07-06T00:16:29Z,web,207.26,1,completed,163.74
O004903,C00980,2026-07-20T15:03:29Z,mobile,423.32,1,completed,334.42
O004904,C00763,2026-07-28T22:44:40Z,partner,298.53,2,completed,235.84
O004905,C00032,2026-07-07T05:54:32Z,partner,403.85,3,completed,319.04
O004906,C00009,2026-07-17T05:25:54Z,mobile,21.06,1,completed,16.64
O004907,C01078,2026-07-07T09:14:23Z,mobile,443.05,6,completed,350.01
O004908,C00805,2026-07-25T12:34:01Z,web,464.09,4,completed,366.63
O004909,C00766,2026-07-05T14:08:26Z,partner,319.01,3,completed,252.02
O004910,C01109,2026-07-02T22:58:50Z,web,415.93,1,completed,328.58
O004911,C00709,2026-07-10T08:25:42Z,partner,428.07,5,completed,338.18
O004912,C01128,2026-07-06T20:38:42Z,web,28.67,5,completed,22.65
O004913,C00799,2026-07-22T00:29:44Z,mobile,466.56,6,completed,368.58
O004914,C00609,2026-07-19T00:49:21Z,web,256.78,5,completed,202.86
O004915,C00835,2026-07-31T11:47:44Z,web,167.45,5,completed,132.29
O004916,C00591,2026-07-02T20:04:16Z,mobile,33.14,4,completed,26.18
O004917,C00316,2026-07-16T04:03:22Z,partner,362.22,1,completed,286.15
O004918,C00052,2026-07-17T05:33:55Z,mobile,212.53,4,completed,167.90
O004919,C00540,2026-07-28T13:56:02Z,store,52.27,6,completed,41.29
O004920,C00448,2026-07-23T04:20:34Z,mobile,77.35,1,completed,61.11
O004921,C00583,2026-07-11T15:08:13Z,partner,247.23,2,completed,195.31
O004922,C00283,2026-07-12T10:58:02Z,partner,61.66,2,completed,48.71
O004923,C00708,2026-07-09T01:18:49Z,partner,449.74,5,completed,355.29
O004926,C00955,2026-07-01T15:47:50Z,partner,41.27,2,completed,32.60
O004927,C00321,2026-07-16T15:08:16Z,partner,433.79,4,completed,342.69
O004928,C01151,2026-07-26T09:15:31Z,web,38.55,3,completed,30.45
O004929,C00519,2026-07-04T08:42:52Z,partner,79.39,1,completed,62.72
O004930,C00392,2026-07-09T16:15:17Z,store,422.30,1,completed,333.62
O004931,C00675,2026-07-23T09:12:08Z,mobile,418.66,2,completed,330.74
O004932,C00791,2026-07-19T18:47:21Z,web,23.41,4,completed,18.49
O004933,C00279,2026-07-10T08:16:16Z,partner,187.17,6,completed,147.86
O004934,C00346,2026-07-10T09:35:14Z,mobile,202.30,1,completed,159.82
O004935,C00993,2026-07-10T23:25:39Z,store,307.25,5,completed,242.73
O004936,C00695,2026-07-26T18:37:51Z,partner,266.53,1,completed,210.56
O004937,C01070,2026-07-20T09:46:03Z,store,484.35,6,completed,382.64
O004938,C00952,2026-07-21T10:08:31Z,partner,221.58,2,completed,175.05
O004939,C00138,2026-07-27T21:56:07Z,partner,21.62,6,completed,17.08
O004940,C00495,2026-07-04T13:05:51Z,partner,110.38,6,completed,87.20
O004941,C00953,2026-07-07T20:45:43Z,partner,204.87,3,completed,161.85
O004942,C00468,2026-07-09T10:13:26Z,mobile,160.49,4,completed,126.79
O004943,C00507,2026-07-21T01:26:47Z,web,278.96,2,completed,220.38
O004944,C00305,2026-07-22T00:48:20Z,mobile,456.16,6,completed,360.37
O004945,C00737,2026-07-02T10:02:45Z,store,17.31,3,completed,13.67
O004947,C00602,2026-07-18T10:47:16Z,partner,180.81,6,completed,142.84
O004948,C00638,2026-07-07T01:27:33Z,partner,455.46,5,completed,359.81
O004949,C00158,2026-07-17T00:09:33Z,store,178.39,2,completed,140.93
O004950,C00035,2026-07-30T23:27:20Z,web,463.40,4,completed,366.09
O004951,C00991,2026-07-03T23:46:24Z,mobile,264.47,6,completed,208.93
O004952,C00494,2026-07-29T06:03:58Z,mobile,364.00,6,completed,287.56
O004953,C00293,2026-07-24T07:47:16Z,store,233.42,5,completed,184.40
O004954,C00313,2026-07-27T13:01:12Z,web,315.60,5,completed,249.32
O004955,C00421,2026-07-26T11:58:12Z,web,128.87,3,completed,101.81
O004956,C00638,2026-07-08T01:25:04Z,store,470.13,3,completed,371.40
O004957,C01011,2026-07-16T20:56:32Z,web,80.66,4,completed,63.72
O004958,C00669,2026-07-17T09:19:29Z,store,264.76,2,completed,209.16
O004959,C00650,2026-07-07T05:54:18Z,web,123.65,1,completed,97.68
O004960,C00021,2026-07-01T02:28:59Z,mobile,277.13,3,completed,218.93
O004961,C00441,2026-07-14T04:47:37Z,store,216.93,2,completed,171.37
O004962,C00086,2026-07-17T17:21:11Z,store,88.07,4,completed,69.58
O004963,C00687,2026-07-24T01:38:08Z,mobile,244.28,4,completed,192.98
O004964,C00993,2026-07-05T18:57:34Z,web,341.96,2,completed,270.15
O004965,C00249,2026-07-15T10:54:11Z,partner,291.00,2,completed,229.89
O004966,C00080,2026-07-12T03:04:03Z,mobile,350.28,6,completed,276.72
O004967,C00718,2026-07-18T08:41:56Z,partner,428.40,4,completed,338.44
O004968,C00599,2026-07-01T00:51:30Z,store,264.94,4,completed,209.30
O004969,C01112,2026-07-21T19:19:34Z,web,219.65,5,completed,173.52
O004970,C00485,2026-07-06T14:24:31Z,web,410.17,1,completed,324.03
O004971,C00912,2026-07-09T01:47:48Z,web,378.63,5,completed,299.12
O004972,C01200,2026-07-10T21:35:32Z,store,103.25,3,completed,81.57
O004973,C00430,2026-07-01T18:56:17Z,mobile,148.63,6,completed,117.42
O004974,C01015,2026-07-28T23:14:18Z,store,330.33,5,completed,260.96
O004975,C00564,2026-07-28T10:19:25Z,web,291.37,2,completed,230.18
O004976,C00820,2026-07-29T05:13:13Z,store,483.55,2,completed,382.00
O004977,C00996,2026-07-13T04:25:19Z,web,454.18,6,completed,358.80
O004978,C00140,2026-07-27T16:38:29Z,store,341.88,3,completed,270.09
O004979,C00412,2026-07-30T08:47:24Z,mobile,14.16,5,completed,11.19
O004980,C00779,2026-07-18T05:26:07Z,partner,218.65,5,completed,172.73
O004981,C00929,2026-07-05T01:45:51Z,mobile,367.78,6,completed,290.55
O004982,C00280,2026-07-02T10:21:39Z,partner,360.01,3,completed,284.41
O004983,C00254,2026-07-30T00:57:39Z,partner,387.69,3,completed,306.28
O004984,C00834,2026-07-12T09:08:35Z,web,440.39,3,completed,347.91
O004985,C00615,2026-07-11T13:39:53Z,partner,231.70,4,completed,183.04
O004986,C00506,2026-07-29T12:25:00Z,partner,211.99,4,completed,167.47
O004987,C00659,2026-07-25T03:10:29Z,store,104.25,2,completed,82.36
O004988,C00588,2026-07-21T05:48:26Z,mobile,274.92,2,completed,217.19
O004989,C00988,2026-07-13T15:47:02Z,web,389.69,5,completed,307.86
O004990,C00730,2026-07-18T05:57:34Z,web,10.75,6,completed,8.49
O004991,C00526,2026-07-16T06:39:21Z,mobile,268.20,3,completed,211.88
O004992,C00545,2026-07-16T17:51:59Z,store,466.63,4,completed,368.64
O004993,C00762,2026-07-30T15:03:57Z,partner,38.09,2,completed,30.09
O004994,C00883,2026-07-07T02:49:37Z,partner,159.28,6,completed,125.83
O004995,C00454,2026-07-21T10:34:45Z,store,306.85,5,completed,242.41
O004996,C00675,2026-07-31T03:18:43Z,partner,495.14,1,completed,391.16
O004997,C00262,2026-07-14T02:43:50Z,store,263.89,1,completed,208.47
O004998,C01026,2026-07-30T17:21:02Z,web,30.13,6,completed,23.80
O004999,C00539,2026-07-18T18:57:13Z,partner,164.54,6,completed,129.99
O005000,C00176,2026-07-06T16:49:56Z,partner,295.63,2,completed,233.55
